Date,Open,High,Low,Close,Volume,Dividends,Stock Splits
1999-01-22 00:00:00-05:00,0.040111494969688924,0.04476717812923988,0.035575001588857194,0.03760487213730812,2714688000,0.0,0.0
1999-01-25 00:00:00-05:00,0.04058919157188651,0.04202128685009939,0.037604895814222584,0.041544534265995026,510480000,0.0,0.0
1999-01-26 00:00:00-05:00,0.04202126670999386,0.042857419149584276,0.03772406417198418,0.03832092508673668,343200000,0.0,0.0
1999-01-27 00:00:00-05:00,0.03844011434456897,0.039395456652290675,0.03629105694895854,0.03820173814892769,244368000,0.0,0.0
1999-01-28 00:00:00-05:00,0.03820174368506283,0.038440119915249205,0.0378432622848092,0.038081638514995575,227520000,0.0,0.0
1999-01-29 00:00:00-05:00,0.03808162744216453,0.03820173257730933,0.03629105165600777,0.03629105165600777,244032000,0.0,0.0
1999-02-01 00:00:00-05:00,0.03629104369100526,0.037246382234245555,0.03629104369100526,0.03700800612568855,154704000,0.0,0.0
1999-02-02 00:00:00-05:00,0.03629105293528607,0.037246391721876146,0.03306837912991744,0.034142907708883286,264096000,0.0,0.0
1999-02-03 00:00:00-05:00,0.03366524910568851,0.035336635613502435,0.03342595410937608,0.03485896438360214,75120000,0.0,0.0
1999-02-04 00:00:00-05:00,0.0353366396734107,0.03772407733448584,0.03485896838862965,0.03676873818039894,181920000,0.0,0.0
1999-02-05 00:00:00-05:00,0.03736559338657319,0.03820174606193556,0.03641116964373299,0.037843264639377594,136848000,0.0,0.0
1999-02-08 00:00:00-05:00,0.03808163394690689,0.03820173910256691,0.036530349403619766,0.036530349403619766,154080000,0.0,0.0
1999-02-09 00:00:00-05:00,0.03724639959681339,0.03748477923196509,0.034619670782485304,0.03509734198451042,86976000,0.0,0.0
1999-02-10 00:00:00-05:00,0.03509733597120289,0.03605267479609812,0.03414290907787314,0.034739769995212555,148224000,0.0,0.0
1999-02-11 00:00:00-05:00,0.03485895840075903,0.03915616120688361,0.03485895840075903,0.03772406652569771,132240000,0.0,0.0
1999-02-12 00:00:00-05:00,0.03820175155177603,0.04011151807467093,0.03820175155177603,0.039873141795396805,109728000,0.0,0.0
1999-02-16 00:00:00-05:00,0.04058916811557341,0.042260557482899336,0.03605267108460575,0.04011149704456329,211008000,0.0,0.0
1999-02-17 00:00:00-05:00,0.039156158816967004,0.03963382993572969,0.03724639310442706,0.03796244040131569,67728000,0.0,0.0
1999-02-18 00:00:00-05:00,0.0391561677748594,0.03963383900290059,0.037484781273550524,0.038559310138225555,70704000,0.0,0.0
1999-02-19 00:00:00-05:00,0.03820175155177603,0.04058918939611981,0.037724080230327146,0.039873141795396805,75360000,0.0,0.0
1999-02-22 00:00:00-05:00,0.04058916811557341,0.04106683918658352,0.03796243660622726,0.04011149704456329,205248000,0.0,0.0
1999-02-23 00:00:00-05:00,0.041066854555162395,0.04285743096199235,0.03867941706907249,0.04202127829194069,138096000,0.0,0.0
1999-02-24 00:00:00-05:00,0.048229160400263864,0.050139841721879,0.044289523291049765,0.045364052057266235,612768000,0.0,0.0
1999-02-25 00:00:00-05:00,0.04727473345118836,0.04870683165903367,0.0432149911754564,0.043931957334280014,149136000,0.0,0.0
1999-02-26 00:00:00-05:00,0.0444096418820984,0.04584173710538519,0.041544532672610164,0.041902098804712296,172608000,0.0,0.0
1999-03-01 00:00:00-05:00,0.04297661893790321,0.04393196139624043,0.0401115103256147,0.0421413816511631,92160000,0.0,0.0
1999-03-02 00:00:00-05:00,0.04202127692679214,0.042260571925284804,0.041066853221020286,0.04178290069103241,55248000,0.0,0.0
1999-03-03 00:00:00-05:00,0.042021271878786216,0.042021271878786216,0.0386794111659423,0.03891778737306595,61392000,0.0,0.0
1999-03-04 00:00:00-05:00,0.04082755726795875,0.04106685226085658,0.03772407246197863,0.038081638514995575,57360000,0.0,0.0
1999-03-05 00:00:00-05:00,0.03844011207585047,0.04034987781600206,0.03844011207585047,0.04023069143295288,78768000,0.0,0.0
1999-03-08 00:00:00-05:00,0.0391561675379033,0.042021276126091064,0.03844012008153522,0.04082755744457245,75888000,0.0,0.0
1999-03-09 00:00:00-05:00,0.04070837137913208,0.042738242704680476,0.04070837137913208,0.0421413816511631,143184000,0.0,0.0
1999-03-10 00:00:00-05:00,0.04273822440505528,0.04273822440505528,0.04082754030649632,0.041424401104450226,235344000,0.0,0.0
1999-03-11 00:00:00-05:00,0.040708361159555125,0.04142440844218732,0.03963382914662361,0.03963382914662361,54288000,0.0,0.0
1999-03-12 00:00:00-05:00,0.03987312972680567,0.03987312972680567,0.038201739989072434,0.03891778737306595,90768000,0.0,0.0
1999-03-15 00:00:00-05:00,0.039873136071030456,0.041066854821826725,0.039633841063209954,0.04058918356895447,108816000,0.0,0.0
1999-03-16 00:00:00-05:00,0.040827552896469145,0.041305224068408114,0.03891778697132634,0.03927626833319664,79152000,0.0,0.0
1999-03-17 00:00:00-05:00,0.03963383605913542,0.040349883466652976,0.03855930727426998,0.03951464965939522,51360000,0.0,0.0
1999-03-18 00:00:00-05:00,0.03963383648594234,0.04058917888135542,0.038679412853191895,0.0399923212826252,46320000,0.0,0.0
1999-03-19 00:00:00-05:00,0.03987312089026771,0.04130521534087911,0.03987312089026771,0.04011149704456329,105312000,0.0,0.0
1999-03-22 00:00:00-05:00,0.040946743129221884,0.04106684828766905,0.03891778737306595,0.03891778737306595,36672000,0.0,0.0
1999-03-23 00:00:00-05:00,0.03915616267153582,0.03915616267153582,0.03581430203624277,0.036530349403619766,163968000,0.0,0.0
1999-03-24 00:00:00-05:00,0.03629105165600777,0.03653034316385306,0.034858953750396805,0.03629105165600777,60864000,0.0,0.0
1999-03-25 00:00:00-05:00,0.036171877057392554,0.03820174861926689,0.03605268721916722,0.03676873818039894,40320000,0.0,0.0
1999-03-26 00:00:00-05:00,0.03724639926007227,0.040111507683648885,0.03724639926007227,0.0399923212826252,88272000,0.0,0.0
1999-03-29 00:00:00-05:00,0.04118603467941284,0.04214137353835916,0.040469983939396485,0.04118603467941284,65952000,0.0,0.0
1999-03-30 00:00:00-05:00,0.04130522199122934,0.04166370333507213,0.037484774985929704,0.03772406652569771,69504000,0.0,0.0
1999-03-31 00:00:00-05:00,0.03891777295737193,0.040827538194824736,0.03712719748706858,0.040349867194890976,153600000,0.0,0.0
1999-04-01 00:00:00-05:00,0.04034989125504837,0.04058918627884513,0.038440124878824714,0.039156172424554825,30432000,0.0,0.0
1999-04-05 00:00:00-04:00,0.03867940646071511,0.03963382993572969,0.037724064223189746,0.03796244040131569,98640000,0.0,0.0
1999-04-06 00:00:00-04:00,0.038320913954973876,0.038440100301515866,0.03629104369100526,0.03700800612568855,69696000,0.0,0.0
1999-04-07 00:00:00-04:00,0.037246389380921556,0.04034987319885888,0.037008013226625974,0.04011149704456329,89280000,0.0,0.0
1999-04-08 00:00:00-04:00,0.04034988621942191,0.042021276126091064,0.039873133756986805,0.04082755744457245,130128000,0.0,0.0
1999-04-09 00:00:00-04:00,0.04106683918658352,0.04106683918658352,0.03987312089026771,0.04011149704456329,48624000,0.0,0.0
1999-04-12 00:00:00-04:00,0.03963383429683809,0.03963383429683809,0.03772406837415707,0.03844011574983597,33312000,0.0,0.0
1999-04-13 00:00:00-04:00,0.039156153200932124,0.039156153200932124,0.036291049077273034,0.03688790649175644,36144000,0.0,0.0
1999-04-14 00:00:00-04:00,0.03676873476357688,0.03760488741721217,0.0358143076300621,0.0358143076300621,48288000,0.0,0.0
1999-04-15 00:00:00-04:00,0.03676873818039894,0.03676873818039894,0.03581431095819175,0.03676873818039894,35856000,0.0,0.0
1999-04-16 00:00:00-04:00,0.03653034580753843,0.038559301316878354,0.03653034580753843,0.03796244040131569,38928000,0.0,0.0
1999-04-19 00:00:00-04:00,0.03844010873818409,0.03844010873818409,0.03581429591878447,0.03629105165600777,31296000,0.0,0.0
1999-04-20 00:00:00-04:00,0.036291053437376014,0.037724063344823894,0.03521652142807003,0.035575006157159805,67680000,0.0,0.0
1999-04-21 00:00:00-04:00,0.035575014541913245,0.03629106199089625,0.035336634897679485,0.03617187216877937,37488000,0.0,0.0
1999-04-22 00:00:00-04:00,0.03629105626155554,0.03629105626155554,0.03426210064156389,0.03461966663599014,227184000,0.0,0.0
1999-04-23 00:00:00-04:00,0.03450047497861709,0.03461966477551193,0.03270989906145219,0.032949190586805344,126048000,0.0,0.0
1999-04-26 00:00:00-04:00,0.032949191745851765,0.03342594753472781,0.030560839481597178,0.03127780556678772,123504000,0.0,0.0
1999-04-27 00:00:00-04:00,0.03199385348335944,0.03485895817420294,0.03151618233854634,0.03461966663599014,226944000,0.0,0.0
1999-04-28 00:00:00-04:00,0.034858971853021004,0.034858971853021004,0.033306771421665285,0.03438130393624306,120096000,0.0,0.0
1999-04-29 00:00:00-04:00,0.0345004903708383,0.03461968022090909,0.03366525631932354,0.03438130393624306,48144000,0.0,0.0
1999-04-30 00:00:00-04:00,0.03473977797454562,0.03629106272605327,0.03450048297823319,0.03485896438360214,99312000,0.0,0.0
1999-05-03 00:00:00-04:00,0.03521652838661166,0.03521652838661166,0.03414291492765651,0.03509734198451042,33840000,0.0,0.0
1999-05-04 00:00:00-04:00,0.03509733772675445,0.03509733772675445,0.03247152457816741,0.03318757191300392,96048000,0.0,0.0
1999-05-05 00:00:00-04:00,0.033425935275228746,0.03390360623598099,0.031516170194426645,0.03390360623598099,144576000,0.0,0.0
1999-05-06 00:00:00-04:00,0.03366525087989434,0.0343812983811192,0.03223223711467164,0.033247172832489014,35616000,0.0,0.0
1999-05-07 00:00:00-04:00,0.03223222380013547,0.033665236973406905,0.03223222380013547,0.033425942063331604,25008000,0.0,0.0
1999-05-10 00:00:00-04:00,0.03318756591564976,0.03414290461569047,0.03318756591564976,0.033425942063331604,19680000,0.0,0.0
1999-05-11 00:00:00-04:00,0.03485895919216115,0.03629105732133417,0.03414291183531179,0.035216525197029114,171744000,0.0,0.0
1999-05-12 00:00:00-04:00,0.03557500441093917,0.03641115679115257,0.03509733332674534,0.03629105165600777,168480000,0.0,0.0
1999-05-13 00:00:00-04:00,0.03629105165600777,0.03724639040892166,0.0361718618678335,0.03629105165600777,69936000,0.0,0.0
1999-05-14 00:00:00-04:00,0.03629107050233559,0.03629107050233559,0.03390363260398956,0.03438130393624306,28464000,0.0,0.0
1999-05-17 00:00:00-04:00,0.03390361685516951,0.03605267405509949,0.03378442706046445,0.03605267405509949,35760000,0.0,0.0
1999-05-18 00:00:00-04:00,0.0364111616485866,0.0382017376736153,0.035336629548676626,0.03772406652569771,151536000,0.0,0.0
1999-05-19 00:00:00-04:00,0.03939545306517346,0.04082754763377965,0.035455816565501445,0.03605267405509949,451728000,0.0,0.0
1999-05-20 00:00:00-04:00,0.03629105620566846,0.03629105620566846,0.031874663630973306,0.03318757191300392,178176000,0.0,0.0
1999-05-21 00:00:00-04:00,0.032709902618393114,0.032709902618393114,0.03151618407198448,0.03247152641415596,303504000,0.0,0.0
1999-05-24 00:00:00-04:00,0.03270990443608435,0.033425951851198045,0.031874667204491496,0.03235142305493355,162624000,0.0,0.0
1999-05-25 00:00:00-04:00,0.03247153066726288,0.03294919848543896,0.03223223566907154,0.03259071707725525,130080000,0.0,0.0
1999-05-26 00:00:00-04:00,0.03247152641415596,0.03414291271617595,0.03247152641415596,0.03247152641415596,104736000,0.0,0.0
1999-05-27 00:00:00-04:00,0.03270990357691758,0.03270990357691758,0.03223223239183426,0.03223223239183426,82320000,0.0,0.0
1999-05-28 00:00:00-04:00,0.03270990690272245,0.03270990690272245,0.03223223566907154,0.03259071707725525,88656000,0.0,0.0
1999-06-01 00:00:00-04:00,0.03247152780064872,0.03270990401506424,0.03199385660916703,0.03270990401506424,98544000,0.0,0.0
1999-06-02 00:00:00-04:00,0.03270990167985348,0.03270990167985348,0.031516183167696,0.031516183167696,130128000,0.0,0.0
1999-06-03 00:00:00-04:00,0.03235142305493355,0.03259071461960519,0.031993857020970656,0.03235142305493355,41568000,0.0,0.0
1999-06-04 00:00:00-04:00,0.03259071707725525,0.03270990690272245,0.032351425494538746,0.03259071707725525,78912000,0.0,0.0
1999-06-07 00:00:00-04:00,0.0327694922521626,0.03342594635891065,0.03270989906145219,0.032949190586805344,125136000,0.0,0.0
1999-06-08 00:00:00-04:00,0.033068394056393204,0.03438130281273389,0.03294920421021729,0.03378444164991379,153312000,0.0,0.0
1999-06-09 00:00:00-04:00,0.03390363260398956,0.03509735155316258,0.03390363260398956,0.03438130393624306,95184000,0.0,0.0
1999-06-10 00:00:00-04:00,0.03438128958803519,0.034619665773220634,0.03414290998737563,0.034500475972890854,36096000,0.0,0.0
1999-06-11 00:00:00-04:00,0.034500489243434365,0.03461967908961028,0.032590722739749015,0.03378444164991379,61008000,0.0,0.0
1999-06-14 00:00:00-04:00,0.03384402455213667,0.03390362116480176,0.03223223144730737,0.03247152641415596,51648000,0.0,0.0
1999-06-15 00:00:00-04:00,0.03247152641415596,0.032709902618393114,0.03199385524307022,0.03247152641415596,49296000,0.0,0.0
1999-06-16 00:00:00-04:00,0.03294918635249433,0.034381284178845894,0.03247151871021077,0.033425942063331604,64416000,0.0,0.0
1999-06-17 00:00:00-04:00,0.033187573789478855,0.0336652449605646,0.03247152641415596,0.03247152641415596,74928000,0.0,0.0
1999-06-18 00:00:00-04:00,0.03270990021208111,0.03270990021208111,0.03127780556678772,0.03127780556678772,158736000,0.0,0.0
1999-06-21 00:00:00-04:00,0.03223222794230938,0.032949190586805344,0.03136673657908213,0.032949190586805344,83472000,0.0,0.0
1999-06-22 00:00:00-04:00,0.03294919600075599,0.03294919600075599,0.03163537222434527,0.03235142305493355,193056000,0.0,0.0
1999-06-23 00:00:00-04:00,0.03199385176399373,0.032949190586805344,0.03163536702627173,0.032949190586805344,210912000,0.0,0.0
1999-06-24 00:00:00-04:00,0.033187574762000904,0.033187574762000904,0.03199385618061178,0.03223223239183426,115200000,0.0,0.0
1999-06-25 00:00:00-04:00,0.03199385660916703,0.0330683853916009,0.03199385660916703,0.03270990401506424,73536000,0.0,0.0
1999-06-28 00:00:00-04:00,0.03378442944472383,0.03378442944472383,0.03247152457816741,0.03318757191300392,109152000,0.0,0.0
1999-06-29 00:00:00-04:00,0.03366525389047711,0.034022816583941316,0.033187582592686164,0.03354606404900551,92688000,0.0,0.0
1999-06-30 00:00:00-04:00,0.03461966815595381,0.036530349403619766,0.03390362078857682,0.036530349403619766,269232000,0.0,0.0
1999-07-01 00:00:00-04:00,0.03653034779976834,0.03653034779976834,0.03270990081929864,0.03461966663599014,88992000,0.0,0.0
1999-07-02 00:00:00-04:00,0.03509734056201784,0.037127211689949036,0.034381293169336975,0.037127211689949036,224880000,0.0,0.0
1999-07-06 00:00:00-04:00,0.03748477450757528,0.03748477450757528,0.03676872717612002,0.03724639490246773,198096000,0.0,0.0
1999-07-07 00:00:00-04:00,0.03748477638806303,0.03748477638806303,0.036530349403619766,0.036530349403619766,63120000,0.0,0.0
1999-07-08 00:00:00-04:00,0.03676873168870419,0.03796244689301045,0.03557501306892333,0.037365589290857315,186048000,0.0,0.0
1999-07-09 00:00:00-04:00,0.0372463896272308,0.0408275445398603,0.0372463896272308,0.04052957519888878,211728000,0.0,0.0
1999-07-12 00:00:00-04:00,0.042976613083518175,0.04417033161246671,0.04130522339047063,0.04237975552678108,401040000,0.0,0.0
1999-07-13 00:00:00-04:00,0.04285742382517521,0.043095803444457965,0.040589176546293786,0.04249894246459007,138864000,0.0,0.0
1999-07-14 00:00:00-04:00,0.042498947351241594,0.04345428980154266,0.04058918121335489,0.04082755744457245,137952000,0.0,0.0
1999-07-15 00:00:00-04:00,0.04118604128742037,0.042498946345748016,0.04106685146689415,0.04106685146689415,137040000,0.0,0.0
1999-07-16 00:00:00-04:00,0.04178290895551975,0.042260580284253564,0.041066861343876354,0.041902098804712296,103872000,0.0,0.0
1999-07-19 00:00:00-04:00,0.042021276126091064,0.042141381296677875,0.04058918121335489,0.04082755744457245,43632000,0.0,0.0
1999-07-20 00:00:00-04:00,0.040827544269868996,0.040827544269868996,0.038679402593951896,0.04011149704456329,178752000,0.0,0.0
1999-07-21 00:00:00-04:00,0.03963383475705946,0.03963383475705946,0.037724068812202576,0.03891778737306595,112080000,0.0,0.0
1999-07-22 00:00:00-04:00,0.03867941163521509,0.03867941163521509,0.03676873032002899,0.037127211689949036,213264000,0.0,0.0
1999-07-23 00:00:00-04:00,0.03700802187720394,0.03820174045254995,0.03700802187720394,0.037127211689949036,80256000,0.0,0.0
1999-07-26 00:00:00-04:00,0.038081632036476756,0.038081632036476756,0.03724639490246773,0.03724639490246773,60528000,0.0,0.0
1999-07-27 00:00:00-04:00,0.03724639947367551,0.03748477910803912,0.03676873168870419,0.037365589290857315,98592000,0.0,0.0
1999-07-28 00:00:00-04:00,0.03724639310442706,0.038440111520078375,0.037127206723101096,0.03796244040131569,244224000,0.0,0.0
1999-07-29 00:00:00-04:00,0.03724639305386987,0.03844011146790086,0.03700801687606749,0.03832092508673668,388800000,0.0,0.0
1999-07-30 00:00:00-04:00,0.038320929355395335,0.03939545809248242,0.0382017395454803,0.03844011574983597,452304000,0.0,0.0
1999-08-02 00:00:00-04:00,0.03844009351399951,0.038917764409011964,0.0382017174475335,0.03879857808351517,313344000,0.0,0.0
1999-08-03 00:00:00-04:00,0.03879860714498641,0.03879860714498641,0.037484783216819625,0.037843264639377594,255216000,0.0,0.0
1999-08-04 00:00:00-04:00,0.038081640884395494,0.03820174606193556,0.03772407480913116,0.037843264639377594,89952000,0.0,0.0
1999-08-05 00:00:00-04:00,0.0378432581840721,0.03844011574983597,0.03724639720283385,0.03844011574983597,240576000,0.0,0.0
1999-08-06 00:00:00-04:00,0.038320929355395335,0.038559305559751,0.0382017395454803,0.03844011574983597,183984000,0.0,0.0
1999-08-09 00:00:00-04:00,0.038559305559751,0.03891778692115919,0.0382017395454803,0.03844011574983597,31056000,0.0,0.0
1999-08-10 00:00:00-04:00,0.03867941990262147,0.040827562539811804,0.038440124878824714,0.039156172424554825,212064000,0.0,0.0
1999-08-11 00:00:00-04:00,0.03987313451675577,0.042260571925284804,0.039395463282503373,0.04178290069103241,197712000,0.0,0.0
1999-08-12 00:00:00-04:00,0.04202126717584308,0.04488637515378207,0.04178289099539805,0.043811846524477005,239616000,0.0,0.0
1999-08-13 00:00:00-04:00,0.04345428859327308,0.04428952584976311,0.042976617381404444,0.04333509877324104,84672000,0.0,0.0
1999-08-16 00:00:00-04:00,0.043692665987043015,0.043692665987043015,0.040230699769455716,0.04166371002793312,223440000,0.0,0.0
1999-08-17 00:00:00-04:00,0.04178290069103241,0.042498948161044534,0.04070837181238518,0.04178290069103241,193536000,0.0,0.0
1999-08-18 00:00:00-04:00,0.04130522300788779,0.04321498888399695,0.040469985842662086,0.042738236486911774,279888000,0.0,0.0
1999-08-19 00:00:00-04:00,0.0457225339606405,0.05419866927515645,0.044170333992082735,0.05181031674146652,1966992000,0.0,0.0
1999-08-20 00:00:00-04:00,0.051930437625886276,0.052288000346795496,0.04942289451846672,0.05133357644081116,353088000,0.0,0.0
1999-08-23 00:00:00-04:00,0.050616606689927957,0.050616606689927957,0.04655777903537901,0.048229169100522995,507984000,0.0,0.0
1999-08-24 00:00:00-04:00,0.047513123930792336,0.048468463103542414,0.04512568622307703,0.047990795224905014,398064000,0.0,0.0
1999-08-25 00:00:00-04:00,0.04810996389741114,0.04858763501526321,0.04584171686723256,0.04775148257613182,350352000,0.0,0.0
1999-08-26 00:00:00-04:00,0.047751480618156754,0.048468443231317444,0.046319386085830375,0.04703543335199356,275376000,0.0,0.0
1999-08-27 00:00:00-04:00,0.0479907791704004,0.051571931118484196,0.04775148422197211,0.049662165343761444,552384000,0.0,0.0
1999-08-30 00:00:00-04:00,0.05049739640448733,0.051452738558469095,0.04739391254769227,0.04948246106505394,158640000,0.0,0.0
1999-08-31 00:00:00-04:00,0.04966217243191634,0.05395937572900655,0.04870683344240565,0.053720999509096146,786864000,0.0,0.0
1999-09-01 00:00:00-04:00,0.05372100064828268,0.05372100064828268,0.05037822092262026,0.05121345818042755,565344000,0.0,0.0
1999-09-02 00:00:00-04:00,0.049542063747751046,0.050855887444207576,0.04846845036401039,0.05061659589409828,341088000,0.0,0.0
1999-09-03 00:00:00-04:00,0.05157194194968492,0.052287989420273503,0.05061660289588587,0.05097508430480957,258864000,0.0,0.0
1999-09-07 00:00:00-04:00,0.05181030879491382,0.05181030879491382,0.05049740058849274,0.050736695528030396,124416000,0.0,0.0
1999-09-08 00:00:00-04:00,0.050855887444207576,0.051213453456410395,0.05061659589409828,0.05061659589409828,170064000,0.0,0.0
1999-09-09 00:00:00-04:00,0.051094265165740796,0.05145274651176689,0.04894520436830642,0.04990054666996002,209472000,0.0,0.0
1999-09-10 00:00:00-04:00,0.05073670105045622,0.05133355861276833,0.05037821627564682,0.05061659589409828,167424000,0.0,0.0
1999-09-13 00:00:00-04:00,0.050855876833020466,0.050855876833020466,0.04846844025096701,0.048945195972919464,174432000,0.0,0.0
1999-09-14 00:00:00-04:00,0.048945211036096184,0.048945211036096184,0.04727473650901864,0.04751311615109444,250368000,0.0,0.0
1999-09-15 00:00:00-04:00,0.046916254688101185,0.04846845472726793,0.04655777329649473,0.04787159711122513,212736000,0.0,0.0
1999-09-16 00:00:00-04:00,0.04727473276377199,0.047751488594678836,0.0460800988527909,0.046676959842443466,158112000,0.0,0.0
1999-09-17 00:00:00-04:00,0.046378982461973126,0.04679706040087138,0.04488637587646949,0.04655776545405388,171648000,0.0,0.0
1999-09-20 00:00:00-04:00,0.04572252539188641,0.04631938628439658,0.04488637298345566,0.04488637298345566,229104000,0.0,0.0
1999-09-21 00:00:00-04:00,0.04393196357629152,0.04417033982134328,0.03999232590129382,0.04058918356895447,737328000,0.0,0.0
1999-09-22 00:00:00-04:00,0.04058919157188651,0.041782910558047205,0.03820175359956511,0.041544534265995026,375984000,0.0,0.0
1999-09-23 00:00:00-04:00,0.041663709891296585,0.04178289971412715,0.03772407246197863,0.038081638514995575,379584000,0.0,0.0
1999-09-24 00:00:00-04:00,0.03820173742533375,0.039156160952399044,0.03199385348335944,0.03461966663599014,684912000,0.0,0.0
1999-09-27 00:00:00-04:00,0.03688792460314907,0.037484785726155455,0.03461967678029927,0.03676873818039894,432000000,0.0,0.0
1999-09-28 00:00:00-04:00,0.036828314910090594,0.04058916811557341,0.03676872172538512,0.04011149704456329,413184000,0.0,0.0
1999-09-29 00:00:00-04:00,0.04094673227532939,0.04249893179031667,0.036291049077273034,0.03688790649175644,594048000,0.0,0.0
1999-09-30 00:00:00-04:00,0.03820174861926689,0.039395467449804454,0.03629106689561789,0.03676873818039894,342528000,0.0,0.0
1999-10-01 00:00:00-04:00,0.03617186804636782,0.03748477638806303,0.03461966815595381,0.036530349403619766,347760000,0.0,0.0
1999-10-04 00:00:00-04:00,0.037724066044289614,0.037843255846843386,0.03676872717612002,0.03724639490246773,177600000,0.0,0.0
1999-10-05 00:00:00-04:00,0.037246401400016595,0.04106685243850543,0.037246401400016595,0.04082755744457245,478080000,0.0,0.0
1999-10-06 00:00:00-04:00,0.04094674339571329,0.0477514887867578,0.04058917737496347,0.04572253301739693,1508736000,0.0,0.0
1999-10-07 00:00:00-04:00,0.04763229695001356,0.04763229695001356,0.0424989415257797,0.042738236486911774,487296000,0.0,0.0
1999-10-08 00:00:00-04:00,0.04273823117575724,0.04620019649220006,0.041066841705897146,0.04488637298345566,398928000,0.0,0.0
1999-10-11 00:00:00-04:00,0.045244859440990895,0.04536404924675268,0.04249894108126181,0.043692659586668015,544464000,0.0,0.0
1999-10-12 00:00:00-04:00,0.043931949711941094,0.04440962081406658,0.042976607507690126,0.043095797300338745,322992000,0.0,0.0
1999-10-13 00:00:00-04:00,0.04261814641635569,0.04261814641635569,0.041066861343876354,0.041902098804712296,280368000,0.0,0.0
1999-10-14 00:00:00-04:00,0.042021275131898836,0.042021275131898836,0.04058918025304497,0.04106685146689415,192336000,0.0,0.0
1999-10-15 00:00:00-04:00,0.039036981130031914,0.04106685243850543,0.038917791306685746,0.04082755744457245,210720000,0.0,0.0
1999-10-18 00:00:00-04:00,0.04094674559739709,0.04094674559739709,0.0384401185132776,0.03867941349744797,215184000,0.0,0.0
1999-10-19 00:00:00-04:00,0.0398731302105611,0.0398731302105611,0.03641116429726817,0.037127211689949036,308928000,0.0,0.0
1999-10-20 00:00:00-04:00,0.03772406837415707,0.03891778692115919,0.037127210808393214,0.03844011574983597,348720000,0.0,0.0
1999-10-21 00:00:00-04:00,0.038320925692801294,0.04023069143295288,0.03724639364294022,0.04023069143295288,382128000,0.0,0.0
1999-10-22 00:00:00-04:00,0.04011150260358931,0.04237975314116529,0.04011150260358931,0.04118603467941284,286752000,0.0,0.0
1999-10-25 00:00:00-04:00,0.04094675237803274,0.041544528848371995,0.039156172424554825,0.039156172424554825,213840000,0.0,0.0
1999-10-26 00:00:00-04:00,0.04082753194641805,0.044409604516565615,0.0405891558640743,0.04297659173607826,481248000,0.0,0.0
1999-10-27 00:00:00-04:00,0.04321499378517495,0.043454288773446384,0.04034988526477353,0.04106685146689415,214128000,0.0,0.0
1999-10-28 00:00:00-04:00,0.04130523382457524,0.04202128137030534,0.03891779616358815,0.039156172424554825,222768000,0.0,0.0
1999-10-29 00:00:00-04:00,0.039633836389321005,0.04297661600245497,0.03939546017238018,0.04226056858897209,330528000,0.0,0.0
1999-11-01 00:00:00-05:00,0.04154451280621079,0.04655776245331575,0.04154451280621079,0.04488637298345566,782544000,0.0,0.0
1999-11-02 00:00:00-05:00,0.045722527070659796,0.04799077751631238,0.04536404574938049,0.04775148257613182,837504000,0.0,0.0
1999-11-03 00:00:00-05:00,0.049662164976611516,0.05372099144447861,0.04930368364562674,0.052407167851924896,2011680000,0.0,0.0
1999-11-04 00:00:00-05:00,0.053004942549077345,0.05718295527669082,0.053004942549077345,0.05574994534254074,1260336000,0.0,0.0
1999-11-05 00:00:00-05:00,0.05730216871854923,0.05777983661672518,0.05133357420512128,0.05395938828587532,616368000,0.0,0.0
1999-11-08 00:00:00-05:00,0.052287989187648584,0.05706378275003728,0.05061660267069681,0.055511582642793655,470016000,0.0,0.0
1999-11-09 00:00:00-05:00,0.0553923812385316,0.055630757423593184,0.05252727320510493,0.05467541515827179,272352000,0.0,0.0
1999-11-10 00:00:00-05:00,0.0548551215883052,0.05491471478578069,0.053124138665347834,0.05419866740703583,144048000,0.0,0.0
1999-11-11 00:00:00-05:00,0.05419867514314696,0.06088331282112382,0.05300495642064676,0.05801820755004883,562704000,0.0,0.0
1999-11-12 00:00:00-05:00,0.06052574213872363,0.0611225962638855,0.057063773037907065,0.0611225962638855,501504000,0.0,0.0
1999-11-15 00:00:00-05:00,0.061539738060451085,0.06339082894728681,0.05897352220829631,0.05992886424064636,362208000,0.0,0.0
1999-11-16 00:00:00-05:00,0.06136096274712219,0.06685279825190715,0.06112258318832294,0.06565908342599869,723792000,0.0,0.0
1999-11-17 00:00:00-05:00,0.06685280392632387,0.07162767729713956,0.06589746174717888,0.06816571205854416,786384000,0.0,0.0
1999-11-18 00:00:00-05:00,0.06959780013141557,0.07019557630222882,0.06780722449061151,0.06840407848358154,235968000,0.0,0.0
1999-11-19 00:00:00-05:00,0.07664186992439125,0.08475952473675812,0.07640257492241204,0.0818944126367569,2165184000,0.0,0.0
1999-11-22 00:00:00-05:00,0.0839838537238535,0.08404344691312104,0.07688022123991209,0.08177520334720612,540192000,0.0,0.0
1999-11-23 00:00:00-05:00,0.07341825202354942,0.07676103083893332,0.07258301840866088,0.0759257972240448,553248000,0.0,0.0
1999-11-24 00:00:00-05:00,0.07556734792267221,0.07640258189117886,0.06792736023919055,0.07353747636079788,406848000,0.0,0.0
1999-11-26 00:00:00-05:00,0.07282140384304638,0.07353745804137207,0.0706723463937885,0.07306069880723953,71760000,0.0,0.0
1999-11-29 00:00:00-05:00,0.07282138911749317,0.07377673125587912,0.06876257000392336,0.07043395936489105,298608000,0.0,0.0
1999-11-30 00:00:00-05:00,0.07067233223450556,0.07186605394397846,0.06613583862781525,0.06613583862781525,314688000,0.0,0.0
1999-12-01 00:00:00-05:00,0.06613585872615496,0.07043398090066268,0.06613585872615496,0.06947863847017288,223536000,0.0,0.0
1999-12-02 00:00:00-05:00,0.06971790308167962,0.07556731139999655,0.06971790308167962,0.07461196929216385,309888000,0.0,0.0
1999-12-03 00:00:00-05:00,0.075328038961191,0.07664186273421675,0.07186607294835874,0.07282140851020813,342768000,0.0,0.0
1999-12-06 00:00:00-05:00,0.07306072082998728,0.07520886357963455,0.07306072082998728,0.07485130429267883,178608000,0.0,0.0
1999-12-07 00:00:00-05:00,0.07544814447218695,0.07556733770977857,0.06947863919439551,0.07234374433755875,186384000,0.0,0.0
1999-12-08 00:00:00-05:00,0.07210537622157102,0.07628339735499187,0.07186608802279802,0.0755673497915268,201696000,0.0,0.0
1999-12-09 00:00:00-05:00,0.07544813763280607,0.07735790699335005,0.07067234804167268,0.07329908013343811,214944000,0.0,0.0
1999-12-10 00:00:00-05:00,0.07461201883088758,0.07497050034219874,0.07115005155213683,0.07246295362710953,98304000,0.0,0.0
1999-12-13 00:00:00-05:00,0.07162771113981699,0.07413433538359779,0.07067236850929148,0.07222457230091095,183840000,0.0,0.0
1999-12-14 00:00:00-05:00,0.07234374885090478,0.07413432525868749,0.07031479278401638,0.07103084027767181,273888000,0.0,0.0
1999-12-15 00:00:00-05:00,0.07055318458850786,0.07091166607069056,0.06709121759105961,0.06876260787248611,205968000,0.0,0.0
1999-12-16 00:00:00-05:00,0.06912107743380021,0.07019560634758533,0.06804654852001508,0.06828492134809494,132576000,0.0,0.0
1999-12-17 00:00:00-05:00,0.07019559826088678,0.07294060150432563,0.06983711688182698,0.07186607271432877,262080000,0.0,0.0
1999-12-20 00:00:00-05:00,0.07198617175311406,0.07923833058873683,0.06947863288841456,0.0778355747461319,402432000,0.0,0.0
1999-12-21 00:00:00-05:00,0.07783558713057188,0.08129755355269733,0.07497048179158207,0.08117836713790894,388368000,0.0,0.0
1999-12-22 00:00:00-05:00,0.08141674719755349,0.0840434728888932,0.07831326218282317,0.08308813720941544,251184000,0.0,0.0
1999-12-23 00:00:00-05:00,0.08320730261355894,0.08881832548737963,0.08284973662678233,0.08857995271682739,280224000,0.0,0.0
1999-12-27 00:00:00-05:00,0.09048973268967965,0.09060892592910323,0.08428184767224149,0.08523719012737274,202416000,0.0,0.0
1999-12-28 00:00:00-05:00,0.08523717989559829,0.08834066435815598,0.08475951214084616,0.08499788492918015,179184000,0.0,0.0
1999-12-29 00:00:00-05:00,0.08481914288705522,0.08881837143247759,0.08475954966359003,0.08786303550004959,132144000,0.0,0.0
1999-12-30 00:00:00-05:00,0.08786299004913996,0.0891768136521716,0.08643088857695105,0.08857995271682739,139776000,0.0,0.0
1999-12-31 00:00:00-05:00,0.08840028814211412,0.08977370551544402,0.08810231522264797,0.08965360373258591,127344000,0.0,0.0
2000-01-03 00:00:00-05:00,0.09025134102552701,0.09096738833598311,0.08428183007165095,0.08941518515348434,300912000,0.0,0.0
2000-01-04 00:00:00-05:00,0.08786295384914689,0.08810224186817832,0.08261040764229795,0.08702771365642548,300480000,0.0,0.0
2000-01-05 00:00:00-05:00,0.08452114134109541,0.08595323623860006,0.08296893785880662,0.08416265994310379,188352000,0.0,0.0
2000-01-06 00:00:00-05:00,0.0841626515574566,0.0841626515574566,0.07544813693051443,0.07867081463336945,120480000,0.0,0.0
2000-01-07 00:00:00-05:00,0.07831325275460882,0.08081987638150258,0.0771195307261992,0.0799846425652504,71184000,0.0,0.0
2000-01-10 00:00:00-05:00,0.08022302798481794,0.08595324573322284,0.07879093292912027,0.08261046558618546,239856000,0.0,0.0
2000-01-11 00:00:00-05:00,0.08213276960174244,0.08308811182024703,0.07926765829324722,0.07926765829324722,148128000,0.0,0.0
2000-01-12 00:00:00-05:00,0.07926766435870906,0.07938777292481905,0.07616418005483319,0.07723870873451233,123552000,0.0,0.0
2000-01-13 00:00:00-05:00,0.07711951909579744,0.0811783455201971,0.07616417684445961,0.08046138286590576,132192000,0.0,0.0
2000-01-14 00:00:00-05:00,0.08165602626780422,0.08726613411614557,0.08141673130551953,0.0839233547449112,604560000,0.0,0.0
2000-01-18 00:00:00-05:00,0.0849978915768315,0.08786300347513447,0.08117835944151484,0.08750543743371964,261648000,0.0,0.0
2000-01-19 00:00:00-05:00,0.08786298051447568,0.08786298051447568,0.08595321153041016,0.08666925877332687,164688000,0.0,0.0
2000-01-20 00:00:00-05:00,0.08738622712622923,0.09216110074382666,0.0857148376075697,0.08643088489770889,179568000,0.0,0.0
2000-01-21 00:00:00-05:00,0.08619160390162775,0.0865500852497884,0.08332649232670507,0.08547555655241013,544272000,0.0,0.0
2000-01-24 00:00:00-05:00,0.08822146578903658,0.08822146578903658,0.08117834188961742,0.08165601640939713,256944000,0.0,0.0
2000-01-25 00:00:00-05:00,0.08201360582394981,0.08284976196357162,0.07831326635688167,0.08093907684087753,237120000,0.0,0.0
2000-01-26 00:00:00-05:00,0.08093904081122826,0.08308810465167708,0.07616416765565075,0.0775962620973587,232464000,0.0,0.0
2000-01-27 00:00:00-05:00,0.07819315842924761,0.07819315842924761,0.07067236399946648,0.07353747636079788,458208000,0.0,0.0
2000-01-28 00:00:00-05:00,0.07258300930102218,0.07306067690815764,0.06852418375233629,0.07138928771018982,194448000,0.0,0.0
2000-01-31 00:00:00-05:00,0.07174689426077212,0.07329909798079456,0.06685283242931003,0.07079247385263443,182400000,0.0,0.0
2000-02-01 00:00:00-05:00,0.07091167183262569,0.07306073020545209,0.06828493867325673,0.07246295362710953,92976000,0.0,0.0
2000-02-02 00:00:00-05:00,0.07282140018983642,0.0759258066458753,0.07246291885056831,0.07449278980493546,149040000,0.0,0.0
2000-02-03 00:00:00-05:00,0.07688024461390693,0.07843244820256658,0.07520885461047581,0.07568652927875519,108240000,0.0,0.0
2000-02-04 00:00:00-05:00,0.07807395102330465,0.07807395102330465,0.0759258089633708,0.07747709006071091,123696000,0.0,0.0
2000-02-07 00:00:00-05:00,0.07783559330667628,0.07783559330667628,0.07258305004931473,0.07270223647356033,217488000,0.0,0.0
2000-02-08 00:00:00-05:00,0.07449281810255498,0.07879094124912675,0.07258305498783421,0.07616420835256577,468816000,0.0,0.0
2000-02-09 00:00:00-05:00,0.07902926827992125,0.08034217617956954,0.07795473991707852,0.07807392627000809,589056000,0.0,0.0
2000-02-10 00:00:00-05:00,0.08284973032585925,0.09550387658331101,0.08284973032585925,0.09407086670398712,970080000,0.0,0.0
2000-02-11 00:00:00-05:00,0.09872655981529645,0.09884666838509949,0.08857995751909861,0.09550388902425766,423792000,0.0,0.0
2000-02-14 00:00:00-05:00,0.09574226138076525,0.11078384518623352,0.09478691913220588,0.11078384518623352,650112000,0.0,0.0
2000-02-15 00:00:00-05:00,0.11102315743103124,0.11114234383230731,0.10195016094338259,0.10648665577173233,450480000,0.0,0.0
2000-02-16 00:00:00-05:00,0.10768038695240224,0.11508199425479361,0.10648666482003287,0.11138072609901428,1019568000,0.0,0.0
2000-02-17 00:00:00-05:00,0.1112615061806913,0.11603729495728603,0.1095901167278372,0.11532033234834671,535776000,0.0,0.0
2000-02-18 00:00:00-05:00,0.11364897079523338,0.1303628625959281,0.11281373695273428,0.12869147956371307,960864000,0.0,0.0
2000-02-22 00:00:00-05:00,0.12463264383799784,0.12630311140824305,0.12033451515054579,0.12510938942432404,542496000,0.0,0.0
2000-02-23 00:00:00-05:00,0.12367724258243933,0.12713920701832282,0.12212504671505456,0.12582629919052124,511392000,0.0,0.0
2000-02-24 00:00:00-05:00,0.12654239588288035,0.12737762955363358,0.11937916327497877,0.12463262677192688,244320000,0.0,0.0
2000-02-25 00:00:00-05:00,0.12475184592658049,0.12475184592658049,0.11173921450178913,0.11687256395816803,278736000,0.0,0.0
2000-02-28 00:00:00-05:00,0.11627571927941632,0.11746944158173571,0.1141266680243738,0.11603734642267227,517872000,0.0,0.0
2000-02-29 00:00:00-05:00,0.115320351825101,0.12367729366984948,0.115320351825101,0.12224428355693817,306048000,0.0,0.0
2000-03-01 00:00:00-05:00,0.12224431518101381,0.12224431518101381,0.11675339214160992,0.11866316199302673,383568000,0.0,0.0
2000-03-02 00:00:00-05:00,0.11961848477650379,0.11961848477650379,0.11030712135956254,0.11066468060016632,191040000,0.0,0.0
2000-03-03 00:00:00-05:00,0.11078385906952797,0.11364896399626197,0.10982943204840835,0.11245524883270264,273696000,0.0,0.0
2000-03-06 00:00:00-05:00,0.11317220594898743,0.12176753396381515,0.1107838535624823,0.11173919588327408,432096000,0.0,0.0
2000-03-07 00:00:00-05:00,0.14325535935461953,0.16665388317514054,0.13704747592427372,0.15913309156894684,1952208000,0.0,0.0
2000-03-08 00:00:00-05:00,0.15904323947746923,0.16187899797580985,0.14755346307307485,0.16044598817825317,668736000,0.0,0.0
2000-03-09 00:00:00-05:00,0.16235581438578045,0.20628776990189832,0.1618790550780668,0.19157440960407257,952944000,0.0,0.0
2000-03-10 00:00:00-05:00,0.20151286790619766,0.2769600830897812,0.20007985779605256,0.22538815438747406,2161200000,0.0,0.0
2000-03-13 00:00:00-05:00,0.20437797135945834,0.2865107394098232,0.20246728679962858,0.28507864475250244,2415168000,0.0,0.0
2000-03-14 00:00:00-05:00,0.28352646987385366,0.28352646987385366,0.2062877525023483,0.21034657955169678,1567776000,0.0,0.0
2000-03-15 00:00:00-05:00,0.22541840732272234,0.23123848482109616,0.19482731558079797,0.201751247048378,995616000,0.0,0.0
2000-03-16 00:00:00-05:00,0.20819752417523243,0.2153607581301265,0.17692062947864393,0.17987467348575592,750384000,0.0,0.0
2000-03-17 00:00:00-05:00,0.1757268961134567,0.2043779698416645,0.1756966350125408,0.19076848030090332,557616000,0.0,0.0
2000-03-20 00:00:00-05:00,0.19828927956957434,0.204616350017011,0.18456060314632214,0.19064930081367493,365280000,0.0,0.0
2000-03-21 00:00:00-05:00,0.19100683966031295,0.19267822230816697,0.16617622141986235,0.18121780455112457,536640000,0.0,0.0
2000-03-22 00:00:00-05:00,0.182650841229586,0.18814176281161143,0.17954643457144878,0.18253165483474731,230592000,0.0,0.0
2000-03-23 00:00:00-05:00,0.18086023908445123,0.1957826364429135,0.180501764590841,0.18575429916381836,309408000,0.0,0.0
2000-03-24 00:00:00-05:00,0.18456061762658393,0.1929175597345086,0.1719064620769935,0.17799516022205353,231600000,0.0,0.0
2000-03-27 00:00:00-05:00,0.17763668843033206,0.18336691255957144,0.16474417255244717,0.16629545390605927,388944000,0.0,0.0
2000-03-28 00:00:00-05:00,0.16056525789351855,0.16235584139065484,0.15089540478723015,0.15388062596321106,393312000,0.0,0.0
2000-03-29 00:00:00-05:00,0.15447745850574346,0.15805862515317692,0.13752519859785634,0.14373308420181274,469440000,0.0,0.0
2000-03-30 00:00:00-05:00,0.13943491027577667,0.156148805683485,0.13466003659501102,0.1428968757390976,361920000,0.0,0.0
2000-03-31 00:00:00-05:00,0.15265659715986715,0.1678476301256515,0.14994093977515868,0.161371111869812,962976000,0.0,0.0
2000-04-03 00:00:00-04:00,0.1599087270091319,0.16044599470216708,0.14456826298685807,0.14874719083309174,329952000,0.0,0.0
2000-04-04 00:00:00-04:00,0.15662556922584514,0.1592522874188873,0.10887407821888573,0.14325536787509918,513792000,0.0,0.0
2000-04-05 00:00:00-04:00,0.14468839447989557,0.18623199962797024,0.13728678796133756,0.17513005435466766,639600000,0.0,0.0
2000-04-06 00:00:00-04:00,0.18324768543243408,0.19255904653610809,0.17453317159543946,0.18324768543243408,404592000,0.0,0.0
2000-04-07 00:00:00-04:00,0.19243987513013186,0.20055752867036256,0.18432222158990114,0.19590184092521667,318576000,0.0,0.0
2000-04-10 00:00:00-04:00,0.19924461963843662,0.21082423893372865,0.1748907437547926,0.1785920113325119,395280000,0.0,0.0
2000-04-11 00:00:00-04:00,0.1661459824821711,0.1814571168562009,0.15280604131822856,0.1679668128490448,457584000,0.0,0.0
2000-04-12 00:00:00-04:00,0.16820610503055655,0.17190644340230693,0.14994092792675018,0.15053778886795044,313440000,0.0,0.0
2000-04-13 00:00:00-04:00,0.15173151756720746,0.1571032531011203,0.1415840058358374,0.14409062266349792,313296000,0.0,0.0
2000-04-14 00:00:00-04:00,0.13489842310145317,0.14528523484469202,0.12510937396155003,0.13140711188316345,421920000,0.0,0.0
2000-04-17 00:00:00-04:00,0.12033451771161129,0.14325538473377444,0.12033451771161129,0.13812202215194702,294096000,0.0,0.0
2000-04-18 00:00:00-04:00,0.15202945811613558,0.1714287478737806,0.1475534661092437,0.16259504854679108,477504000,0.0,0.0
2000-04-19 00:00:00-04:00,0.16772850853415824,0.16999675330622455,0.1528061036981002,0.1548350602388382,278352000,0.0,0.0
2000-04-20 00:00:00-04:00,0.1590139075527708,0.16199821209170862,0.15185068863608706,0.15399974584579468,153936000,0.0,0.0
2000-04-24 00:00:00-04:00,0.14516508150266247,0.1516122509518843,0.13871881373826475,0.14635880291461945,205968000,0.0,0.0
2000-04-25 00:00:00-04:00,0.1529252473074059,0.1671316005035437,0.15256677273456912,0.16235581040382385,249696000,0.0,0.0
2000-04-26 00:00:00-04:00,0.17369708450846094,0.17763671232208642,0.16044606494606212,0.16068445146083832,254112000,0.0,0.0
2000-04-27 00:00:00-04:00,0.14994095912171204,0.1754876318975155,0.14910480988658525,0.1738162487745285,280992000,0.0,0.0
2000-04-28 00:00:00-04:00,0.1765622308518005,0.18336697951587227,0.17023515701293945,0.17023515701293945,179040000,0.0,0.0
2000-05-01 00:00:00-04:00,0.17668138553909235,0.18050184078247175,0.1715480215195635,0.1757269650697708,119424000,0.0,0.0
2000-05-02 00:00:00-04:00,0.17572691655875836,0.1859936281016951,0.16402718119344098,0.16892217099666595,234000000,0.0,0.0
2000-05-03 00:00:00-04:00,0.16784765759974282,0.17333949547506755,0.15280606967123356,0.16617627441883087,329184000,0.0,0.0
2000-05-04 00:00:00-04:00,0.16581776609532614,0.1752492439389864,0.16438567126577786,0.168206125497818,241200000,0.0,0.0
2000-05-05 00:00:00-04:00,0.16748913763960133,0.18002410609758723,0.16522089380199462,0.17596527934074402,170592000,0.0,0.0
2000-05-08 00:00:00-04:00,0.17142877775449936,0.1776366619471162,0.16927972031282715,0.16951902210712433,185136000,0.0,0.0
2000-05-09 00:00:00-04:00,0.17238415223091497,0.17381624717093921,0.1623558125998135,0.16713160276412964,176832000,0.0,0.0
2000-05-10 00:00:00-04:00,0.1654601464515937,0.16557933280900422,0.14922392889958436,0.15065693855285645,274080000,0.0,0.0
2000-05-11 00:00:00-04:00,0.15280602644840416,0.15984914374974837,0.1507761555863468,0.15710322558879852,245904000,0.0,0.0
2000-05-12 00:00:00-04:00,0.16140142238959695,0.1699967396734099,0.15232841670513153,0.15232841670513153,187824000,0.0,0.0
2000-05-15 00:00:00-04:00,0.15161232210906642,0.16546019920829166,0.14421071579970843,0.16283346712589264,282096000,0.0,0.0
2000-05-16 00:00:00-04:00,0.16999669661320727,0.18467980832119538,0.16808601180408375,0.17954644560813904,366432000,0.0,0.0
2000-05-17 00:00:00-04:00,0.18909710701849933,0.21894190627481458,0.18897792061818214,0.21106262505054474,1290624000,0.0,0.0
2000-05-18 00:00:00-04:00,0.21225632493129426,0.21571829057195988,0.19542415762659252,0.19673706591129303,509904000,0.0,0.0
2000-05-19 00:00:00-04:00,0.19100690906513532,0.20151291061188467,0.18957481399863796,0.19506573677062988,521184000,0.0,0.0
2000-05-22 00:00:00-04:00,0.19291754458051646,0.20772075653076172,0.1758460888455809,0.20772075653076172,517152000,0.0,0.0
2000-05-23 00:00:00-04:00,0.2024673294949505,0.22526899887228868,0.1991254649201613,0.20604939758777618,778560000,0.0,0.0
2000-05-24 00:00:00-04:00,0.20581006464479334,0.20915284383965999,0.17620455713738356,0.20342262089252472,739632000,0.0,0.0
2000-05-25 00:00:00-04:00,0.20640695499390205,0.21870353803520104,0.1980509143322016,0.20055754482746124,569184000,0.0,0.0
2000-05-26 00:00:00-04:00,0.20157243311405182,0.20712294677315732,0.18909706015834468,0.20157243311405182,183456000,0.0,0.0
2000-05-30 00:00:00-04:00,0.20700375999961437,0.21512141253283962,0.20604933996337782,0.2098688781261444,303648000,0.0,0.0
2000-05-31 00:00:00-04:00,0.20915285315265977,0.22156862138047162,0.20915285315265977,0.2179865539073944,469536000,0.0,0.0
2000-06-01 00:00:00-04:00,0.22443370121724793,0.22646265666802648,0.21846419054877741,0.22407521307468414,418992000,0.0,0.0
2000-06-02 00:00:00-04:00,0.22873094685151044,0.25403925854325926,0.22873094685151044,0.25129425525665283,592176000,0.0,0.0
2000-06-05 00:00:00-04:00,0.2509357450162996,0.2693200956586496,0.24090742059693546,0.25669530034065247,491904000,0.0,0.0
2000-06-06 00:00:00-04:00,0.2576213172102455,0.26717106586791944,0.2425788024707099,0.243892639875412,375888000,0.0,0.0
2000-06-07 00:00:00-04:00,0.24210199370902102,0.24413094897205825,0.22944692626684512,0.23302899301052094,332352000,0.0,0.0
2000-06-08 00:00:00-04:00,0.23899770822075386,0.2392369827464029,0.22538820109256164,0.2348196804523468,460704000,0.0,0.0
2000-06-09 00:00:00-04:00,0.2392369677924002,0.25212951123750277,0.23565489967223605,0.24150429666042328,467280000,0.0,0.0
2000-06-12 00:00:00-04:00,0.2425788332461878,0.244608718305215,0.22968631707952336,0.2350580394268036,380016000,0.0,0.0
2000-06-13 00:00:00-04:00,0.22849251818930819,0.24257875177412438,0.22729879644110063,0.24245956540107727,447840000,0.0,0.0
2000-06-14 00:00:00-04:00,0.24699610888583656,0.24830898983871252,0.2390278895838825,0.24222122132778168,275088000,0.0,0.0
2000-06-15 00:00:00-04:00,0.24150429566441442,0.24854834377765656,0.22849259318411644,0.24854834377765656,338592000,0.0,0.0
2000-06-16 00:00:00-04:00,0.24765261287631976,0.2865107983853696,0.24759299234694687,0.28603312373161316,987840000,0.0,0.0
2000-06-19 00:00:00-04:00,0.2853169543018661,0.3270998340705088,0.278153722899446,0.30393970012664795,1052160000,0.0,0.0
2000-06-20 00:00:00-04:00,0.3091932871123417,0.3127744260877852,0.29606146965357627,0.2998809814453125,610272000,0.0,0.0
2000-06-21 00:00:00-04:00,0.295225368400317,0.3361730396569015,0.295225368400317,0.3303227126598358,614880000,0.0,0.0
2000-06-22 00:00:00-04:00,0.3288903884073423,0.33569513113914873,0.30919313632944023,0.312296599149704,614352000,0.0,0.0
2000-06-23 00:00:00-04:00,0.30393986638465,0.3077603077385756,0.2826903912916682,0.2828104794025421,607392000,0.0,0.0
2000-06-26 00:00:00-04:00,0.2884205459185422,0.31874302022007944,0.28388405789257837,0.3169524371623993,618288000,0.0,0.0
2000-06-27 00:00:00-04:00,0.3142064000206981,0.31945986272394655,0.26382819364284005,0.27218514680862427,604608000,0.0,2.0
2000-06-28 00:00:00-04:00,0.27791549695483747,0.28842059703487094,0.2540393032312274,0.2616801857948303,586608000,0.0,0.0
2000-06-29 00:00:00-04:00,0.2571436927670043,0.2571436927670043,0.2196579921797692,0.22395610809326172,1184880000,0.0,0.0
2000-06-30 00:00:00-04:00,0.23446120419481153,0.2468769760776488,0.22300078174024912,0.24281816184520721,1209192000,0.0,0.0
2000-07-03 00:00:00-04:00,0.24448951210435907,0.2521294917184777,0.2311183933492193,0.23350673913955688,232680000,0.0,0.0
2000-07-05 00:00:00-04:00,0.2325513450594951,0.23302901959022945,0.2015128426170112,0.2084367871284485,777936000,0.0,0.0
2000-07-06 00:00:00-04:00,0.20867520275719445,0.2287309521342032,0.20366103999161245,0.22109097242355347,603936000,0.0,0.0
2000-07-07 00:00:00-04:00,0.2292085755675487,0.2330290154122083,0.21774814405679213,0.22228464484214783,346560000,0.0,0.0
2000-07-10 00:00:00-04:00,0.2184642522968733,0.2392369656166041,0.2163161098610445,0.23374512791633606,351264000,0.0,0.0
2000-07-11 00:00:00-04:00,0.23064164812428628,0.26454526167390313,0.22801490219886272,0.25260716676712036,755304000,0.0,0.0
2000-07-12 00:00:00-04:00,0.2631122355028868,0.27290128634609984,0.25475620851804287,0.259769469499588,388152000,0.0,0.0
2000-07-13 00:00:00-04:00,0.26526133235457244,0.2855554560979981,0.2647836576890728,0.28412336111068726,458736000,0.0,0.0
2000-07-14 00:00:00-04:00,0.28985353978203704,0.2953444753066319,0.27505035380176157,0.28197428584098816,280200000,0.0,0.0
2000-07-17 00:00:00-04:00,0.28627239776460284,0.2865107705637512,0.2779154419820794,0.2788707911968231,105552000,0.0,0.0
2000-07-18 00:00:00-04:00,0.26358988840000686,0.2865107542008324,0.26358988840000686,0.2733789384365082,183672000,0.0,0.0
2000-07-19 00:00:00-04:00,0.2635897707672167,0.26549953922628355,0.25045796086325434,0.25594979524612427,189504000,0.0,0.0
2000-07-20 00:00:00-04:00,0.2557106533759871,0.26932014615271943,0.2549946058823876,0.26287388801574707,142992000,0.0,0.0
2000-07-21 00:00:00-04:00,0.2635898900020838,0.27122986897912016,0.2597694496709493,0.2662166357040405,251928000,0.0,0.0
2000-07-24 00:00:00-04:00,0.26645506307875,0.2683648327929488,0.23302909282477413,0.24353419244289398,281112000,0.0,0.0
2000-07-25 00:00:00-04:00,0.24735464976073732,0.24926441960004378,0.23398352850536008,0.2344612032175064,335304000,0.0,0.0
2000-07-26 00:00:00-04:00,0.23446116685451576,0.23446116685451576,0.21058589166687497,0.21703214943408966,380064000,0.0,0.0
2000-07-27 00:00:00-04:00,0.21010818614197807,0.21297329087813882,0.19864775353543807,0.20151285827159882,331560000,0.0,0.0
2000-07-28 00:00:00-04:00,0.20246730127720292,0.221329327035783,0.1910068681489439,0.20628774166107178,512664000,0.0,0.0
2000-07-31 00:00:00-04:00,0.21774818474997737,0.22968629301391985,0.20628775109747366,0.22920861840248108,371232000,0.0,0.0
2000-08-01 00:00:00-04:00,0.2292086103626471,0.2311183797323312,0.22300072597365644,0.2246721088886261,350616000,0.0,0.0
2000-08-02 00:00:00-04:00,0.22156863897050627,0.23290897087523632,0.21798657121305354,0.22920861840248108,345432000,0.0,0.0
2000-08-03 00:00:00-04:00,0.20628770600213187,0.24448945282911277,0.20628770600213187,0.23923689126968384,368664000,0.0,0.0
2000-08-04 00:00:00-04:00,0.2449672164854566,0.24830905390919947,0.23971375132907893,0.24353419244289398,194784000,0.0,0.0
2000-08-07 00:00:00-04:00,0.24520554350161436,0.2647836167223061,0.24425019431842465,0.2626345455646515,246936000,0.0,0.0
2000-08-08 00:00:00-04:00,0.25690433382987976,0.27122987177464175,0.2559499136630811,0.25690433382987976,128112000,0.0,0.0
2000-08-09 00:00:00-04:00,0.2602471162857226,0.26191848544672125,0.24568320614754452,0.24926434457302094,136248000,0.0,0.0
2000-08-10 00:00:00-04:00,0.24353413738100882,0.25785967487400935,0.23875927699427607,0.252129465341568,156432000,0.0,0.0
2000-08-11 00:00:00-04:00,0.25260711869726704,0.2545168878192696,0.23446111515457202,0.2461608350276947,131928000,0.0,0.0
2000-08-14 00:00:00-04:00,0.2492643912598253,0.2516518355398366,0.24066906177007977,0.24854834377765656,108576000,0.0,0.0
2000-08-15 00:00:00-04:00,0.24974203920932384,0.27696009240829933,0.24902599180373183,0.27200645208358765,443328000,0.0,0.0
2000-08-16 00:00:00-04:00,0.2867491433628996,0.2867491433628996,0.2705138354142997,0.2788707911968231,266232000,0.0,0.0
2000-08-17 00:00:00-04:00,0.27505038414135735,0.2855554560979981,0.2740950348103581,0.28412336111068726,129816000,0.0,0.0
2000-08-18 00:00:00-04:00,0.28292962354738216,0.29749356317785136,0.2824519762316877,0.29415076971054077,204720000,0.0,0.0
2000-08-21 00:00:00-04:00,0.304895164637928,0.3101477280282235,0.2979712317187199,0.29868727922439575,464472000,0.0,0.0
2000-08-22 00:00:00-04:00,0.28316797047032627,0.289375854275003,0.26788798625676924,0.2705138027667999,658872000,0.0,0.0
2000-08-23 00:00:00-04:00,0.2662166020570582,0.28674909248713054,0.26072476588406673,0.2862723469734192,352800000,0.0,0.0
2000-08-24 00:00:00-04:00,0.28460097596695055,0.296777469513141,0.2793484410924567,0.2939123511314392,332616000,0.0,0.0
2000-08-25 00:00:00-04:00,0.29080885036141524,0.29701583247582164,0.2850786411111699,0.28651073575019836,153048000,0.0,0.0
2000-08-28 00:00:00-04:00,0.28794376420002205,0.3017916266691327,0.2846009713079273,0.2979711592197418,189264000,0.0,0.0
2000-08-29 00:00:00-04:00,0.29916495793735637,0.2998810054527005,0.2941507946353151,0.29725518822669983,149376000,0.0,0.0
2000-08-30 00:00:00-04:00,0.29391239827037435,0.30393982238628164,0.2908089066128598,0.2998809814453125,178080000,0.0,0.0
2000-08-31 00:00:00-04:00,0.3044173912137757,0.31516176073834795,0.29844878278970305,0.3032236695289612,388896000,0.0,0.0
2000-09-01 00:00:00-04:00,0.3094316101944794,0.3122967012514042,0.3003586078111654,0.30370140075683594,204144000,0.0,0.0
2000-09-05 00:00:00-04:00,0.31086475331290064,0.3111031535272138,0.30203014686088037,0.30417919158935547,246144000,0.0,0.0
2000-09-06 00:00:00-04:00,0.3053728755589418,0.3053728755589418,0.280780632827096,0.28316807746887207,230136000,0.0,0.0
2000-09-07 00:00:00-04:00,0.28746597199417506,0.29892638599548493,0.2755278563072802,0.29844871163368225,239760000,0.0,0.0
2000-09-08 00:00:00-04:00,0.295106091999024,0.3017916509983835,0.2798252046261404,0.280780553817749,222648000,0.0,0.0
2000-09-11 00:00:00-04:00,0.2771993506707354,0.2788707470272716,0.25881500172914124,0.2693200707435608,285888000,0.0,0.0
2000-09-12 00:00:00-04:00,0.26955846598301236,0.28364560190379523,0.26358985696619813,0.26764869689941406,125976000,0.0,0.0
2000-09-13 00:00:00-04:00,0.2669326267592965,0.2719467879855672,0.26120239099032283,0.2675294876098633,239976000,0.0,0.0
2000-09-14 00:00:00-04:00,0.2688424724134061,0.2807805671934122,0.2616801401623042,0.2650229334831238,216336000,0.0,0.0
2000-09-15 00:00:00-04:00,0.26358992237576,0.2745726957736171,0.2616801528182544,0.2708127498626709,242592000,0.0,0.0
2000-09-18 00:00:00-04:00,0.27146927591244663,0.2731406730957293,0.2521295683411544,0.254994660615921,163488000,0.0,0.0
2000-09-19 00:00:00-04:00,0.24329581176750475,0.2635899355093466,0.2406690656120557,0.26287388801574707,301104000,0.0,0.0
2000-09-20 00:00:00-04:00,0.25571063549834333,0.2607248256213563,0.25021972707618473,0.2542785406112671,227568000,0.0,0.0
2000-09-21 00:00:00-04:00,0.25618824968199705,0.2709914600899823,0.2559498769267701,0.2652016580104828,346824000,0.0,0.0
2000-09-22 00:00:00-04:00,0.23899762661595236,0.273140535043827,0.23875925385712887,0.26979774236679077,387264000,0.0,0.0
2000-09-25 00:00:00-04:00,0.2781537512523613,0.29319626276051297,0.27600560952342496,0.28913742303848267,467568000,0.0,0.0
2000-09-26 00:00:00-04:00,0.29224089999911645,0.29940413179430725,0.27887071436910305,0.29606136679649353,337344000,0.0,0.0
2000-09-27 00:00:00-04:00,0.29367388223938884,0.3261444846371483,0.29367388223938884,0.312296599149704,676128000,0.0,0.0
2000-09-28 00:00:00-04:00,0.3094316684688395,0.3237572084227321,0.30179168834156606,0.32184743881225586,333816000,0.0,0.0
2000-09-29 00:00:00-04:00,0.3127744793891907,0.32471260410644043,0.30752194277716244,0.3127744793891907,373872000,0.0,0.0
2000-10-02 00:00:00-04:00,0.31707159375791244,0.3294873619539955,0.29749352132820245,0.30537277460098267,340584000,0.0,0.0
2000-10-03 00:00:00-04:00,0.3070442729443942,0.30943171758877,0.28651084455926795,0.2888982892036438,300264000,0.0,0.0
2000-10-04 00:00:00-04:00,0.28125811875189205,0.29033109085990133,0.277437652484098,0.28555530309677124,419568000,0.0,0.0
2000-10-05 00:00:00-04:00,0.2877044925776433,0.2877044925776433,0.27290127944208387,0.2788707911968231,525048000,0.0,0.0
2000-10-06 00:00:00-04:00,0.27958682127325374,0.2814965905752897,0.2576213047396628,0.26144084334373474,1027176000,0.0,0.0
2000-10-09 00:00:00-04:00,0.2547562451608846,0.27122992869488444,0.2368486358769655,0.26717111468315125,665256000,0.0,0.0
2000-10-10 00:00:00-04:00,0.2559499749246663,0.2688425195152981,0.24448955275532458,0.24687696993350983,415944000,0.0,0.0
2000-10-11 00:00:00-04:00,0.23183527339581603,0.2626344844925511,0.22252299819536206,0.24902592599391937,535776000,0.0,0.0
2000-10-12 00:00:00-04:00,0.2545168741171629,0.26932005681892346,0.23684854605838865,0.23923689126968384,401616000,0.0,0.0
2000-10-13 00:00:00-04:00,0.24090740521927928,0.2559498908881301,0.23834118192499434,0.24878665804862976,578976000,0.0,0.0
2000-10-16 00:00:00-04:00,0.24878665545743592,0.24878665545743592,0.23732623717028015,0.24305644631385803,339216000,0.0,0.0
2000-10-17 00:00:00-04:00,0.24210205170660481,0.243056471878924,0.2227623513141906,0.22538815438747406,463248000,0.0,0.0
2000-10-18 00:00:00-04:00,0.21082424441345293,0.2347004463375065,0.20079590598180763,0.22180700302124023,416952000,0.0,0.0
2000-10-19 00:00:00-04:00,0.23613254034001213,0.2463992651920144,0.23255137442074597,0.24329577386379242,294888000,0.0,0.0
2000-10-20 00:00:00-04:00,0.23756560365401136,0.2721852680348562,0.23589420681168805,0.2659773826599121,387360000,0.0,0.0
2000-10-23 00:00:00-04:00,0.26812649813182987,0.2697978679243725,0.25165188349507517,0.260008841753006,182112000,0.0,0.0
2000-10-24 00:00:00-04:00,0.2588149657520202,0.26311215059846205,0.2506973141918637,0.25165173411369324,193968000,0.0,0.0
2000-10-25 00:00:00-04:00,0.2447278123847872,0.24830895015724455,0.22801483424105198,0.22968623042106628,385512000,0.0,0.0
2000-10-26 00:00:00-04:00,0.2311184127007896,0.24830904453591102,0.21488310286751408,0.23947536945343018,265776000,0.0,0.0
2000-10-27 00:00:00-04:00,0.2397137243988536,0.2456236431990094,0.22538817161439792,0.23398348689079285,210960000,0.0,0.0
2000-10-30 00:00:00-05:00,0.23016394572764476,0.23535688741715965,0.21727048946750346,0.21750979125499725,192120000,0.0,0.0
2000-10-31 00:00:00-05:00,0.22610505919588972,0.24114664075188508,0.2191811292510876,0.2373857945203781,299256000,0.0,0.0
2000-11-01 00:00:00-05:00,0.23159611274632075,0.24066909065919398,0.22347845693999582,0.23732632398605347,304536000,0.0,0.0
2000-11-02 00:00:00-05:00,0.24568321981512745,0.2616801272245418,0.24162437927169064,0.25547224283218384,192888000,0.0,0.0
2000-11-03 00:00:00-05:00,0.252129404613799,0.2769600060452867,0.25021963579137574,0.27218514680862427,268632000,0.0,0.0
2000-11-06 00:00:00-05:00,0.27863148065392696,0.3056111602432663,0.27696008408505873,0.29319632053375244,635040000,0.0,0.0
2000-11-07 00:00:00-05:00,0.28842052351217584,0.28842052351217584,0.26358988840000686,0.2733789384365082,258240000,0.0,0.0
2000-11-08 00:00:00-05:00,0.27648321497668343,0.27648321497668343,0.2612023345398578,0.265261173248291,187080000,0.0,0.0
2000-11-09 00:00:00-05:00,0.24926436995857068,0.2616801393170312,0.22586584143080082,0.23756557703018188,564528000,0.0,0.0
2000-11-10 00:00:00-05:00,0.24568321968186366,0.257859686657978,0.21870352630150244,0.2246721088886261,805248000,0.0,0.0
2000-11-13 00:00:00-05:00,0.21345091542984654,0.2502196348020838,0.20628768393249608,0.22562739253044128,530040000,0.0,0.0
2000-11-14 00:00:00-05:00,0.2406690895500558,0.26884252555131,0.23875934703124263,0.26693275570869446,470736000,0.0,0.0
2000-11-15 00:00:00-05:00,0.2621577895566655,0.27051381572182387,0.2514134178523076,0.26341110467910767,423864000,0.0,0.0
2000-11-16 00:00:00-05:00,0.2559499749246663,0.26263460640457614,0.24448955275532458,0.24687696993350983,235536000,0.0,0.0
2000-11-17 00:00:00-05:00,0.24878670211194162,0.26144087194252613,0.23398348827464324,0.24210207164287567,178776000,0.0,0.0
2000-11-20 00:00:00-05:00,0.23314822800103585,0.23326741439274995,0.2208516597656662,0.22347839176654816,298752000,0.0,0.0
2000-11-21 00:00:00-05:00,0.23302902725362776,0.23493879643044394,0.2077207466679195,0.21918116509914398,382512000,0.0,0.0
2000-11-22 00:00:00-05:00,0.21010818670548284,0.2167928299843165,0.19864775406820623,0.20772075653076172,409752000,0.0,0.0
2000-11-24 00:00:00-05:00,0.21010820853882517,0.22777652706891424,0.21010820853882517,0.21965795755386353,165072000,0.0,0.0
2000-11-27 00:00:00-05:00,0.23541649703860654,0.2368485918275192,0.20348223413941519,0.21225634217262268,363864000,0.0,0.0
2000-11-28 00:00:00-05:00,0.21547990402897288,0.21774814762790248,0.1917238069607397,0.19643908739089966,382344000,0.0,0.0
2000-11-29 00:00:00-05:00,0.1993638405525816,0.19960222704133557,0.1695190516753844,0.18432225286960602,636408000,0.0,0.0
2000-11-30 00:00:00-05:00,0.16856363656987597,0.16856363656987597,0.1389581474199661,0.15471577644348145,981624000,0.0,0.0
2000-12-01 00:00:00-05:00,0.164266454958698,0.18623196910799894,0.1633111059068715,0.16999666392803192,784080000,0.0,0.0
2000-12-04 00:00:00-05:00,0.17107122070845912,0.1766813286516535,0.1594906859363975,0.17262250185012817,474264000,0.0,0.0
2000-12-05 00:00:00-05:00,0.18479982698349723,0.19148446793743698,0.16760919083737194,0.18384449183940887,997224000,0.0,0.0
2000-12-06 00:00:00-05:00,0.18026339107833356,0.18527665156092737,0.15662557663125654,0.1575809121131897,950928000,0.0,0.0
2000-12-07 00:00:00-05:00,0.1499409033581635,0.1630727162742403,0.14182325160816317,0.15471577644348145,785184000,0.0,0.0
2000-12-08 00:00:00-05:00,0.17071274890249596,0.191006884858005,0.1547754198138956,0.19005246460437775,853392000,0.0,0.0
2000-12-11 00:00:00-05:00,0.1838445797385504,0.1938719899752314,0.1790697051049477,0.19005246460437775,757632000,0.0,0.0
2000-12-12 00:00:00-05:00,0.1852766539213938,0.18861941963458706,0.17859201051833332,0.1847998946905136,409512000,0.0,0.0
2000-12-13 00:00:00-05:00,0.18408295704540534,0.18718735039679746,0.1671316004245062,0.17047438025474548,675072000,0.0,0.0
2000-12-14 00:00:00-05:00,0.16927972836496216,0.17071273850994892,0.15471581719241784,0.15877464413642883,569016000,0.0,0.0
2000-12-15 00:00:00-05:00,0.1487472342018366,0.15805861092697718,0.14230006099136244,0.1430170238018036,1094424000,0.0,0.0
2000-12-18 00:00:00-05:00,0.1489856041735308,0.15280605859091356,0.14564282439219955,0.14773230254650116,658872000,0.0,0.0
2000-12-19 00:00:00-05:00,0.14994096264157064,0.16331115357776357,0.13370473737519226,0.13656984269618988,946200000,0.0,0.0
2000-12-20 00:00:00-05:00,0.12964590343665305,0.1485079449089823,0.11508199106723768,0.1217675507068634,1105392000,0.0,0.0
2000-12-21 00:00:00-05:00,0.12009614708773071,0.13656982807070805,0.10505364559105286,0.10648665577173233,845256000,0.0,0.0
2000-12-22 00:00:00-05:00,0.11508194054140346,0.14612043655732593,0.11508194054140346,0.13394396007061005,949080000,0.0,0.0
2000-12-26 00:00:00-05:00,0.1356154003918395,0.13704749514655612,0.11985685234522125,0.12845216691493988,343824000,0.0,0.0
2000-12-27 00:00:00-05:00,0.12702013136289778,0.14230011025818473,0.12176759378952047,0.13704755902290344,339456000,0.0,0.0
2000-12-28 00:00:00-05:00,0.131556547395785,0.14134558198317482,0.12940749034414217,0.13776351511478424,419232000,0.0,0.0
2000-12-29 00:00:00-05:00,0.13752515171439664,0.14206163886784504,0.12224426659607054,0.12516896426677704,495168000,0.0,0.0
2001-01-02 00:00:00-05:00,0.12606474098638135,0.12773612393521952,0.11388826010162789,0.11436592787504196,290808000,0.0,0.0
2001-01-03 00:00:00-05:00,0.1107838691697623,0.15065700313876398,0.10791875715086527,0.14946328103542328,910368000,0.0,0.0
2001-01-04 00:00:00-05:00,0.14683650083139152,0.17047432476599136,0.1427776748622965,0.16665387153625488,815448000,0.0,0.0
2001-01-05 00:00:00-05:00,0.16522086807555164,0.16593783067692894,0.13848048146780398,0.14170315861701965,432768000,0.0,0.0
2001-01-08 00:00:00-05:00,0.13776349462583765,0.16140131530823654,0.13776349462583765,0.15519343316555023,573768000,0.0,0.0
2001-01-09 00:00:00-05:00,0.15734253748839494,0.1614013641267164,0.14970162976907575,0.15829695761203766,302904000,0.0,0.0
2001-01-10 00:00:00-05:00,0.1501792988727987,0.16999667212435154,0.14659814693105644,0.16927970945835114,392928000,0.0,0.0
2001-01-11 00:00:00-05:00,0.16522090212169727,0.19053011478296533,0.16235579716673929,0.18336689472198486,447648000,0.0,0.0
2001-01-12 00:00:00-05:00,0.18647037771905856,0.19769243871878373,0.17763667614621237,0.17954644560813904,669000000,0.0,0.0
2001-01-16 00:00:00-05:00,0.18050171949580474,0.18050171949580474,0.16259502201158016,0.16546013951301575,414984000,0.0,0.0
2001-01-17 00:00:00-05:00,0.1781143592544945,0.18336690862009947,0.1707127521729926,0.17142879962921143,592584000,0.0,0.0
2001-01-18 00:00:00-05:00,0.1714288409415908,0.2091529328963916,0.16760931457710115,0.20431846380233765,948168000,0.0,0.0
2001-01-19 00:00:00-05:00,0.2101082031561126,0.2177481825094765,0.19578266465335892,0.19888615608215332,1018704000,0.0,0.0
2001-01-22 00:00:00-05:00,0.1929175688336484,0.20055754854931243,0.18551596192801362,0.1910068839788437,377712000,0.0,0.0
2001-01-23 00:00:00-05:00,0.1886193961209732,0.21392770254749557,0.18766497609296912,0.21004857122898102,433632000,0.0,0.0
2001-01-24 00:00:00-05:00,0.20986890981714967,0.21201796732689487,0.19697638179108598,0.20915286242961884,451728000,0.0,0.0
2001-01-25 00:00:00-05:00,0.20199050996137874,0.20246726912812102,0.18384453446399762,0.18814173340797424,440016000,0.0,0.0
2001-01-26 00:00:00-05:00,0.1776366637293175,0.1963795165497476,0.17632376904098185,0.19411127269268036,259248000,0.0,0.0
2001-01-29 00:00:00-05:00,0.1881418035848017,0.19530502495930518,0.18145715858764885,0.19506573677062988,354168000,0.0,0.0
2001-01-30 00:00:00-05:00,0.1981701192915696,0.20354184130847833,0.19434966490571443,0.1993638277053833,243720000,0.0,0.0
2001-01-31 00:00:00-05:00,0.1996021511294926,0.20724304382573894,0.1929175090807356,0.19721470773220062,358344000,0.0,0.0
2001-02-01 00:00:00-05:00,0.19721471344752473,0.1996021569140053,0.18861938688667051,0.19822965562343597,371856000,0.0,0.0
2001-02-02 00:00:00-05:00,0.19840851678775406,0.20294500551971356,0.17763670358460898,0.17906972765922546,320520000,0.0,0.0
2001-02-05 00:00:00-05:00,0.1788303703069687,0.18002409216071236,0.16832528737613334,0.1788303703069687,367584000,0.0,0.0
2001-02-06 00:00:00-05:00,0.17548758547430682,0.18336686533643404,0.1750704331453125,0.17978571355342865,250440000,0.0,0.0
2001-02-07 00:00:00-05:00,0.17859203389502026,0.1800241288074579,0.161879050179053,0.17142879962921143,720384000,0.0,0.0
2001-02-08 00:00:00-05:00,0.1723841498177627,0.18217318748238812,0.1697574174475118,0.17047438025474548,384288000,0.0,0.0
2001-02-09 00:00:00-05:00,0.1690413366883598,0.17023505855623938,0.16307274101085834,0.16927970945835114,259608000,0.0,0.0
2001-02-12 00:00:00-05:00,0.1673699415820658,0.1692797107838346,0.15662557032564411,0.16474413871765137,354336000,0.0,0.0
2001-02-13 00:00:00-05:00,0.16784767086177332,0.17763670986645594,0.16593790103732076,0.1697574406862259,467736000,0.0,0.0
2001-02-14 00:00:00-05:00,0.16760923855536142,0.1871873096197032,0.1604460058122891,0.18217314779758453,690888000,0.0,0.0
2001-02-15 00:00:00-05:00,0.20724306446212573,0.21918115699858182,0.20581005453765422,0.21559908986091614,1108512000,0.0,0.0
2001-02-16 00:00:00-05:00,0.20461634743116522,0.2330290353950433,0.2043779746540938,0.2272988259792328,1081176000,0.0,0.0
2001-02-20 00:00:00-05:00,0.22156863863812284,0.22634351306528333,0.20437799501610474,0.20461636781692505,701304000,0.0,0.0
2001-02-21 00:00:00-05:00,0.19697639019066757,0.22252306087744636,0.194827332589281,0.2139277458190918,646512000,0.0,0.0
2001-02-22 00:00:00-05:00,0.21273402335854047,0.22920861968598322,0.20628775225262555,0.22300073504447937,815304000,0.0,0.0
2001-02-23 00:00:00-05:00,0.22180692538220392,0.22538807639768332,0.20055746298894273,0.20760057866573334,1034664000,0.0,0.0
2001-02-26 00:00:00-05:00,0.20151278062080116,0.20724300154694025,0.19411119117954992,0.20294487476348877,751824000,0.0,0.0
2001-02-27 00:00:00-05:00,0.19793078422847168,0.20581006448834993,0.1895747584256764,0.19076848030090332,533832000,0.0,0.0
2001-02-28 00:00:00-05:00,0.1893354910861177,0.20055753810800914,0.16713158687239796,0.17071273922920227,784056000,0.0,0.0
2001-03-01 00:00:00-05:00,0.1685636599785664,0.18718731112349954,0.15280602876676497,0.18420210480690002,915288000,0.0,0.0
2001-03-02 00:00:00-05:00,0.17095109450785073,0.1831284748553484,0.16426645195590642,0.1664751023054123,1413504000,0.0,0.0
2001-03-05 00:00:00-05:00,0.1599683533072185,0.17238413600946623,0.15901393310673298,0.1680860072374344,742296000,0.0,0.0
2001-03-06 00:00:00-05:00,0.17668135726740783,0.19029084997089205,0.1736970655477147,0.18432225286960602,834408000,0.0,0.0
2001-03-07 00:00:00-05:00,0.1883810389880914,0.1996021832384258,0.18503825975251031,0.19912542402744293,938280000,0.0,0.0
2001-03-08 00:00:00-05:00,0.19339523138691725,0.20795914246964634,0.19339523138691725,0.205810084939003,829344000,0.0,0.0
2001-03-09 00:00:00-05:00,0.19506570573440013,0.19602104130432396,0.1733394755972153,0.1912461668252945,1216776000,0.0,0.0
2001-03-12 00:00:00-05:00,0.1847999275324975,0.19339525711319536,0.17620459795179966,0.18432225286960602,762144000,0.0,0.0
2001-03-13 00:00:00-05:00,0.18670966852262982,0.20915286018955978,0.18575431934345366,0.20628774166107178,1082352000,0.0,0.0
2001-03-14 00:00:00-05:00,0.19697637305421378,0.21870351661027707,0.19697637305421378,0.2179865539073944,1351128000,0.0,0.0
2001-03-15 00:00:00-05:00,0.23135769267193942,0.24347456703316547,0.2230007367090872,0.2287309467792511,1875984000,0.0,0.0
2001-03-16 00:00:00-05:00,0.2251497509762119,0.23398343718508238,0.2184641929577978,0.22777648270130157,1225200000,0.0,0.0
2001-03-19 00:00:00-05:00,0.22658189281975963,0.24257881491044853,0.21422663179311524,0.2409074455499649,943896000,0.0,0.0
2001-03-20 00:00:00-05:00,0.2380423126322051,0.2530848272474107,0.21583840876104818,0.2184642255306244,1990560000,0.0,0.0
2001-03-21 00:00:00-05:00,0.21894193519570745,0.2411467443086896,0.21774821301669048,0.23470048606395721,1877352000,0.0,0.0
2001-03-22 00:00:00-05:00,0.23684852337105752,0.25929263801744795,0.23493875453480242,0.2583372890949249,1697760000,0.0,0.0
2001-03-23 00:00:00-05:00,0.2631120964002981,0.2678878837370939,0.2430563580213175,0.25594979524612427,1509672000,0.0,0.0
2001-03-26 00:00:00-05:00,0.2559498807885821,0.27122983693756747,0.2559498807885821,0.26979774236679077,1542960000,0.0,0.0
2001-03-27 00:00:00-05:00,0.2645453310293792,0.27385670977568666,0.24878676401124458,0.260008841753006,1702152000,0.0,0.0
2001-03-28 00:00:00-05:00,0.25284546540905795,0.266932627485547,0.25212941818819595,0.2601874768733978,1433280000,0.0,0.0
2001-03-29 00:00:00-05:00,0.2579192112737804,0.2731405013651686,0.2526070842884821,0.26406750082969666,1632960000,0.0,0.0
2001-03-30 00:00:00-05:00,0.26215782745366906,0.26717108866814454,0.24639929129630733,0.24801106750965118,1423176000,0.0,0.0
2001-04-02 00:00:00-04:00,0.24735460049959843,0.25332321068957037,0.23446115652412142,0.23756557703018188,1265160000,0.0,0.0
2001-04-03 00:00:00-04:00,0.23398344959365477,0.251891081061095,0.23374507682261306,0.2454438954591751,1991616000,0.0,0.0
2001-04-04 00:00:00-04:00,0.23613259878040402,0.23661027348966776,0.2055717457847392,0.2201356738805771,3362472000,0.0,0.0
2001-04-05 00:00:00-04:00,0.23470050158185782,0.24425025232160294,0.2282533275635484,0.24043071269989014,1724760000,0.0,0.0
2001-04-06 00:00:00-04:00,0.23732629797531946,0.25212951282930973,0.2332674568551008,0.23947536945343018,1547664000,0.0,0.0
2001-04-09 00:00:00-04:00,0.24410716471023788,0.2500280668267366,0.22405140462150688,0.2278333455324173,1097160000,0.0,0.0
2001-04-10 00:00:00-04:00,0.23329577438637256,0.25671354207243324,0.2311567865505037,0.24934035539627075,1186416000,0.0,0.0
2001-04-11 00:00:00-04:00,0.2646974834729116,0.27428666184812045,0.25709600226502466,0.2643921673297882,1426872000,0.0,0.0
2001-04-12 00:00:00-04:00,0.25950264030013026,0.27982517573152765,0.2545361310940375,0.2683647572994232,1440264000,0.0,0.0
2001-04-16 00:00:00-04:00,0.26358987251689037,0.269129389038685,0.25701893745243576,0.2618322968482971,764112000,0.0,0.0
2001-04-17 00:00:00-04:00,0.2579742888520277,0.2767693992877595,0.2578596928505282,0.27466800808906555,1112448000,0.0,0.0
2001-04-18 00:00:00-04:00,0.28624307061186716,0.3224204350700245,0.28624307061186716,0.29514461755752563,2301864000,0.0,0.0
2001-04-19 00:00:00-04:00,0.2968252208592015,0.32559092825673763,0.295488485769327,0.32050982117652893,1632264000,0.0,0.0
2001-04-20 00:00:00-04:00,0.31665171682883897,0.34377443835617233,0.3082856072603998,0.3321993947029114,1773840000,0.0,0.0
2001-04-23 00:00:00-04:00,0.3249793052211922,0.32528552299743796,0.3113413977602018,0.31466490030288696,1239000000,0.0,0.0
2001-04-24 00:00:00-04:00,0.3137866167353092,0.3372805207802199,0.2874661476577306,0.29239413142204285,1828320000,0.0,0.0
2001-04-25 00:00:00-04:00,0.2931578721852326,0.3162694353562888,0.29205032926745195,0.3058404326438904,1423728000,0.0,0.0
2001-04-26 00:00:00-04:00,0.3124873688114454,0.3124873688114454,0.27887071956040077,0.2817358374595642,1486008000,0.0,0.0
2001-04-27 00:00:00-04:00,0.29262327551047207,0.30305227604274765,0.28693066348817664,0.30179163813591003,915672000,0.0,0.0
2001-04-30 00:00:00-04:00,0.31000459271430764,0.3359812668520967,0.30343365798703137,0.31821760535240173,1583280000,0.0,0.0
2001-05-01 00:00:00-04:00,0.31936373324461803,0.3487794423855802,0.3142065301104669,0.3479387164115906,1867368000,0.0,0.0
2001-05-02 00:00:00-04:00,0.35699232339337394,0.35699232339337394,0.3354082242855864,0.33995479345321655,1547784000,0.0,0.0
2001-05-03 00:00:00-04:00,0.3296781425063409,0.3399925497231567,0.3276152774572587,0.3384650945663452,960504000,0.0,0.0
2001-05-04 00:00:00-04:00,0.3285321412108548,0.34851179925440545,0.3270047131876216,0.3431254029273987,953520000,0.0,0.0
2001-05-07 00:00:00-04:00,0.34182615514909465,0.3610035800983867,0.337814994543985,0.3585207760334015,975600000,0.0,0.0
2001-05-08 00:00:00-04:00,0.36383024143257553,0.3639833640155993,0.3295259465224099,0.3325817584991455,1620144000,0.0,0.0
2001-05-09 00:00:00-04:00,0.3219995812814215,0.32899042880553997,0.31477951444348157,0.3169955015182495,1319040000,0.0,0.0
2001-05-10 00:00:00-04:00,0.32616382416375667,0.3300218618548737,0.3025553560369188,0.30633729696273804,998904000,0.0,0.0
2001-05-11 00:00:00-04:00,0.30557365815478493,0.3075219271775288,0.29239415909057437,0.2985057830810547,921216000,0.0,0.0
2001-05-14 00:00:00-04:00,0.29938498653926576,0.30461828654698503,0.28861219602585314,0.3010655641555786,702432000,0.0,0.0
2001-05-15 00:00:00-04:00,0.3037014728700482,0.32471257368263823,0.30026331906728654,0.3118768632411957,1242600000,0.0,0.0
2001-05-16 00:00:00-04:00,0.3047327672707469,0.3285319516343454,0.3027844991271547,0.3265836834907532,957096000,0.0,0.0
2001-05-17 00:00:00-04:00,0.32765375693202436,0.34190320057624457,0.3226111769754427,0.33235254883766174,919056000,0.0,0.0
2001-05-18 00:00:00-04:00,0.3312449715720757,0.3399924939514507,0.32318415086176255,0.32967808842658997,575832000,0.0,0.0
2001-05-21 00:00:00-04:00,0.32895288254176724,0.3514529088482155,0.3223434200629165,0.3445766568183899,1064688000,0.0,0.0
2001-05-22 00:00:00-04:00,0.34961932141456303,0.35832924824062823,0.33617303186624686,0.3548911213874817,1049976000,0.0,0.0
2001-05-23 00:00:00-04:00,0.368835256265281,0.38201475542247837,0.34763343426540577,0.35187381505966187,2244912000,0.0,0.0
2001-05-24 00:00:00-04:00,0.34954309651639504,0.36612221798673655,0.3390380269833529,0.3570684790611267,1680576000,0.0,0.0
2001-05-25 00:00:00-04:00,0.34988695644343265,0.35508265838261116,0.3438129310550585,0.3503068685531616,947952000,0.0,0.0
2001-05-29 00:00:00-04:00,0.34832090596271165,0.34839700271583984,0.3312063773130256,0.33594363927841187,920568000,0.0,0.0
2001-05-30 00:00:00-04:00,0.32803603751524435,0.3446912580459072,0.32623996235956876,0.32967808842658997,3308904000,0.0,0.0
2001-05-31 00:00:00-04:00,0.33231393047398955,0.33426219884344066,0.31997518892125154,0.3270421326160431,1262928000,0.0,0.0
2001-06-01 00:00:00-04:00,0.3292967281332624,0.3479387180300487,0.3273860295020877,0.3451496958732605,1022472000,0.0,0.0
2001-06-04 00:00:00-04:00,0.3453788731527874,0.347212545770621,0.33525608987346717,0.33980175852775574,621552000,0.0,0.0
2001-06-05 00:00:00-04:00,0.3394194426560333,0.36119426733792215,0.33884643533482345,0.3576415181159973,987168000,0.0,0.0
2001-06-06 00:00:00-04:00,0.3589792101101289,0.3638686944537414,0.3537450087318857,0.35916993021965027,698976000,0.0,0.0
2001-06-07 00:00:00-04:00,0.35599947753441324,0.38048626974398064,0.35336357840616117,0.3794548511505127,1141152000,0.0,0.0
2001-06-08 00:00:00-04:00,0.3783087559925131,0.3788817632055899,0.3656637701983537,0.3695988059043884,712680000,0.0,0.0
2001-06-11 00:00:00-04:00,0.37013342016731343,0.3705542339563977,0.35305735893000467,0.3587875962257385,581928000,0.0,0.0
2001-06-12 00:00:00-04:00,0.3512621723543642,0.37609277880998604,0.35049844500786437,0.37074488401412964,1102728000,0.0,0.0
2001-06-13 00:00:00-04:00,0.3734568077683026,0.3791109465489809,0.35508254397500877,0.35829147696495056,938712000,0.0,0.0
2001-06-14 00:00:00-04:00,0.3536689490902483,0.36363954061924825,0.34858784241826163,0.3575269877910614,946152000,0.0,0.0
2001-06-15 00:00:00-04:00,0.35336350937313477,0.3694080929961534,0.34679254794490116,0.36310485005378723,1094544000,0.0,0.0
2001-06-18 00:00:00-04:00,0.3621881514759983,0.3680705554295924,0.3447683009422842,0.34874093532562256,856656000,0.0,0.0
2001-06-19 00:00:00-04:00,0.35531188136502134,0.3636009650764225,0.3226111435124909,0.32967808842658997,1513128000,0.0,0.0
2001-06-20 00:00:00-04:00,0.3236040193860855,0.34763332839743555,0.31688089071667913,0.34385138750076294,1759200000,0.0,0.0
2001-06-21 00:00:00-04:00,0.3424761723836223,0.3564193683161626,0.33330780961466666,0.35034534335136414,1484568000,0.0,0.0
2001-06-22 00:00:00-04:00,0.3485878181245285,0.3579092774684183,0.34419527153869367,0.34877943992614746,761184000,0.0,0.0
2001-06-25 00:00:00-04:00,0.35267588840780006,0.35412721883021886,0.337929512256072,0.348091721534729,640032000,0.0,0.0
2001-06-26 00:00:00-04:00,0.34037477859318643,0.359857518583749,0.33903804390832193,0.35813844203948975,757920000,0.0,0.0
2001-06-27 00:00:00-04:00,0.35641941171574715,0.357183139200762,0.34098635666177524,0.3470603823661804,895752000,0.0,0.0
2001-06-28 00:00:00-04:00,0.35172059688004237,0.3562286677348314,0.34763333978169836,0.3511475622653961,909336000,0.0,0.0
2001-06-29 00:00:00-04:00,0.35240822366559954,0.35985750963243357,0.34843556260375774,0.3543179929256439,730920000,0.0,0.0
2001-07-02 00:00:00-04:00,0.3402987445370657,0.34316383620709984,0.3334985885227184,0.3386172652244568,1040016000,0.0,0.0
2001-07-03 00:00:00-04:00,0.33628751916270466,0.34648730039286085,0.3345684699538686,0.34293457865715027,406296000,0.0,0.0
2001-07-05 00:00:00-04:00,0.3388464728583432,0.3409478369289634,0.31764465314979584,0.31806549429893494,1020096000,0.0,0.0
2001-07-06 00:00:00-04:00,0.31328964373203133,0.3157348500154016,0.30217301298025334,0.30828556418418884,802824000,0.0,0.0
2001-07-09 00:00:00-04:00,0.3042743325050346,0.31164751983952305,0.2952966923910573,0.2982003092765808,1014072000,0.0,0.0
2001-07-10 00:00:00-04:00,0.30217307713980235,0.30618423820608615,0.2970159012817796,0.300645649433136,1221744000,0.0,0.0
2001-07-11 00:00:00-04:00,0.2994996922269132,0.30488608896462754,0.29078976421476405,0.30007269978523254,904632000,0.0,0.0
2001-07-12 00:00:00-04:00,0.31420646812089065,0.31802693560255824,0.3065664894903346,0.3158109486103058,981552000,0.0,0.0
2001-07-13 00:00:00-04:00,0.31348133061552835,0.31691945694633733,0.30274611046766736,0.30927854776382446,690144000,0.0,0.0
2001-07-16 00:00:00-04:00,0.3058026897108184,0.3094315345679161,0.2828818575622068,0.2844092845916748,1191696000,0.0,0.0
2001-07-17 00:00:00-04:00,0.27963445311448604,0.3030898228328938,0.27696002788046037,0.300301730632782,1169904000,0.0,0.0
2001-07-18 00:00:00-04:00,0.2931578994359239,0.30125629203825754,0.2837603419841603,0.2899104654788971,840984000,0.0,0.0
2001-07-19 00:00:00-04:00,0.29411331840305915,0.3068344107915692,0.2896052446739732,0.29457175731658936,840024000,0.0,0.0
2001-07-20 00:00:00-04:00,0.2872369227105161,0.2937693598233951,0.2769601142303356,0.2860908806324005,742464000,0.0,0.0
2001-07-23 00:00:00-04:00,0.28651072640972103,0.2868930409089967,0.2586618803052508,0.25900569558143616,1547976000,0.0,0.0
2001-07-24 00:00:00-04:00,0.2624822587393095,0.2767692924890527,0.25694277104281726,0.2765401005744934,1365312000,0.0,0.0
2001-07-25 00:00:00-04:00,0.27604336732571,0.2765788046270919,0.26465994188157255,0.27386587858200073,1245888000,0.0,0.0
2001-07-26 00:00:00-04:00,0.27126839124294183,0.3037014074286796,0.26989313001817755,0.30179163813591003,1714152000,0.0,0.0
2001-07-27 00:00:00-04:00,0.30121854111391405,0.31275508194240814,0.29224090043399154,0.3094315528869629,1094688000,0.0,0.0
2001-07-30 00:00:00-04:00,0.3098138407049243,0.3110744782422142,0.2987348103492444,0.3020583391189575,582288000,0.0,0.0
2001-07-31 00:00:00-04:00,0.30247933280210215,0.3103870318714629,0.2914772953217565,0.3090493679046631,1187760000,0.0,0.0
2001-08-01 00:00:00-04:00,0.31512333712725826,0.32952587359868485,0.312945849228276,0.32792142033576965,1204944000,0.0,0.0
2001-08-02 00:00:00-04:00,0.3320848009141413,0.33689816108781656,0.3208535725279704,0.33571454882621765,1097928000,0.0,0.0
2001-08-03 00:00:00-04:00,0.3323525821685235,0.3382358887157245,0.3260878353357962,0.3330787122249603,820344000,0.0,0.0
2001-08-06 00:00:00-04:00,0.33070943399853897,0.3465633247159976,0.3271567130054792,0.34316369891166687,1292568000,0.0,0.0
2001-08-07 00:00:00-04:00,0.34308681106667777,0.34476829024856276,0.33407156995534487,0.3380827307701111,1088616000,0.0,0.0
2001-08-08 00:00:00-04:00,0.3351414661778869,0.34381289067475695,0.327997496392176,0.3294873535633087,1125696000,0.0,0.0
2001-08-09 00:00:00-04:00,0.3279590799135406,0.33441542073789843,0.3178362949166979,0.32371872663497925,1643616000,0.0,0.0
2001-08-10 00:00:00-04:00,0.3235664190834548,0.32776827200172964,0.3136334551890952,0.32333722710609436,1036488000,0.0,0.0
2001-08-13 00:00:00-04:00,0.3288759122754725,0.3405655536289896,0.3239864273258876,0.33689820766448975,1514784000,0.0,0.0
2001-08-14 00:00:00-04:00,0.33078652190968244,0.3329254831475614,0.3237956472565689,0.32795900106430054,2321160000,0.0,0.0
2001-08-15 00:00:00-04:00,0.33537073979415827,0.33930487488481675,0.32543774681328563,0.32834136486053467,1816392000,0.0,0.0
2001-08-16 00:00:00-04:00,0.32230578595985776,0.3426668485035351,0.3210066488693388,0.3421699106693268,1026096000,0.0,0.0
2001-08-17 00:00:00-04:00,0.33349860637158163,0.33785355577967857,0.31730086574826716,0.32001379132270813,1668840000,0.0,0.0
2001-08-20 00:00:00-04:00,0.3179884728313526,0.32123590636302896,0.3080564084510692,0.31779778003692627,1183320000,0.0,0.0
2001-08-21 00:00:00-04:00,0.31859982865695974,0.32700446064080463,0.31061603759268797,0.31111204624176025,1186656000,0.0,0.0
2001-08-22 00:00:00-04:00,0.31661317142575435,0.3242540516505838,0.3065664858425174,0.3239102363586426,1498104000,0.0,0.0
2001-08-23 00:00:00-04:00,0.3228018730024237,0.3269661294513119,0.31516189254641724,0.3167278468608856,1013592000,0.0,0.0
2001-08-24 00:00:00-04:00,0.3201283422807446,0.332313990838168,0.31825617033304937,0.32578155398368835,1110936000,0.0,0.0
2001-08-27 00:00:00-04:00,0.31848538103500046,0.34136772183982417,0.3172632422596952,0.33705127239227295,1279608000,0.0,0.0
2001-08-28 00:00:00-04:00,0.3361343463053394,0.34362212990412255,0.3300603228326136,0.33265769481658936,1178760000,0.0,0.0
2001-08-29 00:00:00-04:00,0.33357479394945955,0.33567615877718426,0.3191731521550177,0.3219621479511261,1435800000,0.0,0.0
2001-08-30 00:00:00-04:00,0.31592555907041864,0.3231841251972633,0.30847627285486556,0.320930540561676,1431312000,0.0,0.0
2001-08-31 00:00:00-04:00,0.3187906307492396,0.3265461342606364,0.31458877781962646,0.323604017496109,887904000,0.0,0.0
2001-09-04 00:00:00-04:00,0.32272567844680816,0.32272567844680816,0.29884949327591015,0.30110397934913635,1856136000,0.0,0.0
2001-09-05 00:00:00-04:00,0.300836232800227,0.30981387366337365,0.28861208857611476,0.307521790266037,2395584000,0.0,0.0
2001-09-06 00:00:00-04:00,0.30144788573482595,0.3109600383276238,0.29357778423894615,0.29495301842689514,1950768000,0.0,0.0
2001-09-07 00:00:00-04:00,0.2903311404832764,0.3025553121583772,0.28880278430746525,0.2980472147464752,1970256000,0.0,0.0
2001-09-10 00:00:00-04:00,0.29552605944117905,0.300072630596093,0.28341650614402725,0.2894144356250763,1872360000,0.0,2.0
2001-09-17 00:00:00-04:00,0.27138302420187943,0.278030084595237,0.25839421953649194,0.2596933841705322,1138596000,0.0,0.0
2001-09-18 00:00:00-04:00,0.26473589011350024,0.2666456591347716,0.23814771058906742,0.24403104186058044,894372000,0.0,0.0
2001-09-19 00:00:00-04:00,0.24540633962350394,0.24823293185289813,0.2067461850902946,0.24105139076709747,1561908000,0.0,0.0
2001-09-20 00:00:00-04:00,0.2281386606257542,0.23646717194901679,0.21392773242208082,0.2206517904996872,1470696000,0.0,0.0
2001-09-21 00:00:00-04:00,0.20361335399115943,0.21606763618478217,0.19872386985727275,0.2060585469007492,1226304000,0.0,0.0
2001-09-24 00:00:00-04:00,0.22240846318153373,0.2325706476262468,0.21255248286295547,0.22920861840248108,1507500000,0.0,0.0
2001-09-25 00:00:00-04:00,0.22989623166760914,0.23982829434602404,0.21958184079478246,0.22026947140693665,941724000,0.0,0.0
2001-09-26 00:00:00-04:00,0.22309604991298052,0.22386069259402602,0.2101081768094152,0.21232324838638306,430812000,0.0,0.0
2001-09-27 00:00:00-04:00,0.21155955368756046,0.21392774816498417,0.19490343150055114,0.20055754482746124,907296000,0.0,0.0
2001-09-28 00:00:00-04:00,0.2062877621699007,0.22011637733618772,0.19750174026727854,0.20987901091575623,1044876000,0.0,0.0
2001-10-01 00:00:00-04:00,0.20972591788469125,0.213164044326596,0.18871481729856102,0.19207684695720673,972804000,0.0,0.0
2001-10-02 00:00:00-04:00,0.1917714830416745,0.19941146101436938,0.17312856950578034,0.18245002627372742,1123032000,0.0,0.0
2001-10-03 00:00:00-04:00,0.18153324137451404,0.22989627006813676,0.18153324137451404,0.21835973858833313,1798824000,0.0,0.0
2001-10-04 00:00:00-04:00,0.22997234491477742,0.25824200922517937,0.2220270494120246,0.246704563498497,1980576000,0.0,0.0
2001-10-05 00:00:00-04:00,0.24296111539152807,0.25740127695222753,0.23371668289195877,0.2513657510280609,1078212000,0.0,0.0
2001-10-08 00:00:00-04:00,0.24143272257607507,0.2665695726023179,0.24143272257607507,0.25701892375946045,765900000,0.0,0.0
2001-10-09 00:00:00-04:00,0.2577065822393476,0.26282618753358483,0.23853008536676124,0.24586474895477295,917556000,0.0,0.0
2001-10-10 00:00:00-04:00,0.24150983732856282,0.2635899555930025,0.23990538369093053,0.2616801857948303,968124000,0.0,0.0
2001-10-11 00:00:00-04:00,0.27566177462892527,0.29078956260791666,0.2742095152893737,0.29002490639686584,918000000,0.0,0.0
2001-10-12 00:00:00-04:00,0.2826902556031545,0.30943155619792956,0.2816973091061165,0.3088970482349396,1253100000,0.0,0.0
2001-10-15 00:00:00-04:00,0.2998808838277586,0.31707153663157306,0.2914771791608909,0.307521790266037,908568000,0.0,0.0
2001-10-16 00:00:00-04:00,0.307139612931572,0.34090937256190396,0.3007978678763807,0.3384650945663452,1383852000,0.0,0.0
2001-10-17 00:00:00-04:00,0.3459517841973881,0.34610490670689564,0.3170715236443622,0.3185998797416687,1695540000,0.0,0.0
2001-10-18 00:00:00-04:00,0.31860000751744716,0.33517913256081694,0.3178362800050046,0.3320472240447998,1020864000,0.0,0.0
2001-10-19 00:00:00-04:00,0.32730994014987946,0.34381296877143974,0.32318418299448937,0.33892348408699036,1059264000,0.0,0.0
2001-10-22 00:00:00-04:00,0.3364020762867622,0.35145281174042375,0.32891426510811805,0.3469456434249878,970824000,0.0,0.0
2001-10-23 00:00:00-04:00,0.35137678362485036,0.35764150125351357,0.33311618247381414,0.3408331871032715,953028000,0.0,0.0
2001-10-24 00:00:00-04:00,0.33464464609981964,0.3567247637799162,0.3308241775953239,0.35588493943214417,1212144000,0.0,0.0
2001-10-25 00:00:00-04:00,0.34763327227856516,0.3830835933366717,0.34228447663472333,0.37674278020858765,1152396000,0.0,0.0
2001-10-26 00:00:00-04:00,0.37414461397329485,0.3853758437283098,0.347633422946342,0.34984850883483887,1097124000,0.0,0.0
2001-10-29 00:00:00-05:00,0.3510713661494074,0.35718298679241034,0.32104506579290476,0.3214264512062073,1004796000,0.0,0.0
2001-10-30 00:00:00-05:00,0.3155440823216095,0.33571444901725994,0.3082855176645669,0.32089197635650635,1153380000,0.0,0.0
2001-10-31 00:00:00-05:00,0.33288696255140854,0.3419031035569683,0.32280177817624234,0.32746297121047974,989292000,0.0,0.0
2001-11-01 00:00:00-05:00,0.3316648679480625,0.35809995730626104,0.32662226143000717,0.35542646050453186,1093776000,0.0,0.0
2001-11-02 00:00:00-05:00,0.3538219708977996,0.3647469523532125,0.3407570719450163,0.3603920042514801,1087248000,0.0,0.0
2001-11-05 00:00:00-05:00,0.3666576564052435,0.37666581546970596,0.35939906335175026,0.3616911470890045,933456000,0.0,0.0
2001-11-06 00:00:00-05:00,0.3610035767487215,0.388203295332057,0.3590938073552421,0.3865218162536621,1415376000,0.0,0.0
2001-11-07 00:00:00-05:00,0.3835420731818116,0.4017265771823233,0.3813270151807486,0.3868280053138733,1419144000,0.0,0.0
2001-11-08 00:00:00-05:00,0.39164142104038596,0.39683619379803636,0.3686435558092075,0.3801039755344391,1915188000,0.0,0.0
2001-11-09 00:00:00-05:00,0.39691316056353043,0.40676912552655,0.3895784984946991,0.4064629077911377,2270484000,0.0,0.0
2001-11-12 00:00:00-05:00,0.4049356062938186,0.42777947985239906,0.39255833375648075,0.4173889756202698,1458636000,0.0,0.0
2001-11-13 00:00:00-05:00,0.4186880014453918,0.41876409820924215,0.407991282913205,0.41395071148872375,1446516000,0.0,0.0
2001-11-14 00:00:00-05:00,0.41700659105786914,0.4209801543258165,0.3911830338761095,0.4024142622947693,1150224000,0.0,0.0
2001-11-15 00:00:00-05:00,0.39783004806955835,0.4100542227180301,0.3927874687811632,0.40455320477485657,874944000,0.0,0.0
2001-11-16 00:00:00-05:00,0.40493548165772864,0.4092134314316805,0.39561402405555623,0.4010389447212219,496128000,0.0,0.0
2001-11-19 00:00:00-05:00,0.4050115815344706,0.40875502328315466,0.3705542006985507,0.39225199818611145,1943052000,0.0,0.0
2001-11-20 00:00:00-05:00,0.39416260761207417,0.40103885741140266,0.3768949573558421,0.38124990463256836,937884000,0.0,0.0
2001-11-21 00:00:00-05:00,0.37483211972539676,0.3863695634685353,0.3652053740918339,0.3763604760169983,728412000,0.0,0.0
2001-11-23 00:00:00-05:00,0.37781191710756373,0.38201469973798596,0.37131797938640754,0.38163235783576965,254016000,0.0,0.0
2001-11-26 00:00:00-05:00,0.3880501289308313,0.4094426367741972,0.3869801838502866,0.4089081287384033,1215780000,0.0,0.0
2001-11-27 00:00:00-05:00,0.40867879717965033,0.42250741959162635,0.40111491762459456,0.4132629632949829,1183992000,0.0,0.0
2001-11-28 00:00:00-05:00,0.4079913287652754,0.41479148389566156,0.39148830233954557,0.3924051523208618,740844000,0.0,0.0
2001-11-29 00:00:00-05:00,0.42090314290850545,0.42304303351545486,0.40799136387686263,0.4095958173274994,5135472000,0.0,0.0
2001-11-30 00:00:00-05:00,0.4094426193731701,0.42044462606930244,0.40340709435013045,0.4174649119377136,1034028000,0.0,0.0
2001-12-03 00:00:00-05:00,0.4086788447816518,0.41379751938216536,0.4037893621193294,0.411124050617218,851496000,0.0,0.0
2001-12-04 00:00:00-05:00,0.41318701137830816,0.4446647062265393,0.41318701137830816,0.44420626759529114,1384644000,0.0,0.0
2001-12-05 00:00:00-05:00,0.44772057378049773,0.480955823297319,0.4473391881797027,0.48003900051116943,1707036000,0.0,0.0
2001-12-06 00:00:00-05:00,0.4762954596351335,0.477517598240456,0.460480065816918,0.47247499227523804,1138944000,0.0,0.0
2001-12-07 00:00:00-05:00,0.46896078371661176,0.4732396351501678,0.44986035902336535,0.458034873008728,807036000,0.0,0.0
2001-12-10 00:00:00-05:00,0.45574287331948654,0.47308659987229085,0.4519233341521896,0.4626191258430481,695868000,0.0,0.0
2001-12-11 00:00:00-05:00,0.4707183183773862,0.49012400280106533,0.46605715282986604,0.47919902205467224,792252000,0.0,0.0
2001-12-12 00:00:00-05:00,0.4828663938186625,0.49432681222259756,0.4735449365607991,0.49409762024879456,1004628000,0.0,0.0
2001-12-13 00:00:00-05:00,0.48439381968469963,0.49058243979014615,0.4779759529714935,0.47988665103912354,881400000,0.0,0.0
2001-12-14 00:00:00-05:00,0.4798097150082266,0.5038766226800498,0.4775946296190374,0.5015084147453308,754680000,0.0,0.0
2001-12-17 00:00:00-05:00,0.49768789866171514,0.5267974098120288,0.49768789866171514,0.5195397734642029,1080960000,0.0,0.0
2001-12-18 00:00:00-05:00,0.508155311416308,0.515336876724618,0.5018905684217003,0.50616854429245,886968000,0.0,0.0
2001-12-19 00:00:00-05:00,0.4978411686845886,0.5080024527758724,0.49043040761060325,0.49234017729759216,854652000,0.0,0.0
2001-12-20 00:00:00-05:00,0.4943269175081429,0.5032660621614157,0.47117688379579764,0.4729335308074951,951228000,0.0,0.0
2001-12-21 00:00:00-05:00,0.4832478100586523,0.49661892749437575,0.47767075036042417,0.49341002106666565,723972000,0.0,0.0
2001-12-24 00:00:00-05:00,0.49318075128107514,0.5082314599913803,0.4929515046812664,0.5057101845741272,265308000,0.0,0.0
2001-12-26 00:00:00-05:00,0.5082314867631271,0.5267213326251833,0.508155417327193,0.5180875062942505,642156000,0.0,0.0
2001-12-27 00:00:00-05:00,0.5225954289423563,0.532451391554443,0.521831729141941,0.5300832390785217,730152000,0.0,0.0
2001-12-28 00:00:00-05:00,0.5332152490029658,0.5367303453715696,0.5122050573833588,0.5173237323760986,757680000,0.0,0.0
2001-12-31 00:00:00-05:00,0.5211443704556418,0.5241240854486306,0.5099892106822522,0.5111352801322937,737580000,0.0,0.0
2002-01-02 00:00:00-05:00,0.5133512667131668,0.5229780429283513,0.5004385848375761,0.5141910910606384,1298904000,0.0,0.0
2002-01-03 00:00:00-05:00,0.5152609072301734,0.5501006574305954,0.5149556458019857,0.5478846430778503,1414752000,0.0,0.0
2002-01-04 00:00:00-05:00,0.5551431265583706,0.5551431265583706,0.5225955196342277,0.5319169759750366,936288000,0.0,0.0
2002-01-07 00:00:00-05:00,0.5340559871752927,0.5348197418277052,0.5104475198990562,0.517629086971283,973068000,0.0,0.0
2002-01-08 00:00:00-05:00,0.5165602714558349,0.536195211131425,0.51480269513446,0.5237418413162231,774360000,0.0,0.0
2002-01-09 00:00:00-05:00,0.5310002717192318,0.5405499931281311,0.509225446723274,0.5165601372718811,1141188000,0.0,0.0
2002-01-10 00:00:00-05:00,0.5138096503390943,0.5208380962683675,0.49967483100845966,0.5041828751564026,992508000,0.0,0.0
2002-01-11 00:00:00-05:00,0.507543979699323,0.5076970476008648,0.4798867247524717,0.4818726181983948,1380852000,0.0,0.0
2002-01-14 00:00:00-05:00,0.4808036893366326,0.4841648450423978,0.4565836787223816,0.4565836787223816,1369560000,0.0,0.0
2002-01-15 00:00:00-05:00,0.47560787808318794,0.4995216640252708,0.47507336999292393,0.49921634793281555,1838808000,0.0,0.0
2002-01-16 00:00:00-05:00,0.49241616814992933,0.49562507437000136,0.47789991142542976,0.47973355650901794,1115388000,0.0,0.0
2002-01-17 00:00:00-05:00,0.4956252137337622,0.4966190350029645,0.4776708537670916,0.4965420365333557,1121544000,0.0,0.0
2002-01-18 00:00:00-05:00,0.4778237379506708,0.490888662749283,0.4775175475608089,0.487450510263443,803676000,0.0,0.0
2002-01-22 00:00:00-05:00,0.4920347227994135,0.4933329854742091,0.4697244637252871,0.4752255082130432,1085028000,0.0,0.0
2002-01-23 00:00:00-05:00,0.47950439328831596,0.4876027834106953,0.4700307419469871,0.48416468501091003,889164000,0.0,0.0
2002-01-24 00:00:00-05:00,0.4889780503789041,0.5065510210582392,0.4786636457630972,0.5015084147453308,1137684000,0.0,0.0
2002-01-25 00:00:00-05:00,0.4943270182188882,0.5126637499540652,0.4882145192849903,0.5002094507217407,817752000,0.0,0.0
2002-01-28 00:00:00-05:00,0.5099892884852404,0.5195399962036888,0.5049467351490532,0.5194629430770874,924288000,0.0,0.0
2002-01-29 00:00:00-05:00,0.5206857277201749,0.5222131821663873,0.4859221083032473,0.4940205514431,1381932000,0.0,0.0
2002-01-30 00:00:00-05:00,0.4966190261769794,0.5003624960644197,0.4847762901579277,0.4999801814556122,1218456000,0.0,0.0
2002-01-31 00:00:00-05:00,0.5064750365422231,0.5103715746838228,0.48554003109780225,0.5022723078727722,973980000,0.0,0.0
2002-02-01 00:00:00-05:00,0.5014321671189796,0.5067800329659959,0.4870681079940741,0.48997169733047485,688272000,0.0,0.0
2002-02-04 00:00:00-05:00,0.48890204525576314,0.5008209059970028,0.4661343238343258,0.46689802408218384,1104864000,0.0,0.0
2002-02-05 00:00:00-05:00,0.463765186560281,0.4678147920363933,0.4441302232387953,0.46231380105018616,1474620000,0.0,0.0
2002-02-06 00:00:00-05:00,0.4745379405008261,0.4820256989298148,0.4652934805745395,0.4738503098487854,1242528000,0.0,0.0
2002-02-07 00:00:00-05:00,0.47446181551371225,0.47446181551371225,0.45627826644023756,0.45849335193634033,964476000,0.0,0.0
2002-02-08 00:00:00-05:00,0.46155014106251946,0.46414754154065496,0.42350150291389815,0.440997451543808,1871292000,0.0,0.0
2002-02-11 00:00:00-05:00,0.44030969956198196,0.46605718294865345,0.43870524643672026,0.4653695523738861,1249224000,0.0,0.0
2002-02-12 00:00:00-05:00,0.4583410712260392,0.48401245733407733,0.45306927335699615,0.4752255082130432,1216500000,0.0,0.0
2002-02-13 00:00:00-05:00,0.4813379434704266,0.48943638664184075,0.46452966002513946,0.469113826751709,1230432000,0.0,0.0
2002-02-14 00:00:00-05:00,0.473086483742131,0.4847761484160017,0.46712711006932345,0.4749201834201813,1225692000,0.0,0.0
2002-02-15 00:00:00-05:00,0.45306933393710636,0.45574283076752303,0.43358659294895513,0.43817076086997986,3988548000,0.0,0.0
2002-02-19 00:00:00-05:00,0.4194518344232674,0.42380678363951735,0.40577539815899805,0.40913742780685425,1972524000,0.0,0.0
2002-02-20 00:00:00-05:00,0.4018788425971534,0.4351140906190899,0.401115115096914,0.430529922246933,1838736000,0.0,0.0
2002-02-21 00:00:00-05:00,0.4246474912878162,0.424799684837475,0.40058058153671333,0.4011150896549225,1531044000,0.0,0.0
2002-02-22 00:00:00-05:00,0.39309287961946066,0.3976770486816906,0.3762845329626466,0.38140323758125305,2585616000,0.0,0.0
2002-02-25 00:00:00-05:00,0.38316078527005,0.4142561450243078,0.3830837594753911,0.4112764298915863,1599564000,0.0,0.0
2002-02-26 00:00:00-05:00,0.42029245364816503,0.42747402082665253,0.4091373238634061,0.4202154278755188,1902672000,0.0,0.0
2002-02-27 00:00:00-05:00,0.4297661200392038,0.4315997925340737,0.4049354855777229,0.40608152747154236,1723224000,0.0,0.0
2002-02-28 00:00:00-05:00,0.4034072510119441,0.41066584641754855,0.38629268687761065,0.389730840921402,1585440000,0.0,0.0
2002-03-01 00:00:00-05:00,0.39347500909355343,0.4278562882036466,0.3923289673673433,0.42739787697792053,1311396000,0.0,0.0
2002-03-04 00:00:00-05:00,0.4286961417497716,0.45612507563702326,0.4245703857864131,0.4512355923652649,1484724000,0.0,0.0
2002-03-05 00:00:00-05:00,0.4442824564354446,0.46216071972149736,0.4439010708268476,0.450089693069458,1379448000,0.0,0.0
2002-03-06 00:00:00-05:00,0.4366422608017839,0.4410733320366235,0.42655707829644657,0.43595463037490845,1446060000,0.0,0.0
2002-03-07 00:00:00-05:00,0.4421434203594254,0.443594751107469,0.42036859550308414,0.43244054913520813,1346532000,0.0,0.0
2002-03-08 00:00:00-05:00,0.4406919923640647,0.45452061797031656,0.43855210229649094,0.4453522562980652,1270356000,0.0,0.0
2002-03-11 00:00:00-05:00,0.44046285391408424,0.44535231040657036,0.43282194591482015,0.44015660881996155,810540000,0.0,0.0
2002-03-12 00:00:00-05:00,0.42671036882060054,0.42900245293018974,0.4141039062178599,0.41708362102508545,1255032000,0.0,0.0
2002-03-13 00:00:00-05:00,0.4131869574174261,0.4161666715124233,0.4079912565196343,0.40951961278915405,1031616000,0.0,0.0
2002-03-14 00:00:00-05:00,0.40646293826661495,0.40646293826661495,0.38598727949899536,0.3868280053138733,1139460000,0.0,0.0
2002-03-15 00:00:00-05:00,0.38957862296956036,0.40363644513695807,0.38216693276334585,0.40317800641059875,1248288000,0.0,0.0
2002-03-18 00:00:00-05:00,0.41051269814674046,0.41937574666908484,0.3985938377374104,0.40317800641059875,1236996000,0.0,0.0
2002-03-19 00:00:00-05:00,0.40608155347642466,0.4068452808928111,0.39225202408954235,0.3946211338043213,846072000,0.0,0.0
2002-03-20 00:00:00-05:00,0.3881262677962995,0.3888909242222425,0.3541272959848138,0.35542646050453186,2292588000,0.0,0.0
2002-03-21 00:00:00-05:00,0.3614619971206375,0.3785765303744336,0.35191131921985813,0.3742976784706116,1721712000,0.0,0.0
2002-03-22 00:00:00-05:00,0.38102077275399365,0.38102077275399365,0.36826209195558857,0.3710886836051941,1249140000,0.0,0.0
2002-03-25 00:00:00-05:00,0.3693310573165402,0.3697894684805014,0.3514527760079748,0.35191118717193604,884160000,0.0,0.0
2002-03-26 00:00:00-05:00,0.34824402889296335,0.3680329622859627,0.34625816252021047,0.3590938448905945,1123512000,0.0,0.0
2002-03-27 00:00:00-05:00,0.35359282134547143,0.3607743899271538,0.3415208666495376,0.34763339161872864,1068012000,0.0,0.0
2002-03-28 00:00:00-05:00,0.3500015908426249,0.35221757833266953,0.3198991791598805,0.33892348408699036,3124080000,0.0,0.0
2002-04-01 00:00:00-05:00,0.32012831956192966,0.33594371488622005,0.3098900387691322,0.3333454132080078,2365344000,0.0,0.0
2002-04-02 00:00:00-05:00,0.32333724043412854,0.34144471893407174,0.32272570659331484,0.32463547587394714,1438008000,0.0,0.0
2002-04-03 00:00:00-05:00,0.32608784505560956,0.3349499655122233,0.31936378489926864,0.3307481110095978,1094640000,0.0,0.0
2002-04-04 00:00:00-05:00,0.32822676107655563,0.34037481210608783,0.3237186897146688,0.32914358377456665,1130964000,0.0,0.0
2002-04-05 00:00:00-05:00,0.3312825851931617,0.3366313826805163,0.3182946821094417,0.321655809879303,1026900000,0.0,0.0
2002-04-08 00:00:00-04:00,0.30675721422723407,0.33242857456207275,0.3066811174606453,0.33242857456207275,1151316000,0.0,0.0
2002-04-09 00:00:00-04:00,0.3357145753380069,0.338465070986431,0.31065381470763936,0.31141844391822815,1380768000,0.0,0.0
2002-04-10 00:00:00-04:00,0.31393974407038994,0.31630792508738587,0.27199456976865427,0.29422780871391296,3689724000,0.0,0.0
2002-04-11 00:00:00-04:00,0.2918586862359722,0.29560303024953594,0.2781061814085485,0.2813150882720947,1437288000,0.0,0.0
2002-04-12 00:00:00-04:00,0.28758071234488775,0.2898727962961132,0.27145909890538705,0.2802460491657257,1376880000,0.0,0.0
2002-04-15 00:00:00-04:00,0.2856700723577061,0.2963667658562009,0.28498244163272946,0.2915533781051636,1157208000,0.0,0.0
2002-04-16 00:00:00-04:00,0.30461836912768947,0.3077512075404123,0.29827662282362055,0.3042360544204712,854856000,0.0,0.0
2002-04-17 00:00:00-04:00,0.3078271746635437,0.31233524570608295,0.2982004003973923,0.3078271746635437,944484000,0.0,0.0
2002-04-18 00:00:00-04:00,0.3046943429475589,0.30798027532448463,0.2960614442653405,0.3027084767818451,693156000,0.0,0.0
2002-04-19 00:00:00-04:00,0.29247029131232716,0.2960615409580675,0.2816974713844717,0.2820797860622406,1125672000,0.0,0.0
2002-04-22 00:00:00-04:00,0.27894691284012024,0.289185194883912,0.2788708160605676,0.2834549844264984,808176000,0.0,0.0
2002-04-23 00:00:00-04:00,0.28567003616064657,0.28895596848508787,0.2694732279237906,0.27199453115463257,773508000,0.0,0.0
2002-04-24 00:00:00-04:00,0.27512653947369886,0.27917620068179877,0.24746930160970618,0.24815690517425537,1582956000,0.0,0.0
2002-04-25 00:00:00-04:00,0.24716296893980985,0.26274917248134294,0.24708687216851408,0.25778359174728394,1168296000,0.0,0.0
2002-04-26 00:00:00-04:00,0.26061016785188224,0.260915483927468,0.23203518986701965,0.23203518986701965,1191120000,0.0,0.0
2002-04-29 00:00:00-04:00,0.25946418842920643,0.274591956043059,0.25075426244922466,0.27069541811943054,3930852000,0.0,0.0
2002-04-30 00:00:00-04:00,0.2771131702552117,0.2807805149540824,0.2601517351776744,0.2659580409526825,1776504000,0.0,0.0
2002-05-01 00:00:00-04:00,0.2616031376587261,0.2745158174293177,0.25480388412680766,0.27077147364616394,1718904000,0.0,0.0
2002-05-02 00:00:00-04:00,0.27207056055011564,0.27879368806604904,0.25976939085698647,0.25984638929367065,1125084000,0.0,0.0
2002-05-03 00:00:00-04:00,0.260151703642332,0.2621384982806389,0.2489204789408487,0.2502196431159973,852756000,0.0,0.0
2002-05-06 00:00:00-04:00,0.24372488353265678,0.255185332431883,0.23868230350422945,0.24066907167434692,1102044000,0.0,0.0
2002-05-07 00:00:00-04:00,0.24601693283706813,0.2511365379300749,0.23463353867476375,0.246704563498497,1412448000,0.0,0.0
2002-05-08 00:00:00-04:00,0.26351388411051635,0.27932928460428325,0.25518536995276603,0.27505043148994446,1688688000,0.0,0.0
2002-05-09 00:00:00-04:00,0.27420948261843425,0.2798635934242321,0.2628260659508411,0.26328450441360474,1230840000,0.0,0.0
2002-05-10 00:00:00-04:00,0.2687085883386383,0.26970243671398114,0.24066901977450234,0.2435726374387741,1321548000,0.0,0.0
2002-05-13 00:00:00-04:00,0.24609392108250414,0.2591588196854722,0.244031056736663,0.25831806659698486,800892000,0.0,0.0
2002-05-14 00:00:00-04:00,0.27482106593908734,0.28689301684470647,0.27008377655468396,0.28398939967155457,1526112000,0.0,0.0
2002-05-15 00:00:00-04:00,0.27963457088394594,0.2949154341586541,0.2757380055331172,0.28956663608551025,1504548000,0.0,0.0
2002-05-16 00:00:00-04:00,0.2896435068619233,0.29606137316043546,0.28376020317895473,0.29010194540023804,985560000,0.0,0.0
2002-05-17 00:00:00-04:00,0.29797125643497435,0.3001102456563909,0.29056049475449985,0.2992704212665558,934404000,0.0,0.0
2002-05-20 00:00:00-04:00,0.2967489717883989,0.3044650458503691,0.29537373816582535,0.30247920751571655,953412000,0.0,0.0
2002-05-21 00:00:00-04:00,0.30637585515809174,0.31057770895338566,0.2791000368460263,0.2794053256511688,1382604000,0.0,0.0
2002-05-22 00:00:00-04:00,0.2816212873060899,0.29239410389516735,0.28116287597382617,0.2907126247882843,1547988000,0.0,0.0
2002-05-23 00:00:00-04:00,0.29155334604332417,0.2921648799209088,0.2643536274317131,0.2729874551296234,2556780000,0.0,0.0
2002-05-24 00:00:00-04:00,0.26779168148449833,0.2691669424141214,0.2614508684460695,0.26763948798179626,737784000,0.0,0.0
2002-05-28 00:00:00-04:00,0.2700076979835316,0.27016082051201323,0.2516710292837252,0.25701892375946045,1367088000,0.0,0.0
2002-05-29 00:00:00-04:00,0.2528930679026134,0.2677916053338171,0.2489965054846585,0.26672258973121643,1311012000,0.0,0.0
2002-05-30 00:00:00-04:00,0.2612978475879956,0.2691670471289403,0.25617917097634096,0.26282620429992676,1066080000,0.0,0.0
2002-05-31 00:00:00-04:00,0.2643534965406765,0.2654995379475619,0.255185165285593,0.2556435763835907,674112000,0.0,0.0
2002-06-03 00:00:00-04:00,0.24945504082075215,0.2506010826069773,0.23753618438497767,0.24059289693832397,901248000,0.0,0.0
2002-06-04 00:00:00-04:00,0.23906457503151884,0.25403924448840093,0.23868226048610616,0.2527410089969635,1095432000,0.0,0.0
2002-06-05 00:00:00-04:00,0.2532755378180898,0.25335163459454374,0.24028673342462514,0.24907368421554565,1114308000,0.0,0.0
2002-06-06 00:00:00-04:00,0.24647529729508544,0.2525117232369305,0.24639920054488385,0.24914969503879547,739356000,0.0,0.0
2002-06-07 00:00:00-04:00,0.22890335494725483,0.24983744426037413,0.2288263428135379,0.2467816323041916,1371300000,0.0,0.0
2002-06-10 00:00:00-04:00,0.2500666113597191,0.25701898794185774,0.24410720893838395,0.24471871554851532,749148000,0.0,0.0
2002-06-11 00:00:00-04:00,0.24876746380195666,0.24983740905907692,0.2331051625920084,0.2337166965007782,859308000,0.0,0.0
2002-06-12 00:00:00-04:00,0.2281386460194468,0.2322644021896983,0.20376643717577314,0.21354630589485168,2267544000,0.0,0.0
2002-06-13 00:00:00-04:00,0.2151507479350681,0.2191233811103682,0.20460715308289645,0.21133029460906982,1265892000,0.0,0.0
2002-06-14 00:00:00-04:00,0.20353725295583872,0.2169074421986185,0.19666098739446405,0.2153029888868332,1116444000,0.0,0.0
2002-06-17 00:00:00-04:00,0.2201163642427072,0.2229438853417651,0.21346931795439367,0.2172136753797531,1054140000,0.0,0.0
2002-06-18 00:00:00-04:00,0.21453921251620534,0.22233231261869024,0.21201792346063375,0.2160675823688507,1008300000,0.0,0.0
2002-06-19 00:00:00-04:00,0.20552406073842502,0.20552406073842502,0.18061640903825754,0.18222087621688843,2593620000,0.0,0.0
2002-06-20 00:00:00-04:00,0.1826031416631782,0.18756872176455597,0.1781711679019395,0.1805402636528015,1425048000,0.0,0.0
2002-06-21 00:00:00-04:00,0.1796234268355005,0.18657578816134673,0.16946124400424423,0.17312857508659363,1484364000,0.0,0.0
2002-06-24 00:00:00-04:00,0.16869753145942257,0.18176241751552147,0.1635018299423785,0.17633751034736633,1379592000,0.0,0.0
2002-06-25 00:00:00-04:00,0.17954643732480777,0.17954643732480777,0.16067523052882937,0.16174517571926117,1172232000,0.0,0.0
2002-06-26 00:00:00-04:00,0.1434084727530644,0.15876545497482694,0.1394349102658975,0.15334054827690125,2067828000,0.0,0.0
2002-06-27 00:00:00-04:00,0.158994685236788,0.16021682400563128,0.1283568264702855,0.1304958015680313,3182808000,0.0,0.0
2002-06-28 00:00:00-04:00,0.1283567636888265,0.13668436968706799,0.12553015931146919,0.13126038014888763,1991184000,0.0,0.0
2002-07-01 00:00:00-04:00,0.1306489184324317,0.13446937287468755,0.1282037253983829,0.13095422089099884,1164372000,0.0,0.0
2002-07-02 00:00:00-04:00,0.12942673716172945,0.1298851483729276,0.11934156755831891,0.12270268052816391,1368180000,0.0,0.0
2002-07-03 00:00:00-04:00,0.12193894863107223,0.13355248760023214,0.12186285188109668,0.1333232820034027,1073304000,0.0,0.0
2002-07-05 00:00:00-04:00,0.1428730728296286,0.1451651568420202,0.1387473161425644,0.1450890600681305,739524000,0.0,0.0
2002-07-08 00:00:00-04:00,0.14340851664400553,0.15463974629317664,0.14325540772730327,0.14944404363632202,1587180000,0.0,0.0
2002-07-09 00:00:00-04:00,0.14982638831792527,0.1517361584207687,0.1389004726243922,0.14210939407348633,1075080000,0.0,0.0
2002-07-10 00:00:00-04:00,0.14554746167099544,0.1466935036005389,0.13721985207996448,0.13821278512477875,926988000,0.0,0.0
2002-07-11 00:00:00-04:00,0.1374490541861272,0.15280602231638404,0.13622598663189087,0.1522705852985382,1143948000,0.0,0.0
2002-07-12 00:00:00-04:00,0.16044605587410798,0.1610575898629366,0.1489856203841216,0.15211844444274902,1344900000,0.0,0.0
2002-07-15 00:00:00-04:00,0.1524998543243356,0.16732231928012464,0.1456235877033674,0.16724622249603271,1495272000,0.0,0.0
2002-07-16 00:00:00-04:00,0.1631204726921512,0.17840043439638623,0.16006374534104015,0.1627381443977356,1773432000,0.0,0.0
2002-07-17 00:00:00-04:00,0.15922386962396098,0.16235577740523313,0.14256773635997064,0.14890947937965393,1922364000,0.0,0.0
2002-07-18 00:00:00-04:00,0.14646430774318578,0.15509813568114347,0.14470673184240285,0.1450890600681305,1243188000,0.0,0.0
2002-07-19 00:00:00-04:00,0.1406579688525297,0.14623506871633482,0.13752514599132637,0.1385180652141571,845772000,0.0,0.0
2002-07-22 00:00:00-04:00,0.13790744336273542,0.14180399300878524,0.1264470136746251,0.1321002095937729,1290744000,0.0,0.0
2002-07-23 00:00:00-04:00,0.1328648925573864,0.13370471673353956,0.11773712786845933,0.12224428355693817,1409652000,0.0,0.0
2002-07-24 00:00:00-04:00,0.12056371694449244,0.1320241348836378,0.12048762018469815,0.1300373673439026,1175100000,0.0,0.0
2002-07-25 00:00:00-04:00,0.12499476583719651,0.12537708030140846,0.1108608457361495,0.11506269127130508,1796448000,0.0,0.0
2002-07-26 00:00:00-04:00,0.1184247616206252,0.12117525691177838,0.1092564121056857,0.11238832026720047,1221900000,0.0,0.0
2002-07-29 00:00:00-04:00,0.11704952708576127,0.11766014575973542,0.11177773413064081,0.11552117019891739,1227720000,0.0,0.0
2002-07-30 00:00:00-04:00,0.11498663767185711,0.1297320902111851,0.11460432306416207,0.12392578274011612,1818012000,0.0,0.0
2002-07-31 00:00:00-04:00,0.0903081865454045,0.09214185905263325,0.08358504401713088,0.08457797020673752,4837140000,0.0,0.0
2002-08-01 00:00:00-04:00,0.08526557949399503,0.08526557949399503,0.07640254208153777,0.07647955417633057,1725708000,0.0,0.0
2002-08-02 00:00:00-04:00,0.07892388079262526,0.07945931119173139,0.06952632349291647,0.07143700867891312,1795260000,0.0,0.0
2002-08-05 00:00:00-04:00,0.07036703805618354,0.07052014692765421,0.06486602770740892,0.065706767141819,1330716000,0.0,0.0
2002-08-06 00:00:00-04:00,0.06876260486086933,0.07174231341190482,0.06769265937680832,0.06914491951465607,1168800000,0.0,0.0
2002-08-07 00:00:00-04:00,0.07220070022805407,0.07288832392775571,0.06494212142004757,0.06754042953252792,892980000,0.0,0.0
2002-08-08 00:00:00-04:00,0.06822807781499753,0.07319365218403913,0.06647050180920747,0.07197151333093643,755424000,0.0,0.0
2002-08-09 00:00:00-04:00,0.07006174784465502,0.07258304465418706,0.06883869357314663,0.0702909603714943,581304000,0.0,0.0
2002-08-12 00:00:00-04:00,0.06952631749176447,0.07296444391580363,0.06769265143180025,0.0702909603714943,592800000,0.0,0.0
2002-08-13 00:00:00-04:00,0.07074935606659793,0.07418748855879219,0.06876258153440014,0.0688386783003807,654420000,0.0,0.0
2002-08-14 00:00:00-04:00,0.07013780161718416,0.07411044744163517,0.06952627485643417,0.07349983602762222,632688000,0.0,0.0
2002-08-15 00:00:00-04:00,0.0762504043534269,0.0801469500604767,0.07548576126563142,0.07861858606338501,1140120000,0.0,0.0
2002-08-16 00:00:00-04:00,0.0744166954553797,0.0844248616802714,0.07212461164266726,0.08167435973882675,1657428000,0.0,0.0
2002-08-19 00:00:00-04:00,0.0851895040359877,0.10276155223184129,0.08503638832406772,0.09664992988109589,2243928000,0.0,0.0
2002-08-20 00:00:00-04:00,0.09741363811582607,0.09932340018364381,0.09114890811487343,0.09237104654312134,1429488000,0.0,0.0
2002-08-21 00:00:00-04:00,0.09657291843450452,0.09848360306877336,0.09206576291172928,0.09726054221391678,1194876000,0.0,0.0
2002-08-22 00:00:00-04:00,0.09435787289489067,0.09817740569737163,0.09336402424488636,0.09397555142641068,1358496000,0.0,0.0
2002-08-23 00:00:00-04:00,0.09130111988099537,0.09191264689090112,0.08725238250170525,0.08778689056634903,919932000,0.0,0.0
2002-08-26 00:00:00-04:00,0.089467429953969,0.09007895679815955,0.08434874199252826,0.08847449719905853,698568000,0.0,0.0
2002-08-27 00:00:00-04:00,0.09000290936964574,0.0904613276250051,0.08289743665800142,0.08343195170164108,686712000,0.0,0.0
2002-08-28 00:00:00-04:00,0.08297349740542347,0.08312661309378984,0.07793091244869847,0.07823621481657028,700356000,0.0,0.0
2002-08-29 00:00:00-04:00,0.07724329568510083,0.08282039595186413,0.07663176188582725,0.07923007011413574,815520000,0.0,0.0
2002-08-30 00:00:00-04:00,0.07846542582316146,0.08175135742789567,0.0756388276132192,0.07716719061136246,1065888000,0.0,0.0
2002-09-03 00:00:00-04:00,0.07349983260293147,0.07388123161289306,0.07120774300165693,0.07242988795042038,847284000,0.0,0.0
2002-09-04 00:00:00-04:00,0.07265913720954645,0.07456889994125918,0.06883868956792631,0.07197151333093643,930552000,0.0,0.0
2002-09-05 00:00:00-04:00,0.07128386798579234,0.07158917721504723,0.068762578671562,0.06922098994255066,714312000,0.0,0.0
2002-09-06 00:00:00-04:00,0.07212458134896131,0.07273519275574578,0.06967938285069906,0.07074932754039764,746460000,0.0,0.0
2002-09-09 00:00:00-04:00,0.07021390778672462,0.07288831222857792,0.068074933441358,0.07067232578992844,578040000,0.0,0.0
2002-09-10 00:00:00-04:00,0.0702909503647223,0.08442486697226047,0.0702139314145749,0.08075752854347229,2317632000,0.0,0.0
2002-09-11 00:00:00-04:00,0.08327883521982332,0.09091973079807794,0.08327883521982332,0.0847311019897461,1657536000,0.0,0.0
2002-09-12 00:00:00-04:00,0.08266821333113931,0.0871753691268189,0.0811398499667955,0.0820566862821579,1294932000,0.0,0.0
2002-09-13 00:00:00-04:00,0.08121594670093944,0.08511249079298669,0.0802230136139748,0.08075752854347229,796872000,0.0,0.0
2002-09-16 00:00:00-04:00,0.07953539748225745,0.07984069994706168,0.07372908342699137,0.07563885301351547,925464000,0.0,0.0
2002-09-17 00:00:00-04:00,0.07900086734773638,0.0809106297369946,0.07403437852202982,0.07449278980493546,884052000,0.0,0.0
2002-09-18 00:00:00-04:00,0.07334671695998471,0.07479806745340288,0.07021389508179927,0.07242988795042038,811692000,0.0,0.0
2002-09-19 00:00:00-04:00,0.07082546687012857,0.07334676361999685,0.06960332797483913,0.06998473405838013,618492000,0.0,0.0
2002-09-20 00:00:00-04:00,0.07052016205544585,0.07197151342392684,0.06883868965686897,0.07036705315113068,687312000,0.0,0.0
2002-09-23 00:00:00-04:00,0.06922098199128544,0.06990861248067816,0.06685280182176481,0.06731121987104416,521676000,0.0,0.0
2002-09-24 00:00:00-04:00,0.06654659655533221,0.07105467476883671,0.06532445773955323,0.06784575432538986,624444000,0.0,0.0
2002-09-25 00:00:00-04:00,0.07181839245374788,0.07296443444635906,0.06899179353230359,0.07158918678760529,896616000,0.0,0.0
2002-09-26 00:00:00-04:00,0.07296444174504545,0.07372908460202644,0.06669971621910258,0.06776966154575348,739560000,0.0,0.0
2002-09-27 00:00:00-04:00,0.06761654307422865,0.06937411905897338,0.0653244589523411,0.06540055572986603,650688000,0.0,0.0
2002-09-30 00:00:00-04:00,0.06517135005005707,0.06822807699802959,0.06379609547835484,0.06540055572986603,584124000,0.0,0.0
2002-10-01 00:00:00-04:00,0.06593597325616629,0.06952629912861279,0.06356687746903252,0.06891568750143051,888360000,0.0,0.0
2002-10-02 00:00:00-04:00,0.06945020530045959,0.07296442772768594,0.0688386783003807,0.0688386783003807,749100000,0.0,0.0
2002-10-03 00:00:00-04:00,0.06799886145098073,0.06914490346075135,0.06532445603546845,0.06547756493091583,590568000,0.0,0.0
2002-10-04 00:00:00-04:00,0.06532442779940001,0.06738730525770116,0.061122576141562995,0.06219160556793213,529788000,0.0,0.0
2002-10-07 00:00:00-04:00,0.06135179159357694,0.06257392990998094,0.058677387201080754,0.0591357983648777,493068000,0.0,0.0
2002-10-08 00:00:00-04:00,0.06112258583061895,0.061274779337213876,0.05501005264347424,0.05737823620438576,714252000,0.0,0.0
2002-10-09 00:00:00-04:00,0.05653841730297521,0.060205758352902664,0.05531536005501954,0.056309208273887634,573132000,0.0,0.0
2002-10-10 00:00:00-04:00,0.055773791807134425,0.061045590524093266,0.055773791807134425,0.05921192467212677,538032000,0.0,0.0
2002-10-11 00:00:00-04:00,0.061503992400450125,0.06838024947774547,0.06112258645219412,0.06731121987104416,994140000,0.0,0.0
2002-10-14 00:00:00-04:00,0.06532447785139084,0.06731126009074125,0.06394922971276454,0.06532447785139084,611484000,0.0,0.0
2002-10-15 00:00:00-04:00,0.07258302596573853,0.07518041888936568,0.07113075954131585,0.07212460786104202,852768000,0.0,0.0
2002-10-16 00:00:00-04:00,0.06723424127467752,0.06784576848379222,0.06494214988606913,0.06608819216489792,578124000,0.0,0.0
2002-10-17 00:00:00-04:00,0.07181836871498652,0.07449277320646087,0.07006171559380783,0.07113074511289597,585792000,0.0,0.0
2002-10-18 00:00:00-04:00,0.07074935183781905,0.07258302421230797,0.06807494686846591,0.07181838154792786,498372000,0.0,0.0
2002-10-21 00:00:00-04:00,0.07082545423647237,0.08091063260602838,0.06922099419656456,0.07831324636936188,930624000,0.0,0.0
2002-10-22 00:00:00-04:00,0.0747220098849991,0.08557090952159688,0.07464591311246085,0.08091063797473907,1272168000,0.0,0.0
2002-10-23 00:00:00-04:00,0.0821327803386813,0.08534170050540466,0.0809867383978442,0.08419565856456757,925428000,0.0,0.0
2002-10-24 00:00:00-04:00,0.08587713659528834,0.08679397294258659,0.0786946530282339,0.07991771399974823,1055172000,0.0,0.0
2002-10-25 00:00:00-04:00,0.08022304082262115,0.0851895386362302,0.07915309525357271,0.08480721712112427,745956000,0.0,0.0
2002-10-28 00:00:00-05:00,0.08870370932843373,0.0893913329699255,0.08473106949985557,0.08526558429002762,1070544000,0.0,0.0
2002-10-29 00:00:00-05:00,0.0854187184085506,0.08602933013153921,0.07724330855168335,0.08152217417955399,772728000,0.0,0.0
2002-10-30 00:00:00-05:00,0.08411953713923226,0.08862760681169679,0.08381422797243304,0.08587710559368134,1139496000,0.0,0.0
2002-10-31 00:00:00-05:00,0.08648773676274012,0.09153032233724188,0.08625853112201436,0.09091971069574356,1255476000,0.0,0.0
2002-11-01 00:00:00-05:00,0.08954447261159822,0.10902720686840114,0.08939135688836211,0.10772804915904999,2128836000,0.0,0.0
2002-11-04 00:00:00-05:00,0.11422194901698553,0.12614079678744522,0.1139166466798234,0.1194937527179718,2688132000,0.0,0.0
2002-11-05 00:00:00-05:00,0.11918847775547747,0.12117525932205155,0.10963782032588248,0.11475741863250732,2034540000,0.0,0.0
2002-11-06 00:00:00-05:00,0.1186539884080195,0.12377267900784765,0.11399280070130967,0.12361955642700195,1646016000,0.0,0.0
2002-11-07 00:00:00-05:00,0.12041058740093911,0.12041058740093911,0.11047852632735736,0.11116615682840347,1660560000,0.0,0.0
2002-11-08 00:00:00-05:00,0.0939755435888681,0.09955265216581669,0.08411957579283909,0.08679398149251938,3798900000,0.0,0.0
2002-11-11 00:00:00-05:00,0.08266823103831575,0.08389037005088698,0.07808405531054224,0.08006992191076279,1378452000,0.0,0.0
2002-11-12 00:00:00-05:00,0.08198058963787157,0.09015508387679294,0.08129295898480349,0.08717536926269531,1381188000,0.0,0.0
2002-11-13 00:00:00-05:00,0.08511248994056489,0.09244716672468273,0.08343193304970521,0.0899258702993393,1802112000,0.0,0.0
2002-11-14 00:00:00-05:00,0.09588529914617538,0.09771896492080967,0.09298259669575556,0.09588529914617538,1138728000,0.0,0.0
2002-11-15 00:00:00-05:00,0.10085176110928551,0.10627666702627363,0.09970571945614884,0.10291463881731033,2054328000,0.0,0.0
2002-11-18 00:00:00-05:00,0.11116619920563471,0.11154851382211514,0.1064289148025288,0.10673513263463974,1982472000,0.0,0.0
2002-11-19 00:00:00-05:00,0.10612360814776751,0.11368749208475282,0.10497756595500615,0.10826258361339569,1971948000,0.0,0.0
2002-11-20 00:00:00-05:00,0.11154850280514501,0.11460431437893581,0.11009623612149046,0.11368747800588608,1292796000,0.0,0.0
2002-11-21 00:00:00-05:00,0.1182716458780182,0.12896836620811858,0.11804244020087237,0.12331423908472061,2053920000,0.0,0.0
2002-11-22 00:00:00-05:00,0.11582644579945633,0.12255051778266371,0.11460430704992151,0.1201053112745285,1251900000,0.0,0.0
2002-11-25 00:00:00-05:00,0.12568241123039298,0.12751608384404403,0.12079294092557409,0.12446027249097824,1230084000,0.0,0.0
2002-11-26 00:00:00-05:00,0.12507175951523178,0.12751603607847234,0.12071679893553612,0.12109819799661636,1084332000,0.0,0.0
2002-11-27 00:00:00-05:00,0.12621785137253974,0.1326356920129591,0.12461338438148577,0.1304958015680313,1088556000,0.0,0.0
2002-11-29 00:00:00-05:00,0.13393391694417456,0.13584460157097866,0.12988517273619285,0.13087810575962067,519396000,0.0,0.0
2002-12-02 00:00:00-05:00,0.1378304455943987,0.13958802105893467,0.12927363190140378,0.12988515198230743,1167504000,0.0,0.0
2002-12-03 00:00:00-05:00,0.12743998275731175,0.1277452851795628,0.12109823925753258,0.12132744491100311,1046220000,0.0,0.0
2002-12-04 00:00:00-05:00,0.1127706239081721,0.11460428942404453,0.10642888111648054,0.10681119561195374,2206548000,0.0,0.0
2002-12-05 00:00:00-05:00,0.11368746737458726,0.11445119477528444,0.10520674879431144,0.10780414193868637,1594872000,0.0,0.0
2002-12-06 00:00:00-05:00,0.10314386396530874,0.11002012201839254,0.10146330721575082,0.10795724391937256,1159224000,0.0,0.0
2002-12-09 00:00:00-05:00,0.10444304216745884,0.10612359924887084,0.09848361916625145,0.09932343661785126,969792000,0.0,0.0
2002-12-10 00:00:00-05:00,0.10184471318543685,0.109637807464683,0.10054647778575776,0.10765194147825241,1389888000,0.0,0.0
2002-12-11 00:00:00-05:00,0.10688732677851102,0.11002015080264868,0.10329700669837823,0.10704044252634048,1364208000,0.0,0.0
2002-12-12 00:00:00-05:00,0.11101306738491686,0.11231222510784096,0.10505364489628814,0.10528285056352615,1302552000,0.0,0.0
2002-12-13 00:00:00-05:00,0.1033730709659385,0.1033730709659385,0.10039335679598436,0.10115708410739899,707724000,0.0,0.0
2002-12-16 00:00:00-05:00,0.10467222153421331,0.10772803246179402,0.10199781658842187,0.10711650550365448,1056972000,0.0,0.0
2002-12-17 00:00:00-05:00,0.10902720567986092,0.11269453726307069,0.10612358785541216,0.10696432739496231,1077744000,0.0,0.0
2002-12-18 00:00:00-05:00,0.10360227430581552,0.10375539000209667,0.09855968908843164,0.09878889471292496,1126836000,0.0,0.0
2002-12-19 00:00:00-05:00,0.09703133589381291,0.1021509405712205,0.09565608151354463,0.09664992988109589,1100604000,0.0,0.0
2002-12-20 00:00:00-05:00,0.09970574767475641,0.10077569288026107,0.09313479141397997,0.09794817864894867,804576000,0.0,0.0
2002-12-23 00:00:00-05:00,0.0977189712710282,0.101004903831563,0.09741366881994233,0.09863580763339996,498648000,0.0,0.0
2002-12-24 00:00:00-05:00,0.09917122616278014,0.10115709220366922,0.09611449964030072,0.09664992988109589,300336000,0.0,0.0
2002-12-26 00:00:00-05:00,0.09825438918246959,0.09970574031893444,0.09405162078966255,0.09489236027002335,719760000,0.0,0.0
2002-12-27 00:00:00-05:00,0.09748976332358004,0.09771896899335589,0.09046131087957732,0.09130112826824188,702528000,0.0,0.0
2002-12-30 00:00:00-05:00,0.09168344966761442,0.09267638278284332,0.08602932955678201,0.08809220790863037,784740000,0.0,0.0
2002-12-31 00:00:00-05:00,0.08717534994406259,0.09015506389783594,0.08549479340539004,0.08793999254703522,825396000,0.0,0.0
2003-01-02 00:00:00-05:00,0.09168343401227334,0.09512155945764642,0.08855061095874853,0.09405161440372467,1302540000,0.0,0.0
2003-01-03 00:00:00-05:00,0.09435783897355879,0.09741364991884317,0.09244715449636096,0.09405161440372467,1037496000,0.0,0.0
2003-01-06 00:00:00-05:00,0.09634370988094633,0.10321996112969663,0.09626760628483343,0.10169252008199692,1033428000,0.0,0.0
2003-01-07 00:00:00-05:00,0.10367837747941554,0.1060474801318345,0.10024025191361635,0.10138629376888275,1498272000,0.0,0.0
2003-01-08 00:00:00-05:00,0.09878891422993957,0.10169253214852682,0.09061350442796516,0.09130112826824188,1852524000,0.0,0.0
2003-01-09 00:00:00-05:00,0.09412864258019386,0.09512157569537381,0.0919887521070604,0.09290558844804764,1436076000,0.0,0.0
2003-01-10 00:00:00-05:00,0.09168344243394222,0.09588529558031615,0.09046130374535455,0.0945100411772728,924492000,0.0,0.0
2003-01-13 00:00:00-05:00,0.09810127359016739,0.09894201301300161,0.09328789387060611,0.09374631196260452,849120000,0.0,0.0
2003-01-14 00:00:00-05:00,0.09405164185616625,0.09535079975088885,0.09160736399005963,0.09443396329879761,868524000,0.0,0.0
2003-01-15 00:00:00-05:00,0.09451006044558419,0.09527470333378679,0.09153034538030624,0.09153034538030624,904584000,0.0,0.0
2003-01-16 00:00:00-05:00,0.09015507961035193,0.09130112153663215,0.08411956072654225,0.08534169942140579,2039976000,0.0,0.0
2003-01-17 00:00:00-05:00,0.08304962356914053,0.08419567253103422,0.08106376396147467,0.08213279396295547,1058832000,0.0,0.0
2003-01-21 00:00:00-05:00,0.08366116433842602,0.08541873374259966,0.07984070936735134,0.08006992191076279,967356000,0.0,0.0
2003-01-22 00:00:00-05:00,0.07984070644388394,0.08220980977222826,0.07961150073981563,0.08014693111181259,550992000,0.0,0.0
2003-01-23 00:00:00-05:00,0.08228588450751013,0.08366113885624127,0.08014690963470034,0.08236198127269745,918456000,0.0,0.0
2003-01-24 00:00:00-05:00,0.08167434967023929,0.08205667098457961,0.07632645532825504,0.07770170271396637,897108000,0.0,0.0
2003-01-27 00:00:00-05:00,0.07602117661492905,0.07999382516484259,0.07464592867753261,0.07655569165945053,889116000,0.0,0.0
2003-01-28 00:00:00-05:00,0.07556274257070751,0.08075752904844025,0.07304145293529636,0.07930617779493332,1785480000,0.0,0.0
2003-01-29 00:00:00-05:00,0.07716720957988406,0.08152217185846565,0.07716720957988406,0.08091063797473907,1022040000,0.0,0.0
2003-01-30 00:00:00-05:00,0.08251511704525766,0.08320274097134979,0.07678489944528975,0.07762563228607178,743064000,0.0,0.0
2003-01-31 00:00:00-05:00,0.07533354350572402,0.08098674863904792,0.07464591962045784,0.07884777337312698,949656000,0.0,0.0
2003-02-03 00:00:00-05:00,0.0802991143687483,0.0819035745839882,0.07869465415350842,0.08037613332271576,755556000,0.0,0.0
2003-02-04 00:00:00-05:00,0.07984066767751428,0.08022298894538722,0.07563882244224601,0.07678486406803131,627720000,0.0,0.0
2003-02-05 00:00:00-05:00,0.0784654259030115,0.08060531580579006,0.07716719068989136,0.0774724930524826,581508000,0.0,0.0
2003-02-06 00:00:00-05:00,0.08282037327394356,0.0829734821031255,0.0767848565626096,0.07808400690555573,1226184000,0.0,0.0
2003-02-07 00:00:00-05:00,0.07961149064535473,0.07999381205038546,0.07441670393387245,0.07456889748573303,915156000,0.0,0.0
2003-02-10 00:00:00-05:00,0.07449281031634834,0.0760211739554037,0.07128388946675027,0.07548574358224869,982632000,0.0,0.0
2003-02-11 00:00:00-05:00,0.07609725274099445,0.07831324663146806,0.07372907214598218,0.0741104781627655,850716000,0.0,0.0
2003-02-12 00:00:00-05:00,0.07411047528682044,0.0772432984880594,0.07349986364338522,0.07449278980493546,641400000,0.0,0.0
2003-02-13 00:00:00-05:00,0.07579192734713062,0.07617332641734695,0.07372904979555576,0.07540960609912872,889164000,0.0,0.0
2003-02-14 00:00:00-05:00,0.08572402496060325,0.09206576875251872,0.08366114666054578,0.09198874980211258,3548844000,0.0,0.0
2003-02-18 00:00:00-05:00,0.0955038886397392,0.0990942147336143,0.09435784673040257,0.09726054221391678,1740516000,0.0,0.0
2003-02-19 00:00:00-05:00,0.09664991822871104,0.09878889289269077,0.095579973223223,0.09817736595869064,1141212000,0.0,0.0
2003-02-20 00:00:00-05:00,0.09855968727242066,0.10115708000788833,0.09779595999195699,0.09817736595869064,978132000,0.0,0.0
2003-02-21 00:00:00-05:00,0.09810131837454607,0.09848363987991603,0.09473928132638608,0.09825442731380463,913260000,0.0,0.0
2003-02-24 00:00:00-05:00,0.09741365977067541,0.10306777265691759,0.09687914486317582,0.09947653114795685,1137012000,0.0,0.0
2003-02-25 00:00:00-05:00,0.09626760932346208,0.09932342052429859,0.09473924604948664,0.09886500239372253,1239204000,0.0,0.0
2003-02-26 00:00:00-05:00,0.09756675878828622,0.09917121869564993,0.09382240877307901,0.09405161440372467,746892000,0.0,0.0
2003-02-27 00:00:00-05:00,0.09496847811456083,0.096496841703714,0.09344102987271079,0.09603842347860336,675312000,0.0,0.0
2003-02-28 00:00:00-05:00,0.09305868459129511,0.09664992585797505,0.09030818277619865,0.09642072021961212,1653336000,0.0,0.0
2003-03-03 00:00:00-05:00,0.0975667695152794,0.09932342313818389,0.09359320660160453,0.09481626749038696,702036000,0.0,0.0
2003-03-04 00:00:00-05:00,0.09512155945764642,0.09603839564212512,0.09313477821924597,0.09405161440372467,538392000,0.0,0.0
2003-03-05 00:00:00-05:00,0.09313477510445077,0.09611448918887912,0.09290556948147066,0.09557997435331345,522156000,0.0,0.0
2003-03-06 00:00:00-05:00,0.09481629115192981,0.09573312766600811,0.0935932299579307,0.09397555142641068,548064000,0.0,0.0
2003-03-07 00:00:00-05:00,0.09252417018447674,0.09573309695430958,0.0916834375596197,0.09542687237262726,581148000,0.0,0.0
2003-03-10 00:00:00-05:00,0.09443396757454608,0.09489238582134782,0.09260030141828952,0.09275341033935547,344796000,0.0,0.0
2003-03-11 00:00:00-05:00,0.09344100952148438,0.09496845743065994,0.09237106439047331,0.09344100952148438,417144000,0.0,0.0
2003-03-12 00:00:00-05:00,0.09420475740911083,0.09626762917568367,0.09336401774214861,0.09603842347860336,493920000,0.0,0.0
2003-03-13 00:00:00-05:00,0.09886499056761221,0.10619966611756688,0.09840657249187157,0.10558905452489853,1362732000,0.0,0.0
2003-03-14 00:00:00-05:00,0.10597047468940375,0.10696432307947494,0.10176862151740397,0.10253234207630157,1094220000,0.0,0.0
2003-03-17 00:00:00-05:00,0.10085179842126099,0.11055465684494288,0.10062259273821364,0.10849177837371826,1307808000,0.0,0.0
2003-03-18 00:00:00-05:00,0.1081103595924373,0.10933249822727084,0.10543595450312195,0.10765194147825241,932280000,0.0,0.0
2003-03-19 00:00:00-05:00,0.10788115921038856,0.10895018908825832,0.10436602109454685,0.10818646848201752,712992000,0.0,0.0
2003-03-20 00:00:00-05:00,0.1081864594355409,0.11147147626220165,0.1053598607361085,0.10917939245700836,780060000,0.0,0.0
2003-03-21 00:00:00-05:00,0.11292375220061014,0.11330515141466387,0.1032969912166771,0.10818646848201752,1681800000,0.0,0.0
2003-03-24 00:00:00-05:00,0.1037554104885674,0.10696433085076135,0.10314387659160457,0.10413680970668793,839016000,0.0,0.0
2003-03-25 00:00:00-05:00,0.10444301590489555,0.10872096540172284,0.10406069457607377,0.10711650550365448,672828000,0.0,0.0
2003-03-26 00:00:00-05:00,0.10948563420906139,0.11192991891480082,0.10864490136834794,0.11009624600410461,1107840000,0.0,0.0
2003-03-27 00:00:00-05:00,0.10864488429594923,0.11093696824319259,0.1066581027827774,0.10696432739496231,1392732000,0.0,0.0
2003-03-28 00:00:00-05:00,0.10696434334143219,0.1073457426040903,0.10092790113026438,0.10260937362909317,1290684000,0.0,0.0
2003-03-31 00:00:00-05:00,0.09947653573277838,0.10069868131998191,0.0979481791925554,0.0984065905213356,680508000,0.0,0.0
2003-04-01 00:00:00-05:00,0.10046945411470745,0.10238013859345574,0.09825438259090169,0.10131019353866577,533808000,0.0,0.0
2003-04-02 00:00:00-05:00,0.10474831678425696,0.10681119474215728,0.10337306936628868,0.1050536260008812,771900000,0.0,0.0
2003-04-03 00:00:00-05:00,0.10696432166621771,0.10696432166621771,0.10421381287969735,0.10642889142036438,702780000,0.0,0.0
2003-04-04 00:00:00-05:00,0.10673509864003676,0.10688729216030286,0.10184470687844106,0.10230312496423721,513840000,0.0,0.0
2003-04-07 00:00:00-04:00,0.10917939366732868,0.11002012633314615,0.10238014745954489,0.10337308049201965,671256000,0.0,0.0
2003-04-08 00:00:00-04:00,0.104289903214395,0.10482441121420401,0.10169251047158528,0.10238013416528702,475032000,0.0,0.0
2003-04-09 00:00:00-04:00,0.10276155683703048,0.10551205888988037,0.10169252700174573,0.10184472054243088,694260000,0.0,0.0
2003-04-10 00:00:00-04:00,0.10321995137493478,0.10337306706882753,0.10138628591474756,0.10238013416528702,364104000,0.0,0.0
2003-04-11 00:00:00-04:00,0.10352617686201546,0.10436600091015728,0.10024024504897903,0.10123409330844879,374184000,0.0,0.0
2003-04-14 00:00:00-04:00,0.09970573725079793,0.10329697852989161,0.0994004280166666,0.10299075394868851,445776000,0.0,0.0
2003-04-15 00:00:00-04:00,0.1023031404062633,0.10375540699002042,0.09978184396928433,0.10245624929666519,490212000,0.0,0.0
2003-04-16 00:00:00-04:00,0.1048244300122933,0.10505364250526357,0.10161550975830151,0.10245624929666519,671988000,0.0,0.0
2003-04-17 00:00:00-04:00,0.10321995976098622,0.10451911732691381,0.10108099174812865,0.10428991168737411,520740000,0.0,0.0
2003-04-21 00:00:00-04:00,0.10444303095442524,0.10726962982903383,0.10344918252425712,0.10696432739496231,597144000,0.0,0.0
2003-04-22 00:00:00-04:00,0.10642890727113706,0.10841568214284944,0.10467224659993207,0.1083395853638649,787392000,0.0,0.0
2003-04-23 00:00:00-04:00,0.10818645230610792,0.11147146891628773,0.10734571287406623,0.11078384518623352,606204000,0.0,0.0
2003-04-24 00:00:00-04:00,0.11086085319116458,0.11086085319116458,0.10604747359708208,0.10749882459640503,660912000,0.0,0.0
2003-04-25 00:00:00-04:00,0.10688731895697072,0.1087209917598574,0.10253235629653934,0.10352620482444763,884652000,0.0,0.0
2003-04-28 00:00:00-04:00,0.10474831708367546,0.10856877062472037,0.10352617852856157,0.10665808618068695,674988000,0.0,0.0
2003-04-29 00:00:00-04:00,0.10910330536206124,0.1114714861442057,0.10826256580008325,0.10994403809309006,670344000,0.0,0.0
2003-04-30 00:00:00-04:00,0.1093325024368741,0.11231221687832885,0.10887408430503887,0.10948561131954193,466620000,0.0,0.0
2003-05-01 00:00:00-04:00,0.10872097381506513,0.11124227008741036,0.10811036215670608,0.11017324030399323,733368000,0.0,0.0
2003-05-02 00:00:00-04:00,0.1116245471650165,0.122244236752269,0.11101302036472036,0.12148050963878632,1691088000,0.0,0.0
2003-05-05 00:00:00-04:00,0.12262661353922512,0.13019049599316326,0.12041061271256968,0.12446027249097824,1576164000,0.0,0.0
2003-05-06 00:00:00-04:00,0.12384875281671005,0.12782230217912677,0.12262661407198565,0.12461338192224503,1143864000,0.0,0.0
2003-05-07 00:00:00-04:00,0.12277973390561656,0.12568242297823115,0.1204876497552551,0.12262662500143051,897372000,0.0,0.0
2003-05-08 00:00:00-04:00,0.12109821396518121,0.12759306499314768,0.11957077316391798,0.12270268052816391,1957452000,0.0,0.0
2003-05-09 00:00:00-04:00,0.1438669319636204,0.16449570326779095,0.13981727174994282,0.1632726490497589,9230856000,0.0,0.0
2003-05-12 00:00:00-04:00,0.16365496873408616,0.16732231446967452,0.15739023626980145,0.158688485622406,3007860000,0.0,0.0
2003-05-13 00:00:00-04:00,0.15326445404284025,0.15815393788631082,0.15234763142102245,0.15570874512195587,1824108000,0.0,0.0
2003-05-14 00:00:00-04:00,0.15624408676214052,0.15815385509932595,0.15356968974226706,0.15555647015571594,965580000,0.0,0.0
2003-05-15 00:00:00-04:00,0.15784867006116607,0.16120978449884132,0.15700793036260335,0.16090448200702667,1105656000,0.0,0.0
2003-05-16 00:00:00-04:00,0.15891768131616893,0.16525942551061665,0.15868847563759142,0.16243281960487366,1028916000,0.0,0.0
2003-05-19 00:00:00-04:00,0.16029290660750528,0.16182126302835104,0.15135377709932607,0.15326444804668427,1220484000,0.0,0.0
2003-05-20 00:00:00-04:00,0.1534936321696937,0.15547948408119566,0.15280600172596054,0.1543334424495697,884124000,0.0,0.0
2003-05-21 00:00:00-04:00,0.15441046556602758,0.15983445594151857,0.1535697262917481,0.15975835919380188,905472000,0.0,0.0
2003-05-22 00:00:00-04:00,0.159987606132661,0.1617451682212853,0.15624416432946633,0.16029290854930878,888816000,0.0,0.0
2003-05-23 00:00:00-04:00,0.16044596711589634,0.16350177735111082,0.15876541766878252,0.15945303440093994,867612000,0.0,0.0
2003-05-27 00:00:00-04:00,0.15777164208015262,0.17419855938258666,0.15471583044123657,0.17358703911304474,1677408000,0.0,0.0
2003-05-28 00:00:00-04:00,0.17305247832525963,0.17496224745871636,0.16885062555759753,0.17312857508659363,1235556000,0.0,0.0
2003-05-29 00:00:00-04:00,0.17305250267887004,0.19085467989628596,0.17267018812431842,0.18497134745121002,2297736000,0.0,0.0
2003-05-30 00:00:00-04:00,0.20246730442336214,0.20346115284557187,0.19750172370094168,0.19994600117206573,2142312000,0.0,0.0
2003-06-02 00:00:00-04:00,0.20514173605198968,0.20537095541143754,0.1876457876645419,0.18886792659759521,1566144000,0.0,0.0
2003-06-03 00:00:00-04:00,0.186728949118289,0.19849468662558903,0.18443686484471658,0.19276447594165802,1596804000,0.0,0.0
2003-06-04 00:00:00-04:00,0.1921528934658355,0.1975017035392894,0.18917317919769988,0.19734859466552734,1175604000,0.0,0.0
2003-06-05 00:00:00-04:00,0.19475115045832286,0.20369027693348535,0.19215283612930847,0.20300264656543732,1204404000,0.0,0.0
2003-06-06 00:00:00-04:00,0.2109481010793682,0.21201804666792187,0.1952858086796636,0.1968141794204712,1378836000,0.0,0.0
2003-06-09 00:00:00-04:00,0.19559105606451874,0.20063364934580905,0.191465299167272,0.19444501399993896,720588000,0.0,0.0
2003-06-10 00:00:00-04:00,0.19444503249389117,0.1974247476099632,0.19230605706406034,0.19727255403995514,563304000,0.0,0.0
2003-06-11 00:00:00-04:00,0.19604947698175174,0.19918230065157977,0.19253524042194348,0.1974247246980667,943836000,0.0,0.0
2003-06-12 00:00:00-04:00,0.19879997657772183,0.2009398671513486,0.19383440908333396,0.19444501399993896,1046688000,0.0,0.0
2003-06-13 00:00:00-04:00,0.18604132525330253,0.19138922152766363,0.17801902999904679,0.17931726574897766,1826808000,0.0,0.0
2003-06-16 00:00:00-04:00,0.18145713611740721,0.1854297840620953,0.16946127847397804,0.1831376999616623,1904868000,0.0,0.0
2003-06-17 00:00:00-04:00,0.18733951505584648,0.1887147625008937,0.18183849795186552,0.18749262392520905,999852000,0.0,0.0
2003-06-18 00:00:00-04:00,0.18565896744100202,0.1984185510236307,0.18413059733393866,0.19467419385910034,1122072000,0.0,0.0
2003-06-19 00:00:00-04:00,0.19551493162321648,0.1965078646445357,0.1818385118992124,0.18283236026763916,1190532000,0.0,0.0
2003-06-20 00:00:00-04:00,0.1848182700660985,0.18489528219843807,0.17801902915592846,0.18092171847820282,937848000,0.0,0.0
2003-06-23 00:00:00-04:00,0.18076943324253053,0.18168626924899722,0.17091347008132715,0.17450378835201263,734784000,0.0,0.0
2003-06-24 00:00:00-04:00,0.17343479238032547,0.17725433063742368,0.16854440738506707,0.1741224229335785,1008816000,0.0,0.0
2003-06-25 00:00:00-04:00,0.17458088400956714,0.1816863419964035,0.17389325331391572,0.1752685010433197,1060620000,0.0,0.0
2003-06-26 00:00:00-04:00,0.17580301190136216,0.1778658901980873,0.1703019940021631,0.17549769580364227,960540000,0.0,0.0
2003-06-27 00:00:00-04:00,0.17756060827814488,0.17916507555638855,0.17152417943227077,0.17236490547657013,709104000,0.0,0.0
2003-06-30 00:00:00-04:00,0.17465699168021326,0.17809511804911632,0.17267020990813475,0.17503930628299713,544128000,0.0,0.0
2003-07-01 00:00:00-04:00,0.17282331982434992,0.18245008191043574,0.17121885264571904,0.18222087621688843,977016000,0.0,0.0
2003-07-02 00:00:00-04:00,0.1839013835728765,0.1862704930702133,0.1791650225961467,0.18168631196022034,846828000,0.0,0.0
2003-07-03 00:00:00-04:00,0.17748356436439522,0.1842837332265989,0.17710216515128868,0.17962345480918884,420912000,0.0,0.0
2003-07-07 00:00:00-04:00,0.18206780014520504,0.19238218117234956,0.1819917033493933,0.19138924777507782,832200000,0.0,0.0
2003-07-08 00:00:00-04:00,0.18611737768474376,0.19177150410972135,0.1856589663870769,0.18925020098686218,602856000,0.0,0.0
2003-07-09 00:00:00-04:00,0.18917322453102742,0.19673710800157712,0.1888679220574045,0.1936051994562149,755352000,0.0,0.0
2003-07-10 00:00:00-04:00,0.18756876087516922,0.19001395389748696,0.1823739740587657,0.1856589913368225,644568000,0.0,0.0
2003-07-11 00:00:00-04:00,0.18787496943641704,0.18902101144010888,0.18504744830950576,0.18665191531181335,495000000,0.0,0.0
2003-07-14 00:00:00-04:00,0.19138920880648183,0.19253525090948656,0.1842837505002325,0.18520058691501617,694344000,0.0,0.0
2003-07-15 00:00:00-04:00,0.18795104086689743,0.18879178031514215,0.17740744492510807,0.17916502058506012,1143456000,0.0,0.0
2003-07-16 00:00:00-04:00,0.18252609353277519,0.18336683279452115,0.17267013035156034,0.17694899439811707,880476000,0.0,0.0
2003-07-17 00:00:00-04:00,0.1716011589680974,0.17381623081472952,0.16579392327127557,0.1680860072374344,853764000,0.0,0.0
2003-07-18 00:00:00-04:00,0.16480100049156268,0.16533552228773274,0.15639637786611954,0.16243281960487366,1280832000,0.0,0.0
2003-07-21 00:00:00-04:00,0.16334962745779075,0.16388413549872874,0.1561671449184192,0.15998759865760803,985140000,0.0,0.0
2003-07-22 00:00:00-04:00,0.16449567192539327,0.16571781056330517,0.16174516323335592,0.16266199946403503,582444000,0.0,0.0
2003-07-23 00:00:00-04:00,0.1625088880366644,0.16579390472657918,0.15761941821466205,0.1648009717464447,605328000,0.0,0.0
2003-07-24 00:00:00-04:00,0.16778068511539057,0.16900282372743308,0.15700788354126172,0.15838313102722168,1116828000,0.0,0.0
2003-07-25 00:00:00-04:00,0.15868849441239125,0.1618213048298081,0.15280607622636538,0.16090448200702667,1002084000,0.0,0.0
2003-07-28 00:00:00-04:00,0.16220363272942634,0.16258503200644897,0.15525035380841837,0.15593798458576202,703752000,0.0,0.0
2003-07-29 00:00:00-04:00,0.14180403673551026,0.1540281837045907,0.14027566657050772,0.1457005739212036,2794788000,0.0,0.0
2003-07-30 00:00:00-04:00,0.14516519606945769,0.14684666198882868,0.14317932931037247,0.14409616589546204,788724000,0.0,0.0
2003-07-31 00:00:00-04:00,0.14745725645839725,0.14959714714945355,0.14432534789832965,0.14585278928279877,897600000,0.0,0.0
2003-08-01 00:00:00-04:00,0.14592977189691872,0.15188918646414165,0.1444774987148965,0.15066613256931305,767556000,0.0,0.0
2003-08-04 00:00:00-04:00,0.15051392405001932,0.15907073738784838,0.1495970879783054,0.1563202291727066,1428852000,0.0,0.0
2003-08-05 00:00:00-04:00,0.1603699715526984,0.16403731775223818,0.15456274805436065,0.15586189925670624,1063488000,0.0,0.0
2003-08-06 00:00:00-04:00,0.15379899482692963,0.1558618733052197,0.14577668659760173,0.1495201289653778,1025868000,0.0,0.0
2003-08-07 00:00:00-04:00,0.14913870608103602,0.15127768099909758,0.14547136107350067,0.14745722711086273,1040340000,0.0,0.0
2003-08-08 00:00:00-04:00,0.12644702809668817,0.126981549742931,0.11659106372525084,0.11842473596334457,3767580000,0.0,0.0
2003-08-11 00:00:00-04:00,0.12033443533490193,0.1264469692936979,0.11957072209142407,0.12484251707792282,1675752000,0.0,0.0
2003-08-12 00:00:00-04:00,0.12644705410186563,0.12766919284231804,0.12438417582523117,0.1273638904094696,764160000,0.0,0.0
2003-08-13 00:00:00-04:00,0.1278983876776386,0.13026656793369898,0.12468946804636794,0.12820369005203247,693552000,0.0,0.0
2003-08-14 00:00:00-04:00,0.12392570016297674,0.12575937182618413,0.12239733077411183,0.12377259135246277,1527696000,0.0,0.0
2003-08-15 00:00:00-04:00,0.12300893264628436,0.1241549746567884,0.12224428985385295,0.123390331864357,217716000,0.0,0.0
2003-08-18 00:00:00-04:00,0.1253770637238505,0.12705762684345245,0.12316107735575596,0.12705762684345245,717684000,0.0,0.0
2003-08-19 00:00:00-04:00,0.12988519068661375,0.1375251842083658,0.12980817856170007,0.13676145672798157,1403976000,0.0,0.0
2003-08-20 00:00:00-04:00,0.13485072553157806,0.13737201447256733,0.1318710117255671,0.13485072553157806,870348000,0.0,0.0
2003-08-21 00:00:00-04:00,0.13813666608452,0.13981722948086595,0.13599677610804262,0.1385180652141571,644748000,0.0,0.0
2003-08-22 00:00:00-04:00,0.1468466210781397,0.1488324872839731,0.13943493198229168,0.13951195776462555,1002396000,0.0,0.0
2003-08-25 00:00:00-04:00,0.14218549149409443,0.14218549149409443,0.13752522507848686,0.13874736428260803,434028000,0.0,0.0
2003-08-26 00:00:00-04:00,0.1369906285112844,0.13905350644706627,0.1327878605338629,0.13653221726417542,768984000,0.0,0.0
2003-08-27 00:00:00-04:00,0.13744910016640902,0.14210936562887552,0.13599682650151795,0.14065802097320557,567816000,0.0,0.0
2003-08-28 00:00:00-04:00,0.14203324436176004,0.14279697178126521,0.13538619819241696,0.13699065148830414,828312000,0.0,0.0
2003-08-29 00:00:00-04:00,0.13676147978843758,0.13943496360134944,0.13622604255080215,0.13882435858249664,532884000,0.0,0.0
2003-09-02 00:00:00-04:00,0.1412685569878887,0.14249161069236027,0.13691359613745607,0.13760122656822205,711456000,0.0,0.0
2003-09-03 00:00:00-04:00,0.13966412389899707,0.14004643838458944,0.1342401327679247,0.13492774963378906,849972000,0.0,0.0
2003-09-04 00:00:00-04:00,0.13546228470189087,0.13943491841221786,0.1344693516956083,0.13622599840164185,740064000,0.0,0.0
2003-09-05 00:00:00-04:00,0.1364551882824436,0.1459297527393456,0.13485072179220056,0.14272083342075348,1198740000,0.0,0.0
2003-09-08 00:00:00-04:00,0.14501295442940604,0.1509723697649375,0.14325537863606605,0.14929090440273285,1508712000,0.0,0.0
2003-09-09 00:00:00-04:00,0.145165140057884,0.16403726075759936,0.14317927406503977,0.15845923125743866,2489436000,0.0,0.0
2003-09-10 00:00:00-04:00,0.15395209544163177,0.15807785217604128,0.1463882126491805,0.1476103514432907,1380624000,0.0,0.0
2003-09-11 00:00:00-04:00,0.14959712476879475,0.15395208693403295,0.13981725525286065,0.1457005739212036,2612736000,0.0,0.0
2003-09-12 00:00:00-04:00,0.14447753173075895,0.151048481577931,0.14287307832513013,0.14783956110477448,1162404000,0.0,0.0
2003-09-15 00:00:00-04:00,0.14906170183516557,0.14982634466389722,0.14485986182083826,0.14539436995983124,596028000,0.0,0.0
2003-09-16 00:00:00-04:00,0.14570057971296632,0.1503608581547349,0.14570057971296632,0.14990243315696716,620736000,0.0,0.0
2003-09-17 00:00:00-04:00,0.1508192558335357,0.15456269760268887,0.14959711716904892,0.1516599953174591,902784000,0.0,0.0
2003-09-18 00:00:00-04:00,0.15081924745240527,0.15288212548617988,0.14913869758694867,0.15280602872371674,603492000,0.0,0.0
2003-09-19 00:00:00-04:00,0.15456270057269159,0.15555654895619997,0.15020773854500877,0.1515829861164093,648096000,0.0,0.0
2003-09-22 00:00:00-04:00,0.1486033097423634,0.1489095275876966,0.14440145552131056,0.1456235945224762,735504000,0.0,0.0
2003-09-23 00:00:00-04:00,0.14585278062957888,0.14783956229159062,0.14394302475412665,0.1469988226890564,628932000,0.0,0.0
2003-09-24 00:00:00-04:00,0.14386691027187026,0.145165145726437,0.13561539752957658,0.13584460318088531,1600668000,0.0,0.0
2003-09-25 00:00:00-04:00,0.13691367679768912,0.13935887030030003,0.13332335635730702,0.13393396139144897,736776000,0.0,0.0
2003-09-26 00:00:00-04:00,0.13355257044234722,0.1339339697757082,0.1270577156341486,0.12881527841091156,895908000,0.0,0.0
2003-09-29 00:00:00-04:00,0.12232126227393636,0.12667622323276043,0.11995216690048577,0.12186285108327866,1944996000,0.0,0.0
2003-09-30 00:00:00-04:00,0.12079289833406201,0.12614079173757825,0.12033447351134065,0.12201503664255142,1020888000,0.0,0.0
2003-10-01 00:00:00-04:00,0.1222442864220545,0.12446027360667677,0.12193898398672845,0.12300892919301987,877224000,0.0,0.0
2003-10-02 00:00:00-04:00,0.12224430165924097,0.1266762765809107,0.12186290240433581,0.12491871416568756,857628000,0.0,0.0
2003-10-03 00:00:00-04:00,0.12835679891272214,0.13141260968330312,0.12614081217036593,0.12820369005203247,862812000,0.0,0.0
2003-10-06 00:00:00-04:00,0.12843293475777476,0.1297320857634615,0.12614085056097712,0.127210795879364,377028000,0.0,0.0
2003-10-07 00:00:00-04:00,0.12721077249671592,0.12835681438446045,0.12545319677759045,0.12835681438446045,510588000,0.0,0.0
2003-10-08 00:00:00-04:00,0.12835684541381417,0.12950288757860623,0.12308504599101054,0.12384877353906631,739440000,0.0,0.0
2003-10-09 00:00:00-04:00,0.1256823952083117,0.13049578179005725,0.12461336549505224,0.12560629844665527,852408000,0.0,0.0
2003-10-10 00:00:00-04:00,0.127593059433342,0.12873910107329375,0.12606470335173836,0.12782226502895355,413976000,0.0,0.0
2003-10-13 00:00:00-04:00,0.12927360772397664,0.13179489630787516,0.12828067504490953,0.12912049889564514,434904000,0.0,0.0
2003-10-14 00:00:00-04:00,0.12774524856569808,0.131871003793249,0.12698153505539866,0.1314896047115326,623556000,0.0,0.0
2003-10-15 00:00:00-04:00,0.13301709294526326,0.135462299523633,0.12896836202609333,0.12980817258358002,703488000,0.0,0.0
2003-10-16 00:00:00-04:00,0.1299612968274724,0.13187106650869254,0.1279745286776902,0.13141265511512756,446088000,0.0,0.0
2003-10-17 00:00:00-04:00,0.13064889512640449,0.13317018448852108,0.12713467277874327,0.1272868663072586,459696000,0.0,0.0
2003-10-20 00:00:00-04:00,0.12736397020698773,0.13026667449127868,0.12659932696315468,0.13011448085308075,467388000,0.0,0.0
2003-10-21 00:00:00-04:00,0.132482646527962,0.13660840515173608,0.13064897299252803,0.13408710062503815,758724000,0.0,0.0
2003-10-22 00:00:00-04:00,0.13202416498537997,0.1350799765708408,0.13110734227072782,0.13179495930671692,620952000,0.0,0.0
2003-10-23 00:00:00-04:00,0.1298852108725401,0.13370475055340647,0.12965600515664927,0.131183460354805,451524000,0.0,0.0
2003-10-24 00:00:00-04:00,0.12988515738445905,0.13187102319659588,0.1286621035098878,0.1307249814271927,447084000,0.0,0.0
2003-10-27 00:00:00-05:00,0.13141265511512756,0.1329410118713448,0.13049581866609758,0.13141265511512756,254460000,0.0,0.0
2003-10-28 00:00:00-05:00,0.13317022103098683,0.1404288023669131,0.13255870070789805,0.1396641731262207,956064000,0.0,0.0
2003-10-29 00:00:00-05:00,0.13553841582925272,0.14134563883978382,0.13546231904411377,0.1396641731262207,494004000,0.0,0.0
2003-10-30 00:00:00-05:00,0.14325537114606876,0.1433314679113279,0.13683753117449593,0.13706673681735992,581256000,0.0,0.0
2003-10-31 00:00:00-05:00,0.13828888520738045,0.1394349271643864,0.13294098996977044,0.13507996499538422,598152000,0.0,0.0
2003-11-03 00:00:00-05:00,0.1343923073278036,0.1401995274723319,0.13378168899149498,0.13760122656822205,773724000,0.0,0.0
2003-11-04 00:00:00-05:00,0.140580980369438,0.14096330860934606,0.13714285422333172,0.13805969059467316,700896000,0.0,0.0
2003-11-05 00:00:00-05:00,0.13523306175672903,0.13997035171023128,0.13301707481205974,0.1385951042175293,882024000,0.0,0.0
2003-11-06 00:00:00-05:00,0.14065803165763835,0.14134564881439046,0.13630305468870146,0.13882435858249664,1175280000,0.0,0.0
2003-11-07 00:00:00-05:00,0.1654886436693425,0.16854445548411373,0.1619744204628456,0.16617627441883087,4292820000,0.0,0.0
2003-11-10 00:00:00-05:00,0.16671081833929507,0.16900290311318847,0.16472495145707639,0.16571788489818573,1210056000,0.0,0.0
2003-11-11 00:00:00-05:00,0.16197434968822344,0.1648009409101541,0.15868841826607744,0.1615920215845108,799140000,0.0,0.0
2003-11-12 00:00:00-05:00,0.1610575554997847,0.1642664756593754,0.16029291275553492,0.16373103857040405,617664000,0.0,0.0
2003-11-13 00:00:00-05:00,0.1637310356563076,0.1661001452691359,0.16281419938961422,0.16380804777145386,580332000,0.0,0.0
2003-11-14 00:00:00-05:00,0.16426647501974267,0.16426647501974267,0.15364586618279766,0.15410427749156952,888420000,0.0,0.0
2003-11-17 00:00:00-05:00,0.15120157451167077,0.15433346858516928,0.14974930128235966,0.15249980986118317,599880000,0.0,0.0
2003-11-18 00:00:00-05:00,0.15624421403957517,0.1581539839324701,0.14974935970792747,0.1502847969532013,991428000,0.0,0.0
2003-11-19 00:00:00-05:00,0.15135380258898948,0.15509814666262897,0.15081928077763646,0.15448662638664246,567552000,0.0,0.0
2003-11-20 00:00:00-05:00,0.15204144773065725,0.15540347783446137,0.1497493631325646,0.15036089718341827,738852000,0.0,0.0
2003-11-21 00:00:00-05:00,0.15219450501060044,0.15242372432213516,0.14806876233143385,0.1509723663330078,543240000,0.0,0.0
2003-11-24 00:00:00-05:00,0.1524236776832119,0.1604459685991271,0.15135373286801918,0.16006365418434143,940644000,0.0,0.0
2003-11-25 00:00:00-05:00,0.16075130702074514,0.164189446132947,0.15891764831105307,0.1628141850233078,822804000,0.0,0.0
2003-11-26 00:00:00-05:00,0.16548858351640985,0.16602309149670366,0.15991148375055048,0.16296729445457458,430032000,0.0,0.0
2003-11-28 00:00:00-05:00,0.1628912406241366,0.16334965197003531,0.1608283622437951,0.1622036099433899,206136000,0.0,0.0
2003-12-01 00:00:00-05:00,0.16403720601951202,0.1657177553822219,0.1621265220822566,0.16449561715126038,526980000,0.0,0.0
2003-12-02 00:00:00-05:00,0.1635018300051086,0.16716916140998472,0.16281419938961422,0.16380804777145386,574740000,0.0,0.0
2003-12-03 00:00:00-05:00,0.16426646108801532,0.16961435576389938,0.16174515811791368,0.1621265709400177,710028000,0.0,0.0
2003-12-04 00:00:00-05:00,0.16266201897750435,0.16556472154783386,0.15746631703926578,0.16128677129745483,521952000,0.0,0.0
2003-12-05 00:00:00-05:00,0.15746634191432712,0.1619744275556354,0.15479194290591758,0.1560910940170288,559848000,0.0,0.0
2003-12-08 00:00:00-05:00,0.15609112967357608,0.15884163975838378,0.15471588146212406,0.15723717212677002,340980000,0.0,0.0
2003-12-09 00:00:00-05:00,0.15693184030322008,0.1584592818370037,0.1489856277541904,0.14906172454357147,598128000,0.0,0.0
2003-12-10 00:00:00-05:00,0.14906167851493196,0.1531874347679083,0.14898558174904872,0.1523476243019104,568656000,0.0,0.0
2003-12-11 00:00:00-05:00,0.1522705551860379,0.16197433823522225,0.15196525286230952,0.16006365418434143,694872000,0.0,0.0
2003-12-12 00:00:00-05:00,0.1622036595948919,0.16327268982631957,0.15662564130469536,0.15922394394874573,700692000,0.0,0.0
2003-12-15 00:00:00-05:00,0.16388414872766655,0.16411336804662074,0.15555655267037635,0.15601496398448944,622752000,0.0,0.0
2003-12-16 00:00:00-05:00,0.15509813963539382,0.15914688430460128,0.15234764421515898,0.1581539511680603,601728000,0.0,0.0
2003-12-17 00:00:00-05:00,0.15685480084493902,0.15739022431947503,0.15249983836101633,0.15509814023971558,499116000,0.0,0.0
2003-12-18 00:00:00-05:00,0.15540343529848058,0.16021682256650874,0.1552503264062945,0.15861235558986664,436728000,0.0,0.0
2003-12-19 00:00:00-05:00,0.16258506597269295,0.16503027343991922,0.1592239508408655,0.16098061203956604,916956000,0.0,0.0
2003-12-22 00:00:00-05:00,0.15861237658395633,0.16159209160504814,0.15700792305684533,0.16120977699756622,371184000,0.0,0.0
2003-12-23 00:00:00-05:00,0.16059915819455597,0.1693851943352098,0.16052214606477178,0.16778072714805603,722760000,0.0,0.0
2003-12-24 00:00:00-05:00,0.1677046206799559,0.16823914248300506,0.1661001672473656,0.16655857861042023,210852000,0.0,0.0
2003-12-26 00:00:00-05:00,0.167856829980624,0.17473309670471074,0.1671691992096452,0.17374016344547272,363960000,0.0,0.0
2003-12-29 00:00:00-05:00,0.17702518226617125,0.18168636313864694,0.17618535791899828,0.1810748428106308,756624000,0.0,0.0
2003-12-30 00:00:00-05:00,0.17916507747723162,0.18489528854260592,0.1790119685546232,0.18145716190338135,550884000,0.0,0.0
2003-12-31 00:00:00-05:00,0.1813800596722793,0.18222079896987622,0.17435160264789112,0.1772543042898178,497268000,0.0,0.0
2004-01-02 00:00:00-05:00,0.18008186752784947,0.1825261448987492,0.17633751034736633,0.17633751034736633,436416000,0.0,0.0
2004-01-05 00:00:00-05:00,0.1790119696615065,0.18329083604240223,0.1774075023561403,0.18206778168678284,575292000,0.0,0.0
2004-01-06 00:00:00-05:00,0.18153325792090194,0.19200076037867933,0.1806925182092549,0.18947947025299072,1093344000,0.0,0.0
2004-01-07 00:00:00-05:00,0.18733950888893572,0.19207678486044297,0.18604125993292864,0.1911599487066269,673032000,0.0,0.0
2004-01-08 00:00:00-05:00,0.19352818758571677,0.19444502401699224,0.19001396443317203,0.19184763729572296,433752000,0.0,0.0
2004-01-09 00:00:00-05:00,0.19054846237156278,0.19696630292395892,0.18902100752183018,0.19459810853004456,766584000,0.0,0.0
2004-01-12 00:00:00-05:00,0.1952858086796636,0.19742478450927572,0.19345213539445377,0.1968141794204712,541980000,0.0,0.0
2004-01-13 00:00:00-05:00,0.1958202513413481,0.19773093613292622,0.18458903697278836,0.18665191531181335,865800000,0.0,0.0
2004-01-14 00:00:00-05:00,0.18756871105189948,0.19024310904346073,0.18351996737102558,0.18527662754058838,544872000,0.0,0.0
2004-01-15 00:00:00-05:00,0.1839014119319443,0.18711033237283223,0.1806163947150049,0.18558289110660553,609204000,0.0,0.0
2004-01-16 00:00:00-05:00,0.18749265603246565,0.19001394572379415,0.1857350801246578,0.1884094923734665,451728000,0.0,0.0
2004-01-20 00:00:00-05:00,0.1907016142051917,0.19398663199325566,0.1885626386551285,0.19368132948875427,487764000,0.0,0.0
2004-01-21 00:00:00-05:00,0.19207676801147835,0.19284049523397784,0.18443679073138602,0.18474209308624268,494460000,0.0,0.0
2004-01-22 00:00:00-05:00,0.18573506771501572,0.1887147822087082,0.178248197600745,0.1804632693529129,605724000,0.0,0.0
2004-01-23 00:00:00-05:00,0.17954645781421918,0.18313770665894927,0.176032234758243,0.17641454935073853,482472000,0.0,0.0
2004-01-26 00:00:00-05:00,0.17756057437788889,0.1841306084863179,0.17618532673188866,0.18336689472198486,393684000,0.0,0.0
2004-01-27 00:00:00-05:00,0.17969958135677724,0.18260319971796432,0.17152417713957155,0.17289942502975464,934104000,0.0,0.0
2004-01-28 00:00:00-05:00,0.17511541845241257,0.17786592798636813,0.17152418285736953,0.1724410057067871,615204000,0.0,0.0
2004-01-29 00:00:00-05:00,0.17297640962177888,0.1738162338356916,0.16159207270357934,0.1673983931541443,929700000,0.0,0.0
2004-01-30 00:00:00-05:00,0.16701694979921994,0.17381620211750456,0.1660231015249354,0.16999666392803192,466464000,0.0,0.0
2004-02-02 00:00:00-05:00,0.17137193238638268,0.17610829328529462,0.169614356735579,0.1727471798658371,560844000,0.0,0.0
2004-02-03 00:00:00-05:00,0.17228877490370606,0.17526848950618934,0.16984358206066855,0.17213566601276398,418032000,0.0,0.0
2004-02-04 00:00:00-05:00,0.1696905043982018,0.17106575229016902,0.16724622645250536,0.16747543215751648,436800000,0.0,0.0
2004-02-05 00:00:00-05:00,0.16839221088137676,0.17190643302276826,0.1673222658473011,0.16999666392803192,331980000,0.0,0.0
2004-02-06 00:00:00-05:00,0.17221179349423077,0.1763375508084853,0.1712949570175186,0.1738932728767395,471132000,0.0,0.0
2004-02-09 00:00:00-05:00,0.17519149026740302,0.17801901153399297,0.17259410368962708,0.17267020046710968,373992000,0.0,0.0
2004-02-10 00:00:00-05:00,0.173205605918546,0.179165034941213,0.1731285938018476,0.17901192605495453,509700000,0.0,0.0
2004-02-11 00:00:00-05:00,0.1813039806169684,0.18588814763959058,0.18069244685607083,0.18527662754058838,737808000,0.0,0.0
2004-02-12 00:00:00-05:00,0.1842837520531144,0.1852766852565829,0.17687297755397924,0.17969956994056702,974892000,0.0,0.0
2004-02-13 00:00:00-05:00,0.17496224600543248,0.18252612740024104,0.17343479138541187,0.1780189722776413,1747500000,0.0,0.0
2004-02-17 00:00:00-05:00,0.17870664533449193,0.180540318267727,0.17626145208233887,0.18000489473342896,575976000,0.0,0.0
2004-02-18 00:00:00-05:00,0.180540318267727,0.18145715473434454,0.17878274211911188,0.18000489473342896,320244000,0.0,0.0
2004-02-19 00:00:00-05:00,0.18222083352195861,0.18542975346546026,0.17954642162240075,0.1799287497997284,631032000,0.0,0.0
2004-02-20 00:00:00-05:00,0.1796234699827779,0.18489526907254533,0.17862962144961123,0.1844368577003479,618120000,0.0,0.0
2004-02-23 00:00:00-05:00,0.18413058046609934,0.1844368118648665,0.175573766132143,0.1780189722776413,853332000,0.0,0.0
2004-02-24 00:00:00-05:00,0.17496226170269824,0.177178248755977,0.1690028328390799,0.17091351747512817,708384000,0.0,0.0
2004-02-25 00:00:00-05:00,0.17198246367485365,0.17519138219659544,0.17007269531420616,0.17190636694431305,652512000,0.0,0.0
2004-02-26 00:00:00-05:00,0.1744277372965341,0.17473305337097544,0.17091351485173378,0.17305248975753784,344976000,0.0,0.0
2004-02-27 00:00:00-05:00,0.1734347893096323,0.17358699649111037,0.1673983626070922,0.16999666392803192,595548000,0.0,0.0
2004-03-01 00:00:00-05:00,0.1695383292357604,0.17282334723421383,0.16930912350586094,0.1725180447101593,506628000,0.0,0.0
2004-03-02 00:00:00-05:00,0.1727472056906301,0.1739693444795946,0.16862144897359166,0.1693090796470642,813348000,0.0,0.0
2004-03-03 00:00:00-05:00,0.16885062910786486,0.16885062910786486,0.164342558506001,0.16709305346012115,552492000,0.0,0.0
2004-03-04 00:00:00-05:00,0.16877367083003536,0.17106575524351905,0.16739842291432527,0.17076045274734497,413352000,0.0,0.0
2004-03-05 00:00:00-05:00,0.16693994441869955,0.17343479629761235,0.1663293396217266,0.16953825950622559,354888000,0.0,0.0
2004-03-08 00:00:00-05:00,0.16961438266656764,0.17190646670337556,0.16235580232634353,0.16365495324134827,465168000,0.0,0.0
2004-03-09 00:00:00-05:00,0.16503020820636374,0.1651833170970393,0.15975840966096216,0.16250890493392944,371232000,0.0,0.0
2004-03-10 00:00:00-05:00,0.16357889454915556,0.16533555553042592,0.15899472540830759,0.1601407676935196,481692000,0.0,0.0
2004-03-11 00:00:00-05:00,0.1580008143815196,0.1636549267847918,0.1580008143815196,0.1589176505804062,526872000,0.0,0.0
2004-03-12 00:00:00-05:00,0.16105755655675472,0.16426647673740455,0.15929998074857848,0.16227969527244568,377952000,0.0,0.0
2004-03-15 00:00:00-05:00,0.16128676777936202,0.16197439843533692,0.15761943615859142,0.15861235558986664,421224000,0.0,0.0
2004-03-16 00:00:00-05:00,0.16059912839540233,0.16617624278881543,0.1595291832406967,0.1654125154018402,597504000,0.0,0.0
2004-03-17 00:00:00-05:00,0.16808606304515533,0.17106577865524242,0.16739844582414473,0.16946132481098175,524592000,0.0,0.0
2004-03-18 00:00:00-05:00,0.16854443064967561,0.17343481631996618,0.16808600566359735,0.1713719516992569,528048000,0.0,0.0
2004-03-19 00:00:00-05:00,0.17045511014390302,0.17221175692966254,0.16839223192477287,0.16938516497612,452964000,0.0,0.0
2004-03-22 00:00:00-05:00,0.16678777170964543,0.16938517177429338,0.16426648207925035,0.1680860072374344,576708000,0.0,0.0
2004-03-23 00:00:00-05:00,0.1703781483079208,0.17221180775124914,0.1668639110283817,0.16877368092536926,576036000,0.0,0.0
2004-03-24 00:00:00-05:00,0.16846832580831148,0.17916503126150787,0.1680859976121892,0.17633751034736633,787344000,0.0,0.0
2004-03-25 00:00:00-05:00,0.178324287636222,0.18749263642555852,0.1780189852241793,0.18657580018043518,997128000,0.0,0.0
2004-03-26 00:00:00-05:00,0.18604126572608948,0.18894396779524059,0.18351997647100626,0.18604126572608948,551604000,0.0,0.0
2004-03-29 00:00:00-05:00,0.18871474961986948,0.1965848482620123,0.18833335049305205,0.19406355917453766,985764000,0.0,0.0
2004-03-30 00:00:00-05:00,0.19276442924622547,0.20078672226040126,0.19261130670900167,0.19986988604068756,724956000,0.0,0.0
2004-03-31 00:00:00-05:00,0.20086283869579544,0.20384255328620565,0.19979380884313336,0.20170357823371887,604752000,0.0,0.0
2004-04-01 00:00:00-05:00,0.20193277915816285,0.20605853562318474,0.19306974602834143,0.1981123387813568,1319508000,0.0,0.0
2004-04-02 00:00:00-05:00,0.2024673188581978,0.20376646980465682,0.19635569573560677,0.2009398639202118,649740000,0.0,0.0
2004-04-05 00:00:00-04:00,0.19986989151043855,0.20896214353037545,0.19986989151043855,0.2081214040517807,576744000,0.0,0.0
2004-04-06 00:00:00-04:00,0.20399565685101403,0.20544701487990788,0.198647761685828,0.19971679151058197,624096000,0.0,0.0
2004-04-07 00:00:00-04:00,0.2012451824452314,0.2013212792226853,0.19513264390222596,0.19864778220653534,447864000,0.0,0.0
2004-04-08 00:00:00-04:00,0.20307883106483163,0.2062877513992755,0.20155047450208607,0.20430096983909607,447096000,0.0,0.0
2004-04-12 00:00:00-04:00,0.20590542150746818,0.20682225777217852,0.19925837566568974,0.20048142969608307,443784000,0.0,0.0
2004-04-13 00:00:00-04:00,0.20231509293506159,0.20246728646379633,0.1948273079402786,0.19582022726535797,442704000,0.0,0.0
2004-04-14 00:00:00-04:00,0.1948273971893126,0.20048151232898795,0.19261139555107562,0.1968141794204712,512016000,0.0,0.0
2004-04-15 00:00:00-04:00,0.19413967851944838,0.19498041798272006,0.18565896048694652,0.1864996999502182,828084000,0.0,0.0
2004-04-16 00:00:00-04:00,0.18573509483716233,0.18581210696465056,0.18000488432937692,0.1803871989250183,654864000,0.0,0.0
2004-04-19 00:00:00-04:00,0.18023405622716723,0.18145711022691532,0.17694903944607826,0.18015795946121216,522804000,0.0,0.0
2004-04-20 00:00:00-04:00,0.18061643768410926,0.18260321978285324,0.17244101890666802,0.1725180447101593,513804000,0.0,0.0
2004-04-21 00:00:00-04:00,0.17320559113835643,0.17878269148113696,0.17144802914944918,0.1727471798658371,688812000,0.0,0.0
2004-04-22 00:00:00-04:00,0.171142762941251,0.17664378178528053,0.1675515274923648,0.17374016344547272,695520000,0.0,0.0
2004-04-23 00:00:00-04:00,0.17587913200822727,0.1805403126667483,0.17534461017593111,0.17756059765815735,443928000,0.0,0.0
2004-04-26 00:00:00-04:00,0.17794192836374864,0.17870655722222148,0.17014882907088105,0.17060725390911102,429912000,0.0,0.0
2004-04-27 00:00:00-04:00,0.1725940797800032,0.17717824738617796,0.16854442023662794,0.16915594041347504,494568000,0.0,0.0
2004-04-28 00:00:00-04:00,0.16923202508516882,0.17183034012642512,0.1671691470774475,0.16846831142902374,468768000,0.0,0.0
2004-04-29 00:00:00-04:00,0.16747539283822732,0.16862143475611968,0.16159206070369547,0.16380804777145386,645048000,0.0,0.0
2004-04-30 00:00:00-04:00,0.1628912621759965,0.16388418177441297,0.15616718901506993,0.1567787230014801,512928000,0.0,0.0
2004-05-03 00:00:00-04:00,0.15845923789301905,0.16006370478051019,0.1520413976668491,0.1547919064760208,610668000,0.0,0.0
2004-05-04 00:00:00-04:00,0.15700788387012446,0.1666346436158011,0.1566255693580623,0.16464786231517792,772380000,0.0,0.0
2004-05-05 00:00:00-04:00,0.16480098159233172,0.16747539363714334,0.16342573401667992,0.1660231202840805,464280000,0.0,0.0
2004-05-06 00:00:00-04:00,0.1643425817079132,0.1686975440516847,0.16082835892524225,0.1673983931541443,711348000,0.0,0.0
2004-05-07 00:00:00-04:00,0.17228874028686864,0.17549765990743485,0.16778067006034236,0.1686975061893463,956772000,0.0,0.0
2004-05-10 00:00:00-04:00,0.1641894489783298,0.1659470109571684,0.15853623824297225,0.1621265709400177,669072000,0.0,0.0
2004-05-11 00:00:00-04:00,0.16418945974791405,0.167704597598054,0.16350182913607456,0.1661001443862915,399936000,0.0,0.0
2004-05-12 00:00:00-04:00,0.16518330900244255,0.16541251465364157,0.15807783818199198,0.16380804777145386,482328000,0.0,0.0
2004-05-13 00:00:00-04:00,0.1624328127765481,0.16732229690774317,0.16197440143866373,0.16434258222579956,347952000,0.0,0.0
2004-05-14 00:00:00-04:00,0.1650302128945245,0.16793381714065259,0.16350184266204956,0.16434258222579956,459000000,0.0,0.0
2004-05-17 00:00:00-04:00,0.1619743950410481,0.16411337007475713,0.15929998290759695,0.16174517571926117,308340000,0.0,0.0
2004-05-18 00:00:00-04:00,0.16319654021919022,0.16625235167505098,0.16258500632438241,0.16434258222579956,204420000,0.0,0.0
2004-05-19 00:00:00-04:00,0.16800992327326392,0.17037811785421417,0.16312045253160798,0.163960263133049,498276000,0.0,0.0
2004-05-20 00:00:00-04:00,0.1636548992697025,0.16640540740392276,0.16075128228937513,0.1615920215845108,421488000,0.0,0.0
2004-05-21 00:00:00-04:00,0.1635018565360648,0.16373106222445633,0.15975842775572732,0.16197441518306732,282096000,0.0,0.0
2004-05-24 00:00:00-04:00,0.16166816251507685,0.16327262944731707,0.15952918749573786,0.1614389568567276,301620000,0.0,0.0
2004-05-25 00:00:00-04:00,0.16212656853581423,0.16923202508516882,0.15884155194695634,0.16846831142902374,681264000,0.0,0.0
2004-05-26 00:00:00-04:00,0.16846824288428053,0.1741984496510014,0.1674753103386865,0.17190636694431305,524568000,0.0,0.0
2004-05-27 00:00:00-04:00,0.17473310381603388,0.1773314061114283,0.17221179999443273,0.1724410057067871,556548000,0.0,0.0
2004-05-28 00:00:00-04:00,0.17458085318842004,0.18015795356023,0.17320559203991082,0.17916502058506012,637980000,0.0,0.0
2004-06-01 00:00:00-04:00,0.1761083083131811,0.18084558496340025,0.1758791026573626,0.17901192605495453,318420000,0.0,0.0
2004-06-02 00:00:00-04:00,0.18336687617717876,0.18420761563783475,0.17748354430864036,0.17763665318489075,643800000,0.0,0.0
2004-06-03 00:00:00-04:00,0.1777127518088726,0.17809507999185628,0.1685444167843189,0.16907984018325806,700824000,0.0,0.0
2004-06-04 00:00:00-04:00,0.17251799828533906,0.17289939750091365,0.16724619960678958,0.1673983931541443,649608000,0.0,0.0
2004-06-07 00:00:00-04:00,0.17014888737857164,0.17335780769826026,0.16800991228117318,0.17144805192947388,571956000,0.0,0.0
2004-06-08 00:00:00-04:00,0.1704551042477417,0.170760406661519,0.16587092299607945,0.16839222609996796,615000000,0.0,0.0
2004-06-09 00:00:00-04:00,0.16938510204765703,0.16961430761754182,0.1599875507253483,0.16052205860614777,498336000,0.0,0.0
2004-06-10 00:00:00-04:00,0.1631204187538982,0.16342572115054424,0.15746629268872972,0.1589176505804062,564516000,0.0,0.0
2004-06-14 00:00:00-04:00,0.15807783327216282,0.15807783327216282,0.15272902303608443,0.15395207703113556,424752000,0.0,0.0
2004-06-15 00:00:00-04:00,0.15654950467300302,0.15861236949801674,0.1547919286500593,0.1562441885471344,394584000,0.0,0.0
2004-06-16 00:00:00-04:00,0.15578574894757782,0.15677868194788827,0.153187433773593,0.15379896759986877,252576000,0.0,0.0
2004-06-17 00:00:00-04:00,0.1528060498922344,0.1565494919719482,0.14997852879201803,0.15074317157268524,482376000,0.0,0.0
2004-06-18 00:00:00-04:00,0.1515829848291959,0.15517421944157958,0.14898558492998384,0.1509723663330078,534336000,0.0,0.0
2004-06-21 00:00:00-04:00,0.15120156794907375,0.1535697482595975,0.1473050177136697,0.14829795062541962,266568000,0.0,0.0
2004-06-22 00:00:00-04:00,0.1491386964930272,0.15318742675946687,0.14814484819113477,0.15249980986118317,430308000,0.0,0.0
2004-06-23 00:00:00-04:00,0.15204141334792518,0.1557087588050593,0.15166001412007638,0.15509814023971558,264660000,0.0,0.0
2004-06-24 00:00:00-04:00,0.15922387099329227,0.15975839269504274,0.15257682551730573,0.1537228673696518,590652000,0.0,0.0
2004-06-25 00:00:00-04:00,0.15479187319539836,0.15654944858868536,0.15295820105019448,0.15471577644348145,329124000,0.0,0.0
2004-06-28 00:00:00-04:00,0.15693178614938058,0.15746629418535435,0.1528060300461263,0.15341664850711823,299376000,0.0,0.0
2004-06-29 00:00:00-04:00,0.15433350914591987,0.15891769131540534,0.15372290419611287,0.158688485622406,363852000,0.0,0.0
2004-06-30 00:00:00-04:00,0.1544866182846819,0.15884158072055857,0.1544866182846819,0.15639637410640717,329268000,0.0,0.0
2004-07-01 00:00:00-04:00,0.15815398118099283,0.1583831868991924,0.14898562949589858,0.14921484887599945,505620000,0.0,0.0
2004-07-02 00:00:00-04:00,0.15081927892350588,0.15089537570184797,0.14600590494823396,0.14715194702148438,294948000,0.0,0.0
2004-07-06 00:00:00-04:00,0.14539432934467103,0.14692268556605953,0.1369136122362375,0.1385180652141571,575388000,0.0,0.0
2004-07-07 00:00:00-04:00,0.14027566920649434,0.1431792870408991,0.13851809334964083,0.1392057240009308,344136000,0.0,0.0
2004-07-08 00:00:00-04:00,0.137907463704888,0.14019954724822697,0.1346985440118343,0.13492774963378906,430056000,0.0,0.0
2004-07-09 00:00:00-04:00,0.1347746096918686,0.1349277185202001,0.12659919664985422,0.12912049889564514,1114500000,0.0,0.0
2004-07-12 00:00:00-04:00,0.12553021438996576,0.12912054740443155,0.12446026922137339,0.12614083290100098,676044000,0.0,0.0
2004-07-13 00:00:00-04:00,0.12766920042698102,0.12988518772526902,0.12453637676662098,0.1259116381406784,567108000,0.0,0.0
2004-07-14 00:00:00-04:00,0.12148057799471605,0.12484262134530492,0.11788934260689884,0.12033453583717346,901608000,0.0,0.0
2004-07-15 00:00:00-04:00,0.12155663034806957,0.12285578079993147,0.11873002553973593,0.1194937527179718,611352000,0.0,0.0
2004-07-16 00:00:00-04:00,0.12316108052169329,0.12331418936045992,0.11597951501607895,0.11597951501607895,464700000,0.0,0.0
2004-07-19 00:00:00-04:00,0.11628484687728753,0.1185769303610873,0.11468038024149058,0.11727869510650635,461088000,0.0,0.0
2004-07-20 00:00:00-04:00,0.11720167101022504,0.12010528828892936,0.1160556292520057,0.11964687705039978,341544000,0.0,0.0
2004-07-21 00:00:00-04:00,0.12148055934798335,0.1216336819015693,0.11200691422778793,0.11238832026720047,613416000,0.0,0.0
2004-07-22 00:00:00-04:00,0.11368747340185362,0.115368037178961,0.11002013488912132,0.11475741863250732,521460000,0.0,0.0
2004-07-23 00:00:00-04:00,0.11552113009144634,0.11567423896499719,0.1109369558770102,0.11170067638158798,371496000,0.0,0.0
2004-07-26 00:00:00-04:00,0.11315297100173123,0.11414590422147816,0.10749885712668532,0.10856880247592926,503208000,0.0,0.0
2004-07-27 00:00:00-04:00,0.10910328422744979,0.1124653128150094,0.10574124880894233,0.11215908825397491,789888000,0.0,0.0
2004-07-28 00:00:00-04:00,0.1119299025802199,0.11231222396841498,0.10619968581696318,0.10933250933885574,505116000,0.0,0.0
2004-07-29 00:00:00-04:00,0.11086084617996533,0.1193415698780836,0.1103254160275873,0.11651404947042465,747360000,0.0,0.0
2004-07-30 00:00:00-04:00,0.11506272784190734,0.11995221225134946,0.11483352215992168,0.11781323701143265,403956000,0.0,0.0
2004-08-02 00:00:00-04:00,0.11788927938652526,0.11979996340996309,0.1159034139667771,0.11934155225753784,420984000,0.0,0.0
2004-08-03 00:00:00-04:00,0.11987608473522827,0.11995218149396364,0.1122361067771552,0.11315293610095978,741540000,0.0,0.0
2004-08-04 00:00:00-04:00,0.11192989261076164,0.11544503720775967,0.11177769907915865,0.11437509208917618,507816000,0.0,0.0
2004-08-05 00:00:00-04:00,0.11559721849019265,0.11613264183534677,0.10925639125767345,0.11124225705862045,859920000,0.0,0.0
2004-08-06 00:00:00-04:00,0.07724330006411172,0.07793092383344861,0.07105466564723407,0.07204759865999222,5088948000,0.0,0.0
2004-08-09 00:00:00-04:00,0.07388128658726659,0.07693801400728084,0.07265914756006642,0.07525654137134552,1579212000,0.0,0.0
2004-08-10 00:00:00-04:00,0.07945930145093841,0.08198059816901387,0.07816014361274155,0.08121595531702042,2051916000,0.0,0.0
2004-08-11 00:00:00-04:00,0.0801469243644866,0.0801469243644866,0.07831325839346023,0.07884777337312698,963816000,0.0,0.0
2004-08-12 00:00:00-04:00,0.07907697444773999,0.07930618011914957,0.07686098718458362,0.07701409608125687,654384000,0.0,0.0
2004-08-13 00:00:00-04:00,0.07884774678238486,0.0807575088885327,0.07816011629806664,0.08022299408912659,815700000,0.0,0.0
2004-08-16 00:00:00-04:00,0.07930618638763628,0.08144516169792375,0.07884777500858359,0.0794593021273613,531732000,0.0,0.0
2004-08-17 00:00:00-04:00,0.08121594008453263,0.0842726665627711,0.08045221955399398,0.08381424844264984,744912000,0.0,0.0
2004-08-18 00:00:00-04:00,0.08419565610577534,0.08939135074615479,0.08350802549659514,0.08939135074615479,872424000,0.0,0.0
2004-08-19 00:00:00-04:00,0.08885682779318121,0.09046128756086921,0.08771077924687767,0.08908603340387344,724404000,0.0,0.0
2004-08-20 00:00:00-04:00,0.0886276387006372,0.09565609118453446,0.08832141407678598,0.09435785561800003,1199040000,0.0,0.0
2004-08-23 00:00:00-04:00,0.0958852900011046,0.09741365319872512,0.09535077512966572,0.09642072021961212,800028000,0.0,0.0
2004-08-24 00:00:00-04:00,0.09779598532146351,0.09825440351168338,0.0909958297384813,0.09282949566841125,939420000,0.0,0.0
2004-08-25 00:00:00-04:00,0.09489238236905409,0.09748977600335201,0.09313480623264957,0.09680214524269104,721308000,0.0,0.0
2004-08-26 00:00:00-04:00,0.09664993397414434,0.09764286703663883,0.09588529805306367,0.09703134000301361,612720000,0.0,0.0
2004-08-27 00:00:00-04:00,0.09710834881704773,0.1002402567854507,0.09703133670236692,0.09886500239372253,565128000,0.0,0.0
2004-08-30 00:00:00-04:00,0.09848359167908415,0.09901810651464983,0.0955038775946558,0.09557997435331345,628056000,0.0,0.0
2004-08-31 00:00:00-04:00,0.0959623054253641,0.09642072354886667,0.09221795515479954,0.0951976627111435,587064000,0.0,0.0
2004-09-01 00:00:00-04:00,0.09397552869822971,0.098406587610574,0.0927533899781248,0.09703134000301361,591744000,0.0,0.0
2004-09-02 00:00:00-04:00,0.09748976768763355,0.10176863347831433,0.0965729313055903,0.10100490599870682,770088000,0.0,0.0
2004-09-03 00:00:00-04:00,0.09794817864894867,0.09993495333787444,0.09710835445372953,0.09794817864894867,715056000,0.0,0.0
2004-09-07 00:00:00-04:00,0.0985597085556331,0.10062258690731767,0.09481627324855336,0.09611450880765915,727332000,0.0,0.0
2004-09-08 00:00:00-04:00,0.09619149392680099,0.0970313179106263,0.09389941054876967,0.09412861615419388,834984000,0.0,0.0
2004-09-09 00:00:00-04:00,0.09642073979063588,0.10520676189070918,0.0959623215899142,0.10352620482444763,1299324000,0.0,0.0
2004-09-10 00:00:00-04:00,0.10176860884222647,0.10803333943563194,0.10146329962754966,0.10749882459640503,1039344000,0.0,0.0
2004-09-13 00:00:00-04:00,0.10734572441927574,0.11170068656291596,0.10719353087891506,0.10956171154975891,967752000,0.0,0.0
2004-09-14 00:00:00-04:00,0.10856878647900567,0.11078385828603284,0.1077280469475495,0.11002013087272644,683556000,0.0,0.0
2004-09-15 00:00:00-04:00,0.10665808683568061,0.10696431140208003,0.10253233088275016,0.10390758514404297,1163904000,0.0,0.0
2004-09-16 00:00:00-04:00,0.10566516693796808,0.10887408711261574,0.10528284556404925,0.10780414193868637,810024000,0.0,0.0
2004-09-17 00:00:00-04:00,0.10864487114834614,0.1128467239813851,0.10772803494801968,0.11223611235618591,1003800000,0.0,0.0
2004-09-20 00:00:00-04:00,0.11002012477422722,0.11529192980562206,0.10864487722773165,0.11208300292491913,794628000,0.0,0.0
2004-09-21 00:00:00-04:00,0.11460428005303151,0.11597952736974702,0.1132290259053686,0.11506269127130508,503904000,0.0,0.0
2004-09-22 00:00:00-04:00,0.11200690475034175,0.11475740663971071,0.10917939074805982,0.1097148209810257,625920000,0.0,0.0
2004-09-23 00:00:00-04:00,0.11101303987035617,0.11131926441318092,0.10780412033865933,0.11070773750543594,578664000,0.0,0.0
2004-09-24 00:00:00-04:00,0.11116616889386804,0.1113192777681752,0.10574125520680247,0.10734571516513824,476316000,0.0,0.0
2004-09-27 00:00:00-04:00,0.10650588257710064,0.10772802101650424,0.1035261687268538,0.10543593764305115,406020000,0.0,0.0
2004-09-28 00:00:00-04:00,0.10520675154413522,0.10788115687529026,0.10375540713644203,0.10696432739496231,474840000,0.0,0.0
2004-09-29 00:00:00-04:00,0.10688730627295327,0.1126175228555609,0.1055120586649347,0.10956171154975891,537228000,0.0,0.0
2004-09-30 00:00:00-04:00,0.11078386806658093,0.11345827360809861,0.108720989619421,0.1109369769692421,619680000,0.0,0.0
2004-10-01 00:00:00-04:00,0.11147150944627357,0.1161326905583705,0.11093699439291412,0.11552117019891739,590412000,0.0,0.0
2004-10-04 00:00:00-04:00,0.11651406240644921,0.12033450243285795,0.11628485677094717,0.1188061460852623,673932000,0.0,0.0
2004-10-05 00:00:00-04:00,0.11590345604083227,0.11895926736969417,0.11506271651202322,0.11613266170024872,633180000,0.0,0.0
2004-10-06 00:00:00-04:00,0.11590346522971458,0.117125604056341,0.11322905972069904,0.11659109592437744,498504000,0.0,0.0
2004-10-07 00:00:00-04:00,0.1187300392207477,0.1214044371802088,0.11666716135294887,0.11727869510650635,798072000,0.0,0.0
2004-10-08 00:00:00-04:00,0.11605564098002605,0.11651406592677722,0.10986701349405938,0.11086086183786392,693420000,0.0,0.0
2004-10-11 00:00:00-04:00,0.11101306974887848,0.11322905701889197,0.10902721032913651,0.11101306974887848,373848000,0.0,0.0
2004-10-12 00:00:00-04:00,0.10726963442088502,0.1102493491446121,0.10551206532577131,0.10940860956907272,827232000,0.0,0.0
2004-10-13 00:00:00-04:00,0.11269455220813315,0.11414590363924726,0.10780415905291882,0.10872099548578262,672816000,0.0,0.0
2004-10-14 00:00:00-04:00,0.10971480203231387,0.10971480203231387,0.10467221041358035,0.10543593764305115,513264000,0.0,0.0
2004-10-15 00:00:00-04:00,0.10566516543670097,0.10581828115209045,0.09993494896882982,0.10253234207630157,1280484000,0.0,0.0
2004-10-18 00:00:00-04:00,0.10192172048187985,0.10543594952160139,0.10108098788902602,0.1043660044670105,573972000,0.0,0.0
2004-10-19 00:00:00-04:00,0.10673510949331988,0.10780413929388183,0.10291466238212811,0.1036783829331398,618480000,0.0,0.0
2004-10-20 00:00:00-04:00,0.10337307721037027,0.10535985855936585,0.10276155021464693,0.10490144044160843,540204000,0.0,0.0
2004-10-21 00:00:00-04:00,0.10597044953037332,0.108644854118684,0.10513062557125762,0.10726960003376007,1013964000,0.0,0.0
2004-10-22 00:00:00-04:00,0.10826256452626011,0.10849177019202237,0.10115710008529204,0.10146331787109375,686460000,0.0,0.0
2004-10-25 00:00:00-04:00,0.10062257894004731,0.10413680146815726,0.10039336645748177,0.10192172974348068,529164000,0.0,0.0
2004-10-26 00:00:00-04:00,0.11192987597396882,0.11605562477833088,0.10826253839046565,0.11070773750543594,2455776000,0.0,0.0
2004-10-27 00:00:00-04:00,0.10872095609149475,0.11582641879419915,0.10872095609149475,0.11376354098320007,1074036000,0.0,0.0
2004-10-28 00:00:00-04:00,0.1122361124000612,0.11460429283337296,0.11147146972447175,0.11254141479730606,561552000,0.0,0.0
2004-10-29 00:00:00-04:00,0.11147148676676616,0.11299985017360642,0.10956171731087398,0.11055465042591095,742860000,0.0,0.0
2004-11-01 00:00:00-05:00,0.11208300925885337,0.1129998455622942,0.11063166486356464,0.1129237487912178,653892000,0.0,0.0
2004-11-02 00:00:00-05:00,0.11261750226599128,0.11689636685715729,0.11170066614096913,0.11452818661928177,1095756000,0.0,0.0
2004-11-03 00:00:00-05:00,0.11918845241969574,0.11957078056356178,0.1149865998584151,0.11559721827507019,910356000,0.0,0.0
2004-11-04 00:00:00-05:00,0.11643799321210878,0.1191884888131478,0.11399279325072195,0.11773714423179626,995544000,0.0,0.0
2004-11-05 00:00:00-05:00,0.1359968839813578,0.14340857732752144,0.13324638707696243,0.13477474451065063,3849012000,0.0,0.0
2004-11-08 00:00:00-05:00,0.13332330981053808,0.13805967088251297,0.13271177598058417,0.13622599840164185,718620000,0.0,0.0
2004-11-09 00:00:00-05:00,0.13416313100139676,0.13737205126850008,0.13408703422946644,0.13538619875907898,615936000,0.0,0.0
2004-11-10 00:00:00-05:00,0.1352330762061535,0.13668443427962668,0.13462155598921038,0.13538619875907898,645912000,0.0,0.0
2004-11-11 00:00:00-05:00,0.13622601785199026,0.13805969059467316,0.13530918148064883,0.13805969059467316,507000000,0.0,0.0
2004-11-12 00:00:00-05:00,0.14019958517782338,0.14058098441959638,0.1369136524904731,0.13828890025615692,647076000,0.0,0.0
2004-11-15 00:00:00-05:00,0.13691367529290632,0.1413456508001044,0.13607385088143642,0.140351802110672,536472000,0.0,0.0
2004-11-16 00:00:00-05:00,0.1408101892888785,0.1423385458024929,0.1372959529642114,0.13989335298538208,472728000,0.0,0.0
2004-11-17 00:00:00-05:00,0.14210936478656008,0.14600591633668164,0.14073411692377022,0.14226247370243073,602772000,0.0,0.0
2004-11-18 00:00:00-05:00,0.1434846318356224,0.1453183050058015,0.14050491634955684,0.14409616589546204,532524000,0.0,0.0
2004-11-19 00:00:00-05:00,0.15509805163466808,0.15685471123633987,0.14371372085378525,0.14485977590084076,2126052000,0.0,0.0
2004-11-22 00:00:00-05:00,0.14539434512572633,0.1489855796098709,0.1440190976151127,0.1489855796098709,733788000,0.0,0.0
2004-11-23 00:00:00-05:00,0.1477633918152655,0.15120152994078132,0.14654033824114115,0.14959706366062164,676896000,0.0,0.0
2004-11-24 00:00:00-05:00,0.14944398599017283,0.1526529055575782,0.14906165785765535,0.15020771324634552,428580000,0.0,0.0
2004-11-26 00:00:00-05:00,0.15089538568175562,0.15311137319647516,0.1495971499659584,0.15173612534999847,350760000,0.0,0.0
2004-11-29 00:00:00-05:00,0.15288217197396334,0.15395211737095332,0.14745726355074237,0.14875641465187073,704388000,0.0,0.0
2004-11-30 00:00:00-05:00,0.14936789810088766,0.1495200916205966,0.14531823893462853,0.14615897834300995,576540000,0.0,0.0
2004-12-01 00:00:00-05:00,0.14745723685749426,0.14982633292675018,0.1463882070013553,0.14982633292675018,514572000,0.0,0.0
2004-12-02 00:00:00-05:00,0.14837408449132108,0.15295825274163197,0.14722804242874335,0.15181221067905426,758652000,0.0,0.0
2004-12-03 00:00:00-05:00,0.15547951351948777,0.16044600908710988,0.1549450054813735,0.15838313102722168,1347312000,0.0,0.0
2004-12-06 00:00:00-05:00,0.159146836842868,0.16724615446028288,0.1563202318278719,0.16594699025154114,970500000,0.0,0.0
2004-12-07 00:00:00-05:00,0.17564996100587466,0.19070164910412707,0.17221183366268528,0.17427471280097961,2927052000,0.0,0.0
2004-12-08 00:00:00-05:00,0.1767198385434886,0.1795464304486133,0.17496226277880259,0.17633751034736633,872724000,0.0,0.0
2004-12-09 00:00:00-05:00,0.17320560284739842,0.17656671649407388,0.16984357385360085,0.17473305761814117,869964000,0.0,0.0
2004-12-10 00:00:00-05:00,0.17878271932605413,0.18000487178455865,0.17702515706341138,0.17809510231018066,652848000,0.0,0.0
2004-12-13 00:00:00-05:00,0.17542067086802204,0.1777127546609456,0.17236485970585916,0.17320559918880463,738024000,0.0,0.0
2004-12-14 00:00:00-05:00,0.1733578015847187,0.17687295322941515,0.17305249915559415,0.17671984434127808,512988000,0.0,0.0
2004-12-15 00:00:00-05:00,0.1784773761302634,0.1788587889268745,0.17572688137094944,0.17832426726818085,432768000,0.0,0.0
2004-12-16 00:00:00-05:00,0.18351996976389637,0.18993780914400618,0.1803871468320876,0.18069244921207428,1524036000,0.0,0.0
2004-12-17 00:00:00-05:00,0.18405449411671235,0.18481822146992402,0.17412243178421338,0.17618530988693237,1214244000,0.0,0.0
2004-12-20 00:00:00-05:00,0.17824827747115354,0.18099878754284723,0.17335787611041506,0.17427471280097961,898728000,0.0,0.0
2004-12-21 00:00:00-05:00,0.17427463034568316,0.17679593346729675,0.16999668048672428,0.17557378113269806,899400000,0.0,0.0
2004-12-22 00:00:00-05:00,0.17908799226925667,0.17992873164142478,0.17542064775427732,0.17580297589302063,421824000,0.0,0.0
2004-12-23 00:00:00-05:00,0.17481003625216776,0.17824816135567317,0.17396929691249002,0.17626138031482697,366972000,0.0,0.0
2004-12-27 00:00:00-05:00,0.17870660679899122,0.17947033418436262,0.17381622134922614,0.17473305761814117,308208000,0.0,0.0
2004-12-28 00:00:00-05:00,0.17511539978372592,0.17649064757314095,0.17312861804887125,0.1738162487745285,291612000,0.0,0.0
2004-12-29 00:00:00-05:00,0.17328169335614724,0.17748354635174327,0.17282328206919761,0.1753445714712143,294732000,0.0,0.0
2004-12-30 00:00:00-05:00,0.17542065612994134,0.17687292932690563,0.17389321518168877,0.174656942486763,259812000,0.0,0.0
2004-12-31 00:00:00-05:00,0.1771782885489564,0.1809217175381462,0.17649065778351816,0.18000489473342896,575964000,0.0,0.0
2005-01-03 00:00:00-05:00,0.18627049708056465,0.188867883264876,0.17939423209847946,0.18015795946121216,1066716000,0.0,0.0
2005-01-04 00:00:00-05:00,0.18145713167112842,0.1817624341181237,0.16892675254069495,0.17167726159095764,790224000,0.0,0.0
2005-01-05 00:00:00-05:00,0.1698435444499068,0.17534454744915368,0.16892670833971649,0.17328166961669922,724812000,0.0,0.0
2005-01-06 00:00:00-05:00,0.17633752290380716,0.17840040123449252,0.17037810724108143,0.17160116136074066,563568000,0.0,0.0
2005-01-07 00:00:00-05:00,0.17198253307597994,0.1732816837613282,0.16579389907345107,0.16831520199775696,763092000,0.0,0.0
2005-01-10 00:00:00-05:00,0.16885061504952525,0.1703780695871753,0.1677045733037441,0.1686975061893463,579552000,0.0,0.0
2005-01-11 00:00:00-05:00,0.16709301783631994,0.16800985384619171,0.16098049542470944,0.1635017842054367,1093380000,0.0,0.0
2005-01-12 00:00:00-05:00,0.1649540779928551,0.16556469644990573,0.15815392373570958,0.1621265709400177,1057800000,0.0,0.0
2005-01-13 00:00:00-05:00,0.16250889697038884,0.1680859976766781,0.15891766233353907,0.16380804777145386,898764000,0.0,0.0
2005-01-14 00:00:00-05:00,0.16686387190796043,0.16724620013382602,0.16273811521940745,0.16434258222579956,573912000,0.0,0.0
2005-01-18 00:00:00-05:00,0.16250894357437193,0.16732233193941143,0.16212662893036087,0.16694000363349915,464556000,0.0,0.0
2005-01-19 00:00:00-05:00,0.1677045401606854,0.16808593921528406,0.162432743707187,0.16312037408351898,336492000,0.0,0.0
2005-01-20 00:00:00-05:00,0.1598344538278431,0.1674753459254922,0.1598344538278431,0.1635017842054367,640080000,0.0,0.0
2005-01-21 00:00:00-05:00,0.1637310356563076,0.16701696787393197,0.16319652758588318,0.16380804777145386,596352000,0.0,0.0
2005-01-24 00:00:00-05:00,0.16289130125107326,0.16525948296103138,0.15632033543183413,0.15723717212677002,463704000,0.0,0.0
2005-01-25 00:00:00-05:00,0.157924720586822,0.16220358560312037,0.15700788437070637,0.15998759865760803,439704000,0.0,0.0
2005-01-26 00:00:00-05:00,0.16052205645485154,0.16426641225822178,0.1578485744161038,0.16205042600631714,429120000,0.0,0.0
2005-01-27 00:00:00-05:00,0.16235581713952577,0.17580303380318094,0.16136288392712836,0.17503930628299713,1002912000,0.0,0.0
2005-01-28 00:00:00-05:00,0.17572691805213547,0.1764145350545492,0.1709896274991766,0.17481008172035217,671052000,0.0,0.0
2005-01-31 00:00:00-05:00,0.1762614336600692,0.1784004088555448,0.17267019861546345,0.17511539161205292,562968000,0.0,0.0
2005-02-01 00:00:00-05:00,0.1749622859933421,0.17916505503368382,0.17389325604916392,0.1784004122018814,507180000,0.0,0.0
2005-02-02 00:00:00-05:00,0.18542981829221877,0.18978478161934229,0.18015801842329532,0.1883334368467331,2035404000,0.0,0.0
2005-02-03 00:00:00-05:00,0.1863466054201126,0.1876457562665033,0.18374920541258527,0.1863466054201126,690120000,0.0,0.0
2005-02-04 00:00:00-05:00,0.18642267714110858,0.19757779279107723,0.18634658038065244,0.1970432847738266,806448000,0.0,0.0
2005-02-07 00:00:00-05:00,0.19727250911106073,0.20093984049890523,0.19291754711091533,0.19467419385910034,521628000,0.0,0.0
2005-02-08 00:00:00-05:00,0.19345205700258383,0.19971678835433243,0.1928405368140882,0.19658488035202026,455772000,0.0,0.0
2005-02-09 00:00:00-05:00,0.19711939325283256,0.19773091341392243,0.1887147719677765,0.1897086203098297,783756000,0.0,0.0
2005-02-10 00:00:00-05:00,0.19070160732067787,0.1951326671867771,0.19001397653794108,0.1941397339105606,602376000,0.0,0.0
2005-02-11 00:00:00-05:00,0.19291757793968964,0.20124518873816005,0.19222994721750342,0.19979383051395416,556512000,0.0,0.0
2005-02-14 00:00:00-05:00,0.19971681933628965,0.20048146218920626,0.19482734846360694,0.1955910623073578,432900000,0.0,0.0
2005-02-15 00:00:00-05:00,0.19689018339130485,0.20361332560225906,0.19658486732894792,0.19734859466552734,748500000,0.0,0.0
2005-02-16 00:00:00-05:00,0.1967370177242587,0.19956453784580816,0.193146699442321,0.19666092097759247,466464000,0.0,0.0
2005-02-17 00:00:00-05:00,0.19933539265607475,0.19941148942579773,0.1933759636206486,0.1949034184217453,1017408000,0.0,0.0
2005-02-18 00:00:00-05:00,0.20987896617237337,0.21621979369983352,0.2040717313208949,0.2159905880689621,3132120000,0.0,0.0
2005-02-22 00:00:00-05:00,0.2145393239125938,0.2237837729039044,0.21262955394633706,0.21874117851257324,1420800000,0.0,0.0
2005-02-23 00:00:00-05:00,0.21522691295672677,0.21790131173837718,0.208121441042999,0.21163566410541534,1107840000,0.0,0.0
2005-02-24 00:00:00-05:00,0.20873295643883644,0.21751897781882776,0.20873295643883644,0.2172136753797531,695496000,0.0,0.0
2005-02-25 00:00:00-05:00,0.21751896603835943,0.22149161356748828,0.21515078540883756,0.22034557163715363,525132000,0.0,0.0
2005-02-28 00:00:00-05:00,0.21927647437541462,0.22156855753106064,0.2173657902938463,0.22149154543876648,758064000,0.0,0.0
2005-03-01 00:00:00-05:00,0.2224854705813663,0.22615280216816577,0.2187411132137023,0.22095710039138794,737148000,0.0,0.0
2005-03-02 00:00:00-05:00,0.21851190382782898,0.21973495790069894,0.21316400859857337,0.21446315944194794,947460000,0.0,0.0
2005-03-03 00:00:00-05:00,0.2139277283307332,0.21530297589526526,0.2084267107488104,0.21155953407287598,761292000,0.0,0.0
2005-03-04 00:00:00-05:00,0.2121710967855644,0.21400476956235504,0.20888516413176145,0.2106427401304245,593124000,0.0,0.0
2005-03-07 00:00:00-05:00,0.21155952905646241,0.2172136553869819,0.21010818475856993,0.21278166770935059,511176000,0.0,0.0
2005-03-08 00:00:00-05:00,0.21224718313637672,0.2127055944771039,0.2006336404413396,0.20200888812541962,1332384000,0.0,0.0
2005-03-09 00:00:00-05:00,0.2007106286022935,0.20445407030320556,0.19612646109468113,0.19673706591129303,910140000,0.0,0.0
2005-03-10 00:00:00-05:00,0.1973485514000709,0.19910612667208485,0.1935280985225151,0.19666092097759247,689280000,0.0,0.0
2005-03-11 00:00:00-05:00,0.1984186075785887,0.19872391008341614,0.19047239503147748,0.1922299712896347,732180000,0.0,0.0
2005-03-14 00:00:00-05:00,0.19620253067081964,0.19849461410699568,0.194827283341493,0.1976538747549057,572148000,0.0,0.0
2005-03-15 00:00:00-05:00,0.19864781308191595,0.20055758291675918,0.19352820690091466,0.19368132948875427,378108000,0.0,0.0
2005-03-16 00:00:00-05:00,0.1929175223049328,0.19597333311712023,0.1903192073870725,0.19039621949195862,535356000,0.0,0.0
2005-03-17 00:00:00-05:00,0.1910068823412417,0.19169451302507515,0.1880271675938283,0.18848559260368347,442584000,0.0,0.0
2005-03-18 00:00:00-05:00,0.1886386698730695,0.18925019001688168,0.18122789713944787,0.18466602265834808,639012000,0.0,0.0
2005-03-21 00:00:00-05:00,0.18458904308103682,0.19146529533073042,0.18344300103942124,0.1910068839788437,654456000,0.0,0.0
2005-03-22 00:00:00-05:00,0.19115998890769853,0.1929175648262924,0.18688112328230325,0.1875687539577484,622992000,0.0,0.0
2005-03-23 00:00:00-05:00,0.18733951799717496,0.19291753363503755,0.18695810517644007,0.19161838293075562,728784000,0.0,0.0
2005-03-24 00:00:00-05:00,0.19215286572591098,0.19734856617553156,0.19184756336952513,0.19200067222118378,865356000,0.0,0.0
2005-03-28 00:00:00-05:00,0.19207682290528233,0.19482733191152649,0.1880271630005954,0.18986083567142487,511188000,0.0,0.0
2005-03-29 00:00:00-05:00,0.18963163931568386,0.19177152988089918,0.18481825173385003,0.1856589913368225,587400000,0.0,0.0
2005-03-30 00:00:00-05:00,0.18573508811428976,0.18833340370067445,0.17931724711311064,0.1856589913368225,858708000,0.0,0.0
2005-03-31 00:00:00-05:00,0.18458898328594447,0.18588813380641972,0.18069243340954655,0.18153317272663116,518316000,0.0,0.0
2005-04-01 00:00:00-05:00,0.18374918806388724,0.18481821780299784,0.1787065957281898,0.17977562546730042,510756000,0.0,0.0
2005-04-04 00:00:00-04:00,0.17878266821293284,0.17931718984084816,0.17473302306468927,0.1787065714597702,421428000,0.0,0.0
2005-04-05 00:00:00-04:00,0.17878270120047224,0.18252614299478734,0.17450383599440336,0.17557378113269806,430128000,0.0,0.0
2005-04-06 00:00:00-04:00,0.178858845251136,0.18183854656841167,0.17763669268679927,0.17824822664260864,567468000,0.0,0.0
2005-04-07 00:00:00-04:00,0.17916499263429816,0.18336684486398247,0.17610826672806265,0.18153317272663116,506352000,0.0,0.0
2005-04-08 00:00:00-04:00,0.1822969283845599,0.186346587742832,0.1787826924117208,0.17916502058506012,621540000,0.0,0.0
2005-04-11 00:00:00-04:00,0.18046322246191618,0.18107475615918975,0.17511532872028374,0.17564983665943146,328380000,0.0,0.0
2005-04-12 00:00:00-04:00,0.17511539493320766,0.17809510977932136,0.17121884369891288,0.1777898073196411,512232000,0.0,0.0
2005-04-13 00:00:00-04:00,0.17801896734058456,0.17847737858614623,0.1692320186122542,0.17037807404994965,498408000,0.0,0.0
2005-04-14 00:00:00-04:00,0.1707603916606449,0.1723648447113567,0.16839221130713258,0.16900281608104706,352080000,0.0,0.0
2005-04-15 00:00:00-04:00,0.16686380095443304,0.16808593921528406,0.1615920045009346,0.16312037408351898,630156000,0.0,0.0
2005-04-18 00:00:00-04:00,0.16212660874381607,0.16564174718303043,0.1612097723283504,0.16197441518306732,473100000,0.0,0.0
2005-04-19 00:00:00-04:00,0.16464785879952856,0.1688506269488592,0.16388413147688172,0.16762757301330566,365460000,0.0,0.0
2005-04-20 00:00:00-04:00,0.1704551156424409,0.17152414549757344,0.1623557960432539,0.16250890493392944,564672000,0.0,0.0
2005-04-21 00:00:00-04:00,0.16579389959826754,0.1721356424904061,0.1643425553858284,0.17152412235736847,538152000,0.0,0.0
2005-04-22 00:00:00-04:00,0.17045509175763468,0.17160113357109968,0.16793378883849477,0.16991965472698212,336276000,0.0,0.0
2005-04-25 00:00:00-04:00,0.1713719466279069,0.1738932361600828,0.1705312071141703,0.1725940853357315,318168000,0.0,0.0
2005-04-26 00:00:00-04:00,0.17267018027878064,0.1762614149420158,0.16831521822641354,0.17183035612106323,353148000,0.0,0.0
2005-04-27 00:00:00-04:00,0.16732225398332215,0.16793377405935378,0.16182123736853596,0.16525937616825104,609348000,0.0,0.0
2005-04-28 00:00:00-04:00,0.16472488084060202,0.16800989764733965,0.16312042765145635,0.16579391062259674,372948000,0.0,0.0
2005-04-29 00:00:00-04:00,0.1673983639152891,0.16869751458591165,0.1598344825518992,0.16755147278308868,478356000,0.0,0.0
2005-05-02 00:00:00-04:00,0.16953831964266625,0.17144808949175924,0.16441871342346492,0.16694000363349915,334908000,0.0,0.0
2005-05-03 00:00:00-04:00,0.16709306543905053,0.1701488766729333,0.16533550332720331,0.1660231202840805,439512000,0.0,0.0
2005-05-04 00:00:00-04:00,0.1667877572732138,0.17251798035452545,0.1662523338715585,0.1712949126958847,468816000,0.0,0.0
2005-05-05 00:00:00-04:00,0.17228874846430434,0.17679591721966967,0.17137192595367998,0.174656942486763,619272000,0.0,0.0
2005-05-06 00:00:00-04:00,0.1767198517909841,0.1771021663538686,0.17267019188781701,0.17702515423297882,355728000,0.0,0.0
2005-05-09 00:00:00-04:00,0.17778980885199694,0.18153323755319617,0.17671986355113337,0.18031109869480133,745332000,0.0,0.0
2005-05-10 00:00:00-04:00,0.17801895902468787,0.1780950557797246,0.1712948885392815,0.17328166961669922,735120000,0.0,0.0
2005-05-11 00:00:00-04:00,0.17419851386431928,0.1749622411531489,0.1700727580066817,0.17037807404994965,555420000,0.0,0.0
2005-05-12 00:00:00-04:00,0.17037807975247773,0.1764145065618938,0.17022587256830482,0.1741224229335785,835584000,0.0,0.0
2005-05-13 00:00:00-04:00,0.18986079966623223,0.19459807567767962,0.1818384934991269,0.19352813065052032,2650320000,0.0,0.0
2005-05-16 00:00:00-04:00,0.19123608956686508,0.1955149552791753,0.1911599927906585,0.1942158043384552,664104000,0.0,0.0
2005-05-17 00:00:00-04:00,0.19306973852428722,0.19727250694289525,0.192917544990614,0.1963556706905365,639804000,0.0,0.0
2005-05-18 00:00:00-04:00,0.195897302660539,0.19826548375035263,0.1938344240526055,0.19780705869197845,550056000,0.0,0.0
2005-05-19 00:00:00-04:00,0.1982654642867369,0.19910620387540706,0.19520965274029944,0.1974247246980667,452880000,0.0,0.0
2005-05-20 00:00:00-04:00,0.1971955199811425,0.2010159606967545,0.19490343588884,0.2009398639202118,517008000,0.0,0.0
2005-05-23 00:00:00-04:00,0.2023151399048994,0.20766303594442082,0.20170360594486134,0.20560015738010406,703668000,0.0,0.0
2005-05-24 00:00:00-04:00,0.20460721655760225,0.209267481681835,0.2036133680297569,0.20850376784801483,522192000,0.0,0.0
2005-05-25 00:00:00-04:00,0.2080452641904473,0.20911429374622884,0.20384249667704252,0.20582927763462067,535272000,0.0,0.0
2005-05-26 00:00:00-04:00,0.20766302967006792,0.21324013123447297,0.20728070141497235,0.21163566410541534,788784000,0.0,0.0
2005-05-27 00:00:00-04:00,0.21224715767856772,0.21224715767856772,0.20804530469402796,0.21026037633419037,322740000,0.0,0.0
2005-05-31 00:00:00-04:00,0.20934359998742763,0.21110117619172056,0.2036133889669176,0.20705151557922363,763176000,0.0,0.0
2005-06-01 00:00:00-04:00,0.20567618101135765,0.21278163695074495,0.20323190405891325,0.2089621126651764,796632000,0.0,0.0
2005-06-02 00:00:00-04:00,0.2081974961461187,0.2167552262544632,0.2081974961461187,0.2167552262544632,684348000,0.0,0.0
2005-06-03 00:00:00-04:00,0.21599065163676212,0.21797741979994542,0.2139277730280052,0.21621985733509064,559620000,0.0,0.0
2005-06-06 00:00:00-04:00,0.2123232236748911,0.21652599139747106,0.2121710301664229,0.2141568958759308,512892000,0.0,0.0
2005-06-07 00:00:00-04:00,0.21270554019577537,0.2162197757763978,0.20819747006573444,0.2089621126651764,974136000,0.0,0.0
2005-06-08 00:00:00-04:00,0.20949664292259637,0.21240026041642387,0.205294803721414,0.2075098752975464,618720000,0.0,0.0
2005-06-09 00:00:00-04:00,0.2059054642913061,0.2162968694660722,0.20567625859297758,0.21621985733509064,619908000,0.0,0.0
2005-06-10 00:00:00-04:00,0.21599060087374072,0.21621980651820039,0.21232325591479884,0.21377551555633545,465096000,0.0,0.0
2005-06-13 00:00:00-04:00,0.2139277121348063,0.22454831998481065,0.21331709368271096,0.21851187944412231,1409916000,0.0,0.0
2005-06-14 00:00:00-04:00,0.2185889490641428,0.22217926901477242,0.1987238909450816,0.20560015738010406,2408412000,0.0,0.0
2005-06-15 00:00:00-04:00,0.20430093846163275,0.20590540521338255,0.19689017948632453,0.20498856902122498,1669788000,0.0,0.0
2005-06-16 00:00:00-04:00,0.20491250489350898,0.2074337945770578,0.20193279020992505,0.2060585469007492,489240000,0.0,0.0
2005-06-17 00:00:00-04:00,0.2085798723798838,0.20896218698463123,0.20506563554938853,0.20560015738010406,456348000,0.0,0.0
2005-06-20 00:00:00-04:00,0.2056000949450687,0.21010816530947396,0.2022380663614962,0.20873291790485382,606060000,0.0,0.0
2005-06-21 00:00:00-04:00,0.21010820691125495,0.21171267391924536,0.20812142533891645,0.21071882545948029,428172000,0.0,0.0
2005-06-22 00:00:00-04:00,0.21293483755716802,0.21438618217749994,0.2078922439372957,0.21048963069915771,700668000,0.0,0.0
2005-06-23 00:00:00-04:00,0.21010818425929045,0.21637291539687112,0.20934354155113277,0.21377551555633545,836976000,0.0,0.0
2005-06-24 00:00:00-04:00,0.21339319559712208,0.21346929236097245,0.20582931388936157,0.20697535574436188,475632000,0.0,0.0
2005-06-27 00:00:00-04:00,0.20567624673208434,0.20735771231629926,0.2034611746837188,0.20529484748840332,354588000,0.0,0.0
2005-06-28 00:00:00-04:00,0.2061346563269224,0.207968329115814,0.20384257217175752,0.2065930813550949,262308000,0.0,0.0
2005-06-29 00:00:00-04:00,0.20667008544919444,0.2070514846747683,0.20300274001393454,0.2046833038330078,283572000,0.0,0.0
2005-06-30 00:00:00-04:00,0.2060585237128965,0.20796829294829214,0.20254430131267373,0.20414875447750092,593232000,0.0,0.0
2005-07-01 00:00:00-04:00,0.2034611842934646,0.20537095396763527,0.20093988065246396,0.20506563782691956,315168000,0.0,0.0
2005-07-05 00:00:00-04:00,0.20582932081599017,0.209114337616769,0.20384253944160097,0.20827451348304749,388440000,0.0,0.0
2005-07-06 00:00:00-04:00,0.20896214697124293,0.2147684532857178,0.2065930510378623,0.21385163068771362,703632000,0.0,0.0
2005-07-07 00:00:00-04:00,0.21048957597192924,0.21392771516450426,0.20980195906293136,0.21232324838638306,465900000,0.0,0.0
2005-07-08 00:00:00-04:00,0.21362238812171813,0.21568526606646032,0.21087189330332567,0.21499764919281006,408132000,0.0,0.0
2005-07-11 00:00:00-04:00,0.21690743486164077,0.2204225864739137,0.21599061223557423,0.21820659935474396,399492000,0.0,0.0
2005-07-12 00:00:00-04:00,0.21805354180723496,0.21866507585118714,0.2125525361015142,0.21698452532291412,564252000,0.0,0.0
2005-07-13 00:00:00-04:00,0.2179013257312238,0.21851194436473595,0.21362245954574224,0.21728980541229248,594780000,0.0,0.0
2005-07-14 00:00:00-04:00,0.21958179661367552,0.22386066098430327,0.2073576389082825,0.20766295492649078,1871496000,0.0,0.0
2005-07-15 00:00:00-04:00,0.20705142637274793,0.20766296010946433,0.20185664114162977,0.2054469734430313,1223352000,0.0,0.0
2005-07-18 00:00:00-04:00,0.2048364063827557,0.20491250315606951,0.1982654568380564,0.20032833516597748,1044900000,0.0,0.0
2005-07-19 00:00:00-04:00,0.20155046481219316,0.20353724627685454,0.20002302367006808,0.20307882130146027,517896000,0.0,0.0
2005-07-20 00:00:00-04:00,0.20071062577590168,0.20697535678540172,0.19796013077482524,0.2061346173286438,526500000,0.0,0.0
2005-07-21 00:00:00-04:00,0.20346112650128986,0.20437796268651254,0.1984185343135131,0.20262038707733154,594528000,0.0,0.0
2005-07-22 00:00:00-04:00,0.20361332560225906,0.20651694310704546,0.1958972504176142,0.19734859466552734,699264000,0.0,0.0
2005-07-25 00:00:00-04:00,0.19505651731869497,0.2046071805819107,0.19421577784434105,0.19849464297294617,974952000,0.0,0.0
2005-07-26 00:00:00-04:00,0.19765389165081915,0.20292568946942754,0.19689017799705985,0.20262038707733154,759492000,0.0,0.0
2005-07-27 00:00:00-04:00,0.20292570704273113,0.20766299724865972,0.19948758129682748,0.2067461609840393,807828000,0.0,0.0
2005-07-28 00:00:00-04:00,0.20636383230584524,0.20934354674341626,0.20353724041263976,0.20835061371326447,411240000,0.0,0.0
2005-07-29 00:00:00-04:00,0.20750988836583326,0.20972587542858137,0.20506559733762492,0.2067461609840393,351660000,0.0,0.0
2005-08-01 00:00:00-04:00,0.20796832602934404,0.2107958472965952,0.2065930782890351,0.20987901091575623,389040000,0.0,0.0
2005-08-02 00:00:00-04:00,0.21010825493262733,0.21339327281151124,0.20980203707228445,0.21270564198493958,422652000,0.0,0.0
2005-08-03 00:00:00-04:00,0.21270564198493958,0.2146924240113678,0.210795885759199,0.21270564198493958,518256000,0.0,0.0
2005-08-04 00:00:00-04:00,0.2111011646659599,0.21201800111156396,0.21003121930730567,0.21048963069915771,356424000,0.0,0.0
2005-08-05 00:00:00-04:00,0.21018433315563567,0.21629687227768907,0.20873298850122513,0.2158384472131729,684096000,0.0,0.0
2005-08-08 00:00:00-04:00,0.21728976235354805,0.22133942203535348,0.21507377524165208,0.2166021317243576,725544000,0.0,0.0
2005-08-09 00:00:00-04:00,0.21690739271480242,0.2174428297026266,0.2136984731613954,0.2160675823688507,291900000,0.0,0.0
2005-08-10 00:00:00-04:00,0.21698449360675812,0.21805350993482314,0.21064274905920216,0.21285873651504517,440556000,0.0,0.0
2005-08-11 00:00:00-04:00,0.21285874577236916,0.21621986014570643,0.21079586713679715,0.2158384472131729,701556000,0.0,0.0
2005-08-12 00:00:00-04:00,0.22852098321302988,0.23081306716576228,0.2207278950413601,0.22882629930973053,2295420000,0.0,0.0
2005-08-15 00:00:00-04:00,0.22959091400700765,0.23700170082155253,0.22668731001975065,0.23463352024555206,882804000,0.0,0.0
2005-08-16 00:00:00-04:00,0.23241756750688702,0.23448043230981344,0.22897942762424495,0.23065999150276184,637488000,0.0,0.0
2005-08-17 00:00:00-04:00,0.22966704467125404,0.23348751280210397,0.22951394942918088,0.23065999150276184,607572000,0.0,0.0
2005-08-18 00:00:00-04:00,0.22890327859782297,0.23004930674791943,0.2237075775588937,0.22470051050186157,822732000,0.0,0.0
2005-08-19 00:00:00-04:00,0.22508280906259942,0.22577043956586162,0.2224084111289469,0.22309602797031403,422232000,0.0,0.0
2005-08-22 00:00:00-04:00,0.22271471374814486,0.22630503382057238,0.2186650532641649,0.22126244008541107,547224000,0.0,0.0
2005-08-23 00:00:00-04:00,0.22103318357450769,0.22386070445616696,0.22026946986195076,0.22271466255187988,254460000,0.0,0.0
2005-08-24 00:00:00-04:00,0.2212623369237725,0.22760407878643468,0.22019332104829514,0.22286680340766907,514620000,0.0,0.0
2005-08-25 00:00:00-04:00,0.22386070744011835,0.22561736786091993,0.2219500227887997,0.22439521551132202,296484000,0.0,0.0
2005-08-26 00:00:00-04:00,0.22462444564008538,0.22462444564008538,0.21881812533266884,0.22095710039138794,323436000,0.0,0.0
2005-08-29 00:00:00-04:00,0.21889428676548156,0.22156869972022056,0.21713672405565096,0.22133949398994446,343392000,0.0,0.0
2005-08-30 00:00:00-04:00,0.22095713713088022,0.22982018563005263,0.2206518346457459,0.22928474843502045,948852000,0.0,0.0
2005-08-31 00:00:00-04:00,0.22875013942937894,0.23730693900095684,0.22806250896850608,0.23440425097942352,906804000,0.0,0.0
2005-09-01 00:00:00-04:00,0.23371669824965274,0.23661938723658224,0.23249365774675862,0.23448042571544647,556884000,0.0,0.0
2005-09-02 00:00:00-04:00,0.23493884367448617,0.23493884367448617,0.22989626401548957,0.23065999150276184,469800000,0.0,0.0
2005-09-06 00:00:00-04:00,0.2315006881324976,0.23379277198935045,0.22798646557849248,0.23257063329219818,423096000,0.0,0.0
2005-09-07 00:00:00-04:00,0.2322644372298347,0.24059294927633948,0.23165383232870596,0.23998144268989563,588012000,0.0,0.0
2005-09-08 00:00:00-04:00,0.23853013736846368,0.24578780407729256,0.23853013736846368,0.24280808866024017,646116000,0.0,0.0
2005-09-09 00:00:00-04:00,0.24540632618156735,0.24647536970988634,0.2414327631117707,0.24594083428382874,454236000,0.0,0.0
2005-09-12 00:00:00-04:00,0.2461699811621739,0.24693370836641793,0.242197348270605,0.24510003626346588,556584000,0.0,0.0
2005-09-13 00:00:00-04:00,0.24395409704863655,0.2537339680500018,0.24395409704863655,0.2525118291378021,854724000,0.0,0.0
2005-09-14 00:00:00-04:00,0.25060110643031436,0.2539631353493165,0.2483089953161736,0.249455064535141,503448000,0.0,0.0
2005-09-15 00:00:00-04:00,0.25327558288501895,0.25671370963122886,0.2517472259915425,0.2538871169090271,759756000,0.0,0.0
2005-09-16 00:00:00-04:00,0.25602608575148167,0.2574013474167345,0.2519764248715819,0.25403931736946106,519828000,0.0,0.0
2005-09-19 00:00:00-04:00,0.2537338551324077,0.2545745807506962,0.24907359190388434,0.2504488527774811,428316000,0.0,0.0
2005-09-20 00:00:00-04:00,0.25235865638947846,0.258164989991376,0.25205336763632435,0.2553383708000183,522192000,0.0,0.0
2005-09-21 00:00:00-04:00,0.25434542707528435,0.2593880054972457,0.2509073016979755,0.25312235951423645,625656000,0.0,0.0
2005-09-22 00:00:00-04:00,0.253733974108053,0.253733974108053,0.24181511381157123,0.24632321298122406,739152000,0.0,0.0
2005-09-23 00:00:00-04:00,0.24578775674848982,0.25205340424167916,0.24372486463062018,0.2499135136604309,314640000,0.0,0.0
2005-09-26 00:00:00-04:00,0.25182423682864763,0.2537340067751285,0.24731616440240173,0.2519764304161072,406776000,0.0,0.0
2005-09-27 00:00:00-04:00,0.25304631614090767,0.25526230343360135,0.2509073546330761,0.2528171241283417,404160000,0.0,0.0
2005-09-28 00:00:00-04:00,0.25358087959499753,0.2550331670673232,0.2506781899927779,0.25434553623199463,353556000,0.0,0.0
2005-09-29 00:00:00-04:00,0.2544215672032347,0.25976946258448896,0.25235867523093747,0.25961726903915405,513372000,0.0,0.0
2005-09-30 00:00:00-04:00,0.2597695046793093,0.2642775765883149,0.25923499648967036,0.2619093954563141,458832000,0.0,0.0
2005-10-03 00:00:00-04:00,0.2649651640713586,0.27100069010209443,0.2628261753292117,0.2690909206867218,549888000,0.0,0.0
2005-10-04 00:00:00-04:00,0.2702370156717052,0.27466806193162746,0.2649652160361613,0.2655767500400543,514476000,0.0,0.0
2005-10-05 00:00:00-04:00,0.2658821988893001,0.2658821988893001,0.25518549792026374,0.2567899525165558,599184000,0.0,0.0
2005-10-06 00:00:00-04:00,0.25648438189390155,0.2604570425102954,0.24815677350168294,0.2558728754520416,685512000,0.0,0.0
2005-10-07 00:00:00-04:00,0.2563312963370168,0.25892959768927554,0.25060108729861286,0.25258785486221313,551952000,0.0,0.0
2005-10-10 00:00:00-04:00,0.2538870948747512,0.25434550626970087,0.24609399186540604,0.24617008864879608,459216000,0.0,0.0
2005-10-11 00:00:00-04:00,0.24708688207213944,0.24922587086428205,0.24028672676809001,0.24311424791812897,540048000,0.0,0.0
2005-10-12 00:00:00-04:00,0.24242664432739833,0.24976133588942764,0.242120426501415,0.2460169643163681,657660000,0.0,0.0
2005-10-13 00:00:00-04:00,0.24548244304001585,0.24586475762844112,0.23532115956360428,0.24471871554851532,509304000,0.0,0.0
2005-10-14 00:00:00-04:00,0.24647538987702092,0.2495321032137231,0.24066905537480804,0.24471871554851532,311256000,0.0,0.0
2005-10-17 00:00:00-04:00,0.24487080672968112,0.24953199888855146,0.24487080672968112,0.2470867931842804,243912000,0.0,0.0
2005-10-18 00:00:00-04:00,0.24800368817544832,0.24846209943476769,0.24143272604292057,0.2430371791124344,299832000,0.0,0.0
2005-10-19 00:00:00-04:00,0.2399053503943402,0.2413566812456421,0.23310516750619134,0.24097436666488647,635952000,0.0,0.0
2005-10-20 00:00:00-04:00,0.24135661960290344,0.24769836218955213,0.24028667459649236,0.24265578389167786,359520000,0.0,0.0
2005-10-21 00:00:00-04:00,0.24678153659529645,0.24754526386678694,0.24234956310990058,0.24403104186058044,298368000,0.0,0.0
2005-10-24 00:00:00-04:00,0.24617013871992546,0.2506782114505768,0.2439541507540339,0.2506782114505768,291012000,0.0,0.0
2005-10-25 00:00:00-04:00,0.24899662769572958,0.2530462872455068,0.2479276115684407,0.2522825598716736,334680000,0.0,0.0
2005-10-26 00:00:00-04:00,0.2523586937423452,0.2528932292083752,0.24502402994723377,0.2454063445329666,415344000,0.0,0.0
2005-10-27 00:00:00-04:00,0.2458647239562385,0.24662845134314337,0.23952298049120793,0.2402867078781128,227784000,0.0,0.0
2005-10-28 00:00:00-04:00,0.2408982851525501,0.24815685253486666,0.23493885514934,0.24769844114780426,464640000,0.0,0.0
2005-10-31 00:00:00-05:00,0.24869128775134366,0.2580888403539716,0.24869128775134366,0.25633126497268677,432420000,0.0,0.0
2005-11-01 00:00:00-05:00,0.2563312761548415,0.25824194680729723,0.2512125739843238,0.25319936871528625,400488000,0.0,0.0
2005-11-02 00:00:00-05:00,0.2532756142612586,0.2681741653404942,0.2521295718705482,0.26786887645721436,523668000,0.0,0.0
2005-11-03 00:00:00-05:00,0.26970241644013937,0.27122984375858294,0.26259694620026364,0.2647359073162079,465072000,0.0,0.0
2005-11-04 00:00:00-05:00,0.2648892345031811,0.26549983976349634,0.25747754079567825,0.2602280378341675,570276000,0.0,0.0
2005-11-07 00:00:00-05:00,0.26160311380901735,0.2625199363946581,0.25801279459430065,0.25908181071281433,370824000,0.0,0.0
2005-11-08 00:00:00-05:00,0.260075642701244,0.2603048619951211,0.25312236599985455,0.2542684078216553,538968000,0.0,0.0
2005-11-09 00:00:00-05:00,0.25480385226845975,0.26741033999878316,0.251900234744199,0.2657288610935211,818880000,0.0,0.0
2005-11-10 00:00:00-05:00,0.2749741999752913,0.28093360075674667,0.250907295595668,0.2558728754520416,2503620000,0.0,0.0
2005-11-11 00:00:00-05:00,0.25808892042523096,0.2631314998617094,0.25694287840222235,0.2600756883621216,545928000,0.0,0.0
2005-11-14 00:00:00-05:00,0.2601518278202731,0.2674104230424785,0.25617919298000646,0.2655767500400543,493668000,0.0,0.0
2005-11-15 00:00:00-05:00,0.2671811287739483,0.2697024318609795,0.2653474562855432,0.26618728041648865,496200000,0.0,0.0
2005-11-16 00:00:00-05:00,0.26649332984902135,0.26794468689570655,0.26007549385522527,0.26527026295661926,455280000,0.0,0.0
2005-11-17 00:00:00-05:00,0.26748640604262147,0.27726627357452815,0.26435356957761263,0.2770370543003082,703260000,0.0,0.0
2005-11-18 00:00:00-05:00,0.2779539451763826,0.28024605651148443,0.2710776931424674,0.27650168538093567,465768000,0.0,0.0
2005-11-21 00:00:00-05:00,0.2768078435101277,0.28185044910719975,0.2749741985553279,0.28139203786849976,454704000,0.0,0.0
2005-11-22 00:00:00-05:00,0.2828434798888647,0.29162950294178036,0.2806274922550932,0.28887900710105896,731700000,0.0,0.0
2005-11-23 00:00:00-05:00,0.28918516000478556,0.29224097131838633,0.28651076155210337,0.28803911805152893,411948000,0.0,0.0
2005-11-25 00:00:00-05:00,0.2894143910182719,0.2913241604557772,0.28742759579823407,0.2908657491207123,116676000,0.0,0.0
2005-11-28 00:00:00-05:00,0.29162949418306694,0.29415079790022175,0.28421873293498545,0.2894144356250763,424524000,0.0,0.0
2005-11-29 00:00:00-05:00,0.27229986122203087,0.2800168673112592,0.2698546817146203,0.2710777223110199,1043136000,0.0,0.0
2005-11-30 00:00:00-05:00,0.2691670159577295,0.27757162437198124,0.2690909191855868,0.2761963903903961,575448000,0.0,0.0
2005-12-01 00:00:00-05:00,0.27848843209968643,0.2807805157117174,0.2755087179392877,0.27948135137557983,562032000,0.0,0.0
2005-12-02 00:00:00-05:00,0.2807805290034194,0.2814681595843384,0.2758140197234088,0.279558390378952,334476000,0.0,0.0
2005-12-05 00:00:00-05:00,0.2801690196714927,0.2801690196714927,0.27344586313591,0.274362713098526,387708000,0.0,0.0
2005-12-06 00:00:00-05:00,0.27482113074909054,0.27925220346590696,0.2744388161917232,0.2755087614059448,375252000,0.0,0.0
2005-12-07 00:00:00-05:00,0.2765786847625121,0.27825923471909964,0.27122986079939165,0.27596715092658997,352668000,0.0,0.0
2005-12-08 00:00:00-05:00,0.2745157985129184,0.27810614513134774,0.2706192614515201,0.2737511694431305,386664000,0.0,0.0
2005-12-09 00:00:00-05:00,0.27459195164000305,0.2780301054278397,0.27077151056260407,0.2776477634906769,262896000,0.0,0.0
2005-12-12 00:00:00-05:00,0.27841241839806447,0.2823089562362157,0.27795397967985835,0.28169742226600647,281136000,0.0,0.0
2005-12-13 00:00:00-05:00,0.28223193912820443,0.287809983796621,0.2801690741280014,0.2853647768497467,443412000,0.0,0.0
2005-12-14 00:00:00-05:00,0.2832256366256254,0.28460089744119366,0.2793291007465637,0.28269022703170776,287472000,0.0,0.0
2005-12-15 00:00:00-05:00,0.2824611310891913,0.28460102167664975,0.2761964125869604,0.2791000306606293,332724000,0.0,0.0
2005-12-16 00:00:00-05:00,0.28009282119840306,0.2827672186967305,0.27741842370007563,0.28154417872428894,1065600000,0.0,0.0
2005-12-19 00:00:00-05:00,0.282155757696054,0.284218649401192,0.276196356525616,0.27688395977020264,292296000,0.0,0.0
2005-12-20 00:00:00-05:00,0.2765786121422339,0.28078046409683427,0.27306346160084083,0.27673080563545227,304356000,0.0,0.0
2005-12-21 00:00:00-05:00,0.27803006302297234,0.2803221469827436,0.27367508710512933,0.2761963903903961,289380000,0.0,0.0
2005-12-22 00:00:00-05:00,0.2759671461684289,0.28490628919936656,0.2758910494031513,0.28460097312927246,318336000,0.0,0.0
2005-12-23 00:00:00-05:00,0.2853646432827567,0.2871983153823408,0.2834548744331488,0.2868160009384155,214536000,0.0,0.0
2005-12-27 00:00:00-05:00,0.28651075814176286,0.2917064597592833,0.2855939355195887,0.28857362270355225,367968000,0.0,0.0
2005-12-28 00:00:00-05:00,0.28857359799433396,0.2921648460536501,0.2867399529069922,0.29124802350997925,264420000,0.0,0.0
2005-12-29 00:00:00-05:00,0.2910949778839963,0.2920118279936968,0.2835310942670175,0.2847532331943512,310464000,0.0,0.0
2005-12-30 00:00:00-05:00,0.2831487796797362,0.28322577814820116,0.27818319817774595,0.27932924032211304,229608000,0.0,0.0
2006-01-03 00:00:00-05:00,0.28093363575933844,0.2941507288968533,0.28001681316297367,0.2920117676258087,472812000,0.0,0.0
2006-01-04 00:00:00-05:00,0.29422782711886614,0.3006456688450234,0.2911710861660136,0.30018723011016846,510072000,0.0,0.0
2006-01-05 00:00:00-05:00,0.3002632940057845,0.30752188829669036,0.2997287858672166,0.3069864511489868,646092000,0.0,0.0
2006-01-06 00:00:00-05:00,0.3105015790559505,0.31317507587445864,0.29835352865458675,0.31202903389930725,623388000,0.0,0.0
2006-01-09 00:00:00-05:00,0.3118767385981127,0.3224203331826476,0.3111891354361648,0.32073888182640076,560484000,0.0,0.0
2006-01-10 00:00:00-05:00,0.3192114973626509,0.32081595063209534,0.31516183763744043,0.32081595063209534,339660000,0.0,0.0
2006-01-11 00:00:00-05:00,0.32112125081804355,0.3342622197370234,0.32058674275771715,0.33242857456207275,626304000,0.0,0.0
2006-01-12 00:00:00-05:00,0.33235253292498945,0.3374712094193494,0.32532315783935617,0.3276922404766083,495504000,0.0,0.0
2006-01-13 00:00:00-05:00,0.3269275614855972,0.32960195984138396,0.32020440523564203,0.3247886002063751,421296000,0.0,0.0
2006-01-17 00:00:00-05:00,0.3203575373053332,0.3247125130936915,0.31607865828685505,0.32455939054489136,329232000,0.0,0.0
2006-01-18 00:00:00-05:00,0.31470336967582596,0.32730982888974836,0.31172365566959526,0.3262398838996887,459948000,0.0,0.0
2006-01-19 00:00:00-05:00,0.33059482826277037,0.34885539775963076,0.32998422357216395,0.3443473279476166,914760000,0.0,0.0
2006-01-20 00:00:00-05:00,0.3448828858063197,0.348855520061261,0.3346446042029536,0.3347207009792328,461604000,0.0,0.0
2006-01-23 00:00:00-05:00,0.33731901819347304,0.33945797981337283,0.3327348498164026,0.3366313874721527,334884000,0.0,0.0
2006-01-24 00:00:00-05:00,0.3373950582352328,0.3453412547790978,0.3364782356435156,0.3383118808269501,388896000,0.0,0.0
2006-01-25 00:00:00-05:00,0.33999247949852346,0.342208466674042,0.33128255503423193,0.3353322148323059,400236000,0.0,0.0
2006-01-26 00:00:00-05:00,0.340221616686282,0.3470978947439853,0.33808265563615814,0.3467925786972046,448836000,0.0,0.0
2006-01-27 00:00:00-05:00,0.3513007113733362,0.357260140662082,0.34839709350192094,0.35336360335350037,385044000,0.0,0.0
2006-01-30 00:00:00-05:00,0.35489102037702647,0.35527333492484164,0.34778554930672234,0.34939002990722656,315780000,0.0,0.0
2006-01-31 00:00:00-05:00,0.34763325380692395,0.3495430226153695,0.3408331008229157,0.3435074985027313,384456000,0.0,0.0
2006-02-01 00:00:00-05:00,0.33731889904087975,0.34511199892338884,0.336019734836886,0.3437367379665375,450852000,0.0,0.0
2006-02-02 00:00:00-05:00,0.3468687675559046,0.3470979869040797,0.3327348495290511,0.3332693576812744,473736000,0.0,0.0
2006-02-03 00:00:00-05:00,0.3311303072903145,0.3404508350971359,0.3300603622635507,0.336325079202652,504252000,0.0,0.0
2006-02-06 00:00:00-05:00,0.3354083373108318,0.34618112722378785,0.3339569791300025,0.3457997143268585,363468000,0.0,0.0
2006-02-07 00:00:00-05:00,0.34648731362139235,0.34648731362139235,0.3333454149900636,0.3334985375404358,399408000,0.0,0.0
2006-02-08 00:00:00-05:00,0.33449157237629457,0.3431254029273987,0.33449157237629457,0.3431254029273987,393072000,0.0,0.0
2006-02-09 00:00:00-05:00,0.3441952689868036,0.34954316483739545,0.33517912583856246,0.337319016456604,437100000,0.0,0.0
2006-02-10 00:00:00-05:00,0.3385411700407514,0.34006952678679697,0.32753916004941336,0.33540835976600647,414996000,0.0,0.0
2006-02-13 00:00:00-05:00,0.3343392334059796,0.33892340082494893,0.3320471496964949,0.33655431866645813,280740000,0.0,0.0
2006-02-14 00:00:00-05:00,0.336554445009283,0.3383880908061884,0.3327349051830653,0.3371659517288208,342348000,0.0,0.0
2006-02-15 00:00:00-05:00,0.3364783063044087,0.3445766980828284,0.3356375529792788,0.3436598479747772,493296000,0.0,0.0
2006-02-16 00:00:00-05:00,0.3500776463743215,0.36138590016343775,0.3477094655982723,0.36062124371528625,1305888000,0.0,0.0
2006-02-17 00:00:00-05:00,0.3871333860521253,0.38751570064040197,0.3606212683336188,0.3626841604709625,2356956000,0.0,0.0
2006-02-21 00:00:00-05:00,0.36192038960397044,0.36253192346437085,0.3518352041189633,0.35496804118156433,684060000,0.0,0.0
2006-02-22 00:00:00-05:00,0.3499254839639651,0.3571831494941145,0.341520874645227,0.3543565571308136,939756000,0.0,0.0
2006-02-23 00:00:00-05:00,0.3532866470093494,0.3556557572413472,0.34793875055658074,0.3489316701889038,385128000,0.0,0.0
2006-02-24 00:00:00-05:00,0.35046003593657693,0.3546618899509926,0.34702190946512473,0.34885555505752563,416412000,0.0,0.0
2006-02-27 00:00:00-05:00,0.35152987192125795,0.36520537508221956,0.3478625272300545,0.36299028992652893,666468000,0.0,0.0
2006-02-28 00:00:00-05:00,0.36138590363318723,0.36444171510408174,0.35657251625222874,0.36008673906326294,563316000,0.0,0.0
2006-03-01 00:00:00-05:00,0.3613858172438568,0.3759020453671205,0.3590937337672846,0.3737630844116211,703932000,0.0,0.0
2006-03-02 00:00:00-05:00,0.3733808284748725,0.37956947714377226,0.3694842911334221,0.3742976784706116,545460000,0.0,0.0
2006-03-03 00:00:00-05:00,0.3708595285712348,0.3820907558598009,0.3701718979496826,0.3755967915058136,595800000,0.0,0.0
2006-03-06 00:00:00-05:00,0.3829314723971075,0.38545277550692214,0.37299848081533765,0.3748321533203125,529020000,0.0,0.0
2006-03-07 00:00:00-05:00,0.3749092087993499,0.377811897658583,0.3610035823533222,0.36841434240341187,606204000,0.0,0.0
2006-03-08 00:00:00-05:00,0.3684913934772123,0.3704011630314204,0.353439724007162,0.36658069491386414,670800000,0.0,0.0
2006-03-09 00:00:00-05:00,0.37101265748302237,0.3772013063151468,0.3682621620708545,0.36849138140678406,536700000,0.0,0.0
2006-03-10 00:00:00-05:00,0.3681089790394391,0.3727692705014861,0.35878754907776667,0.36207348108291626,521580000,0.0,0.0
2006-03-13 00:00:00-05:00,0.3657408637598709,0.36818514140920083,0.36299036830943165,0.3664284944534302,372132000,0.0,0.0
2006-03-14 00:00:00-05:00,0.36673375003023356,0.37811807185428364,0.3653584888701378,0.37658971548080444,627792000,0.0,0.0
2006-03-15 00:00:00-05:00,0.37735339505584004,0.38316062938785295,0.3759020373153678,0.38262519240379333,510600000,0.0,0.0
2006-03-16 00:00:00-05:00,0.38331293587009085,0.3837713472259351,0.3683382650997708,0.3696374297142029,568416000,0.0,0.0
2006-03-17 00:00:00-05:00,0.3678798055603596,0.37361001506738506,0.36237878803933865,0.37261709570884705,618588000,0.0,0.0
2006-03-20 00:00:00-05:00,0.37590206424045436,0.3759781610003756,0.3694081279591451,0.3697895407676697,293772000,0.0,0.0
2006-03-21 00:00:00-05:00,0.3880501091480255,0.39500248394232684,0.3778888556084288,0.3880501091480255,1235472000,0.0,0.0
2006-03-22 00:00:00-05:00,0.3781942072809978,0.3800278799073165,0.36841433759473924,0.37689507007598877,1158576000,0.0,0.0
2006-03-23 00:00:00-05:00,0.3781942146566591,0.3854528085316103,0.37391536276590914,0.3839244246482849,661992000,0.0,0.0
2006-03-24 00:00:00-05:00,0.3849172576548911,0.39760074167039927,0.3843066529540463,0.3969131112098694,687936000,0.0,0.0
2006-03-27 00:00:00-05:00,0.3972184829532784,0.4079151738388559,0.3959193186008187,0.4076089560985565,651444000,0.0,0.0
2006-03-28 00:00:00-05:00,0.40577536561628796,0.41929867822077355,0.404935541366677,0.41387468576431274,795204000,0.0,0.0
2006-03-29 00:00:00-05:00,0.4156313423464961,0.4368716610116479,0.4121932161117756,0.43610793352127075,987096000,0.0,0.0
2006-03-30 00:00:00-05:00,0.4365662074013263,0.4414556902982977,0.42869610888949833,0.43908751010894775,1063308000,0.0,0.0
2006-03-31 00:00:00-05:00,0.43878142711550905,0.44489395204630644,0.4348087654431497,0.43748319149017334,835560000,0.0,0.0
2006-04-03 00:00:00-04:00,0.43977527696416446,0.4484852021812254,0.4342742586210636,0.4423726499080658,968916000,0.0,0.0
2006-04-04 00:00:00-04:00,0.44298411392848736,0.4637651161612147,0.4425257026365228,0.46307748556137085,1200612000,0.0,0.0
2006-04-05 00:00:00-04:00,0.4622376225597615,0.46911387333239346,0.45238163033043893,0.4668217897415161,1112976000,0.0,0.0
2006-04-06 00:00:00-04:00,0.46559864924459593,0.471252760576218,0.45918078340690177,0.467738538980484,789312000,0.0,0.0
2006-04-07 00:00:00-04:00,0.4657519898721158,0.4698777197625741,0.4573473528671644,0.4665156900882721,682674000,0.0,2.0
2006-04-10 00:00:00-04:00,0.46544661135524024,0.4681971340120228,0.4549030140343646,0.45841723680496216,634230000,0.0,0.0
2006-04-11 00:00:00-04:00,0.45994568479433334,0.45994568479433334,0.44451167221426585,0.447262167930603,702072000,0.0,0.0
2006-04-12 00:00:00-04:00,0.4501657024350014,0.4677386734845422,0.4477204959952895,0.4652934670448303,598308000,0.0,0.0
2006-04-13 00:00:00-04:00,0.4553613440467581,0.4605561159969685,0.45047095913585117,0.4523046314716339,738360000,0.0,0.0
2006-04-17 00:00:00-04:00,0.4515408916921244,0.46483500892821933,0.4498603146075615,0.45352765917778015,443868000,0.0,0.0
2006-04-18 00:00:00-04:00,0.44542832215285333,0.44558144467068683,0.43075897181884065,0.4428309500217438,1165488000,0.0,0.0
2006-04-19 00:00:00-04:00,0.4400805373782223,0.4504710394641942,0.43396801282310915,0.4455815553665161,517476000,0.0,0.0
2006-04-20 00:00:00-04:00,0.4416088819938883,0.4529161784200935,0.43427419199503664,0.4449699819087982,552684000,0.0,0.0
2006-04-21 00:00:00-04:00,0.4463452427596326,0.4481789152578875,0.4237305952776154,0.42892539501190186,770016000,0.0,0.0
2006-04-24 00:00:00-04:00,0.43167595062159003,0.44634530534058886,0.4240359708059089,0.44206735491752625,676848000,0.0,0.0
2006-04-25 00:00:00-04:00,0.43702465851321887,0.44283099170829765,0.4293837785769445,0.4417610466480255,719766000,0.0,0.0
2006-04-26 00:00:00-04:00,0.4434424680920847,0.4501656233590049,0.43396791641884164,0.4387052059173584,330528000,0.0,0.0
2006-04-27 00:00:00-04:00,0.4370246692452176,0.449860348895516,0.4275501166964362,0.4457346200942993,462966000,0.0,0.0
2006-04-28 00:00:00-04:00,0.4460399231178566,0.45215247439949735,0.44221948293355257,0.4464983344078064,284736000,0.0,0.0
2006-05-01 00:00:00-04:00,0.4495543467905387,0.48087986092804785,0.4495543467905387,0.4721699059009552,902472000,0.0,0.0
2006-05-02 00:00:00-04:00,0.4756838822617257,0.4813379945172274,0.4634597642466174,0.471558153629303,539700000,0.0,0.0
2006-05-03 00:00:00-04:00,0.4662103706926056,0.47980980850057176,0.4657519866233079,0.4746150076389313,378114000,0.0,0.0
2006-05-04 00:00:00-04:00,0.4652934092726755,0.4767538273044983,0.4628482031365674,0.471558153629303,511128000,0.0,0.0
2006-05-05 00:00:00-04:00,0.4740033584545111,0.47965747069437586,0.4674323690565692,0.4779759645462036,338184000,0.0,0.0
2006-05-08 00:00:00-04:00,0.4767539043319179,0.48714443364731247,0.4714060362718674,0.4758370816707611,503622000,0.0,0.0
2006-05-09 00:00:00-04:00,0.4752256000559184,0.4776708067154481,0.4607093406795075,0.4613208472728729,561648000,0.0,0.0
2006-05-10 00:00:00-04:00,0.45581988073036733,0.4611678040045575,0.4464984212816364,0.45108261704444885,753264000,0.0,0.0
2006-05-11 00:00:00-04:00,0.4556665983592327,0.4599454762326432,0.4315235998644217,0.4350378215312958,1201110000,0.0,0.0
2006-05-12 00:00:00-04:00,0.42464745438814466,0.42678641568421677,0.3933219533446313,0.4023371934890747,1568172000,0.0,0.0
2006-05-15 00:00:00-04:00,0.40157345189097476,0.4116586368310246,0.3980592294848464,0.40814441442489624,553380000,0.0,0.0
2006-05-16 00:00:00-04:00,0.41043653888705156,0.4105887324331916,0.39485036230591775,0.39744773507118225,497532000,0.0,0.0
2006-05-17 00:00:00-04:00,0.39607259497467073,0.3983646795057857,0.3743738613963867,0.38140323758125305,841074000,0.0,0.0
2006-05-18 00:00:00-04:00,0.3844590264577904,0.3881263450913243,0.3636780460295207,0.3641364574432373,686730000,0.0,0.0
2006-05-19 00:00:00-04:00,0.3674975497836585,0.38048632730451387,0.3638302041833426,0.37177640199661255,932808000,0.0,0.0
2006-05-22 00:00:00-04:00,0.36978960083416723,0.37055422994567133,0.35664860360824,0.3667337894439697,734886000,0.0,0.0
2006-05-23 00:00:00-04:00,0.37437387320453236,0.38308380016225013,0.3612328723125424,0.3627612292766571,532314000,0.0,0.0
2006-05-24 00:00:00-04:00,0.3659700192810629,0.37834728763538567,0.3577185070448477,0.3674974739551544,579522000,0.0,0.0
2006-05-25 00:00:00-04:00,0.37437368242926583,0.3798746717447053,0.3635247716691294,0.36551156640052795,423666000,0.0,0.0
2006-05-26 00:00:00-04:00,0.36688690651760364,0.3693312114954597,0.36245493187036293,0.3662753999233246,294642000,0.0,0.0
2006-05-30 00:00:00-04:00,0.36688686090907735,0.3670390544437831,0.3508422742005848,0.3509944677352905,448788000,0.0,0.0
2006-05-31 00:00:00-04:00,0.35573175721118294,0.3590937861604739,0.34900860099781383,0.3511475622653961,598422000,0.0,0.0
2006-06-01 00:00:00-04:00,0.3551201523387651,0.36948418617248535,0.3496191358984175,0.36948418617248535,537126000,0.0,0.0
2006-06-02 00:00:00-04:00,0.37544378414670593,0.3772774571253735,0.3604691114859021,0.3641364574432373,673710000,0.0,0.0
2006-06-05 00:00:00-04:00,0.3621496768690345,0.3688728072349016,0.34778560968428796,0.34885555505752563,581052000,0.0,0.0
2006-06-06 00:00:00-04:00,0.3532865754113655,0.3535927931956822,0.3300604196092873,0.33953404426574707,824130000,0.0,0.0
2006-06-07 00:00:00-04:00,0.3432013010379782,0.3438128347636249,0.33082403439609115,0.33342236280441284,565380000,0.0,0.0
2006-06-08 00:00:00-04:00,0.32960199051950445,0.3338808698090174,0.31416893616295055,0.32730990648269653,730572000,0.0,0.0
2006-06-09 00:00:00-04:00,0.3315887071648989,0.3372418901329609,0.32348938917231834,0.3262398838996887,433824000,0.0,0.0
2006-06-12 00:00:00-04:00,0.32058677892758985,0.32486472923464993,0.30637583595182843,0.30820950865745544,463230000,0.0,0.0
2006-06-13 00:00:00-04:00,0.308056419296186,0.3143211655434563,0.300568632431089,0.30347225069999695,532548000,0.0,0.0
2006-06-14 00:00:00-04:00,0.30530582007069507,0.3132520156360093,0.302096886747267,0.31233519315719604,480492000,0.0,0.0
2006-06-15 00:00:00-04:00,0.32379564754502393,0.3407570839202424,0.3211973460047615,0.33968713879585266,837336000,0.0,0.0
2006-06-16 00:00:00-04:00,0.33739510201256107,0.3383119247232369,0.32776832693147573,0.33097726106643677,503448000,0.0,0.0
2006-06-19 00:00:00-04:00,0.33464453702976316,0.33632508686300205,0.3202804741692798,0.3210451304912567,388044000,0.0,0.0
2006-06-20 00:00:00-04:00,0.31218216641040003,0.32318417615052086,0.3109600275174671,0.31600260734558105,535818000,0.0,0.0
2006-06-21 00:00:00-04:00,0.3146272359398807,0.3245592960157421,0.3146272359398807,0.31951671838760376,441174000,0.0,0.0
2006-06-22 00:00:00-04:00,0.32303109953658493,0.3239479223495634,0.3080564271118736,0.3101954162120819,532338000,0.0,0.0
2006-06-23 00:00:00-04:00,0.3095847534580513,0.31676632197080856,0.3066811627248961,0.3103484809398651,335202000,0.0,0.0
2006-06-26 00:00:00-04:00,0.30989001714916997,0.3132520459987089,0.3059173834859007,0.30744481086730957,281736000,0.0,0.0
2006-06-27 00:00:00-04:00,0.3092784762067135,0.30958469395361227,0.2935401081220392,0.29766586422920227,608514000,0.0,0.0
2006-06-28 00:00:00-04:00,0.29995793053428477,0.31905832628407016,0.2921648300449222,0.31416887044906616,833376000,0.0,0.0
2006-06-29 00:00:00-04:00,0.30561108314517926,0.32837975025177,0.30454206724091737,0.32837975025177,687666000,0.0,0.0
2006-06-30 00:00:00-04:00,0.33158872105154596,0.33678349300323057,0.32287879794695024,0.32532307505607605,468240000,0.0,0.0
2006-07-03 00:00:00-04:00,0.3328109177435336,0.33311620652137885,0.32776831110687926,0.3300604224205017,174696000,0.0,0.0
2006-07-05 00:00:00-04:00,0.3248647137731775,0.327768304267183,0.31523793935775757,0.31523793935775757,459708000,0.0,0.0
2006-07-06 00:00:00-04:00,0.31523802287355623,0.3182947367295403,0.30225014488488533,0.30545905232429504,470634000,0.0,0.0
2006-07-07 00:00:00-04:00,0.3075980213800579,0.30820955537766825,0.2926233486790886,0.2959844768047333,541230000,0.0,0.0
2006-07-10 00:00:00-04:00,0.2967490145846291,0.2988880030649284,0.2805513062053856,0.28314870595932007,449922000,0.0,0.0
2006-07-11 00:00:00-04:00,0.28223184953188635,0.2936922950492918,0.27810612084121944,0.29262325167655945,600582000,0.0,0.0
2006-07-12 00:00:00-04:00,0.29155337991652625,0.2949154094583557,0.27825928600498095,0.27856460213661194,461034000,0.0,0.0
2006-07-13 00:00:00-04:00,0.2742866352933406,0.2811628875313415,0.27000775592444026,0.27138301730155945,540582000,0.0,0.0
2006-07-14 00:00:00-04:00,0.2764255697898641,0.27795392625512433,0.2623677505744938,0.2700077295303345,572148000,0.0,0.0
2006-07-17 00:00:00-04:00,0.2687856629884212,0.27520350497079393,0.26741042870035703,0.2721467912197113,502806000,0.0,0.0
2006-07-18 00:00:00-04:00,0.2814681649681789,0.28987277266595896,0.27138298001064426,0.2869691550731659,979332000,0.0,0.0
2006-07-19 00:00:00-04:00,0.2857468980966885,0.3031667384218632,0.2836070087497574,0.29949942231178284,1055550000,0.0,0.0
2006-07-20 00:00:00-04:00,0.30484741287641715,0.3101953072676033,0.29308167907700505,0.2935400903224945,505602000,0.0,0.0
2006-07-21 00:00:00-04:00,0.2836071644240134,0.28483023224572185,0.2693962213101308,0.27153611183166504,633918000,0.0,0.0
2006-07-24 00:00:00-04:00,0.28162133063115646,0.3057643402858425,0.28009297384419457,0.29888808727264404,983178000,0.0,0.0
2006-07-25 00:00:00-04:00,0.30255530283528986,0.3126404586482281,0.29812423132304006,0.3094315528869629,574104000,0.0,0.0
2006-07-26 00:00:00-04:00,0.3094315528869629,0.3130988971773707,0.3002631921609434,0.3094315528869629,495318000,0.0,0.0
2006-07-27 00:00:00-04:00,0.3134042403015628,0.3262399202234794,0.308209467989041,0.3138626515865326,694338000,0.0,0.0
2006-07-28 00:00:00-04:00,0.32196198377895374,0.3470218381574142,0.3201283112395443,0.3464103043079376,815298000,0.0,0.0
2006-07-31 00:00:00-04:00,0.3427429532140335,0.34625810469460927,0.3373950582352328,0.3383118808269501,594762000,0.0,0.0
2006-08-01 00:00:00-04:00,0.33418620060424453,0.334797734582223,0.3186000217298259,0.3247125744819641,600966000,0.0,0.0
2006-08-02 00:00:00-04:00,0.3318941021786716,0.3513007486557813,0.3311304019884065,0.3496192693710327,756774000,0.0,0.0
2006-08-03 00:00:00-04:00,0.34839703846100234,0.3810977702861804,0.34350755516391474,0.3716232180595398,890568000,0.0,0.0
2006-08-04 00:00:00-04:00,0.3814031723642748,0.38201470629269113,0.3571070422355813,0.36658069491386414,818232000,0.0,0.0
2006-08-07 00:00:00-04:00,0.3601625930944778,0.36688664708748925,0.35527311223464947,0.3623024821281433,436146000,0.0,0.0
2006-08-08 00:00:00-04:00,0.36520543808405054,0.37972257118517416,0.36428858809118736,0.37192949652671814,619806000,0.0,0.0
2006-08-09 00:00:00-04:00,0.3792641884407927,0.3896546913053036,0.36902590645827493,0.37177640199661255,584706000,0.0,0.0
2006-08-10 00:00:00-04:00,0.3676506240017014,0.3713179693922862,0.3613859057886667,0.36917898058891296,1072140000,0.0,0.0
2006-08-11 00:00:00-04:00,0.3422845436579628,0.366886860787234,0.34106240498326634,0.35756540298461914,1603272000,0.0,0.0
2006-08-14 00:00:00-04:00,0.3619965337113134,0.36566387933521527,0.3537450197194335,0.3557318150997162,809412000,0.0,0.0
2006-08-15 00:00:00-04:00,0.36490010388715566,0.3919467264928105,0.3613858812933605,0.3899599313735962,902172000,0.0,0.0
2006-08-16 00:00:00-04:00,0.3920997512159211,0.4196047801878495,0.3820145948744532,0.41792330145835876,1029246000,0.0,0.0
2006-08-17 00:00:00-04:00,0.4127286109681345,0.42357752402946636,0.40722759316206786,0.41135334968566895,814224000,0.0,0.0
2006-08-18 00:00:00-04:00,0.4118117678131522,0.420215446659649,0.39744770380512234,0.4180764853954315,665898000,0.0,0.0
2006-08-21 00:00:00-04:00,0.41181177506644834,0.4125754751301649,0.40172658974202163,0.4026434123516083,500220000,0.0,0.0
2006-08-22 00:00:00-04:00,0.4014203324272657,0.4131869682748015,0.40111501637462654,0.4020318388938904,473928000,0.0,0.0
2006-08-23 00:00:00-04:00,0.4050876735656989,0.409213429791734,0.3928635274273513,0.4017265737056732,485412000,0.0,0.0
2006-08-24 00:00:00-04:00,0.4027956073569422,0.40799130892207036,0.3963777670950538,0.405852347612381,260802000,0.0,0.0
2006-08-25 00:00:00-04:00,0.4027955581735154,0.41181172628345714,0.3988229247992521,0.4046292304992676,238314000,0.0,0.0
2006-08-28 00:00:00-04:00,0.4113534249540145,0.43045385455749385,0.41058879571674084,0.4185349941253662,764562000,0.0,0.0
2006-08-29 00:00:00-04:00,0.4225076188034824,0.4394690578217831,0.41945180718075453,0.43748319149017334,727962000,0.0,0.0
2006-08-30 00:00:00-04:00,0.4399273991600097,0.4510825292786859,0.4388583557243964,0.4464983344078064,681564000,0.0,0.0
2006-08-31 00:00:00-04:00,0.4454284161093251,0.4474152112534687,0.43519106428687254,0.44481781125068665,511278000,0.0,0.0
2006-09-01 00:00:00-04:00,0.4382469239920465,0.4417611745608305,0.4244944181468644,0.42617496848106384,605742000,0.0,0.0
2006-09-05 00:00:00-04:00,0.4275501337571841,0.43717688021715234,0.4212854162180589,0.43549633026123047,549354000,0.0,0.0
2006-09-06 00:00:00-04:00,0.42785638890941363,0.42846699378945696,0.4125755010777592,0.4136454463005066,493572000,0.0,0.0
2006-09-07 00:00:00-04:00,0.40692136367019077,0.43121749079282645,0.40249031850539124,0.42189693450927734,742836000,0.0,0.0
2006-09-08 00:00:00-04:00,0.4286201177169937,0.4304537903811543,0.41395076372750567,0.4232722222805023,447978000,0.0,0.0
2006-09-11 00:00:00-04:00,0.41379756181173555,0.43473255890198154,0.409061201174684,0.42984217405319214,598266000,0.0,0.0
2006-09-12 00:00:00-04:00,0.42785624918133897,0.44390085920873384,0.4267863043080111,0.44115033745765686,498432000,0.0,0.0
2006-09-13 00:00:00-04:00,0.4422194213397358,0.45047093270470906,0.44084416033764356,0.4446646273136139,476286000,0.0,0.0
2006-09-14 00:00:00-04:00,0.4425256035601954,0.45077711426331607,0.43717678081536676,0.442984014749527,428814000,0.0,0.0
2006-09-15 00:00:00-04:00,0.44451157232118343,0.4538330300739946,0.44237258373774363,0.4516940414905548,649764000,0.0,0.0
2006-09-18 00:00:00-04:00,0.4529161186489827,0.4695722368429693,0.45154088494853245,0.4688076078891754,793896000,0.0,0.0
2006-09-19 00:00:00-04:00,0.465752044339484,0.4691140744069585,0.4527632372050028,0.4565836787223816,708054000,0.0,0.0
2006-09-20 00:00:00-04:00,0.46254299922583514,0.47385035211687493,0.4616261764905298,0.4732397198677063,511884000,0.0,0.0
2006-09-21 00:00:00-04:00,0.47278129996308255,0.47751766148566777,0.4649881706851083,0.4694192707538605,539106000,0.0,0.0
2006-09-22 00:00:00-04:00,0.4680440190812366,0.47094760969364463,0.45031885337448196,0.4555136263370514,653334000,0.0,0.0
2006-09-25 00:00:00-04:00,0.4623899054910653,0.47385032566153296,0.4498604144396646,0.4718644320964813,684486000,0.0,0.0
2006-09-26 00:00:00-04:00,0.4714059874868404,0.47262812612141186,0.45597197879945284,0.46193140745162964,516120000,0.0,0.0
2006-09-27 00:00:00-04:00,0.46055614948272705,0.4752255292355585,0.456125104511566,0.46055614948272705,578142000,0.0,0.0
2006-09-28 00:00:00-04:00,0.4425257422518723,0.4536799444091156,0.4405389743645718,0.45184627175331116,647346000,0.0,0.0
2006-09-29 00:00:00-04:00,0.4549029557943699,0.45841717811505106,0.44970725457253957,0.45215246081352234,373890000,0.0,0.0
2006-10-02 00:00:00-04:00,0.45001256305445236,0.45291615319889855,0.4370246627464513,0.4406920075416565,647442000,0.0,0.0
2006-10-03 00:00:00-04:00,0.43244054913520813,0.435801676604287,0.42281380200663155,0.43244054913520813,907692000,0.0,0.0
2006-10-04 00:00:00-04:00,0.43305111729491313,0.47507330595029296,0.43182895140459115,0.4749201834201813,1460382000,0.0,0.0
2006-10-05 00:00:00-04:00,0.473086407640686,0.47782369663249946,0.46025073054943766,0.46147286891937256,662682000,0.0,0.0
2006-10-06 00:00:00-04:00,0.4622375557829082,0.47751750972459744,0.4608622948975413,0.47262802720069885,593610000,0.0,0.0
2006-10-09 00:00:00-04:00,0.47155808910883656,0.5093013666892557,0.4701828282036698,0.5030366778373718,932304000,0.0,0.0
2006-10-10 00:00:00-04:00,0.5004385244325278,0.5024252924108763,0.4859222650761459,0.4915764331817627,624648000,0.0,0.0
2006-10-11 00:00:00-04:00,0.48897803334028045,0.5030367809974742,0.481491149909076,0.4943268299102783,481944000,0.0,0.0
2006-10-12 00:00:00-04:00,0.4970775456206343,0.5065512004279719,0.48913134612579784,0.4963129162788391,414720000,0.0,0.0
2006-10-13 00:00:00-04:00,0.49463231221928455,0.5189284192000043,0.48653391956214453,0.5160248279571533,584190000,0.0,0.0
2006-10-16 00:00:00-04:00,0.5177060246793551,0.5261097293636855,0.5059393626366621,0.5151077508926392,478968000,0.0,0.0
2006-10-17 00:00:00-04:00,0.5067043018851014,0.5102185255151132,0.49050658738113834,0.4953960180282593,526506000,0.0,0.0
2006-10-18 00:00:00-04:00,0.5027306166060086,0.5080794140344955,0.4787407590207869,0.4822549819946289,822750000,0.0,0.0
2006-10-19 00:00:00-04:00,0.4804210976393163,0.4950904741674284,0.476600685648822,0.4914231300354004,473040000,0.0,0.0
2006-10-20 00:00:00-04:00,0.49524367862537655,0.4955489947128924,0.47874070745071823,0.4857691526412964,359478000,0.0,0.0
2006-10-23 00:00:00-04:00,0.4847000779054126,0.4964658133165481,0.48133804887658854,0.4825601875782013,280248000,0.0,0.0
2006-10-24 00:00:00-04:00,0.4834772588467234,0.5021201823433677,0.48210199704622464,0.4966191351413727,519288000,0.0,0.0
2006-10-25 00:00:00-04:00,0.5013554325431939,0.5088432473403502,0.49295172389112357,0.5012032389640808,389436000,0.0,0.0
2006-10-26 00:00:00-04:00,0.50242517405393,0.5187750749747834,0.50242517405393,0.5170945525169373,366690000,0.0,0.0
2006-10-27 00:00:00-04:00,0.5170945794873493,0.5285549978545825,0.48897801427804105,0.49478524923324585,566988000,0.0,0.0
2006-10-30 00:00:00-05:00,0.498146430867405,0.5096068511187384,0.4927985626356823,0.5007447600364685,479592000,0.0,0.0
2006-10-31 00:00:00-05:00,0.5117465670866578,0.5328337550163269,0.5091482934513344,0.5328337550163269,996174000,0.0,0.0
2006-11-01 00:00:00-05:00,0.5258044838103357,0.5306939672931928,0.4843938545064607,0.4917285442352295,1176540000,0.0,0.0
2006-11-02 00:00:00-05:00,0.49402070717333196,0.5047173727701085,0.4816434094400712,0.4883674681186676,862944000,0.0,0.0
2006-11-03 00:00:00-05:00,0.4938684919133914,0.4987579759654858,0.48592224012200175,0.4981464147567749,548070000,0.0,0.0
2006-11-06 00:00:00-05:00,0.49952168860809426,0.5201504449110408,0.4932569430835769,0.5132741928100586,739602000,0.0,0.0
2006-11-07 00:00:00-05:00,0.5170946006666185,0.5265682518079274,0.5141909557462954,0.5210672616958618,553254000,0.0,0.0
2006-11-08 00:00:00-05:00,0.5173999342360085,0.535125972830069,0.5161777955452616,0.5287081599235535,648324000,0.0,0.0
2006-11-09 00:00:00-05:00,0.5395570608228142,0.5531564410487915,0.5346675771577273,0.5392517447471619,1207758000,0.0,0.0
2006-11-10 00:00:00-05:00,0.5346676951735374,0.5372650956172245,0.5129689364532872,0.5262630581855774,1317192000,0.0,0.0
2006-11-13 00:00:00-05:00,0.5273330844108922,0.5516291926526652,0.5271799618112885,0.5501008629798889,852282000,0.0,0.0
2006-11-14 00:00:00-05:00,0.5481139025718385,0.5566716613044739,0.536348166068707,0.5556017160415649,628530000,0.0,0.0
2006-11-15 00:00:00-05:00,0.553920966874365,0.5615609715283463,0.5433773724540666,0.5464332103729248,491892000,0.0,0.0
2006-11-16 00:00:00-05:00,0.5487252758507544,0.5554484032204589,0.5439879867562878,0.553462564945221,457182000,0.0,0.0
2006-11-17 00:00:00-05:00,0.5496424810113394,0.5565187356784901,0.5462804504807587,0.5549903512001038,361608000,0.0,0.0
2006-11-20 00:00:00-05:00,0.5481137521447728,0.563241513837025,0.5439880237957858,0.5601857304573059,608634000,0.0,0.0
2006-11-21 00:00:00-05:00,0.5618663506465444,0.5627831731670156,0.5476554103126965,0.5514758229255676,387384000,0.0,0.0
2006-11-22 00:00:00-05:00,0.5534627344387957,0.5615611251937839,0.5505590892303477,0.5609495639801025,240258000,0.0,0.0
2006-11-24 00:00:00-05:00,0.5581992037837421,0.5662985251120889,0.553156596162305,0.5650754570960999,144336000,0.0,0.0
2006-11-27 00:00:00-05:00,0.5617141767729624,0.5692010053682561,0.535736572343608,0.5395570397377014,585294000,0.0,0.0
2006-11-28 00:00:00-05:00,0.537723172999908,0.554531508380036,0.5293185408055061,0.549642026424408,480966000,0.0,0.0
2006-11-29 00:00:00-05:00,0.5546849633247064,0.5644648074587146,0.5525459468905285,0.5577407479286194,579792000,0.0,0.0
2006-11-30 00:00:00-05:00,0.5577406491311532,0.5698126301414913,0.551017519801217,0.5652284622192383,583632000,0.0,0.0
2006-12-01 00:00:00-05:00,0.558963662629717,0.559727362657067,0.5381817864436047,0.5430712699890137,785010000,0.0,0.0
2006-12-04 00:00:00-05:00,0.5501008114646564,0.572104832993722,0.5481139885408679,0.5650754570960999,621570000,0.0,0.0
2006-12-05 00:00:00-05:00,0.5591158884732322,0.5624779175106616,0.5530042659404963,0.5592690110206604,663354000,0.0,0.0
2006-12-06 00:00:00-05:00,0.5611026369701307,0.5611026369701307,0.5508643566713954,0.5585052371025085,478242000,0.0,0.0
2006-12-07 00:00:00-05:00,0.5585050145138712,0.5615608517811027,0.5401683514834896,0.5450578331947327,486894000,0.0,0.0
2006-12-08 00:00:00-05:00,0.5410854328991656,0.5507122074606121,0.5332923583076858,0.5432243943214417,564858000,0.0,0.0
2006-12-11 00:00:00-05:00,0.5433775683378534,0.5591159672043633,0.5421545004518564,0.5525459051132202,515484000,0.0,0.0
2006-12-12 00:00:00-05:00,0.5484200730299931,0.5502537181836746,0.5395570540382232,0.5468916893005371,568116000,0.0,0.0
2006-12-13 00:00:00-05:00,0.551322673335306,0.5577404846750591,0.551322673335306,0.553309440612793,491952000,0.0,0.0
2006-12-14 00:00:00-05:00,0.557740456334383,0.5701177491640228,0.5572820724891647,0.5630892515182495,715380000,0.0,0.0
2006-12-15 00:00:00-05:00,0.5667567268875757,0.5730214715003967,0.5632415755649447,0.5730214715003967,746094000,0.0,0.0
2006-12-18 00:00:00-05:00,0.5736331650723548,0.5898300044301016,0.5733269745480691,0.5829537510871887,688356000,0.0,0.0
2006-12-19 00:00:00-05:00,0.5754667782779721,0.5944140833151932,0.5747021491209027,0.5913582444190979,545622000,0.0,0.0
2006-12-20 00:00:00-05:00,0.5883023042159439,0.5953307482080524,0.5841765211401029,0.5846349596977234,306594000,0.0,0.0
2006-12-21 00:00:00-05:00,0.5878440399090576,0.5895246174679547,0.5730215895678692,0.5795925259590149,367920000,0.0,0.0
2006-12-22 00:00:00-05:00,0.578675687828009,0.5806615814600425,0.563089483081912,0.5658400058746338,370170000,0.0,0.0
2006-12-26 00:00:00-05:00,0.5688957231206859,0.5739382742988107,0.5633946787117002,0.5656867623329163,228192000,0.0,0.0
2006-12-27 00:00:00-05:00,0.5681319307375078,0.5751603746559831,0.5681319307375078,0.5731745362281799,264954000,0.0,0.0
2006-12-28 00:00:00-05:00,0.5737852430484814,0.5743968042597839,0.566450607082313,0.5690488815307617,213912000,0.0,0.0
2006-12-29 00:00:00-05:00,0.5690487292158211,0.5809675846110137,0.5649230010046425,0.5655335783958435,386094000,0.0,0.0
2007-01-03 00:00:00-05:00,0.5664503986584136,0.5733266480858701,0.5316106583860325,0.5513226389884949,1154820000,0.0,0.0
2007-01-04 00:00:00-05:00,0.549336932743419,0.5513228262103518,0.5352781841168349,0.548725426197052,797298000,0.0,0.0
2007-01-05 00:00:00-05:00,0.5357366676022965,0.5378765581605555,0.5106768102785847,0.5143441557884216,1243344000,0.0,0.0
2007-01-08 00:00:00-05:00,0.5161778072922201,0.5280966107680765,0.5073147331458983,0.5181645750999451,657270000,0.0,0.0
2007-01-09 00:00:00-05:00,0.5189284453104085,0.5224426690781063,0.5074680220681062,0.5080795288085938,764166000,0.0,0.0
2007-01-10 00:00:00-05:00,0.5027306325143673,0.5378765794014894,0.4950906797225759,0.5331392884254456,1108746000,0.0,0.0
2007-01-11 00:00:00-05:00,0.5331393145763929,0.5372650991331099,0.52244259321779,0.5311525464057922,924504000,0.0,0.0
2007-01-12 00:00:00-05:00,0.5232072005075022,0.5404739271312876,0.5207619939726604,0.5383349657058716,698190000,0.0,0.0
2007-01-16 00:00:00-05:00,0.5424606511302484,0.5427659672059008,0.5331391934090528,0.5392517447471619,711864000,0.0,0.0
2007-01-17 00:00:00-05:00,0.5317640247054009,0.5349729862942887,0.5259577174419119,0.5279436111450195,707934000,0.0,0.0
2007-01-18 00:00:00-05:00,0.5233593359199877,0.5233593359199877,0.47767072929948007,0.48424166440963745,1501638000,0.0,0.0
2007-01-19 00:00:00-05:00,0.47904596565446916,0.49722956870118096,0.47568393662113173,0.487144410610199,942606000,0.0,0.0
2007-01-22 00:00:00-05:00,0.4917285783467899,0.49967477511671826,0.4853107107270086,0.487144410610199,730644000,0.0,0.0
2007-01-23 00:00:00-05:00,0.48485226893836103,0.4950906041575325,0.475837056071102,0.4872974753379822,630354000,0.0,0.0
2007-01-24 00:00:00-05:00,0.49356217526651275,0.5089961833103956,0.4912700916225944,0.5024251937866211,685722000,0.0,0.0
2007-01-25 00:00:00-05:00,0.5070093610298295,0.5088430607333537,0.48240794742137805,0.48485222458839417,616284000,0.0,0.0
2007-01-26 00:00:00-05:00,0.48897823653571837,0.4937155285701012,0.4721698885283889,0.48087984323501587,829584000,0.0,0.0
2007-01-29 00:00:00-05:00,0.47874066248198954,0.4790459238932414,0.4570419097463053,0.46116769313812256,1258284000,0.0,0.0
2007-01-30 00:00:00-05:00,0.46422343102774344,0.47308644876873857,0.4600977026904008,0.47003066539764404,636174000,0.0,0.0
2007-01-31 00:00:00-05:00,0.4677384970150003,0.47278110153165376,0.46193126369967963,0.4683491289615631,467976000,0.0,0.0
2007-02-01 00:00:00-05:00,0.46391825381671997,0.4767539358646514,0.46300143109492403,0.47430872917175293,650898000,0.0,0.0
2007-02-02 00:00:00-05:00,0.476906964848143,0.4889780153611102,0.47293342961144547,0.48668593168258667,586590000,0.0,0.0
2007-02-05 00:00:00-05:00,0.4889780714237006,0.49875796838838804,0.48821437132881224,0.49463218450546265,579906000,0.0,0.0
2007-02-06 00:00:00-05:00,0.505787256478579,0.518622936676567,0.4982994985711786,0.5122051239013672,775386000,0.0,0.0
2007-02-07 00:00:00-05:00,0.516331102228378,0.5334447678493882,0.5132743878981509,0.5322226285934448,761058000,0.0,0.0
2007-02-08 00:00:00-05:00,0.5241240211767624,0.532833918409091,0.5195398532339384,0.5253461599349976,726276000,0.0,0.0
2007-02-09 00:00:00-05:00,0.5279435391553218,0.5323755133780537,0.49692425534619467,0.4989110231399536,937956000,0.0,0.0
2007-02-12 00:00:00-05:00,0.5025784549530029,0.5207620612355528,0.4972296571849855,0.5099131464958191,789360000,0.0,0.0
2007-02-13 00:00:00-05:00,0.5181645123629938,0.5236655021202463,0.512968784010468,0.5195397734642029,849732000,0.0,0.0
2007-02-14 00:00:00-05:00,0.5241239617826925,0.5271797455127369,0.5114404755956262,0.5126635432243347,1081848000,0.0,0.0
2007-02-15 00:00:00-05:00,0.5123572659556935,0.5183166941610833,0.5074677827750015,0.5157192945480347,488682000,0.0,0.0
2007-02-16 00:00:00-05:00,0.5135804935822207,0.514191071215755,0.4984527263911784,0.4999801814556122,915060000,0.0,0.0
2007-02-20 00:00:00-05:00,0.5007446508009905,0.5071624628826789,0.4972294997081556,0.5044119954109192,625578000,0.0,0.0
2007-02-21 00:00:00-05:00,0.5002864003583563,0.5056343240820652,0.4918817629614581,0.49692437052726746,655332000,0.0,0.0
2007-02-22 00:00:00-05:00,0.5047172643407302,0.512815708293653,0.4989109586198639,0.5001330971717834,655452000,0.0,0.0
2007-02-23 00:00:00-05:00,0.5048704521597853,0.5051757682469161,0.49875795523946076,0.4989110231399536,403050000,0.0,0.0
2007-02-26 00:00:00-05:00,0.5002861755277506,0.5041057133745477,0.49050633559673346,0.4912700355052948,494070000,0.0,0.0
2007-02-27 00:00:00-05:00,0.4859221615463699,0.49738263422144663,0.47568388208200724,0.47644856572151184,714630000,0.0,0.0
2007-02-28 00:00:00-05:00,0.47507328100581575,0.4839353699277739,0.46926604651152753,0.4736980199813843,780048000,0.0,0.0
2007-03-01 00:00:00-05:00,0.4634597249360947,0.47660071899720047,0.45734717461875135,0.46789076924324036,837228000,0.0,0.0
2007-03-02 00:00:00-05:00,0.4637652127019894,0.4694193265717387,0.4539862160597133,0.4549030661582947,682728000,0.0,0.0
2007-03-05 00:00:00-05:00,0.44695676485010566,0.4558197837094078,0.43794152513787266,0.43946897983551025,663558000,0.0,0.0
2007-03-06 00:00:00-05:00,0.44909587400194007,0.4704893183165145,0.4472622009477524,0.46544671058654785,805974000,0.0,0.0
2007-03-07 00:00:00-05:00,0.46315444464288663,0.46529340570309824,0.45031876561619943,0.4523046314716339,811656000,0.0,0.0
2007-03-08 00:00:00-05:00,0.46177928684704966,0.4761424236888005,0.4614730417214136,0.47094762325286865,770622000,0.0,0.0
2007-03-09 00:00:00-05:00,0.47751750500720036,0.4828663003504472,0.4608622903446812,0.46621015667915344,555306000,0.0,0.0
2007-03-12 00:00:00-04:00,0.46086256776488077,0.47018309982019435,0.46025100638521876,0.46345996856689453,428010000,0.0,0.0
2007-03-13 00:00:00-04:00,0.4587224574447367,0.46147292488153696,0.4435946679520087,0.4439009130001068,617070000,0.0,0.0
2007-03-14 00:00:00-04:00,0.44512307535215057,0.44772044772776765,0.4284669287251279,0.4417610466480255,971610000,0.0,0.0
2007-03-15 00:00:00-04:00,0.44069206654222826,0.4446647279278138,0.430606880667089,0.437330037355423,655752000,0.0,0.0
2007-03-16 00:00:00-04:00,0.4376353359872666,0.43839996507123963,0.4301484521685447,0.4332042634487152,525648000,0.0,0.0
2007-03-19 00:00:00-04:00,0.43549633094969115,0.4423725823353666,0.43396797452447217,0.4353432357311249,461508000,0.0,0.0
2007-03-20 00:00:00-04:00,0.4339679908474477,0.443900982780968,0.4315237134269256,0.4332042634487152,656490000,0.0,0.0
2007-03-21 00:00:00-04:00,0.4507772495101517,0.4651403581300415,0.44221951854863517,0.45795881748199463,1268376000,0.0,0.0
2007-03-22 00:00:00-04:00,0.4584173840532068,0.4707946306892374,0.4562784219239445,0.4680441617965698,810954000,0.0,0.0
2007-03-23 00:00:00-04:00,0.46452981222764833,0.4727813259685854,0.4594872053171879,0.4628483057022095,524640000,0.0,0.0
2007-03-26 00:00:00-04:00,0.46315463121501244,0.4675856776489586,0.4553615274795956,0.4637652635574341,447336000,0.0,0.0
2007-03-27 00:00:00-04:00,0.46269602751634986,0.4636128500648486,0.4545967361351897,0.4550551474094391,469020000,0.0,0.0
2007-03-28 00:00:00-04:00,0.4512356854480471,0.4550552244630907,0.44558157201640086,0.4463452994823456,459504000,0.0,0.0
2007-03-29 00:00:00-04:00,0.4530693003093018,0.4536799051356592,0.43137057374333293,0.4385521411895752,719016000,0.0,0.0
2007-03-30 00:00:00-04:00,0.4445116801955818,0.4477205873682918,0.4374832335485974,0.4397753179073334,581244000,0.0,0.0
2007-04-02 00:00:00-04:00,0.43870530508671784,0.44237262310276787,0.4321343418474129,0.43931683897972107,400830000,0.0,0.0
2007-04-03 00:00:00-04:00,0.4393169011132832,0.4442063585977801,0.43350966449303635,0.4376354217529297,473724000,0.0,0.0
2007-04-04 00:00:00-04:00,0.43702477112428095,0.4405390215810471,0.4354964144061749,0.43671855330467224,361692000,0.0,0.0
2007-04-05 00:00:00-04:00,0.4385523342876402,0.47262834471992243,0.4385523342876402,0.4721699059009552,1332900000,0.0,0.0
2007-04-09 00:00:00-04:00,0.47216968285628214,0.4775176049577176,0.46269603192351194,0.4636128544807434,640950000,0.0,0.0
2007-04-10 00:00:00-04:00,0.46300138529166407,0.4683493078239684,0.4579588061730367,0.4588756561279297,794220000,0.0,0.0
2007-04-11 00:00:00-04:00,0.4597924710915761,0.4643766388182096,0.4490957518438919,0.45062410831451416,810150000,0.0,0.0
2007-04-12 00:00:00-04:00,0.44817907656891665,0.46483523026652585,0.44527635958173883,0.46345996856689453,743640000,0.0,0.0
2007-04-13 00:00:00-04:00,0.4619313830293649,0.4681970564275494,0.4562781997533445,0.46728017926216125,638694000,0.0,0.0
2007-04-16 00:00:00-04:00,0.466057186344301,0.4695722830448506,0.4588756191288504,0.4648350477218628,671838000,0.0,0.0
2007-04-17 00:00:00-04:00,0.4766007462105413,0.48745053184047266,0.4669739734716394,0.46926605701446533,1059108000,0.0,0.0
2007-04-18 00:00:00-04:00,0.46850234768587956,0.4791990664717403,0.4660571960288112,0.47507333755493164,683802000,0.0,0.0
2007-04-19 00:00:00-04:00,0.4712529625937747,0.4843939612555692,0.4698777011356068,0.4816434383392334,568056000,0.0,0.0
2007-04-20 00:00:00-04:00,0.48867273657952576,0.4889780526629917,0.48087966240756513,0.4872974753379822,590052000,0.0,0.0
2007-04-23 00:00:00-04:00,0.4850054854874171,0.48592230827694644,0.4779761100186241,0.47935137152671814,595272000,0.0,0.0
2007-04-24 00:00:00-04:00,0.48745046403228603,0.5018135953754159,0.4842415584482301,0.4973825514316559,1028088000,0.0,0.0
2007-04-25 00:00:00-04:00,0.4966188372845363,0.5086898863846069,0.4943267538742974,0.5059393644332886,509640000,0.0,0.0
2007-04-26 00:00:00-04:00,0.505939450012119,0.5160246624411307,0.5013552824162367,0.5122051239013672,500070000,0.0,0.0
2007-04-27 00:00:00-04:00,0.5105236334096255,0.5161777457074845,0.49722951560456913,0.5053288340568542,554058000,0.0,0.0
2007-04-30 00:00:00-04:00,0.5122050913170221,0.5186229036839476,0.5024251955862483,0.5025783181190491,563388000,0.0,0.0
2007-05-01 00:00:00-04:00,0.5117468183709041,0.515107973813756,0.5038006197783407,0.5079264044761658,544554000,0.0,0.0
2007-05-02 00:00:00-04:00,0.5105237232050893,0.5126636136830484,0.4993694935397036,0.5019668936729431,659658000,0.0,0.0
2007-05-03 00:00:00-04:00,0.5067039770393481,0.514802364594833,0.5057871000856059,0.5114403367042542,500250000,0.0,0.0
2007-05-04 00:00:00-04:00,0.5141908738137362,0.5177060246793551,0.5093013909861833,0.5151077508926392,405246000,0.0,0.0
2007-05-07 00:00:00-04:00,0.5225958247203973,0.5284021335036796,0.5042591463733136,0.5048706531524658,557100000,0.0,0.0
2007-05-08 00:00:00-04:00,0.5018138654174048,0.5099131868163179,0.49203489525985866,0.5086901187896729,737100000,0.0,0.0
2007-05-09 00:00:00-04:00,0.5050226669249147,0.5138857413814482,0.49921636020912746,0.510982096195221,417870000,0.0,0.0
2007-05-10 00:00:00-04:00,0.5131219565042077,0.519845085486686,0.49707736960552196,0.5015084147453308,802584000,0.0,0.0
2007-05-11 00:00:00-04:00,0.5285550718718589,0.5421544532827306,0.5204566811180843,0.536959707736969,1530630000,0.0,0.0
2007-05-14 00:00:00-04:00,0.5348198077726375,0.5398623596820865,0.5265682946100212,0.5316108465194702,731568000,0.0,0.0
2007-05-15 00:00:00-04:00,0.5331392279085101,0.5363481344992451,0.5256514695271083,0.5268744826316833,621360000,0.0,0.0
2007-05-16 00:00:00-04:00,0.5273330208928171,0.5335977673530579,0.5172478605678756,0.5335977673530579,523104000,0.0,0.0
2007-05-17 00:00:00-04:00,0.532069488405877,0.5348200120599079,0.5216790098736742,0.5247347950935364,443664000,0.0,0.0
2007-05-18 00:00:00-04:00,0.5287082168476012,0.53665348538263,0.5242762422174013,0.5351260304450989,604266000,0.0,0.0
2007-05-21 00:00:00-04:00,0.5335975582558043,0.550100581155219,0.5310001587445319,0.5368064641952515,645768000,0.0,0.0
2007-05-22 00:00:00-04:00,0.5372649528859029,0.5445995879108608,0.528555002068809,0.5397101044654846,401736000,0.0,0.0
2007-05-23 00:00:00-04:00,0.5400154864225158,0.5432243930529741,0.5238177760685013,0.5253461599349976,448248000,0.0,0.0
2007-05-24 00:00:00-04:00,0.5277912172108743,0.5293186169887852,0.5042588229438335,0.5063977837562561,607800000,0.0,0.0
2007-05-25 00:00:00-04:00,0.5100653036810332,0.5169415560191292,0.5085378487294552,0.5143441557884216,308976000,0.0,0.0
2007-05-29 00:00:00-04:00,0.5122051171150258,0.5215256457168401,0.5106767333844516,0.5198450684547424,316242000,0.0,0.0
2007-05-30 00:00:00-04:00,0.5137325717813827,0.5210672616958618,0.5073147044443165,0.5210672616958618,331650000,0.0,0.0
2007-05-31 00:00:00-04:00,0.5248875864449268,0.5325275911490538,0.5224423805475257,0.529318630695343,481572000,0.0,0.0
2007-06-01 00:00:00-04:00,0.5352781884276786,0.5432243854437854,0.5320692818421688,0.5329861044883728,429084000,0.0,0.0
2007-06-04 00:00:00-04:00,0.5280967331933839,0.5389456486534239,0.5259577713496795,0.5358898639678955,322002000,0.0,0.0
2007-06-05 00:00:00-04:00,0.5374181587677915,0.5526981195126276,0.5365013359852054,0.5517812967300415,698586000,0.0,0.0
2007-06-06 00:00:00-04:00,0.5479616294460212,0.5647699703388138,0.545669545700922,0.5559069514274597,950736000,0.0,0.0
2007-06-07 00:00:00-04:00,0.5533096488818292,0.5615611627442706,0.5497954258813854,0.5499476194381714,791862000,0.0,0.0
2007-06-08 00:00:00-04:00,0.5453633664994103,0.5592689917953317,0.5386401830171081,0.5585052371025085,533268000,0.0,0.0
2007-06-11 00:00:00-04:00,0.5585052512512737,0.563853173664163,0.5554485383273098,0.560491144657135,434634000,0.0,0.0
2007-06-12 00:00:00-04:00,0.5575882882284322,0.5653813604276782,0.5543793825755163,0.5546846985816956,526770000,0.0,0.0
2007-06-13 00:00:00-04:00,0.5607972330162732,0.5681319218612788,0.5536147923281629,0.5679787993431091,587232000,0.0,0.0
2007-06-14 00:00:00-04:00,0.565381472147612,0.5802030452413812,0.5646168431154647,0.5780640840530396,508548000,0.0,0.0
2007-06-15 00:00:00-04:00,0.5846351736132995,0.6089312784578254,0.5844820510351064,0.6043471097946167,1081998000,0.0,0.0
2007-06-18 00:00:00-04:00,0.6104584714874475,0.6125983613314291,0.5997626836552394,0.6046521663665771,685662000,0.0,0.0
2007-06-19 00:00:00-04:00,0.6008320058150186,0.6098481502974282,0.5967062755454309,0.6084729433059692,491952000,0.0,0.0
2007-06-20 00:00:00-04:00,0.6112231850086889,0.6142790233239996,0.6049575661306339,0.6090832948684692,822792000,0.0,0.0
2007-06-21 00:00:00-04:00,0.6208500128582367,0.6621075771027245,0.6161127225781267,0.656758725643158,1297326000,0.0,0.0
2007-06-22 00:00:00-04:00,0.6570650624884787,0.6703591835590608,0.6471320965564967,0.6665387153625488,882618000,0.0,0.0
2007-06-25 00:00:00-04:00,0.6478968191127831,0.6637882881403417,0.6419373884393855,0.6489658355712891,819702000,0.0,0.0
2007-06-26 00:00:00-04:00,0.6472849283913253,0.6491186278603182,0.6173347223214213,0.6188631057739258,868482000,0.0,0.0
2007-06-27 00:00:00-04:00,0.6188632905175151,0.6362831401114571,0.6158074517090951,0.6355193853378296,613140000,0.0,0.0
2007-06-28 00:00:00-04:00,0.6373529658345912,0.6485071934477218,0.6310872924728531,0.6416308879852295,597534000,0.0,0.0
2007-06-29 00:00:00-04:00,0.645909867564007,0.646062935463556,0.6309351710134455,0.6312404870986938,516570000,0.0,0.0
2007-07-02 00:00:00-04:00,0.6402557973068523,0.6578287146936148,0.6382699037545245,0.6575234532356262,563850000,0.0,0.0
2007-07-03 00:00:00-04:00,0.6570647698006975,0.6637878967970623,0.6517159746244338,0.6585922241210938,238770000,0.0,0.0
2007-07-05 00:00:00-04:00,0.6587454473545263,0.6677606588950202,0.6555364867139896,0.6656216979026794,373290000,0.0,0.0
2007-07-06 00:00:00-04:00,0.664704845276083,0.6714279729955782,0.66348270681608,0.6688305735588074,282720000,0.0,0.0
2007-07-09 00:00:00-04:00,0.6712757838172587,0.6914461507622638,0.6711226612995063,0.688237190246582,536784000,0.0,0.0
2007-07-10 00:00:00-04:00,0.6847223709738445,0.6990863837601621,0.6773876791818051,0.6949606537818909,552654000,0.0,0.0
2007-07-11 00:00:00-04:00,0.6948072603531701,0.6995445497943026,0.6822777724369189,0.6919045448303223,582612000,0.0,0.0
2007-07-12 00:00:00-04:00,0.6967940707703166,0.7059624051782024,0.6919045875163962,0.7051987051963806,438732000,0.0,0.0
2007-07-13 00:00:00-04:00,0.7032119502048011,0.7116165301333996,0.7001561119188424,0.7009198665618896,372630000,0.0,0.0
2007-07-16 00:00:00-04:00,0.7015315491264518,0.7165061933258041,0.7013784265558313,0.713602602481842,541710000,0.0,0.0
2007-07-17 00:00:00-04:00,0.7165060413726873,0.7308701049092395,0.7099351062435367,0.710546612739563,643812000,0.0,0.0
2007-07-18 00:00:00-04:00,0.7003083941091622,0.7024482844997624,0.6838053679316936,0.6975579261779785,550656000,0.0,0.0
2007-07-19 00:00:00-04:00,0.7074909320584902,0.7110051549333076,0.6919047276204772,0.6967942118644714,407376000,0.0,0.0
2007-07-20 00:00:00-04:00,0.7013782665922603,0.7038234728234524,0.6857921193219341,0.6891541481018066,505650000,0.0,0.0
2007-07-23 00:00:00-04:00,0.6867089801095851,0.7102413795087457,0.6851805963419665,0.6960304379463196,360474000,0.0,0.0
2007-07-24 00:00:00-04:00,0.6932800496431679,0.6990863570920626,0.6734149914468138,0.6776938438415527,457560000,0.0,0.0
2007-07-25 00:00:00-04:00,0.677845949146918,0.6874727236723268,0.65889864520393,0.6744848489761353,437196000,0.0,0.0
2007-07-26 00:00:00-04:00,0.667302416299967,0.687320596393696,0.6582872021119686,0.6778460144996643,710268000,0.0,0.0
2007-07-27 00:00:00-04:00,0.6761654615402222,0.7073378160577395,0.6758601454255895,0.6761654615402222,615480000,0.0,0.0
2007-07-30 00:00:00-04:00,0.6786106324853338,0.6961826751069634,0.6784575099315142,0.6951136589050293,538158000,0.0,0.0
2007-07-31 00:00:00-04:00,0.7226187742213205,0.7323977437431662,0.6983226696225334,0.6992394924163818,711492000,0.0,0.0
2007-08-01 00:00:00-04:00,0.6891544487586895,0.7061158645755733,0.6616493777655568,0.6940439343452454,705828000,0.0,0.0
2007-08-02 00:00:00-04:00,0.7019897998795266,0.702600377332591,0.6816663088411213,0.690987765789032,468606000,0.0,0.0
2007-08-03 00:00:00-04:00,0.688695785405017,0.6937383919498856,0.6497303036396335,0.6500356197357178,623412000,0.0,0.0
2007-08-06 00:00:00-04:00,0.6555365920066833,0.66042607586267,0.6371999209330277,0.6555365920066833,524724000,0.0,0.0
2007-08-07 00:00:00-04:00,0.6555365833436653,0.6767768992050162,0.6468266865578177,0.6659271121025085,565764000,0.0,0.0
2007-08-08 00:00:00-04:00,0.6779990409292526,0.7174229598993537,0.672803366669699,0.6966410279273987,660744000,0.0,0.0
2007-08-09 00:00:00-04:00,0.701378353001256,0.7242992474276115,0.685333765156122,0.7048925757408142,1251834000,0.0,0.0
2007-08-10 00:00:00-04:00,0.6471319653451524,0.6767768602002866,0.6324625858074552,0.6721926927566528,1141014000,0.0,0.0
2007-08-13 00:00:00-04:00,0.6775406558425958,0.6821248235634483,0.6509524174845435,0.6648580431938171,700410000,0.0,0.0
2007-08-14 00:00:00-04:00,0.6694422482367034,0.7013783561640126,0.667455480349918,0.6906816363334656,1092174000,0.0,0.0
2007-08-15 00:00:00-04:00,0.6870145232339246,0.6967943682787793,0.6605793991164702,0.6614962220191956,695142000,0.0,0.0
2007-08-16 00:00:00-04:00,0.6549251442813401,0.6596624350234601,0.6188633054323244,0.6504940986633301,780030000,0.0,0.0
2007-08-17 00:00:00-04:00,0.6685255102458487,0.6894595848926774,0.6477436291644705,0.688848078250885,728712000,0.0,0.0
2007-08-20 00:00:00-04:00,0.689306404287249,0.6967941625406222,0.6776937365798503,0.6860974431037903,519684000,0.0,0.0
2007-08-21 00:00:00-04:00,0.6902231797713394,0.7287302195141779,0.6799857740350664,0.7232292294502258,715338000,0.0,0.0
2007-08-22 00:00:00-04:00,0.7415659703913127,0.7440111769117387,0.7265913278359394,0.7397323250770569,566154000,0.0,0.0
2007-08-23 00:00:00-04:00,0.743247421301676,0.7519573731533036,0.730258672267905,0.7334675788879395,667986000,0.0,0.0
2007-08-24 00:00:00-04:00,0.7313286826845177,0.7386633192346274,0.7259798305205728,0.7372880578041077,361644000,0.0,0.0
2007-08-27 00:00:00-04:00,0.7372879850931149,0.7617363340016186,0.7339259559512429,0.7539432048797607,635946000,0.0,0.0
2007-08-28 00:00:00-04:00,0.7563882287154717,0.759444066662617,0.7062676555363426,0.707949161529541,560022000,0.0,0.0
2007-08-29 00:00:00-04:00,0.7227707176150278,0.7490535812808286,0.7212432630617193,0.7481367588043213,538560000,0.0,0.0
2007-08-30 00:00:00-04:00,0.7409552639018021,0.7623477722073201,0.7406490734724746,0.7438579797744751,465660000,0.0,0.0
2007-08-31 00:00:00-04:00,0.7594442275380656,0.784657150155563,0.7553184437757393,0.7817544341087341,720834000,0.0,0.0
2007-09-04 00:00:00-04:00,0.7852687192131772,0.8092595033648321,0.7730445449988266,0.8058974742889404,683268000,0.0,0.0
2007-09-05 00:00:00-04:00,0.8023832874741803,0.8251510049139358,0.7991743808042915,0.7997849583625793,656274000,0.0,0.0
2007-09-06 00:00:00-04:00,0.8097178903706895,0.8170525255858158,0.7999379942174106,0.8033000230789185,425496000,0.0,0.0
2007-09-07 00:00:00-04:00,0.780989810433147,0.7890891298276618,0.7589857941578649,0.7739613652229309,602304000,0.0,0.0
2007-09-10 00:00:00-04:00,0.7907695968648761,0.8045220982874625,0.7696824061578772,0.776100218296051,872112000,0.0,0.0
2007-09-11 00:00:00-04:00,0.7854980478137417,0.7985629228357308,0.7772465334189063,0.7926034927368164,405424000,0.0,1.5
2007-09-12 00:00:00-04:00,0.8010840344035517,0.8049806260880237,0.7536379047012582,0.7614309787750244,554452000,0.0,0.0
2007-09-13 00:00:00-04:00,0.7758712214122695,0.7767880441414441,0.7561592868208313,0.7616602778434753,452864000,0.0,0.0
2007-09-14 00:00:00-04:00,0.7540961818818421,0.7550130043522812,0.7369055283088884,0.7391976118087769,487308000,0.0,0.0
2007-09-17 00:00:00-04:00,0.74034381574996,0.7481368901397184,0.729571026802778,0.7375932931900024,374828000,0.0,0.0
2007-09-18 00:00:00-04:00,0.7453864623120329,0.8136905995133239,0.7442403929678879,0.802230179309845,844740000,0.0,0.0
2007-09-19 00:00:00-04:00,0.8095647761413041,0.8251509239500749,0.7797676324229108,0.787560760974884,521360000,0.0,0.0
2007-09-20 00:00:00-04:00,0.7880193540606422,0.7965000608127436,0.7742668477630288,0.7829767465591431,324172000,0.0,0.0
2007-09-21 00:00:00-04:00,0.7907695841692317,0.8022300018373923,0.7829764564368168,0.790540337562561,457532000,0.0,0.0
2007-09-24 00:00:00-04:00,0.7953540659054027,0.8228590791908995,0.7896238274804557,0.8107110261917114,456360000,0.0,0.0
2007-09-25 00:00:00-04:00,0.8058975459499521,0.8244634107747525,0.8036054618488313,0.8210253119468689,360748000,0.0,0.0
2007-09-26 00:00:00-04:00,0.825150914263837,0.8423415696959142,0.823088077144154,0.8405079245567322,518032000,0.0,0.0
2007-09-27 00:00:00-04:00,0.8485300711135687,0.8526558540683487,0.834089940066998,0.8430290818214417,378280000,0.0,0.0
2007-09-28 00:00:00-04:00,0.8480716641978566,0.8510513780351264,0.8288181202266398,0.8306518197059631,404292000,0.0,0.0
2007-10-01 00:00:00-04:00,0.8377574814869573,0.869846711640312,0.8368406588305969,0.8657209277153015,398200000,0.0,0.0
2007-10-02 00:00:00-04:00,0.863658180996501,0.8652626892244567,0.8448631221137232,0.8574695587158203,284960000,0.0,0.0
2007-10-03 00:00:00-04:00,0.8423416995520525,0.8423416995520525,0.8075019993559772,0.8210253119468689,467196000,0.0,0.0
2007-10-04 00:00:00-04:00,0.8201082611845294,0.8295057869916315,0.7964997413955629,0.82469242811203,378976000,0.0,0.0
2007-10-05 00:00:00-04:00,0.837757365502125,0.8510514834453966,0.8288182228831235,0.8464673161506653,344840000,0.0,0.0
2007-10-08 00:00:00-04:00,0.8524269397926251,0.8615952764818898,0.8423417257163561,0.8602200150489807,252484000,0.0,0.0
2007-10-09 00:00:00-04:00,0.8602197605686517,0.8641162970441102,0.8324855120349794,0.8450919985771179,403008000,0.0,0.0
2007-10-10 00:00:00-04:00,0.8508221962587366,0.8508221962587366,0.8256092773399082,0.846008837223053,389136000,0.0,0.0
2007-10-11 00:00:00-04:00,0.8382157724937738,0.848759367803728,0.7992502973097911,0.8084186315536499,529104000,0.0,0.0
2007-10-12 00:00:00-04:00,0.8173576385341746,0.8281304240226746,0.8047511537118952,0.8281304240226746,409952000,0.0,0.0
2007-10-15 00:00:00-04:00,0.8308811477302865,0.8448628967907027,0.8269846108389667,0.8340900540351868,355900000,0.0,0.0
2007-10-16 00:00:00-04:00,0.833173356628091,0.856552636135622,0.8301936418551902,0.8416540622711182,276360000,0.0,0.0
2007-10-17 00:00:00-04:00,0.8744307893602473,0.9088120452838117,0.8735139667984696,0.9062907695770264,717944000,0.0,0.0
2007-10-18 00:00:00-04:00,0.903310967679613,0.909270395724716,0.8806193245759892,0.9056030511856079,340620000,0.0,0.0
2007-10-19 00:00:00-04:00,0.9035405180933094,0.9039989568354151,0.8567819523026431,0.8570111989974976,505768000,0.0,0.0
2007-10-22 00:00:00-04:00,0.8515099386255333,0.8994145619051429,0.8446336871081539,0.8975808620452881,537656000,0.0,0.0
2007-10-23 00:00:00-04:00,0.9092705057771183,0.9092705057771183,0.8774105247933826,0.9019358158111572,294292000,0.0,0.0
2007-10-24 00:00:00-04:00,0.8824530599424916,0.8824530599424916,0.8285890647086354,0.8714510798454285,565500000,0.0,0.0
2007-10-25 00:00:00-04:00,0.8446335947313682,0.852655914614712,0.7699116041710119,0.7953537702560425,806192000,0.0,0.0
2007-10-26 00:00:00-04:00,0.8205667110897203,0.8260677555632532,0.7770171217756222,0.7884775400161743,616580000,0.0,0.0
2007-10-29 00:00:00-04:00,0.7614308836123459,0.7735789318286819,0.746303121331808,0.7699115872383118,813896000,0.0,0.0
2007-10-30 00:00:00-04:00,0.7761004501846609,0.8143783064306044,0.7632647674255972,0.7981045246124268,525212000,0.0,0.0
2007-10-31 00:00:00-04:00,0.8029178248316738,0.8113985304742856,0.7779340919318962,0.810940146446228,455188000,0.0,0.0
2007-11-01 00:00:00-04:00,0.7983336566655272,0.82721392704177,0.7873316202782182,0.810940146446228,587236000,0.0,0.0
2007-11-02 00:00:00-04:00,0.8221712431525967,0.8480718509764801,0.8107108238112098,0.8421124219894409,491844000,0.0,0.0
2007-11-05 00:00:00-05:00,0.835006923744468,0.8622827928188359,0.8297351253826711,0.8421124219894409,436636000,0.0,0.0
2007-11-06 00:00:00-05:00,0.8501346435332094,0.8755767551044763,0.8462380522295354,0.8687005043029785,554620000,0.0,0.0
2007-11-07 00:00:00-05:00,0.8682421195355791,0.8716802176092263,0.8205666932549571,0.8274429440498352,546768000,0.0,0.0
2007-11-08 00:00:00-05:00,0.8194208832991388,0.8343194577303733,0.7520335103244455,0.7756420373916626,996824000,0.0,0.0
2007-11-09 00:00:00-05:00,0.7919156055085317,0.7976458417163038,0.7483660179902764,0.7646397948265076,871056000,0.0,0.0
2007-11-12 00:00:00-05:00,0.7644106168618334,0.7699116065616621,0.688313364982605,0.688313364982605,715732000,0.0,0.0
2007-11-13 00:00:00-05:00,0.6995448598519913,0.7497415262811846,0.6883136295229579,0.7490538954734802,726696000,0.0,0.0
2007-11-14 00:00:00-05:00,0.7680779578733377,0.7754125925555266,0.7334674574924798,0.7373639941215515,666720000,0.0,0.0
2007-11-15 00:00:00-05:00,0.732550854152463,0.7394271069635157,0.7105467795799748,0.7275082468986511,496436000,0.0,0.0
2007-11-16 00:00:00-05:00,0.7334675150270844,0.7458447564253344,0.7275080863101233,0.7437818646430969,423592000,0.0,0.0
2007-11-19 00:00:00-05:00,0.7332382087580585,0.736905553412328,0.6896886207766175,0.6935851573944092,568412000,0.0,0.0
2007-11-20 00:00:00-05:00,0.7066500337470897,0.7077961028686617,0.6672261740444142,0.688313364982605,622628000,0.0,0.0
2007-11-21 00:00:00-05:00,0.6738732132697859,0.697252487123675,0.6718103216994945,0.6809786558151245,648452000,0.0,0.0
2007-11-23 00:00:00-05:00,0.685792304226582,0.6956482722393508,0.677082351046758,0.6926685571670532,141976000,0.0,0.0
2007-11-26 00:00:00-05:00,0.6922099643034474,0.7064209057416244,0.6752485550901185,0.6766237616539001,385896000,0.0,0.0
2007-11-27 00:00:00-05:00,0.6862504430211313,0.7077960715851845,0.6809786455195888,0.7057331800460815,458856000,0.0,0.0
2007-11-28 00:00:00-05:00,0.7279666946645852,0.7630355899018225,0.724528540892503,0.7529504299163818,574548000,0.0,0.0
2007-11-29 00:00:00-05:00,0.7518041921863448,0.7816013360503355,0.7485952858156343,0.7591388821601868,489084000,0.0,0.0
2007-11-30 00:00:00-05:00,0.7838934294921404,0.7838934294921404,0.7206318506455754,0.7229239344596863,652656000,0.0,0.0
2007-12-03 00:00:00-05:00,0.7334675788879395,0.7469908906696188,0.7222363510702265,0.7334675788879395,490688000,0.0,0.0
2007-12-04 00:00:00-05:00,0.7366765171471447,0.7391977932215151,0.7185690366598431,0.7327799797058105,371712000,0.0,0.0
2007-12-05 00:00:00-05:00,0.760743386684594,0.7850394873840406,0.7513458589225784,0.7708285450935364,666704000,0.0,0.0
2007-12-06 00:00:00-05:00,0.7689948937295343,0.7889360183902219,0.762118641962139,0.7864147424697876,371152000,0.0,0.0
2007-12-07 00:00:00-05:00,0.7896238112190366,0.7905406340468182,0.7685366129420481,0.7765589356422424,320292000,0.0,0.0
2007-12-10 00:00:00-05:00,0.7790801144999704,0.794207880530207,0.7767880303938012,0.7850395441055298,336360000,0.0,0.0
2007-12-11 00:00:00-05:00,0.8017716581908462,0.8164410382608189,0.784122618357223,0.7859562635421753,582436000,0.0,0.0
2007-12-12 00:00:00-05:00,0.8191915051902636,0.8272138258232,0.7971874897556703,0.81300288438797,617504000,0.0,0.0
2007-12-13 00:00:00-05:00,0.8031469986794191,0.808418797416005,0.7673904768627287,0.7907697558403015,500364000,0.0,0.0
2007-12-14 00:00:00-05:00,0.7871024568633972,0.8125446293632638,0.7818306578160193,0.8038346767425537,354016000,0.0,0.0
2007-12-17 00:00:00-05:00,0.7953540973633813,0.8029179817808213,0.7609727747490507,0.7628064751625061,507408000,0.0,0.0
2007-12-18 00:00:00-05:00,0.7744958989648435,0.7907697333776085,0.7667028244095548,0.7822890281677246,396896000,0.0,0.0
2007-12-19 00:00:00-05:00,0.7795384601913194,0.7969583082497613,0.7763295537549829,0.7896236181259155,253536000,0.0,0.0
2007-12-20 00:00:00-05:00,0.8022301170461015,0.8079603540268954,0.7854978993829058,0.8061266541481018,279940000,0.0,0.0
2007-12-21 00:00:00-05:00,0.8157534405121197,0.8228588841994944,0.7985627839585216,0.8058974742889404,433408000,0.0,0.0
2007-12-24 00:00:00-05:00,0.8118569007627763,0.8240049508445275,0.8058974717192621,0.8201084136962891,104008000,0.0,0.0
2007-12-26 00:00:00-05:00,0.8217129489549938,0.8311104774475098,0.8136906272156395,0.8311104774475098,215340000,0.0,0.0
2007-12-27 00:00:00-05:00,0.8297353399974631,0.8343195635673379,0.8033763960182083,0.8054392337799072,241368000,0.0,0.0
2007-12-28 00:00:00-05:00,0.804063811577366,0.8136905862504125,0.7905404995634084,0.7974168062210083,262064000,0.0,0.0
2007-12-31 00:00:00-05:00,0.7909987989123692,0.8054389310549456,0.779538380914101,0.7797675728797913,276236000,0.0,0.0
2008-01-02 00:00:00-05:00,0.7820598425093164,0.7850395573624142,0.7463033189197392,0.7566177248954773,483964000,0.0,0.0
2008-01-03 00:00:00-05:00,0.7609726851533637,0.7761004522071251,0.747907810329006,0.7506583333015442,475308000,0.0,0.0
2008-01-04 00:00:00-05:00,0.728195380868442,0.7318627241286559,0.6830413023638755,0.6876254677772522,736092000,0.0,0.0
2008-01-07 00:00:00-05:00,0.6922099465813267,0.6979401832661325,0.6039646404503571,0.6165711283683777,1006800000,0.0,0.0
2008-01-08 00:00:00-05:00,0.620009274935547,0.6713519985258669,0.6055691407567185,0.6296360492706299,1106956000,0.0,0.0
2008-01-09 00:00:00-05:00,0.6381166197399641,0.6624127697753526,0.6287190940324456,0.6621835231781006,741036000,0.0,0.0
2008-01-10 00:00:00-05:00,0.6440760874994117,0.6587454661384974,0.6355953837129559,0.6484310626983643,554432000,0.0,0.0
2008-01-11 00:00:00-05:00,0.6330742312294744,0.6463682967268165,0.6154251350390325,0.6200093030929565,572612000,0.0,0.0
2008-01-14 00:00:00-05:00,0.6291776893671079,0.6621837457051118,0.6190925297738726,0.6612669229507446,539188000,0.0,0.0
2008-01-15 00:00:00-05:00,0.63605387007123,0.6436177519228685,0.6019017511007279,0.6126745939254761,725692000,0.0,0.0
2008-01-16 00:00:00-05:00,0.5741675394124923,0.5812729824729065,0.5308470865339733,0.543453574180603,1464472000,0.0,0.0
2008-01-17 00:00:00-05:00,0.5519343555770923,0.5666036823475123,0.5326808061278479,0.5340560674667358,1133900000,0.0,0.0
2008-01-18 00:00:00-05:00,0.5356606622276961,0.572334070806942,0.5161779702753175,0.5693543553352356,920428000,0.0,0.0
2008-01-22 00:00:00-05:00,0.5150316304081461,0.5542262951107806,0.5118227245523369,0.5409321784973145,709092000,0.0,0.0
2008-01-23 00:00:00-05:00,0.5189283039746632,0.5670621231301748,0.513885751910009,0.5507883429527283,929880000,0.0,0.0
2008-01-24 00:00:00-05:00,0.5615611928074216,0.5931919885322005,0.5562893935199584,0.5929627418518066,597092000,0.0,0.0
2008-01-25 00:00:00-05:00,0.6156544126144967,0.6294069174669483,0.5691250444180127,0.5718755125999451,688012000,0.0,0.0
2008-01-28 00:00:00-05:00,0.5698124570510198,0.5755426378893976,0.5528509971729492,0.5649990439414978,577608000,0.0,0.0
2008-01-29 00:00:00-05:00,0.5750846376852519,0.5847114156791008,0.5601860592004394,0.5824192762374878,414484000,0.0,0.0
2008-01-30 00:00:00-05:00,0.5730216274703628,0.586086502652274,0.5608735750885224,0.5773766040802002,530476000,0.0,0.0
2008-01-31 00:00:00-05:00,0.5647703377086102,0.5741679254297376,0.546204409043296,0.5636243224143982,588708000,0.0,0.0
2008-02-01 00:00:00-05:00,0.5624779261906819,0.6188632558666075,0.5576645663814017,0.6156543493270874,593104000,0.0,0.0
2008-02-04 00:00:00-05:00,0.6289482219383294,0.6323863740712156,0.5931917129941839,0.5964006185531616,565128000,0.0,0.0
2008-02-05 00:00:00-05:00,0.5844816295194184,0.5847108760405719,0.5588102816600385,0.5590394735336304,494928000,0.0,0.0
2008-02-06 00:00:00-05:00,0.564999107710946,0.5805853084597411,0.5468916314805032,0.5572060346603394,557380000,0.0,0.0
2008-02-07 00:00:00-05:00,0.5411616053673258,0.578522582992847,0.5294719377876344,0.5627071857452393,664128000,0.0,0.0
2008-02-08 00:00:00-05:00,0.5574352813428955,0.5771472125102336,0.5501006461359798,0.5727922916412354,393932000,0.0,0.0
2008-02-11 00:00:00-05:00,0.5776057433514709,0.587003326474588,0.5707294910077148,0.5746260285377502,503732000,0.0,0.0
2008-02-12 00:00:00-05:00,0.5833358852025083,0.6041938308269588,0.5801269242507886,0.5959423184394836,609688000,0.0,0.0
2008-02-13 00:00:00-05:00,0.6005264764834863,0.6211552844519451,0.5941086639760271,0.6193215847015381,742312000,0.0,0.0
2008-02-14 00:00:00-05:00,0.6012140728284634,0.6016725114018602,0.5168653645970093,0.5182405710220337,2184296000,0.0,0.0
2008-02-15 00:00:00-05:00,0.5161778589856845,0.5301595557633395,0.5021961075604332,0.51044762134552,817364000,0.0,0.0
2008-02-19 00:00:00-05:00,0.5198450204952971,0.5207618976358078,0.498528637958702,0.5028836131095886,558608000,0.0,0.0
2008-02-20 00:00:00-05:00,0.48821436697171916,0.5065510383386074,0.48615147504866685,0.49921634793281555,759016000,0.0,0.0
2008-02-21 00:00:00-05:00,0.5042590302687499,0.5067803065666718,0.4850054787193113,0.48798519372940063,644272000,0.0,0.0
2008-02-22 00:00:00-05:00,0.491881767361801,0.5125105819034542,0.48821447598760825,0.511593759059906,723052000,0.0,0.0
2008-02-25 00:00:00-05:00,0.5111353275438719,0.5170947580826311,0.49784120485777794,0.5113645195960999,671784000,0.0,0.0
2008-02-26 00:00:00-05:00,0.5083846052725424,0.5235123677485061,0.500591532072071,0.5157192945480347,565420000,0.0,0.0
2008-02-27 00:00:00-05:00,0.5131982414065959,0.5278675716667872,0.509989279303261,0.5237418413162231,537816000,0.0,0.0
2008-02-28 00:00:00-05:00,0.519157510177304,0.5200743327860206,0.5040296912193298,0.5040296912193298,503608000,0.0,0.0
2008-02-29 00:00:00-05:00,0.49577821589155985,0.502425220559819,0.48821433399880715,0.49027717113494873,540576000,0.0,0.0
2008-03-03 00:00:00-05:00,0.4895896912632659,0.4930278452946026,0.4781292689048176,0.48454713821411133,449028000,0.0,0.0
2008-03-04 00:00:00-05:00,0.48133800961905393,0.48225488680843354,0.4609384484881045,0.47973355650901794,778888000,0.0,0.0
2008-03-05 00:00:00-05:00,0.4843176814731807,0.4966949759705638,0.4792751306108957,0.4852345585823059,644656000,0.0,0.0
2008-03-06 00:00:00-05:00,0.4792752610943017,0.4824841679071274,0.4540622813282823,0.4547499120235443,1075284000,0.0,0.0
2008-03-07 00:00:00-05:00,0.4464984403662084,0.46575199235109244,0.43549643017756057,0.4481029212474823,767500000,0.0,0.0
2008-03-10 00:00:00-04:00,0.4426019372138522,0.4481029564016371,0.4217439573589642,0.4224315881729126,776100000,0.0,0.0
2008-03-11 00:00:00-04:00,0.4354963487596262,0.4407681471689968,0.4180765002740002,0.4364131987094879,857940000,0.0,0.0
2008-03-12 00:00:00-04:00,0.4405390947564299,0.44443563313749923,0.42082712881243417,0.4244944751262665,743320000,0.0,0.0
2008-03-13 00:00:00-04:00,0.4178472934080813,0.4579588173078846,0.4153260174493628,0.4515409767627716,1220528000,0.0,0.0
2008-03-14 00:00:00-04:00,0.4538330362114889,0.4542914475134277,0.41670122892614064,0.41991016268730164,1154972000,0.0,0.0
2008-03-17 00:00:00-04:00,0.4015735054470377,0.4235775507347997,0.39676011797873373,0.4093666076660156,800952000,0.0,0.0
2008-03-18 00:00:00-04:00,0.4189933353799228,0.4354963617310304,0.40707450426707537,0.43480873107910156,1075256000,0.0,0.0
2008-03-19 00:00:00-04:00,0.42472366024544567,0.4306830633697913,0.4047825038433075,0.4047825038433075,880476000,0.0,0.0
2008-03-20 00:00:00-04:00,0.40959589780370015,0.42541129804282257,0.4022612324998394,0.4244944751262665,633460000,0.0,0.0
2008-03-24 00:00:00-04:00,0.4338918582472336,0.46162608185186715,0.43228740512748126,0.4591048061847687,887440000,0.0,0.0
2008-03-25 00:00:00-04:00,0.46116780730296447,0.4744618740121465,0.4568128308604743,0.465751975774765,735388000,0.0,0.0
2008-03-26 00:00:00-04:00,0.4595632388805767,0.4627721450788729,0.4458107095804419,0.45085328817367554,721652000,0.0,0.0
2008-03-27 00:00:00-04:00,0.4439771552740281,0.4565836187720609,0.43710087513311946,0.44443556666374207,601308000,0.0,0.0
2008-03-28 00:00:00-04:00,0.45245785118187326,0.46277225749345224,0.44787368274286005,0.45108261704444885,561788000,0.0,0.0
2008-03-31 00:00:00-04:00,0.4558958579274403,0.4643765891741172,0.4478735652634534,0.4536037743091583,569992000,0.0,0.0
2008-04-01 00:00:00-04:00,0.46712725338372607,0.48248421283003673,0.4604801924756989,0.48133814334869385,676872000,0.0,0.0
2008-04-02 00:00:00-04:00,0.48271321965625635,0.48271321965625635,0.46300129118022343,0.46666863560676575,616536000,0.0,0.0
2008-04-03 00:00:00-04:00,0.4627722047236084,0.4634598353758098,0.44443550573468726,0.45795881748199463,841984000,0.0,0.0
2008-04-04 00:00:00-04:00,0.44879041767871597,0.45108252877348554,0.4293077056254222,0.43045374751091003,1535528000,0.0,0.0
2008-04-07 00:00:00-04:00,0.44099734197870993,0.4474151819758859,0.43732999703066827,0.44076812267303467,729496000,0.0,0.0
2008-04-08 00:00:00-04:00,0.4354963509829985,0.45245778824218574,0.4354963509829985,0.43824684619903564,639476000,0.0,0.0
2008-04-09 00:00:00-04:00,0.4432894384796615,0.45154095118799253,0.439163682125496,0.4469567835330963,675232000,0.0,0.0
2008-04-10 00:00:00-04:00,0.4517701268400405,0.4701068514441418,0.4421433805776292,0.4556666910648346,1092184000,0.0,0.0
2008-04-11 00:00:00-04:00,0.44695686418005726,0.4497073598045236,0.42197310223483964,0.42472362518310547,1106280000,0.0,0.0
2008-04-14 00:00:00-04:00,0.4231191185295992,0.42403596856432624,0.4079913525326824,0.41051265597343445,780004000,0.0,0.0
2008-04-15 00:00:00-04:00,0.4125753879577855,0.4169303627426533,0.403636273769765,0.41532590985298157,439916000,0.0,0.0
2008-04-16 00:00:00-04:00,0.4311413724143115,0.4373299930494747,0.42357749060520383,0.43182897567749023,646836000,0.0,0.0
2008-04-17 00:00:00-04:00,0.4118879196637662,0.4274740971031868,0.41165870032285495,0.4258696436882019,596968000,0.0,0.0
2008-04-18 00:00:00-04:00,0.4389343440088442,0.4428309073198763,0.42999523043082405,0.43595463037490845,573540000,0.0,0.0
2008-04-21 00:00:00-04:00,0.4325166727535491,0.4584172557937395,0.4325166727535491,0.4554375410079956,679892000,0.0,0.0
2008-04-22 00:00:00-04:00,0.4471859755215644,0.4519993624887233,0.43733000959877855,0.4469567835330963,587668000,0.0,0.0
2008-04-23 00:00:00-04:00,0.45314538710792085,0.4735449487879261,0.44718595845448256,0.46850234270095825,1020496000,0.0,0.0
2008-04-24 00:00:00-04:00,0.4712529423362847,0.4735450264521699,0.4503949659522101,0.4572712182998657,655764000,0.0,0.0
2008-04-25 00:00:00-04:00,0.4616262244408492,0.4630014860104578,0.4471860872551647,0.4618554711341858,552208000,0.0,0.0
2008-04-28 00:00:00-04:00,0.45979242193755326,0.4666686727923992,0.45177010194977435,0.4536037743091583,535700000,0.0,0.0
2008-04-29 00:00:00-04:00,0.4485611791033543,0.4687315469813752,0.4485611791033543,0.4630013108253479,573408000,0.0,0.0
2008-04-30 00:00:00-04:00,0.4685022594533695,0.47606613991601116,0.465293353717116,0.4710235893726349,1068320000,0.0,0.0
2008-05-01 00:00:00-04:00,0.476753866018576,0.4939445217860433,0.47446178222608626,0.49279850721359253,1014624000,0.0,0.0
2008-05-02 00:00:00-04:00,0.5063219832991148,0.5161779522895813,0.49875809884951017,0.5161779522895813,1131016000,0.0,0.0
2008-05-05 00:00:00-04:00,0.5127395582589866,0.5150316417274512,0.5021959633745336,0.5033420324325562,943392000,0.0,0.0
2008-05-06 00:00:00-04:00,0.5019668206039015,0.5175529678575351,0.49417369232949887,0.5164069533348083,729036000,0.0,0.0
2008-05-07 00:00:00-04:00,0.5177823514771817,0.5246586043756477,0.5001332531882783,0.5044882297515869,715632000,0.0,0.0
2008-05-08 00:00:00-04:00,0.508384771173365,0.5099892247295373,0.48156739014539834,0.5031129717826843,1360000000,0.0,0.0
2008-05-09 00:00:00-04:00,0.5044880962719691,0.5370357065721629,0.5035712737242706,0.5164069533348083,2030352000,0.0,0.0
2008-05-12 00:00:00-04:00,0.5230539718013226,0.5230539718013226,0.49669498405548257,0.5017375349998474,1006652000,0.0,0.0
2008-05-13 00:00:00-04:00,0.5042588071737109,0.5042588071737109,0.4877557859033724,0.4914231300354004,854108000,0.0,0.0
2008-05-14 00:00:00-04:00,0.49761203200294796,0.5189284238154266,0.4914234091732098,0.5058635473251343,751148000,0.0,0.0
2008-05-15 00:00:00-04:00,0.5047171089508133,0.5473499160735303,0.5024250260720156,0.5450578331947327,1165464000,0.0,0.0
2008-05-16 00:00:00-04:00,0.5542266287980063,0.5606444990212577,0.5416201350846422,0.5594984292984009,1091556000,0.0,0.0
2008-05-19 00:00:00-04:00,0.5597273908026934,0.5801269534964242,0.5439119958167051,0.5478085875511169,1158532000,0.0,0.0
2008-05-20 00:00:00-04:00,0.5329101365754935,0.5390987589259713,0.5274091450025801,0.5335977673530579,771404000,0.0,0.0
2008-05-21 00:00:00-04:00,0.53497275084944,0.5556014995115178,0.5280964466478404,0.5292425155639648,1066660000,0.0,0.0
2008-05-22 00:00:00-04:00,0.5368065182173978,0.5464332916521213,0.5283258139607161,0.5420783162117004,693108000,0.0,0.0
2008-05-23 00:00:00-04:00,0.5411615330781762,0.5455165088358308,0.5219079848062241,0.5297011137008667,802672000,0.0,0.0
2008-05-27 00:00:00-04:00,0.5306177882209662,0.5361187770571774,0.5205325782657415,0.5354311466217041,832856000,0.0,0.0
2008-05-28 00:00:00-04:00,0.550100773423548,0.5514759802728371,0.534285375504526,0.540473997592926,751736000,0.0,0.0
2008-05-29 00:00:00-04:00,0.5407034322931822,0.5416202554867099,0.5292430057550246,0.5390989780426025,693460000,0.0,0.0
2008-05-30 00:00:00-04:00,0.5544556340799343,0.5679789462268298,0.5528511807265865,0.5661453008651733,830244000,0.0,0.0
2008-06-02 00:00:00-04:00,0.5661454914962928,0.5727925538037687,0.5599568680073922,0.5684375762939453,734660000,0.0,0.0
2008-06-03 00:00:00-04:00,0.570270978914016,0.571187856159896,0.5425367810920722,0.5491837859153748,840696000,0.0,0.0
2008-06-04 00:00:00-04:00,0.5370357967568516,0.5567477307567426,0.5340560819907568,0.5556017160415649,831724000,0.0,0.0
2008-06-05 00:00:00-04:00,0.5748550945485629,0.5810437694842423,0.5631654845207807,0.5695832967758179,827860000,0.0,0.0
2008-06-06 00:00:00-04:00,0.5627070490821962,0.5633946796344456,0.5482669167801264,0.5514758229255676,784876000,0.0,0.0
2008-06-09 00:00:00-04:00,0.5482670131915024,0.5558308959487517,0.5319932329867869,0.5429952144622803,637916000,0.0,0.0
2008-06-10 00:00:00-04:00,0.5283257053888416,0.5290133358248402,0.5074677096745605,0.5109058618545532,1225208000,0.0,0.0
2008-06-11 00:00:00-04:00,0.5109061056484065,0.5232833501073962,0.4863807541216662,0.48706838488578796,999428000,0.0,0.0
2008-06-12 00:00:00-04:00,0.4980704634302524,0.5076971856245496,0.4859223553633243,0.4900481402873993,825992000,0.0,0.0
2008-06-13 00:00:00-04:00,0.49073563734267267,0.4964658197562504,0.4740034194447841,0.4884435534477234,705748000,0.0,0.0
2008-06-16 00:00:00-04:00,0.48317179424746753,0.4877559624094993,0.47789999539637146,0.481796532869339,630496000,0.0,0.0
2008-06-17 00:00:00-04:00,0.488672763582281,0.48890195558600624,0.4689608304245002,0.47010689973831177,687912000,0.0,0.0
2008-06-18 00:00:00-04:00,0.4652933445338761,0.4813379275460577,0.4487903230051731,0.4563542306423187,1065272000,0.0,0.0
2008-06-19 00:00:00-04:00,0.45887561409942584,0.4652934265768909,0.4442062347550729,0.4552082419395447,784928000,0.0,0.0
2008-06-20 00:00:00-04:00,0.44512307192512346,0.45795875116139395,0.444893852632986,0.45291614532470703,741008000,0.0,0.0
2008-06-23 00:00:00-04:00,0.4563543158686965,0.45681272714704035,0.4396220719569053,0.44351860880851746,776616000,0.0,0.0
2008-06-24 00:00:00-04:00,0.4409973681106677,0.46873162152250236,0.4409973681106677,0.458187997341156,1078928000,0.0,0.0
2008-06-25 00:00:00-04:00,0.4652935617393066,0.4687317155992539,0.45337472854542554,0.4607093930244446,900976000,0.0,0.0
2008-06-26 00:00:00-04:00,0.44695679130968125,0.45039491711067325,0.4371007978916168,0.4371007978916168,845532000,0.0,0.0
2008-06-27 00:00:00-04:00,0.4389344861836837,0.4444355040567299,0.42884932773545964,0.4419142007827759,584140000,0.0,0.0
2008-06-30 00:00:00-04:00,0.4368714997853288,0.44076803594857894,0.426098686366512,0.4290784001350403,653940000,0.0,0.0
2008-07-01 00:00:00-04:00,0.4240359090775314,0.4302245298176141,0.4162428078327139,0.42976611852645874,881464000,0.0,0.0
2008-07-02 00:00:00-04:00,0.4277031193468229,0.4304536135512654,0.412575332912926,0.4132629632949829,763196000,0.0,0.0
2008-07-03 00:00:00-04:00,0.2975127529915853,0.30095087865748155,0.28421866161869447,0.2862815260887146,2987520000,0.0,0.0
2008-07-07 00:00:00-04:00,0.2906364377399625,0.2924701098232521,0.2695492497678139,0.2773423492908478,2202692000,0.0,0.0
2008-07-08 00:00:00-04:00,0.279176064224031,0.28605231509894113,0.2704661136605943,0.2757379114627838,1805288000,0.0,0.0
2008-07-09 00:00:00-04:00,0.2764256190850528,0.2805513762250566,0.2709246277809143,0.2709246277809143,1413168000,0.0,0.0
2008-07-10 00:00:00-04:00,0.27229986371799636,0.27550879810280365,0.2651943915237372,0.270236998796463,1056992000,0.0,0.0
2008-07-11 00:00:00-04:00,0.2647359305774215,0.274133485291523,0.25946413225789616,0.26748645305633545,807760000,0.0,0.0
2008-07-14 00:00:00-04:00,0.26954931224662465,0.2716121767411092,0.2535046982917019,0.2553383708000183,882316000,0.0,0.0
2008-07-15 00:00:00-04:00,0.2530463682958522,0.2633607760535335,0.24525329178644317,0.25808897614479065,1122484000,0.0,0.0
2008-07-16 00:00:00-04:00,0.25900567388017365,0.2663403354020653,0.2519002043073409,0.2594640851020813,1034392000,0.0,0.0
2008-07-17 00:00:00-04:00,0.2635898596577003,0.2635898596577003,0.2502957693258747,0.26038095355033875,862080000,0.0,0.0
2008-07-18 00:00:00-04:00,0.2585473066109146,0.2665695999913403,0.2512126165183469,0.26496514678001404,899720000,0.0,0.0
2008-07-21 00:00:00-04:00,0.26909094776577763,0.2729874854464814,0.2642775600095089,0.2665696442127228,571636000,0.0,0.0
2008-07-22 00:00:00-04:00,0.26404827907992434,0.2651943209142583,0.25579679426699525,0.2608393728733063,555924000,0.0,0.0
2008-07-23 00:00:00-04:00,0.2626731014240879,0.27138302669168746,0.26152705934476683,0.26863253116607666,594876000,0.0,0.0
2008-07-24 00:00:00-04:00,0.2658819978537147,0.26840330125852235,0.2521294934430489,0.2528171241283417,705628000,0.0,0.0
2008-07-25 00:00:00-04:00,0.25533837286446764,0.2658819693796878,0.25006657460685755,0.26496514678001404,1039600000,0.0,0.0
2008-07-28 00:00:00-04:00,0.26152705214796357,0.27298747262580164,0.2603810101001797,0.26427754759788513,734808000,0.0,0.0
2008-07-29 00:00:00-04:00,0.2647359497177525,0.2736750937729307,0.2617562350326931,0.2670280337333679,764636000,0.0,0.0
2008-07-30 00:00:00-04:00,0.27229986629536107,0.27275830501452986,0.2571720989815966,0.2631315290927887,588492000,0.0,0.0
2008-07-31 00:00:00-04:00,0.26244382281203643,0.2679448399447832,0.2594641086139393,0.26221463084220886,487236000,0.0,0.0
2008-08-01 00:00:00-04:00,0.25533843850013577,0.2562552886592836,0.24525327801612004,0.24846218526363373,881060000,0.0,0.0
2008-08-04 00:00:00-04:00,0.24846208761835814,0.24983734865470336,0.24181502904107727,0.24250265955924988,522052000,0.0,0.0
2008-08-05 00:00:00-04:00,0.24708683563463224,0.25648438930511475,0.24433634078496158,0.25648438930511475,685844000,0.0,0.0
2008-08-06 00:00:00-04:00,0.2571720604093843,0.2656527929088126,0.2489205472351607,0.2633607089519501,814864000,0.0,0.0
2008-08-07 00:00:00-04:00,0.26106869759236156,0.27275833995250304,0.25625530901493776,0.2592350244522095,819232000,0.0,0.0
2008-08-08 00:00:00-04:00,0.2612978005934741,0.26358988440645065,0.25121261542210077,0.252129465341568,853764000,0.0,0.0
2008-08-11 00:00:00-04:00,0.25396307330318135,0.2635898174059529,0.25304622361676327,0.2574011981487274,1196436000,0.0,0.0
2008-08-12 00:00:00-04:00,0.25946417330555144,0.26015180403406424,0.25006661710474126,0.25373396277427673,1410868000,0.0,0.0
2008-08-13 00:00:00-04:00,0.27390434831403043,0.2851355505047826,0.2672572874199973,0.2810097932815552,2095260000,0.0,0.0
2008-08-14 00:00:00-04:00,0.2789468587269139,0.3092023859317937,0.2789468587269139,0.2979711592197418,1635304000,0.0,0.0
2008-08-15 00:00:00-04:00,0.30324291044431145,0.3066810628445367,0.29499139933134916,0.2970542907714844,777652000,0.0,0.0
2008-08-18 00:00:00-04:00,0.29911714863684513,0.3057642067066507,0.2959082428954139,0.30301371216773987,893968000,0.0,0.0
2008-08-19 00:00:00-04:00,0.29682511968583675,0.30943160766957983,0.29682511968583675,0.30759793519973755,1014140000,0.0,0.0
2008-08-20 00:00:00-04:00,0.31218205891871226,0.32364247609278646,0.3098899754838974,0.32272565364837646,1143692000,0.0,0.0
2008-08-21 00:00:00-04:00,0.3169955761674526,0.31951687991805017,0.3057643462974647,0.3121821880340576,1021560000,0.0,0.0
2008-08-22 00:00:00-04:00,0.3144741620288438,0.3181415066835137,0.30530582771596054,0.3119528591632843,459264000,0.0,0.0
2008-08-25 00:00:00-04:00,0.3101192479912115,0.31745391077691143,0.30645190293646424,0.3073687255382538,471600000,0.0,0.0
2008-08-26 00:00:00-04:00,0.30897312762316337,0.30920231955351746,0.2968250536294051,0.3000339865684509,613112000,0.0,0.0
2008-08-27 00:00:00-04:00,0.29315774979280707,0.3059934274689967,0.2904072279166316,0.3023260831832886,454620000,0.0,0.0
2008-08-28 00:00:00-04:00,0.30278457760236543,0.30599351156521887,0.29820040964725747,0.3011801242828369,365192000,0.0,0.0
2008-08-29 00:00:00-04:00,0.2970542112019781,0.297971033380597,0.28880270229928073,0.2897195518016815,516004000,0.0,0.0
2008-09-02 00:00:00-04:00,0.2945330101538071,0.29705431299466595,0.27848842526344714,0.2823849618434906,693928000,0.0,0.0
2008-09-03 00:00:00-04:00,0.27848847105928987,0.2796345130256328,0.2647359401393789,0.2672572433948517,714856000,0.0,0.0
2008-09-04 00:00:00-04:00,0.2642775493113219,0.26702804477907627,0.2619854652008936,0.26358991861343384,716128000,0.0,0.0
2008-09-05 00:00:00-04:00,0.26129780480257386,0.26817405635226915,0.2610686128118609,0.26748645305633545,791100000,0.0,0.0
2008-09-08 00:00:00-04:00,0.27000769891199916,0.27000769891199916,0.25212944140345217,0.25648438930511475,1314840000,0.0,0.0
2008-09-09 00:00:00-04:00,0.2555675828823791,0.27115375777659084,0.24685765920704367,0.24777448177337646,1098296000,0.0,0.0
2008-09-10 00:00:00-04:00,0.2507541863507171,0.25579679224087926,0.24639923834425975,0.24800369143486023,644284000,0.0,0.0
2008-09-11 00:00:00-04:00,0.23379286815086567,0.24112756136866872,0.22829186189941642,0.2360849529504776,1066976000,0.0,0.0
2008-09-12 00:00:00-04:00,0.23402196852918736,0.23562642160807762,0.22026945306458803,0.23356355726718903,1209200000,0.0,0.0
2008-09-15 00:00:00-04:00,0.22531209875144886,0.22875023888880458,0.21041353702924137,0.2131640464067459,863984000,0.0,0.0
2008-09-16 00:00:00-04:00,0.20560013774721445,0.2214155340094539,0.20170358668405589,0.2198110669851303,1240840000,0.0,0.0
2008-09-17 00:00:00-04:00,0.21476847008766065,0.23425119773358816,0.212705591756972,0.22920861840248108,1392580000,0.0,0.0
2008-09-18 00:00:00-04:00,0.2319591059167414,0.26175622421173034,0.23150069459732833,0.24960817396640778,1611060000,0.0,0.0
2008-09-19 00:00:00-04:00,0.26152700185775757,0.26358986621757186,0.24983736428869674,0.26152700185775757,1107344000,0.0,0.0
2008-09-22 00:00:00-04:00,0.2594641556718955,0.26702803852388274,0.2546507682232317,0.256026029586792,700072000,0.0,0.0
2008-09-23 00:00:00-04:00,0.2539630725957375,0.26336062474356714,0.24777442603196387,0.24869127571582794,821468000,0.0,0.0
2008-09-24 00:00:00-04:00,0.24548237961446756,0.26290222565807475,0.2441071458681563,0.25785964727401733,866036000,0.0,0.0
2008-09-25 00:00:00-04:00,0.25785956386443065,0.269090786107206,0.2535045901003323,0.2629021406173706,588328000,0.0,0.0
2008-09-26 00:00:00-04:00,0.2564844825183389,0.2697786049913972,0.2516711216130609,0.26794493198394775,646852000,0.0,0.0
2008-09-29 00:00:00-04:00,0.26083935742227293,0.2640482634388089,0.22920857187977944,0.23150065541267395,975240000,0.0,0.0
2008-09-30 00:00:00-04:00,0.2351680945215745,0.24777455901971296,0.232646790692426,0.24548247456550598,659044000,0.0,0.0
2008-10-01 00:00:00-04:00,0.24181507643517336,0.2461700523546181,0.23425119390038707,0.23860616981983185,557208000,0.0,0.0
2008-10-02 00:00:00-04:00,0.2402106082658671,0.2402106082658671,0.21270557511641397,0.21385163068771362,787728000,0.0,0.0
2008-10-03 00:00:00-04:00,0.21728974610126098,0.22347838031540046,0.20560010825074085,0.20697535574436188,915828000,0.0,0.0
2008-10-06 00:00:00-04:00,0.19711939137835166,0.19757780265803906,0.16755148130540926,0.1799287497997284,1677440000,0.0,0.0
2008-10-07 00:00:00-04:00,0.18634656245440906,0.1868049736671051,0.1645717429515583,0.16594699025154114,1059984000,0.0,0.0
2008-10-08 00:00:00-04:00,0.15998761016251567,0.17924113109979878,0.15838314325345998,0.16938516497612,1219456000,0.0,0.0
2008-10-09 00:00:00-04:00,0.17557379336746412,0.17809509666477338,0.15677869661043042,0.15861235558986664,909636000,0.0,0.0
2008-10-10 00:00:00-04:00,0.14485987780894144,0.1680099410047156,0.14394304132344238,0.1560910940170288,1200252000,0.0,0.0
2008-10-13 00:00:00-04:00,0.16938519109855152,0.18474216362095003,0.1673223125612861,0.18451295793056488,916536000,0.0,0.0
2008-10-14 00:00:00-04:00,0.1913892085647261,0.1925352506662832,0.17534460548102745,0.1803871989250183,1209012000,0.0,0.0
2008-10-15 00:00:00-04:00,0.17924117071496487,0.18015800719964686,0.16090448200702667,0.16090448200702667,854064000,0.0,0.0
2008-10-16 00:00:00-04:00,0.16571781752398088,0.1774074560478223,0.158153935380542,0.17649061977863312,1019820000,0.0,0.0
2008-10-17 00:00:00-04:00,0.17144803454645188,0.18542975640307469,0.1682391145521139,0.1753445714712143,839416000,0.0,0.0
2008-10-20 00:00:00-04:00,0.18130400461803883,0.18267925217450204,0.17442773951192844,0.17878270149230957,595764000,0.0,0.0
2008-10-21 00:00:00-04:00,0.17534458916446785,0.17717826182108795,0.1641133748819408,0.16503021121025085,659116000,0.0,0.0
2008-10-22 00:00:00-04:00,0.1627380717663167,0.16961433563182302,0.1544865742543617,0.15884153544902802,600996000,0.0,0.0
2008-10-23 00:00:00-04:00,0.1583831521657382,0.16227970316822166,0.1434845924834052,0.14990243315696716,832192000,0.0,0.0
2008-10-24 00:00:00-04:00,0.13752513680237252,0.15929994215997645,0.13683750633669764,0.15150685608386993,798336000,0.0,0.0
2008-10-27 00:00:00-04:00,0.15059001263573402,0.1691558976800017,0.14577662693572763,0.15975835919380188,698936000,0.0,0.0
2008-10-28 00:00:00-04:00,0.16823908239646024,0.18405446003997422,0.16525936861511187,0.18382525444030762,849920000,0.0,0.0
2008-10-29 00:00:00-04:00,0.18267924987430997,0.20170356442374598,0.1817624136275797,0.1897847205400467,977284000,0.0,0.0
2008-10-30 00:00:00-04:00,0.20055756805652317,0.20170361020960842,0.18565900640451458,0.19780705869197845,657176000,0.0,0.0
2008-10-31 00:00:00-04:00,0.19161838970249262,0.20468327525201593,0.19115996475614805,0.20078672468662262,608672000,0.0,0.0
2008-11-03 00:00:00-05:00,0.2051417147667217,0.20880906019456713,0.19024315470537148,0.19345207512378693,723924000,0.0,0.0
2008-11-04 00:00:00-05:00,0.20009906936893734,0.20582927763462067,0.19482727229975103,0.20582927763462067,619560000,0.0,0.0
2008-11-05 00:00:00-05:00,0.1982655086212097,0.20399572010544623,0.19505658745765686,0.19505658745765686,787620000,0.0,0.0
2008-11-06 00:00:00-05:00,0.18359607126051766,0.19047232206157572,0.17419851756955493,0.174656942486763,797936000,0.0,0.0
2008-11-07 00:00:00-05:00,0.19895304982097387,0.20789219271675993,0.18565895878986677,0.19986988604068756,1132068000,0.0,0.0
2008-11-10 00:00:00-05:00,0.20743374937938042,0.20857980479880533,0.182679228290089,0.18703418970108032,576396000,0.0,0.0
2008-11-11 00:00:00-05:00,0.18428371904195676,0.18565896659841996,0.1769490426376577,0.17878270149230957,576484000,0.0,0.0
2008-11-12 00:00:00-05:00,0.17328172623175248,0.17740748324463937,0.1661762679645801,0.16823914647102356,646092000,0.0,0.0
2008-11-13 00:00:00-05:00,0.16044603179477307,0.1822208573240265,0.15723711143211558,0.18199165165424347,797228000,0.0,0.0
2008-11-14 00:00:00-05:00,0.17465697394718194,0.1755737966229507,0.1636549515570746,0.16434258222579956,741024000,0.0,0.0
2008-11-17 00:00:00-05:00,0.1627381413144901,0.16709310437030417,0.15930001474335806,0.16090448200702667,388224000,0.0,0.0
2008-11-18 00:00:00-05:00,0.16411339467645739,0.16503023111535156,0.15036087541684476,0.15563267469406128,564488000,0.0,0.0
2008-11-19 00:00:00-05:00,0.15425739860089938,0.15815394968182991,0.14210934767490788,0.14279697835445404,500220000,0.0,0.0
2008-11-20 00:00:00-05:00,0.14165088365973688,0.14875635318532993,0.13362859169642394,0.1352330446243286,847036000,0.0,0.0
2008-11-21 00:00:00-05:00,0.13958807594465103,0.1462351232767105,0.1317949727783327,0.1462351232767105,599064000,0.0,0.0
2008-11-24 00:00:00-05:00,0.15517426842881715,0.15769557235647613,0.14669354741975826,0.15586189925670624,600308000,0.0,0.0
2008-11-25 00:00:00-05:00,0.16273800691635423,0.1631964316110528,0.1556325539364747,0.16021671891212463,528256000,0.0,0.0
2008-11-26 00:00:00-05:00,0.15746633720865183,0.1748862025887632,0.15654951441245138,0.17442777752876282,600792000,0.0,0.0
2008-11-28 00:00:00-05:00,0.17167725234814116,0.174198541928716,0.16892674344596126,0.17121882736682892,175248000,0.0,0.0
2008-12-01 00:00:00-05:00,0.16434257140172176,0.16594702464054154,0.15632026422193043,0.15654948353767395,547112000,0.0,0.0
2008-12-02 00:00:00-05:00,0.15952915394332248,0.16732225398332215,0.15746627612825137,0.16525937616825104,479988000,0.0,0.0
2008-12-03 00:00:00-05:00,0.1588416014821686,0.17396936914849884,0.15746633994021103,0.17374016344547272,584632000,0.0,0.0
2008-12-04 00:00:00-05:00,0.17030198889312145,0.17878270748926012,0.1583831444595503,0.16227969527244568,466292000,0.0,0.0
2008-12-05 00:00:00-05:00,0.15723707506963977,0.1693851367015731,0.15448658034452317,0.1686975061893463,438484000,0.0,0.0
2008-12-08 00:00:00-05:00,0.17190645829709197,0.17534458418417834,0.15929998304921084,0.16319653391838074,707992000,0.0,0.0
2008-12-09 00:00:00-05:00,0.16113365264885118,0.18542976638925854,0.15929998007850785,0.17901192605495453,829760000,0.0,0.0
2008-12-10 00:00:00-05:00,0.18244998560720685,0.20055745809201006,0.17947027217818504,0.19597329199314117,961124000,0.0,0.0
2008-12-11 00:00:00-05:00,0.1948273348491941,0.2017035869756393,0.18542977934686677,0.1877218633890152,582700000,0.0,0.0
2008-12-12 00:00:00-05:00,0.1822208276294296,0.1982654268280988,0.17855348286293596,0.19711938500404358,679268000,0.0,0.0
2008-12-15 00:00:00-05:00,0.19826550320806657,0.19941154547362405,0.1845129823594752,0.19070161879062653,476996000,0.0,0.0
2008-12-16 00:00:00-05:00,0.19253521912517124,0.20399565192519392,0.19070156026020954,0.2035372406244278,521940000,0.0,0.0
2008-12-17 00:00:00-05:00,0.19986987594654632,0.21660210537201666,0.19711938108821161,0.21362239122390747,674180000,0.0,0.0
2008-12-18 00:00:00-05:00,0.21224719637281309,0.21293482708868525,0.19138920583098396,0.19391050934791565,550808000,0.0,0.0
2008-12-19 00:00:00-05:00,0.19643174950742223,0.20399563082082242,0.19459807717026587,0.19528570771217346,593120000,0.0,0.0
2008-12-22 00:00:00-05:00,0.19826539848582206,0.19872380968515524,0.17671979887927794,0.18382525444030762,522464000,0.0,0.0
2008-12-23 00:00:00-05:00,0.1849713392035606,0.18886788995346498,0.1785534989460107,0.18130400776863098,377452000,0.0,0.0
2008-12-24 00:00:00-05:00,0.17763661115794313,0.18199158561297557,0.17328165036480417,0.17694899439811707,146616000,0.0,0.0
2008-12-26 00:00:00-05:00,0.1769490532416828,0.17924113719377827,0.16732229244574318,0.17213566601276398,226156000,0.0,0.0
2008-12-29 00:00:00-05:00,0.17442773322749228,0.17763665318489075,0.163196520207546,0.17763665318489075,460168000,0.0,0.0
2008-12-30 00:00:00-05:00,0.17992871826029289,0.1865757626219894,0.17580296281871735,0.18382525444030762,409860000,0.0,0.0
2008-12-31 00:00:00-05:00,0.18153322151605583,0.18955552902664696,0.178324301244199,0.18497134745121002,441580000,0.0,0.0
2009-01-02 00:00:00-05:00,0.18497133828935383,0.20101593885392938,0.1842837213335203,0.199640691280365,497124000,0.0,0.0
2009-01-05 00:00:00-05:00,0.197348631127923,0.20789222900205426,0.19597338338926645,0.20330806076526642,705736000,0.0,0.0
2009-01-06 00:00:00-05:00,0.2092674843941884,0.21614375066275282,0.20468331598974515,0.21018432080745697,657904000,0.0,0.0
2009-01-07 00:00:00-05:00,0.20537088995378872,0.20537088995378872,0.19047231943328682,0.19757778942584991,870096000,0.0,0.0
2009-01-08 00:00:00-05:00,0.19505653984499552,0.19505653984499552,0.18061639130284976,0.19253523647785187,1014496000,0.0,0.0
2009-01-09 00:00:00-05:00,0.19253527723334868,0.19253527723334868,0.18130406035596497,0.1817624717950821,761352000,0.0,0.0
2009-01-12 00:00:00-05:00,0.1817624555316676,0.18267929198976818,0.17190648751541124,0.17442777752876282,645532000,0.0,0.0
2009-01-13 00:00:00-05:00,0.16846832019558872,0.1819916307652619,0.16525940020125074,0.1753445714712143,1824424000,0.0,0.0
2009-01-14 00:00:00-05:00,0.16915592584228245,0.17121880381974297,0.16503018354925736,0.16755147278308868,974908000,0.0,0.0
2009-01-15 00:00:00-05:00,0.16846838905915734,0.17626147975610265,0.16503026201596696,0.17351098358631134,998204000,0.0,0.0
2009-01-16 00:00:00-05:00,0.17832431242123387,0.18474215336720584,0.17259410217015136,0.1831376999616623,831324000,0.0,0.0
2009-01-20 00:00:00-05:00,0.18267922112938936,0.18336685162171135,0.16388411518360707,0.16525937616825104,705788000,0.0,0.0
2009-01-21 00:00:00-05:00,0.16846829711556882,0.17442771133896337,0.16227966361820545,0.17328166961669922,648472000,0.0,0.0
2009-01-22 00:00:00-05:00,0.16778070992441835,0.1746569756947757,0.16388415886581922,0.1700727939605713,547656000,0.0,0.0
2009-01-23 00:00:00-05:00,0.1652594111288624,0.18199164279927543,0.16503020547023156,0.17671984434127808,633616000,0.0,0.0
2009-01-26 00:00:00-05:00,0.17763661481423862,0.1879510030428654,0.17465691480320752,0.1826792061328888,581748000,0.0,0.0
2009-01-27 00:00:00-05:00,0.18565898658246333,0.1948273364901783,0.18497135589926764,0.19345207512378693,725300000,0.0,0.0
2009-01-28 00:00:00-05:00,0.2003283266235816,0.2046832887608445,0.19391048624636284,0.2014743685722351,723752000,0.0,0.0
2009-01-29 00:00:00-05:00,0.1948273130661146,0.19711939685199173,0.18886788429331644,0.1897847205400467,413128000,0.0,0.0
2009-01-30 00:00:00-05:00,0.188409511914065,0.1934520918197053,0.1799287919576156,0.18222087621688843,506760000,0.0,0.0
2009-02-02 00:00:00-05:00,0.1794703696749892,0.19413972555472958,0.1785535332247679,0.19207684695720673,577992000,0.0,0.0
2009-02-03 00:00:00-05:00,0.1925352115130373,0.19597335078044079,0.1872634134531682,0.1943688839673996,396948000,0.0,0.0
2009-02-04 00:00:00-05:00,0.19482730732510714,0.20972586515618732,0.19482730732510714,0.19986988604068756,779232000,0.0,0.0
2009-02-05 00:00:00-05:00,0.19459805340633207,0.21683128337811294,0.19253517569441972,0.21453920006752014,919192000,0.0,0.0
2009-02-06 00:00:00-05:00,0.21522689885582558,0.22760415539494466,0.21155955346505065,0.22622890770435333,1157880000,0.0,0.0
2009-02-09 00:00:00-05:00,0.22531204533247112,0.22852096534781044,0.21706054648009637,0.2232491672039032,716128000,0.0,0.0
2009-02-10 00:00:00-05:00,0.22301994492399216,0.22599965907210132,0.20949663527450954,0.21362239122390747,1129664000,0.0,0.0
2009-02-11 00:00:00-05:00,0.1966609287184739,0.2037663978241219,0.1801579208864485,0.18680496513843536,1983400000,0.0,0.0
2009-02-12 00:00:00-05:00,0.18267930926982262,0.19184766105618403,0.18015801901797643,0.19070161879062653,1024020000,0.0,0.0
2009-02-13 00:00:00-05:00,0.18634656291095777,0.1927644018757943,0.1849713019457109,0.1904723048210144,764304000,0.0,0.0
2009-02-17 00:00:00-05:00,0.18336686589899207,0.18772182747836194,0.17878268502973751,0.17947031557559967,779576000,0.0,0.0
2009-02-18 00:00:00-05:00,0.17947030251741308,0.1902431028680188,0.17924109690610124,0.18428368866443634,646252000,0.0,0.0
2009-02-19 00:00:00-05:00,0.18795106856922217,0.18955553559166835,0.1700727939605713,0.1700727939605713,743988000,0.0,0.0
2009-02-20 00:00:00-05:00,0.16778073028490856,0.17717828690306467,0.1661762767296576,0.17442777752876282,770056000,0.0,0.0
2009-02-23 00:00:00-05:00,0.1774074308174729,0.1783242669562724,0.16525938271764434,0.16640542447566986,679548000,0.0,0.0
2009-02-24 00:00:00-05:00,0.16732228532624707,0.1815332134217083,0.1670930660112723,0.18130400776863098,659524000,0.0,0.0
2009-02-25 00:00:00-05:00,0.1808455914321034,0.18886789896788378,0.1746569701941534,0.18336689472198486,702360000,0.0,0.0
2009-02-26 00:00:00-05:00,0.18978466643605985,0.19574407984804595,0.18703415847998642,0.1893262416124344,1117556000,0.0,0.0
2009-02-27 00:00:00-05:00,0.18451292236777048,0.19413968246559266,0.1831376748286236,0.1897847205400467,755444000,0.0,0.0
2009-03-02 00:00:00-05:00,0.18520059887768367,0.1890971368148291,0.17305253267449391,0.17374016344547272,700064000,0.0,0.0
2009-03-03 00:00:00-05:00,0.17694904731601807,0.18749264407209182,0.17121882396577504,0.1806163787841797,1041372000,0.0,0.0
2009-03-04 00:00:00-05:00,0.18542978972038943,0.19941151408919497,0.1838253226039875,0.19391050934791565,1108668000,0.0,0.0
2009-03-05 00:00:00-05:00,0.19115991358315002,0.19895299896585175,0.1884094192889697,0.1893262416124344,955252000,0.0,0.0
2009-03-06 00:00:00-05:00,0.18932626815815473,0.19918224613625285,0.18680497909132687,0.19230598211288452,974756000,0.0,0.0
2009-03-09 00:00:00-04:00,0.19093072562749888,0.20537086982157143,0.1897846839554814,0.19024309515953064,682768000,0.0,0.0
2009-03-10 00:00:00-04:00,0.19711939797226347,0.21110112007509274,0.1952857254683818,0.2074337750673294,1254800000,0.0,0.0
2009-03-11 00:00:00-04:00,0.20743382195241983,0.27161223747519053,0.2039956954769643,0.2131640464067459,864916000,0.0,0.0
2009-03-12 00:00:00-04:00,0.21247638230256713,0.228062572338655,0.20972588701860329,0.2257704883813858,1604604000,0.0,0.0
2009-03-13 00:00:00-04:00,0.22256159136679407,0.22783339048418208,0.2188942457224027,0.22462446987628937,1195156000,0.0,0.0
2009-03-16 00:00:00-04:00,0.22691650892081727,0.2271457145625091,0.21408082904331371,0.21591448783874512,699344000,0.0,0.0
2009-03-17 00:00:00-04:00,0.21660209840271766,0.22714569356484476,0.21385160363288178,0.22668728232383728,1005384000,0.0,0.0
2009-03-18 00:00:00-04:00,0.22324922740245026,0.24043988766323002,0.22302002169567067,0.23379282653331757,1359560000,0.0,0.0
2009-03-19 00:00:00-04:00,0.23539728999461387,0.23539728999461387,0.2294378867213268,0.23104234039783478,822648000,0.0,0.0
2009-03-20 00:00:00-04:00,0.2344803782036602,0.23470959749500356,0.2124763508768981,0.21843577921390533,1093672000,0.0,0.0
2009-03-23 00:00:00-04:00,0.22531204203221847,0.23470960995750784,0.22026946326904412,0.23425117135047913,816048000,0.0,0.0
2009-03-24 00:00:00-04:00,0.22852096779865513,0.2305838596112441,0.22301996395077575,0.22416600584983826,1114868000,0.0,0.0
2009-03-25 00:00:00-04:00,0.23104226550718665,0.23837692802503366,0.21912340817641754,0.2278333455324173,1243852000,0.0,0.0
2009-03-26 00:00:00-04:00,0.23150073101896326,0.2425027410347837,0.22897944104172524,0.2420443296432495,1333664000,0.0,0.0
2009-03-27 00:00:00-04:00,0.23952293924796295,0.24548236715077917,0.236084814071059,0.2397521585226059,731892000,0.0,0.0
2009-03-30 00:00:00-04:00,0.23058386373599926,0.23356357819162263,0.22118629540416548,0.22439521551132202,780052000,0.0,0.0
2009-03-31 00:00:00-04:00,0.22783332563969338,0.23150065657841262,0.2243951866611431,0.225999653339386,805272000,0.0,0.0
2009-04-01 00:00:00-04:00,0.2232492493420606,0.23379284950909032,0.2147685280625759,0.23172998428344727,887920000,0.0,0.0
2009-04-02 00:00:00-04:00,0.2404397953285228,0.24685763462514923,0.2370016700614505,0.24250265955924988,1002860000,0.0,0.0
2009-04-03 00:00:00-04:00,0.24273187057402887,0.2601517155968377,0.23860611492928047,0.2594640851020813,1003208000,0.0,0.0
2009-04-06 00:00:00-04:00,0.2551092529258731,0.2624439177661446,0.2516711262203894,0.26015183329582214,887288000,0.0,0.0
2009-04-07 00:00:00-04:00,0.25510916094700564,0.25785965585494924,0.24960814380732613,0.25121259689331055,607804000,0.0,0.0
2009-04-08 00:00:00-04:00,0.25396312033211776,0.2622146324189598,0.251900228648511,0.26152700185775757,731652000,0.0,0.0
2009-04-09 00:00:00-04:00,0.2681740496377806,0.27688397351407623,0.2661111851540395,0.27596715092658997,904412000,0.0,0.0
2009-04-13 00:00:00-04:00,0.272529051765123,0.27275827109620326,0.26106863168704586,0.2670280337333679,767628000,0.0,0.0
2009-04-14 00:00:00-04:00,0.2633607321364402,0.2750503722750342,0.26221469005711917,0.26863253116607666,711960000,0.0,0.0
2009-04-15 00:00:00-04:00,0.2592349693887685,0.26221468419312655,0.2500666056354368,0.2610686421394348,1045368000,0.0,0.0
2009-04-16 00:00:00-04:00,0.26588190125751915,0.2709245062351315,0.2557967459498695,0.26771557331085205,1038772000,0.0,0.0
2009-04-17 00:00:00-04:00,0.2677158153104336,0.27207079378922083,0.2612979709843029,0.26954948902130127,695764000,0.0,0.0
2009-04-20 00:00:00-04:00,0.2592350951606244,0.26152718038004785,0.2519004005994202,0.25327566266059875,590660000,0.0,0.0
2009-04-21 00:00:00-04:00,0.24983735998853765,0.26313145042239305,0.24617001527444235,0.25258785486221313,932184000,0.0,0.0
2009-04-22 00:00:00-04:00,0.25029586460867503,0.27069543278882646,0.24617010709733408,0.26015183329582214,916404000,0.0,0.0
2009-04-23 00:00:00-04:00,0.2626730897456038,0.2649651738023395,0.2480037353882171,0.256026029586792,753952000,0.0,0.0
2009-04-24 00:00:00-04:00,0.258547354415207,0.26381915364755,0.25235870508987407,0.2619854807853699,759508000,0.0,0.0
2009-04-27 00:00:00-04:00,0.25854728319167,0.26588194529606857,0.2509834017962184,0.25258785486221313,787024000,0.0,0.0
2009-04-28 00:00:00-04:00,0.24937912325234102,0.2585474641300351,0.24708701070910638,0.25327566266059875,634392000,0.0,0.0
2009-04-29 00:00:00-04:00,0.2544214518940651,0.25556749336244355,0.24639916161541617,0.24937887489795685,859668000,0.0,0.0
2009-04-30 00:00:00-04:00,0.2541923839260005,0.2704661933900866,0.25212951898494185,0.2631315290927887,1110276000,0.0,0.0
2009-05-01 00:00:00-04:00,0.2624438467275231,0.27367507398630225,0.2622146547368101,0.26748645305633545,840548000,0.0,0.0
2009-05-04 00:00:00-04:00,0.27207060680877687,0.283989436752486,0.26840326190742325,0.28192657232284546,927704000,0.0,0.0
2009-05-05 00:00:00-04:00,0.2757378865750208,0.27757155877425027,0.2647358807034337,0.2704660892486572,837076000,0.0,0.0
2009-05-06 00:00:00-04:00,0.2734458514602766,0.27596715459507104,0.259693348522404,0.26496514678001404,935088000,0.0,0.0
2009-05-07 00:00:00-04:00,0.27092459330006513,0.27092459330006513,0.242502708325366,0.24594083428382874,1289196000,0.0,0.0
2009-05-08 00:00:00-04:00,0.24066906489242015,0.24066906489242015,0.20880907741625349,0.2120179980993271,2930564000,0.0,0.0
2009-05-11 00:00:00-04:00,0.20857983040824335,0.22141551059805561,0.20674615790629958,0.21614371240139008,1038596000,0.0,0.0
2009-05-12 00:00:00-04:00,0.22095703838553996,0.22095703838553996,0.20170352221857102,0.20582927763462067,1201384000,0.0,0.0
2009-05-13 00:00:00-04:00,0.20445409531475245,0.20560013733185467,0.19093078311866818,0.19253523647785187,1305608000,0.0,0.0
2009-05-14 00:00:00-04:00,0.19230599357976833,0.19941146363982737,0.19093074615784897,0.19528570771217346,1017864000,0.0,0.0
2009-05-15 00:00:00-04:00,0.19666098984438524,0.20720458715111553,0.19436890584933922,0.20032833516597748,780308000,0.0,0.0
2009-05-18 00:00:00-04:00,0.20537088669845002,0.21385160396544076,0.20491246179483416,0.21247634291648865,938320000,0.0,0.0
2009-05-19 00:00:00-04:00,0.213851636531391,0.21912342126155993,0.21041349704733636,0.2166021317243576,859768000,0.0,0.0
2009-05-20 00:00:00-04:00,0.2204986239712083,0.23493875405475667,0.21958178792969993,0.22301991283893585,1309436000,0.0,0.0
2009-05-21 00:00:00-04:00,0.22026945213145177,0.22462441374957123,0.2154560655913799,0.22164469957351685,965600000,0.0,0.0
2009-05-22 00:00:00-04:00,0.22164470408846604,0.22829174946606104,0.21751894801633223,0.22508282959461212,718260000,0.0,0.0
2009-05-26 00:00:00-04:00,0.22301998289808544,0.23906458450997306,0.2207278989052298,0.23723091185092926,865540000,0.0,0.0
2009-05-27 00:00:00-04:00,0.23608486298915343,0.2447947873734795,0.23379277906295162,0.2376893162727356,814152000,0.0,0.0
2009-05-28 00:00:00-04:00,0.24135667778611317,0.24296113117806475,0.23058388807009797,0.2408982664346695,995288000,0.0,0.0
2009-05-29 00:00:00-04:00,0.24112745111113698,0.24158586239668578,0.23081304690542426,0.239064559340477,834232000,0.0,0.0
2009-06-01 00:00:00-04:00,0.241815063991978,0.25212946860778496,0.2408982413844281,0.2507542073726654,1022764000,0.0,0.0
2009-06-02 00:00:00-04:00,0.2507541396878943,0.2562551558197167,0.24410710926786955,0.24869127571582794,907984000,0.0,0.0
2009-06-03 00:00:00-04:00,0.24548243459670127,0.24639928462338614,0.23493883689450915,0.2408982664346695,735688000,0.0,0.0
2009-06-04 00:00:00-04:00,0.2415858802433942,0.2500665852858209,0.24135666092178984,0.24960817396640778,673180000,0.0,0.0
2009-06-05 00:00:00-04:00,0.25419229942410343,0.25419229942410343,0.24525318455277179,0.2482328712940216,559992000,0.0,0.0
2009-06-08 00:00:00-04:00,0.24639932111507426,0.25029585916511826,0.24066908274008988,0.24685773253440857,473948000,0.0,0.0
2009-06-09 00:00:00-04:00,0.2502957693258747,0.26313144840290464,0.2484620969829002,0.26038095355033875,725032000,0.0,0.0
2009-06-10 00:00:00-04:00,0.26175625136635194,0.27023698461236645,0.25602604096974674,0.26863253116607666,833320000,0.0,0.0
2009-06-11 00:00:00-04:00,0.2693201130625731,0.2796345182771594,0.26358990312324526,0.2651943564414978,835156000,0.0,0.0
2009-06-12 00:00:00-04:00,0.2612978544339331,0.2647359808618243,0.255338424362735,0.26381915807724,595000000,0.0,0.0
2009-06-15 00:00:00-04:00,0.25900567388017365,0.2624437990301657,0.2548799182354253,0.2594640851020813,445164000,0.0,0.0
2009-06-16 00:00:00-04:00,0.25946411560899946,0.26267304918722817,0.2486913276704876,0.25235864520072937,594912000,0.0,0.0
2009-06-17 00:00:00-04:00,0.25625519270457153,0.2610685790972719,0.2463992279580559,0.25854727625846863,799016000,0.0,0.0
2009-06-18 00:00:00-04:00,0.2576302983063031,0.26244368230499393,0.2507540510646176,0.25350454449653625,566376000,0.0,0.0
2009-06-19 00:00:00-04:00,0.2560260199217364,0.2626730798296198,0.25281711329296247,0.25625523924827576,747564000,0.0,0.0
2009-06-22 00:00:00-04:00,0.25717202790498106,0.25717202790498106,0.2408982229386119,0.24181504547595978,574864000,0.0,0.0
2009-06-23 00:00:00-04:00,0.244107225470775,0.244565636869032,0.23127151505297752,0.24066907167434692,589764000,0.0,0.0
2009-06-24 00:00:00-04:00,0.24364867076404384,0.2544214837757759,0.24364867076404384,0.24869127571582794,515096000,0.0,0.0
2009-06-25 00:00:00-04:00,0.24639925545888633,0.2622146501402205,0.24387795233867826,0.26175621151924133,870444000,0.0,0.0
2009-06-26 00:00:00-04:00,0.2606101884900356,0.266111206426068,0.2583181045143044,0.2651943564414978,513956000,0.0,0.0
2009-06-29 00:00:00-04:00,0.26588198709897637,0.27000774372005165,0.2624438611353797,0.2651943564414978,510056000,0.0,0.0
2009-06-30 00:00:00-04:00,0.26427753365570494,0.26794487894465835,0.2539631557697942,0.2587765157222748,589844000,0.0,0.0
2009-07-01 00:00:00-04:00,0.2603809728399208,0.2633606872025241,0.2555675859985006,0.2599225342273712,696420000,0.0,0.0
2009-07-02 00:00:00-04:00,0.25144188183626687,0.2546507888460503,0.24639930196783597,0.24983742833137512,552312000,0.0,0.0
2009-07-06 00:00:00-04:00,0.24960814633858705,0.2498373656348203,0.23768928941030917,0.24181504547595978,752456000,0.0,0.0
2009-07-07 00:00:00-04:00,0.2427318912162296,0.2441071523226961,0.23058384252174904,0.23127144575119019,1072996000,0.0,0.0
2009-07-08 00:00:00-04:00,0.23264680720066552,0.23333443805048118,0.2225616321541469,0.23172998428344727,1205860000,0.0,0.0
2009-07-09 00:00:00-04:00,0.23562643574116796,0.24066901457319254,0.23493880514502966,0.23677247762680054,714564000,0.0,0.0
2009-07-10 00:00:00-04:00,0.23677249363177313,0.23929379688011343,0.23172991445888827,0.2376893162727356,520008000,0.0,0.0
2009-07-13 00:00:00-04:00,0.24250278693173713,0.24250278693173713,0.2280626477607174,0.24043992161750793,556012000,0.0,0.0
2009-07-14 00:00:00-04:00,0.24227356725913698,0.24639932474146997,0.23952304405504699,0.24548247456550598,452568000,0.0,0.0
2009-07-15 00:00:00-04:00,0.25442159793990493,0.26061021995685146,0.2521295136874211,0.25556764006614685,1022808000,0.0,0.0
2009-07-16 00:00:00-04:00,0.25831811344292294,0.26977856104149867,0.2569428794042279,0.26886171102523804,952076000,0.0,0.0
2009-07-17 00:00:00-04:00,0.2688616207421723,0.2775715426909932,0.2661111262645941,0.2766547203063965,850356000,0.0,0.0
2009-07-20 00:00:00-04:00,0.27894682350420325,0.2830725791769802,0.2752794790564481,0.28009286522865295,782756000,0.0,0.0
2009-07-21 00:00:00-04:00,0.27940529225962923,0.28055133422005246,0.2679448726553966,0.274362713098526,941296000,0.0,0.0
2009-07-22 00:00:00-04:00,0.26886161773729744,0.2837601862488936,0.26702794566480964,0.2812388837337494,600908000,0.0,0.0
2009-07-23 00:00:00-04:00,0.2816973537481411,0.29888800910934654,0.27871763942356437,0.2979711592197418,1046120000,0.0,0.0
2009-07-24 00:00:00-04:00,0.2888027796585221,0.2979711131956849,0.2869691074863317,0.2970542907714844,650592000,0.0,0.0
2009-07-27 00:00:00-04:00,0.29430394017680156,0.3027846473834945,0.29155341691080155,0.2984296977519989,677484000,0.0,0.0
2009-07-28 00:00:00-04:00,0.2963667835716177,0.3020969944159497,0.2938454798705914,0.29888808727264404,563180000,0.0,0.0
2009-07-29 00:00:00-04:00,0.29544993959441856,0.2972836123979659,0.2899489211837766,0.29292863607406616,373972000,0.0,0.0
2009-07-30 00:00:00-04:00,0.2979711982682554,0.30186776299307366,0.29269939951449864,0.2952207028865814,468444000,0.0,0.0
2009-07-31 00:00:00-04:00,0.2952207982115701,0.30049259866755895,0.28834454387518615,0.2963668406009674,541560000,0.0,0.0
2009-08-03 00:00:00-04:00,0.30347211794566764,0.3078270926012372,0.29774190970711945,0.30438894033432007,471900000,0.0,0.0
2009-08-04 00:00:00-04:00,0.2991171971668285,0.31172368488609237,0.29865878588993366,0.3064518868923187,695380000,0.0,0.0
2009-08-05 00:00:00-04:00,0.3046181537658825,0.30943153952369584,0.3009508096338545,0.30713945627212524,610768000,0.0,0.0
2009-08-06 00:00:00-04:00,0.308285679005303,0.31378667111120395,0.29888812122360164,0.30072179436683655,957588000,0.0,0.0
2009-08-07 00:00:00-04:00,0.31699545048217714,0.32616378437822124,0.3098899807832268,0.31424495577812195,1401872000,0.0,0.0
2009-08-10 00:00:00-04:00,0.31653706819972255,0.3211212355669707,0.3020969082043395,0.3039305806159973,693312000,0.0,0.0
2009-08-11 00:00:00-04:00,0.3018677775035259,0.30645194580127083,0.29522071707751674,0.2968251705169678,481884000,0.0,0.0
2009-08-12 00:00:00-04:00,0.29705435844416433,0.3110360812030638,0.29682513912400055,0.3078271746635437,634940000,0.0,0.0
2009-08-13 00:00:00-04:00,0.31011924998914436,0.318141543439767,0.30461823237158336,0.3169955015182495,564028000,0.0,0.0
2009-08-14 00:00:00-04:00,0.31653707824379607,0.3169954895303082,0.3034721789735408,0.30759793519973755,427148000,0.0,0.0
2009-08-17 00:00:00-04:00,0.2982003190787608,0.2991171414618094,0.2915532611684007,0.29476219415664673,465032000,0.0,0.0
2009-08-18 00:00:00-04:00,0.2947622311347421,0.3089731711212817,0.29453301184833025,0.3055350184440613,636200000,0.0,0.0
2009-08-19 00:00:00-04:00,0.30095095056861965,0.30393066565581395,0.29797123548142534,0.30209699273109436,552996000,0.0,0.0
2009-08-20 00:00:00-04:00,0.3007217131767774,0.31539106703836145,0.3000340825182382,0.31401580572128296,819840000,0.0,0.0
2009-08-21 00:00:00-04:00,0.3165370142394086,0.31974591991994056,0.31011917555455665,0.31928750872612,607324000,0.0,0.0
2009-08-24 00:00:00-04:00,0.3174539526748022,0.3208920788709721,0.30851480817048155,0.3103484809398651,461456000,0.0,0.0
2009-08-25 00:00:00-04:00,0.3119528978204253,0.31630787355298745,0.30668112679627385,0.3130989670753479,444088000,0.0,0.0
2009-08-26 00:00:00-04:00,0.3124113139592195,0.3174538926283716,0.31126527211060345,0.31676626205444336,434308000,0.0,0.0
2009-08-27 00:00:00-04:00,0.3181414426985061,0.32249638969173655,0.31470331802265483,0.3211211562156677,551072000,0.0,0.0
2009-08-28 00:00:00-04:00,0.3298311511109961,0.34450050272828764,0.32937273985003523,0.3376242518424988,883992000,0.0,0.0
2009-08-31 00:00:00-04:00,0.3337276714282438,0.33533215174851216,0.32845587387656827,0.3328108489513397,431796000,0.0,0.0
2009-09-01 00:00:00-04:00,0.33258176517702165,0.34197932235127904,0.3197460813278606,0.3215797543525696,736856000,0.0,0.0
2009-09-02 00:00:00-04:00,0.32203816037450145,0.3293728523502728,0.32020448738055857,0.3261639177799225,404656000,0.0,0.0
2009-09-03 00:00:00-04:00,0.3261637676502104,0.3344152786629697,0.3252469452371433,0.33395686745643616,534020000,0.0,0.0
2009-09-04 00:00:00-04:00,0.33258174537878377,0.34862636289701704,0.33258174537878377,0.3463342785835266,513048000,0.0,0.0
2009-09-08 00:00:00-04:00,0.3488555233018215,0.35596099495887756,0.3461050278397926,0.35596099495887756,549712000,0.0,0.0
2009-09-09 00:00:00-04:00,0.35527332436424564,0.36650455161494616,0.35023074536285514,0.3658169209957123,571684000,0.0,0.0
2009-09-10 00:00:00-04:00,0.3669629866167349,0.37796502258735165,0.3628372299587027,0.3775065839290619,607952000,0.0,0.0
2009-09-11 00:00:00-04:00,0.3765896821982419,0.37796494323679364,0.3713178846488479,0.37406837940216064,712732000,0.0,0.0
2009-09-14 00:00:00-04:00,0.3685674087011049,0.37154712288747505,0.3646708446676558,0.3678797781467438,490516000,0.0,0.0
2009-09-15 00:00:00-04:00,0.37131797003740385,0.3800278948623272,0.3678798439741812,0.3754437267780304,546136000,0.0,0.0
2009-09-16 00:00:00-04:00,0.37452674521398477,0.37521437564985777,0.3598574234263683,0.3653584122657776,707064000,0.0,0.0
2009-09-17 00:00:00-04:00,0.36444164766537046,0.36444164766537046,0.3431252373935403,0.349313884973526,923096000,0.0,0.0
2009-09-18 00:00:00-04:00,0.3527521202508784,0.35527339660232976,0.3461050593451239,0.34885555505752563,604740000,0.0,0.0
2009-09-21 00:00:00-04:00,0.34472966551034295,0.35321039607716215,0.3417499789044766,0.34725096821784973,588776000,0.0,0.0
2009-09-22 00:00:00-04:00,0.34977238924426207,0.3518352541036431,0.34518822082448286,0.3479387164115906,361388000,0.0,0.0
2009-09-23 00:00:00-04:00,0.35000153713728027,0.35298125169916733,0.34197924341424346,0.34243765473365784,478936000,0.0,0.0
2009-09-24 00:00:00-04:00,0.34816795783310106,0.34816795783310106,0.3367075087333552,0.3378535509109497,552876000,0.0,0.0
2009-09-25 00:00:00-04:00,0.3360198672952666,0.33762434815200615,0.3298312451974709,0.33235254883766174,377556000,0.0,0.0
2009-09-28 00:00:00-04:00,0.33349856706659037,0.34839711383412714,0.33349856706659037,0.3399164080619812,467708000,0.0,0.0
2009-09-29 00:00:00-04:00,0.3419793217411318,0.34610507920841554,0.33304017600805,0.33372780680656433,470928000,0.0,0.0
2009-09-30 00:00:00-04:00,0.340603947753476,0.34862626799057866,0.3330400661133111,0.34450051188468933,875956000,0.0,0.0
2009-10-01 00:00:00-04:00,0.34335447300952665,0.34335447300952665,0.31974597801476473,0.31997519731521606,999960000,0.0,0.0
2009-10-02 00:00:00-04:00,0.3167663199439457,0.32433020299188087,0.3149326471862951,0.31745395064353943,612476000,0.0,0.0
2009-10-05 00:00:00-04:00,0.3208920018206766,0.3220380436108872,0.3103484064212224,0.3158494234085083,754276000,0.0,0.0
2009-10-06 00:00:00-04:00,0.3197458954158128,0.3266221447675153,0.3174538122985786,0.3211211562156677,761272000,0.0,0.0
2009-10-07 00:00:00-04:00,0.31882909900152934,0.3222672239567092,0.3151617547864889,0.3185998797416687,459608000,0.0,0.0
2009-10-08 00:00:00-04:00,0.3204335474383172,0.3213503698175628,0.3092023230117249,0.3206627666950226,1241524000,0.0,0.0
2009-10-09 00:00:00-04:00,0.31882917133583716,0.3252470115063101,0.31837076003590215,0.3247886002063751,618540000,0.0,0.0
2009-10-12 00:00:00-04:00,0.31928748425712317,0.32730977516744275,0.3190582650158853,0.3211211562156677,499008000,0.0,0.0
2009-10-13 00:00:00-04:00,0.3229549116021177,0.3266222291427871,0.31699548302831443,0.31997519731521606,602124000,0.0,0.0
2009-10-14 00:00:00-04:00,0.3323523953717626,0.3323523953717626,0.3179122382717434,0.31951671838760376,1101948000,0.0,0.0
2009-10-15 00:00:00-04:00,0.319058418611725,0.3220381335633319,0.3080564088878378,0.31011930108070374,1092196000,0.0,0.0
2009-10-16 00:00:00-04:00,0.3062226179091711,0.3071394676380005,0.29751269576612954,0.30301371216773987,1018832000,0.0,0.0
2009-10-19 00:00:00-04:00,0.3055350731389595,0.31653710902799476,0.30301379715604404,0.31401580572128296,695588000,0.0,0.0
2009-10-20 00:00:00-04:00,0.3192875339561882,0.3215796174301992,0.3117236530271937,0.31424495577812195,660180000,0.0,0.0
2009-10-21 00:00:00-04:00,0.3130989361999998,0.3179122954418036,0.30507661614940895,0.3066810965538025,503956000,0.0,0.0
2009-10-22 00:00:00-04:00,0.3050767268360704,0.310348526576846,0.2998049270952948,0.30874407291412354,379328000,0.0,0.0
2009-10-23 00:00:00-04:00,0.31286981533554936,0.31286981533554936,0.29957572059835186,0.30140939354896545,429528000,0.0,0.0
2009-10-26 00:00:00-04:00,0.30370147894878086,0.30828564767915023,0.2959083757128724,0.29751282930374146,481652000,0.0,0.0
2009-10-27 00:00:00-04:00,0.2961374336165222,0.3004923806064142,0.28444779879807497,0.28742748498916626,591836000,0.0,0.0
2009-10-28 00:00:00-04:00,0.2810097520131865,0.28742759260416606,0.27413350009223625,0.2755087614059448,773632000,0.0,0.0
2009-10-29 00:00:00-04:00,0.2798636829080668,0.28903204523806536,0.2773424071756366,0.2876567840576172,637100000,0.0,0.0
2009-10-30 00:00:00-04:00,0.2862815229873767,0.2874275648635935,0.2727582397775358,0.27413347363471985,604144000,0.0,0.0
2009-11-02 00:00:00-05:00,0.2736750065707751,0.2826141477776392,0.2688616207421723,0.2766547203063965,593136000,0.0,0.0
2009-11-03 00:00:00-05:00,0.2677156689010794,0.27665481310645673,0.2649651735008853,0.27527955174446106,876472000,0.0,0.0
2009-11-04 00:00:00-05:00,0.27734241540014976,0.2803221298302877,0.2734458510479262,0.2745918929576874,916840000,0.0,0.0
2009-11-05 00:00:00-05:00,0.27780075884425515,0.2839893781805872,0.2768839091461173,0.2812388837337494,955156000,0.0,0.0
2009-11-06 00:00:00-05:00,0.2988879301023438,0.3078270707131326,0.2952205861609249,0.3016384243965149,1641112000,0.0,0.0
2009-11-09 00:00:00-05:00,0.3057643377327643,0.31286981004992676,0.3055351183713847,0.3085148334503174,818124000,0.0,0.0
2009-11-10 00:00:00-05:00,0.30966087014540034,0.30966087014540034,0.2970544066155828,0.30095094442367554,781472000,0.0,0.0
2009-11-11 00:00:00-05:00,0.3059934278611264,0.31676621414398964,0.30553498933198375,0.3094315528869629,871512000,0.0,0.0
2009-11-12 00:00:00-05:00,0.3121821792895884,0.3174539786871154,0.3075980106523998,0.3085148334503174,505864000,0.0,0.0
2009-11-13 00:00:00-05:00,0.3082855353669743,0.3124112911860038,0.30691027431936746,0.3108068108558655,388524000,0.0,0.0
2009-11-16 00:00:00-05:00,0.31355737102520914,0.3188291692494493,0.3119528905002446,0.3151618242263794,402820000,0.0,0.0
2009-11-17 00:00:00-05:00,0.31539100562573397,0.31539100562573397,0.3087439469858918,0.3147033751010895,350124000,0.0,0.0
2009-11-18 00:00:00-05:00,0.31172364440316763,0.3128696861084672,0.3046181749007945,0.3098899722099304,455516000,0.0,0.0
2009-11-19 00:00:00-05:00,0.3032430402167032,0.3032430402167032,0.2920118377568186,0.29751282930374146,833840000,0.0,0.0
2009-11-20 00:00:00-05:00,0.2906365426530879,0.29705438359940095,0.2899489119581619,0.29567912220954895,426748000,0.0,0.0
2009-11-23 00:00:00-05:00,0.3000340509785073,0.30553504102096174,0.2965959253710249,0.2979711592197418,390924000,0.0,0.0
2009-11-24 00:00:00-05:00,0.29659598270636056,0.2986588475401075,0.2913241836243642,0.29613757133483887,418504000,0.0,0.0
2009-11-25 00:00:00-05:00,0.29957565665245056,0.3037014130797179,0.2975127647769194,0.29957565665245056,441760000,0.0,0.0
2009-11-27 00:00:00-05:00,0.2888028108363363,0.29659591157850534,0.2871983577588813,0.29315778613090515,279932000,0.0,0.0
2009-11-30 00:00:00-05:00,0.29430380918276783,0.29957560666439786,0.29109487590865846,0.299346387386322,509836000,0.0,0.0
2009-12-01 00:00:00-05:00,0.30095103950024554,0.3087441449022318,0.29934658546342174,0.30530601739883423,461936000,0.0,0.0
2009-12-02 00:00:00-05:00,0.3059936355646663,0.3151619751902179,0.30415996217479446,0.31447434425354004,602292000,0.0,0.0
2009-12-03 00:00:00-05:00,0.318141543439767,0.3238717530473547,0.31653709021440146,0.3169955015182495,660036000,0.0,0.0
2009-12-04 00:00:00-05:00,0.3229549498570523,0.32822674847775435,0.31791234324015694,0.326851487159729,824564000,0.0,0.0
2009-12-07 00:00:00-05:00,0.36329565612267717,0.3770481596272829,0.3461049994181244,0.3687966465950012,2732184000,0.0,0.0
2009-12-08 00:00:00-05:00,0.36283727479966593,0.3644417556543756,0.34885554976502425,0.3509184420108795,1075512000,0.0,0.0
2009-12-09 00:00:00-05:00,0.354585711078653,0.36237878501362086,0.35114755807935066,0.359628289937973,671588000,0.0,0.0
2009-12-10 00:00:00-05:00,0.3621496229092073,0.36444170688199123,0.35206443703468043,0.3532104790210724,417012000,0.0,0.0
2009-12-11 00:00:00-05:00,0.35619016781777296,0.35664857911432424,0.34770943587450026,0.3486262857913971,416744000,0.0,0.0
2009-12-14 00:00:00-05:00,0.3536689119546626,0.360315972276048,0.34977237442767006,0.35916993021965027,405488000,0.0,0.0
2009-12-15 00:00:00-05:00,0.3566486781085626,0.36467097365822176,0.35573185526097945,0.3587115705013275,446152000,0.0,0.0
2009-12-16 00:00:00-05:00,0.3715471908721671,0.3917175359893195,0.3694842988316213,0.38759177923202515,1683400000,0.0,0.0
2009-12-17 00:00:00-05:00,0.38873775657127224,0.4006566135143202,0.38002783316050365,0.38575804233551025,1016132000,0.0,0.0
2009-12-18 00:00:00-05:00,0.38896707829367466,0.3903423124635382,0.38094475601237143,0.38552895188331604,812828000,0.0,0.0
2009-12-21 00:00:00-05:00,0.3878209633445313,0.4008858357862389,0.3873625520406423,0.39928138256073,427792000,0.0,0.0
2009-12-22 00:00:00-05:00,0.3992814001147023,0.41395075375063567,0.39882298879065975,0.40982499718666077,793044000,0.0,0.0
2009-12-23 00:00:00-05:00,0.41372156596401094,0.4167012807831201,0.4084497670261714,0.4155552387237549,442196000,0.0,0.0
2009-12-24 00:00:00-05:00,0.41670120487473145,0.4173888354498479,0.4130338873470986,0.41463834047317505,136812000,0.0,0.0
2009-12-28 00:00:00-05:00,0.4139507187728527,0.4176180637029037,0.4038655338771093,0.40799129009246826,465760000,0.0,0.0
2009-12-29 00:00:00-05:00,0.40661612125779795,0.4141800043081841,0.40569927121677657,0.41303396224975586,475848000,0.0,0.0
2009-12-30 00:00:00-05:00,0.4169303756791564,0.4304536843375082,0.4139506617494322,0.42793238162994385,704008000,0.0,0.0
2009-12-31 00:00:00-05:00,0.42884940087223705,0.43435039235963663,0.4277033587020454,0.42816177010536194,700340000,0.0,0.0
2010-01-04 00:00:00-05:00,0.424265168098436,0.42678647158386734,0.41509683153148325,0.423806756734848,800204000,0.0,0.0
2010-01-05 00:00:00-05:00,0.4222021978557515,0.4345794655242047,0.4222021978557515,0.4299952983856201,728648000,0.0,0.0
2010-01-06 00:00:00-05:00,0.4297661592673983,0.4336626965972938,0.42564040260829866,0.43274587392807007,649168000,0.0,0.0
2010-01-07 00:00:00-05:00,0.4304536437934007,0.432287315833118,0.42105609166721636,0.4242649972438812,547792000,0.0,0.0
2010-01-08 00:00:00-05:00,0.42082694998425574,0.42816163949508296,0.41830567437322713,0.42518192529678345,478168000,0.0,0.0
2010-01-11 00:00:00-05:00,0.4274740464650178,0.42930771900369885,0.4132631047830855,0.41922253370285034,556612000,0.0,0.0
2010-01-12 00:00:00-05:00,0.4130339151127599,0.41463836834669354,0.3963016701806969,0.4050115942955017,627432000,0.0,0.0
2010-01-13 00:00:00-05:00,0.407762160516849,0.4118879173636261,0.3919467638248364,0.41051265597343445,508868000,0.0,0.0
2010-01-14 00:00:00-05:00,0.4054700766451813,0.40844976411928635,0.39721856294695757,0.4040948152542114,608524000,0.0,0.0
2010-01-15 00:00:00-05:00,0.4011150257843219,0.4045531512979038,0.38690408513581576,0.3921758830547333,818192000,0.0,0.0
2010-01-19 00:00:00-05:00,0.3891963039846328,0.4020319879561942,0.3880502617487363,0.3995107114315033,545328000,0.0,0.0
2010-01-20 00:00:00-05:00,0.39446799879874295,0.39951060515430276,0.3891962004512544,0.3979061245918274,719728000,0.0,0.0
2010-01-21 00:00:00-05:00,0.3976769060146349,0.40478237644151666,0.3871333100245122,0.3908006548881531,608632000,0.0,0.0
2010-01-22 00:00:00-05:00,0.38621652101359516,0.39332199256028394,0.37498531999984575,0.3772774040699005,1067916000,0.0,0.0
2010-01-25 00:00:00-05:00,0.38346605523720223,0.39102993871785013,0.3807155596052756,0.3836952745914459,643676000,0.0,0.0
2010-01-26 00:00:00-05:00,0.3818615093477725,0.38438281233929356,0.3713179134316938,0.371547132730484,714636000,0.0,0.0
2010-01-27 00:00:00-05:00,0.37131797938640754,0.3830076192252037,0.3671922225419031,0.38163235783576965,812504000,0.0,0.0
2010-01-28 00:00:00-05:00,0.38461204201957516,0.38598730329955394,0.36352484812014324,0.3687966465950012,687764000,0.0,0.0
2010-01-29 00:00:00-05:00,0.3729224666791486,0.3770482238985621,0.3472511005689316,0.35275211930274963,774700000,0.0,0.0
2010-02-01 00:00:00-05:00,0.35412740043757385,0.38048640079922347,0.35114768497723053,0.3797987699508667,949832000,0.0,0.0
2010-02-02 00:00:00-05:00,0.37842347535803683,0.3885086624401672,0.3772774332344174,0.3836952745914459,849812000,0.0,0.0
2010-02-03 00:00:00-05:00,0.38025711739887597,0.38850863094962956,0.3784234446849532,0.38690415024757385,562296000,0.0,0.0
2010-02-04 00:00:00-05:00,0.38346605725050137,0.38346605725050137,0.36031599530232583,0.36444175243377686,783480000,0.0,0.0
2010-02-05 00:00:00-05:00,0.36398332675068956,0.37269325205859083,0.35756545828823744,0.37177640199661255,604856000,0.0,0.0
2010-02-08 00:00:00-05:00,0.3706302723444116,0.38002782614751823,0.36375402146129704,0.3710886836051941,445160000,0.0,0.0
2010-02-09 00:00:00-05:00,0.3770481002709426,0.3788817725809855,0.36444164070961066,0.36810895800590515,930144000,0.0,0.0
2010-02-10 00:00:00-05:00,0.37040106863820604,0.3786525530421853,0.36787976579811194,0.37521442770957947,535828000,0.0,0.0
2010-02-11 00:00:00-05:00,0.3811739244853626,0.39653090892729426,0.37842342918900634,0.3924051523208618,695980000,0.0,0.0
2010-02-12 00:00:00-05:00,0.3896545925684692,0.4056991776875733,0.38529961735615165,0.39767688512802124,780212000,0.0,0.0
2010-02-16 00:00:00-05:00,0.40294872975527196,0.40661607485323026,0.39813534272967604,0.4050115942955017,457024000,0.0,0.0
2010-02-17 00:00:00-05:00,0.41005417058204413,0.41028336255649656,0.39721849100375034,0.4089081287384033,876560000,0.0,0.0
2010-02-18 00:00:00-05:00,0.386445695656335,0.38850858747508216,0.37154715092404733,0.3820907473564148,1515508000,0.0,0.0
2010-02-19 00:00:00-05:00,0.38048633138170773,0.384612088395324,0.37819424718789857,0.3800279200077057,510548000,0.0,0.0
2010-02-22 00:00:00-05:00,0.3816323119877925,0.38736254887282523,0.3781941862510496,0.3807154893875122,458084000,0.0,0.0
2010-02-23 00:00:00-05:00,0.3818615093477725,0.38346596246792547,0.36765056859380735,0.371547132730484,489764000,0.0,0.0
2010-02-24 00:00:00-05:00,0.37475606373028,0.38300757649879125,0.3736100218081976,0.3793402314186096,445868000,0.0,0.0
2010-02-25 00:00:00-05:00,0.3706304059961183,0.376819055881622,0.3612328488041921,0.3759022057056427,576972000,0.0,0.0
2010-02-26 00:00:00-05:00,0.3740684781530652,0.3768190009562834,0.3690258985534952,0.371317982673645,393396000,0.0,0.0
2010-03-01 00:00:00-05:00,0.37154722280518004,0.38805022392892796,0.3685675078174951,0.38621655106544495,555868000,0.0,0.0
2010-03-02 00:00:00-05:00,0.38965453653601007,0.39446789498530366,0.3832366979464975,0.38598719239234924,538648000,0.0,0.0
2010-03-03 00:00:00-05:00,0.38827931892975037,0.39034218316312413,0.3779649431153001,0.38117384910583496,399300000,0.0,0.0
2010-03-04 00:00:00-05:00,0.382778420058317,0.3857581350099248,0.3770482095066864,0.3818615972995758,557396000,0.0,0.0
2010-03-05 00:00:00-05:00,0.37911103722682055,0.39630166595822386,0.37911103722682055,0.39355117082595825,632832000,0.0,0.0
2010-03-08 00:00:00-05:00,0.39378044846832516,0.39492649055351253,0.3862165379175301,0.3878210186958313,439312000,0.0,0.0
2010-03-09 00:00:00-05:00,0.391717453217296,0.40615758515464945,0.39148823393107157,0.40226104855537415,830832000,0.0,0.0
2010-03-10 00:00:00-05:00,0.40111514143718424,0.407532983044408,0.4008859220740046,0.40317800641059875,418520000,0.0,0.0
2010-03-11 00:00:00-05:00,0.39996904941307526,0.40134431077312677,0.3924051665803862,0.39400961995124817,540660000,0.0,0.0
2010-03-12 00:00:00-05:00,0.3983645926255078,0.39951063464112224,0.3933219858977665,0.39538487792015076,520352000,0.0,0.0
2010-03-15 00:00:00-04:00,0.39492632204889694,0.39882285801122547,0.3896545252416115,0.39332184195518494,358904000,0.0,0.0
2010-03-16 00:00:00-04:00,0.3930927589708248,0.40936656507648067,0.3928635396585445,0.4070744812488556,664988000,0.0,0.0
2010-03-17 00:00:00-04:00,0.409366559946808,0.4203685676463038,0.409366559946808,0.4148675501346588,651168000,0.0,0.0
2010-03-18 00:00:00-04:00,0.4155552080044824,0.4155552080044824,0.3965309057606024,0.4001982510089874,740964000,0.0,0.0
2010-03-19 00:00:00-04:00,0.4061576674021674,0.4073037094177819,0.3903422711924095,0.39538487792015076,584612000,0.0,0.0
2010-03-22 00:00:00-04:00,0.39034232906493965,0.4034072318389973,0.39034232906493965,0.40180277824401855,435336000,0.0,0.0
2010-03-23 00:00:00-04:00,0.4047824084363889,0.4121170714196251,0.40203188590935446,0.41005420684814453,493612000,0.0,0.0
2010-03-24 00:00:00-04:00,0.40661615302385246,0.4077621951718129,0.3956141156148719,0.3963017463684082,436252000,0.0,0.0
2010-03-25 00:00:00-04:00,0.40203190304658654,0.40455320636257747,0.39653091240562,0.39744773507118225,495184000,0.0,0.0
2010-03-26 00:00:00-04:00,0.4008858610527355,0.4050116176953586,0.39423882841791785,0.39744773507118225,344676000,0.0,0.0
2010-03-29 00:00:00-04:00,0.3999690442707456,0.4034071703028739,0.3944680262250622,0.4024903476238251,394456000,0.0,0.0
2010-03-30 00:00:00-04:00,0.4070745300521143,0.4091373948147713,0.39721856294695757,0.4040948152542114,324104000,0.0,0.0
2010-03-31 00:00:00-04:00,0.4024902180136233,0.4043238901050373,0.39675998248153405,0.3988228738307953,389840000,0.0,0.0
2010-04-01 00:00:00-04:00,0.4006566178673259,0.40524078525713675,0.39057143321546633,0.3946971893310547,339664000,0.0,0.0
2010-04-05 00:00:00-04:00,0.3972185443393859,0.40134430099522805,0.3967601056813395,0.40065667033195496,413636000,0.0,0.0
2010-04-06 00:00:00-04:00,0.3956140142824145,0.39653086416022126,0.38392437643787813,0.3908006548881531,809260000,0.0,0.0
2010-04-07 00:00:00-04:00,0.3882792643966546,0.3999688996074272,0.38507033153301756,0.39332184195518494,817468000,0.0,0.0
2010-04-08 00:00:00-04:00,0.39080071501108365,0.3937804297557334,0.3848412855217841,0.38690415024757385,1037600000,0.0,0.0
2010-04-09 00:00:00-04:00,0.3859872122494697,0.39080059827017577,0.3839243208161146,0.3894253373146057,817572000,0.0,0.0
2010-04-12 00:00:00-04:00,0.3898838367345126,0.3981353496872192,0.3891962061011545,0.3965308964252472,546460000,0.0,0.0
2010-04-13 00:00:00-04:00,0.39813544260132755,0.4061577381071711,0.3965309889649192,0.4047825038433075,648696000,0.0,0.0
2010-04-14 00:00:00-04:00,0.4134923424265931,0.4155552070466826,0.40340715667867716,0.40982499718666077,900720000,0.0,0.0
2010-04-15 00:00:00-04:00,0.4112002694471205,0.41532602612110747,0.40707451277313356,0.4128047227859497,957596000,0.0,0.0
2010-04-16 00:00:00-04:00,0.3960724406095059,0.39767689369120673,0.3823199114589201,0.39102983474731445,1917736000,0.0,0.0
2010-04-19 00:00:00-04:00,0.38805017508015394,0.39034225904002423,0.3761313439535875,0.3891962170600891,1094492000,0.0,0.0
2010-04-20 00:00:00-04:00,0.3919466765081621,0.396072432435816,0.38552883699001067,0.3905714154243469,678188000,0.0,0.0
2010-04-21 00:00:00-04:00,0.39263426483099323,0.39309267603504244,0.37590202363099134,0.3804861903190613,895908000,0.0,0.0
2010-04-22 00:00:00-04:00,0.3742976460252493,0.3832367892588984,0.3690258478090656,0.3820907473564148,656932000,0.0,0.0
2010-04-23 00:00:00-04:00,0.38094471412669073,0.38186156412959,0.3701719246901515,0.376818984746933,752916000,0.0,0.0
2010-04-26 00:00:00-04:00,0.37727728456692783,0.38507035700713127,0.37658965409895956,0.3804861903190613,491092000,0.0,0.0
2010-04-27 00:00:00-04:00,0.37773574825743556,0.38163228501896185,0.3685674136073536,0.3697134554386139,606704000,0.0,0.0
2010-04-28 00:00:00-04:00,0.36948432375334916,0.37567297296861385,0.36283726316164233,0.37040117383003235,672164000,0.0,0.0
2010-04-29 00:00:00-04:00,0.37154719872591246,0.3820907965147795,0.36604618049197396,0.38163235783576965,987128000,0.0,0.0
2010-04-30 00:00:00-04:00,0.37704817723880485,0.37773580791091277,0.35985754705509154,0.36008673906326294,1068048000,0.0,0.0
2010-05-03 00:00:00-04:00,0.36192041472879954,0.36398330676211554,0.35068918652198244,0.35619020462036133,1078972000,0.0,0.0
2010-05-04 00:00:00-04:00,0.35068919325055153,0.3513768239415169,0.3330401239188968,0.3380827307701111,1311376000,0.0,0.0
2010-05-05 00:00:00-04:00,0.33120650669644774,0.34083325521788543,0.32822679166453134,0.33235254883766174,1330840000,0.0,0.0
2010-05-06 00:00:00-04:00,0.3300604849676341,0.3369367382401761,0.29888809854545495,0.3254762887954712,1002888000,0.0,0.0
2010-05-07 00:00:00-04:00,0.32845590157501836,0.32845590157501836,0.30851475144471896,0.31997519731521606,1153712000,0.0,0.0
2010-05-10 00:00:00-04:00,0.3392288258708766,0.3433545833381603,0.3300604880874914,0.33372780680656433,979156000,0.0,0.0
2010-05-11 00:00:00-04:00,0.3305188337537076,0.33670745506147853,0.32753911910217454,0.3300604224205017,829124000,0.0,0.0
2010-05-12 00:00:00-04:00,0.3323525359291602,0.33831193843773116,0.3302896437608173,0.3364782929420471,901236000,0.0,0.0
2010-05-13 00:00:00-04:00,0.3351030034899618,0.3504599881613341,0.332581700158418,0.33579063415527344,1252000000,0.0,0.0
2010-05-14 00:00:00-04:00,0.3130989017853086,0.3140157242095092,0.2888027796585221,0.2970542907714844,2493068000,0.0,0.0
2010-05-17 00:00:00-04:00,0.2975127302685211,0.3014092942512983,0.28834439585971233,0.29774194955825806,856060000,0.0,0.0
2010-05-18 00:00:00-04:00,0.30026329680062536,0.30209696958485155,0.28628157256017384,0.2878860533237457,674112000,0.0,0.0
2010-05-19 00:00:00-04:00,0.2865108163276365,0.2929286579576043,0.2844479513469114,0.292470246553421,826520000,0.0,0.0
2010-05-20 00:00:00-04:00,0.283989476015368,0.29247020885677527,0.2752795511633101,0.2855939567089081,1129136000,0.0,0.0
2010-05-21 00:00:00-04:00,0.27734245231679255,0.2998048822028113,0.27734245231679255,0.29178258776664734,1069600000,0.0,0.0
2010-05-24 00:00:00-04:00,0.29086574004129506,0.2943038659326551,0.282385007650237,0.28330183029174805,664564000,0.0,0.0
2010-05-25 00:00:00-04:00,0.27436272246800303,0.292240983125907,0.27161219981002044,0.2908657491207123,966652000,0.0,0.0
2010-05-26 00:00:00-04:00,0.30255532069272323,0.308285529407326,0.29132409521782743,0.2922409176826477,995028000,0.0,0.0
2010-05-27 00:00:00-04:00,0.29957558901480713,0.3094315528869629,0.29888795854488204,0.3094315528869629,713560000,0.0,0.0
2010-05-28 00:00:00-04:00,0.3089732262007983,0.3089732262007983,0.2965959563277289,0.3011801242828369,545116000,0.0,0.0
2010-06-01 00:00:00-04:00,0.29705424460656327,0.3004923691486836,0.2881151044027793,0.2883443236351013,527492000,0.0,0.0
2010-06-02 00:00:00-04:00,0.28880288252905606,0.2920118168043473,0.2869692097037181,0.2915533781051636,649088000,0.0,0.0
2010-06-03 00:00:00-04:00,0.28559399701930166,0.29178261936112077,0.2846771468758982,0.29109498858451843,586360000,0.0,0.0
2010-06-04 00:00:00-04:00,0.2826141462838849,0.2876567240200904,0.2757378691406019,0.2773423492908478,671456000,0.0,0.0
2010-06-07 00:00:00-04:00,0.2784884926550156,0.28032216540811783,0.2624438765582197,0.26358991861343384,577248000,0.0,0.0
2010-06-08 00:00:00-04:00,0.26244386050308044,0.26244386050308044,0.24960817934039234,0.25625523924827576,967636000,0.0,0.0
2010-06-09 00:00:00-04:00,0.2576304298794121,0.26450670795662373,0.24914972608161903,0.2500665485858917,697152000,0.0,0.0
2010-06-10 00:00:00-04:00,0.2551092529258731,0.2612978755309834,0.25442162212001596,0.26015183329582214,611768000,0.0,0.0
2010-06-11 00:00:00-04:00,0.2574013861935359,0.26725735674914675,0.2567137552573198,0.2661113142967224,442104000,0.0,0.0
2010-06-14 00:00:00-04:00,0.27000769919621526,0.27046611045101093,0.2596933230062493,0.26038095355033875,375080000,0.0,0.0
2010-06-15 00:00:00-04:00,0.2633606412411902,0.27459183881272586,0.2629022027086466,0.2732166051864624,528632000,0.0,0.0
2010-06-16 00:00:00-04:00,0.27138297299769426,0.27390427600287204,0.2661111750111,0.2697785198688507,366480000,0.0,0.0
2010-06-17 00:00:00-04:00,0.2791760427786092,0.2807804957280808,0.2695492704341996,0.28009286522865295,859068000,0.0,0.0
2010-06-18 00:00:00-04:00,0.2816973530200883,0.2853646979214419,0.2796344885904478,0.28192657232284546,932832000,0.0,0.0
2010-06-21 00:00:00-04:00,0.287886041365962,0.28857364472316266,0.27275827567919864,0.27527955174446106,579836000,0.0,0.0
2010-06-22 00:00:00-04:00,0.27871764971788665,0.2821557754523548,0.263589885556709,0.26496514678001404,818164000,0.0,0.0
2010-06-23 00:00:00-04:00,0.2674865205630358,0.27069542783322115,0.25992260916088106,0.26794493198394775,614060000,0.0,0.0
2010-06-24 00:00:00-04:00,0.2663404113925907,0.2677156727744841,0.2537339489124922,0.2546507716178894,725028000,0.0,0.0
2010-06-25 00:00:00-04:00,0.25648447867724095,0.256713698046165,0.2498374448640591,0.2539632022380829,507220000,0.0,0.0
2010-06-28 00:00:00-04:00,0.25579685320632617,0.25808893740312383,0.24983742336513273,0.254421591758728,372008000,0.0,0.0
2010-06-29 00:00:00-04:00,0.24892054704317626,0.24914976636820416,0.2386061692452499,0.240210622549057,660808000,0.0,0.0
2010-06-30 00:00:00-04:00,0.24066911569841143,0.24319041983573134,0.2340220808982849,0.2340220808982849,623072000,0.0,0.0
2010-07-01 00:00:00-04:00,0.23470963419753538,0.23952299415430314,0.22760414927838482,0.23791854083538055,737008000,0.0,0.0
2010-07-02 00:00:00-04:00,0.23883533422873152,0.2392937454506902,0.22691647851506644,0.23493877053260803,737096000,0.0,0.0
2010-07-06 00:00:00-04:00,0.234021976997883,0.241585858727847,0.23035463212159948,0.2324175238609314,712020000,0.0,0.0
2010-07-07 00:00:00-04:00,0.2333343603287989,0.24502399891053464,0.23287594902288267,0.2436487376689911,608412000,0.0,0.0
2010-07-08 00:00:00-04:00,0.2452531547076587,0.24548234663936133,0.233334299897913,0.23631401360034943,783272000,0.0,0.0
2010-07-09 00:00:00-04:00,0.23746013117973344,0.2388353925049654,0.23425119719545764,0.23723091185092926,571516000,0.0,0.0
2010-07-12 00:00:00-04:00,0.2372308900365531,0.24456557999827275,0.23700169805262059,0.2415858656167984,565396000,0.0,0.0
2010-07-13 00:00:00-04:00,0.24548248889238988,0.2519003312034889,0.24410725453388527,0.25029587745666504,723316000,0.0,0.0
2010-07-14 00:00:00-04:00,0.2612978297168261,0.263131502436341,0.24914977868931185,0.2528171241283417,1355664000,0.0,0.0
2010-07-15 00:00:00-04:00,0.2530462259579686,0.2532754452126407,0.2427318513259009,0.2457115650177002,953088000,0.0,0.0
2010-07-16 00:00:00-04:00,0.24571168356605066,0.24639931433804013,0.22943787369877022,0.2303546965122223,1288604000,0.0,0.0
2010-07-19 00:00:00-04:00,0.23356353866893678,0.2406689809735976,0.23195905839401623,0.2397521585226059,798440000,0.0,0.0
2010-07-20 00:00:00-04:00,0.23356351831961847,0.24708679857436996,0.2315006269989323,0.2457115650177002,1160988000,0.0,0.0
2010-07-21 00:00:00-04:00,0.24800372126443948,0.24823291326278224,0.23539723234653376,0.2376893162727356,624940000,0.0,0.0
2010-07-22 00:00:00-04:00,0.24021060441802747,0.24410716870661378,0.2388353705430505,0.2415858656167984,462612000,0.0,0.0
2010-07-23 00:00:00-04:00,0.24135662838551955,0.24158584767622382,0.23516800809821575,0.23746009171009064,817604000,0.0,0.0
2010-07-26 00:00:00-04:00,0.2367724668729613,0.24273189533710024,0.23310512207598463,0.24181504547595978,683548000,0.0,0.0
2010-07-27 00:00:00-04:00,0.24250265319937106,0.24296106442486692,0.23677244457119778,0.2397521585226059,683472000,0.0,0.0
2010-07-28 00:00:00-04:00,0.2358556895010286,0.239981446356745,0.2315007133051843,0.23218834400177002,1320808000,0.0,0.0
2010-07-29 00:00:00-04:00,0.21545613298046468,0.22004030166242128,0.2078922491904762,0.2092674970626831,2664476000,0.0,0.0
2010-07-30 00:00:00-04:00,0.20766302528361452,0.2143100720221066,0.2044541047551805,0.2106427401304245,984288000,0.0,0.0
2010-08-02 00:00:00-04:00,0.21431006670633432,0.2152269030719883,0.20949667920212556,0.21041351556777954,917020000,0.0,0.0
2010-08-03 00:00:00-04:00,0.20880904949528398,0.20903825515730526,0.20330804529728347,0.20491249859333038,955444000,0.0,0.0
2010-08-04 00:00:00-04:00,0.20674614041617487,0.2143100217694391,0.20582930424276466,0.21362239122390747,855496000,0.0,0.0
2010-08-05 00:00:00-04:00,0.2143100586344852,0.2168313482986469,0.2104135076426915,0.21637293696403503,800504000,0.0,0.0
2010-08-06 00:00:00-04:00,0.21545610231703735,0.22118631235396718,0.21362242964046044,0.21889422833919525,739904000,0.0,0.0
2010-08-09 00:00:00-04:00,0.22118630605395703,0.22141552537842413,0.21568530184280885,0.22095710039138794,466456000,0.0,0.0
2010-08-10 00:00:00-04:00,0.21728982384473466,0.2177482352859898,0.21087198169575397,0.2117888182401657,772560000,0.0,0.0
2010-08-11 00:00:00-04:00,0.20743377766663154,0.20743377766663154,0.20284961001138138,0.2035372406244278,796148000,0.0,0.0
2010-08-12 00:00:00-04:00,0.19986992921213081,0.20995511614546197,0.19826547572749606,0.2053709477186203,1343584000,0.0,0.0
2010-08-13 00:00:00-04:00,0.2120179537437096,0.21820658812248225,0.2115595287923763,0.21522687375545502,1797392000,0.0,0.0
2010-08-16 00:00:00-04:00,0.21224708571690917,0.21660204610252431,0.2069752894087605,0.20972579717636108,814008000,0.0,0.0
2010-08-17 00:00:00-04:00,0.2117887260539081,0.21637289311869376,0.20972584814237547,0.21247634291648865,481224000,0.0,0.0
2010-08-18 00:00:00-04:00,0.211788732538983,0.21545606357072788,0.21041347144791975,0.21362239122390747,352920000,0.0,0.0
2010-08-19 00:00:00-04:00,0.215914477052289,0.22714570321497374,0.214768435239186,0.22645807266235352,1615100000,0.0,0.0
2010-08-20 00:00:00-04:00,0.22485361374038215,0.23402196166863587,0.22462440811610235,0.2285209447145462,1305308000,0.0,0.0
2010-08-23 00:00:00-04:00,0.22920858566674593,0.23493879484365604,0.22439519902862437,0.22508282959461212,748620000,0.0,0.0
2010-08-24 00:00:00-04:00,0.2177481846916045,0.2250828616807647,0.21728977335686248,0.22279077768325806,641332000,0.0,0.0
2010-08-25 00:00:00-04:00,0.22026949802895976,0.22920862875787162,0.2191234423162234,0.22737495601177216,757532000,0.0,0.0
2010-08-26 00:00:00-04:00,0.23035468036827655,0.23287598391427047,0.22462446987628937,0.22462446987628937,657596000,0.0,0.0
2010-08-27 00:00:00-04:00,0.22599961651990005,0.23379270203372648,0.22026940859236493,0.2319590300321579,1060416000,0.0,0.0
2010-08-30 00:00:00-04:00,0.22920861353905922,0.23104228616340794,0.22095710039138794,0.22095710039138794,602804000,0.0,0.0
2010-08-31 00:00:00-04:00,0.21774816771492306,0.22462443283323494,0.21316400007731326,0.21385163068771362,931488000,0.0,0.0
2010-09-01 00:00:00-04:00,0.21706056529579992,0.21981106059771677,0.21431005633198494,0.21545609831809998,851440000,0.0,0.0
2010-09-02 00:00:00-04:00,0.21614368334263914,0.22004021980804084,0.21408080547076375,0.2193526029586792,596292000,0.0,0.0
2010-09-03 00:00:00-04:00,0.22462449691954206,0.2276041985369714,0.221873987355106,0.2269165813922882,566484000,0.0,0.0
2010-09-07 00:00:00-04:00,0.22622889979408972,0.23425119364758196,0.22577048846722084,0.22897940874099731,899820000,0.0,0.0
2010-09-08 00:00:00-04:00,0.22943775211119222,0.23814767351847965,0.22691644972462946,0.2365431934595108,1224156000,0.0,0.0
2010-09-09 00:00:00-04:00,0.239522937614857,0.2397521568879371,0.23035460387229095,0.23333431780338287,697748000,0.0,0.0
2010-09-10 00:00:00-04:00,0.23493884294979225,0.23562647365657943,0.22875022123630415,0.23081308603286743,609292000,0.0,0.0
2010-09-13 00:00:00-04:00,0.23493886168175385,0.24685772201957487,0.23493886168175385,0.24387800693511963,1015792000,0.0,0.0
2010-09-14 00:00:00-04:00,0.24181505760073088,0.24479477198220526,0.239522973818642,0.2415858656167984,698536000,0.0,0.0
2010-09-15 00:00:00-04:00,0.23929383397024437,0.24227354900091658,0.23608489958190512,0.2420443296432495,555572000,0.0,0.0
2010-09-16 00:00:00-04:00,0.23883544239952118,0.24433643420205545,0.23883544239952118,0.24227356910705566,365280000,0.0,0.0
2010-09-17 00:00:00-04:00,0.24456556773558857,0.24479475970802925,0.2411274422348452,0.24181504547595978,416884000,0.0,0.0
2010-09-20 00:00:00-04:00,0.241815128509254,0.24639932474146997,0.23952304405504699,0.24548247456550598,443168000,0.0,0.0
2010-09-21 00:00:00-04:00,0.24410718921405358,0.26290227234139835,0.24410718921405358,0.2587765157222748,1779624000,0.0,0.0
2010-09-22 00:00:00-04:00,0.2578597079948193,0.2633607262468183,0.2562552545844104,0.2610686421394348,999996000,0.0,0.0
2010-09-23 00:00:00-04:00,0.2640481729895592,0.2745917645587011,0.2617560902418137,0.2663402557373047,1240872000,0.0,0.0
2010-09-24 00:00:00-04:00,0.2722998674378085,0.2819266433999392,0.2702370024880949,0.2810097932815552,1086976000,0.0,0.0
2010-09-27 00:00:00-04:00,0.28307272777229153,0.28330191984321884,0.27138308511706405,0.27505043148994446,999504000,0.0,0.0
2010-09-28 00:00:00-04:00,0.27527953573734637,0.27825925029920595,0.26954932593523007,0.274362713098526,723192000,0.0,0.0
2010-09-29 00:00:00-04:00,0.27184144456954634,0.28032217801868337,0.2693201410051328,0.2722998559474945,974904000,0.0,0.0
2010-09-30 00:00:00-04:00,0.27573786463586936,0.2789467975601488,0.2654234900751328,0.26771557331085205,787632000,0.0,0.0
2010-10-01 00:00:00-04:00,0.2716122556474346,0.2720706944005408,0.2580889682020528,0.26015183329582214,999120000,0.0,0.0
2010-10-04 00:00:00-04:00,0.2576305568218231,0.26198553417242726,0.25235875651519973,0.2576305568218231,749500000,0.0,0.0
2010-10-05 00:00:00-04:00,0.263131429524922,0.2635898407468297,0.25877645460732496,0.2594640851020813,753588000,0.0,0.0
2010-10-06 00:00:00-04:00,0.25946405886702967,0.2606101004678146,0.24456551805682583,0.2470867931842804,1057604000,0.0,0.0
2010-10-07 00:00:00-04:00,0.2482329375392922,0.2484621568838477,0.23791855886266566,0.24525325000286102,761488000,0.0,0.0
2010-10-08 00:00:00-04:00,0.2443363771097268,0.25098343691873737,0.24089825120555455,0.24892054498195648,706932000,0.0,0.0
2010-10-11 00:00:00-04:00,0.25006656551300194,0.2521294572729409,0.24662843990356373,0.24777448177337646,442680000,0.0,0.0
2010-10-12 00:00:00-04:00,0.24571160401612846,0.2537338966698939,0.24364871236802785,0.25258785486221313,605208000,0.0,0.0
2010-10-13 00:00:00-04:00,0.25671362788228697,0.2635898791850051,0.2539631328259585,0.2599225342273712,968732000,0.0,0.0
2010-10-14 00:00:00-04:00,0.2601518290225095,0.26061024044428355,0.25465080998981515,0.255796879529953,599172000,0.0,0.0
2010-10-15 00:00:00-04:00,0.2599225577095982,0.26290227234139835,0.2557968284142709,0.2587765157222748,639940000,0.0,0.0
2010-10-18 00:00:00-04:00,0.2590056924621599,0.26152699534922386,0.2544215252666195,0.26038095355033875,448156000,0.0,0.0
2010-10-19 00:00:00-04:00,0.2546507591031512,0.2606101883667515,0.25258789445548757,0.2587765157222748,866136000,0.0,0.0
2010-10-20 00:00:00-04:00,0.25900573504925795,0.2658819869731984,0.25442156709996433,0.2587765157222748,763532000,0.0,0.0
2010-10-21 00:00:00-04:00,0.25900586112346335,0.25946427267677075,0.25029593231538394,0.2541924715042114,1014428000,0.0,0.0
2010-10-22 00:00:00-04:00,0.25579676630240084,0.2725289807192115,0.25304624434166184,0.2704660892486572,1322676000,0.0,0.0
2010-10-25 00:00:00-04:00,0.2725290438046497,0.27505034707769904,0.27000774053160037,0.2729874551296234,673136000,0.0,0.0
2010-10-26 00:00:00-04:00,0.2697784735672835,0.2761963123049693,0.2674863902555235,0.2720705568790436,675248000,0.0,0.0
2010-10-27 00:00:00-04:00,0.26954931084280404,0.27688397351407623,0.2688616802402923,0.27596715092658997,496796000,0.0,0.0
2010-10-28 00:00:00-04:00,0.279634516330053,0.28055133898444307,0.27367508710512933,0.2761963903903961,704448000,0.0,0.0
2010-10-29 00:00:00-04:00,0.27573795340903207,0.27848847603644916,0.27275826610232395,0.2755087614059448,554664000,0.0,0.0
2010-11-01 00:00:00-04:00,0.2773424121316134,0.2816973604078642,0.2736750671340803,0.27596715092658997,473920000,0.0,0.0
2010-11-02 00:00:00-04:00,0.27711325367434614,0.28628159085766675,0.27550880013202506,0.28169742226600647,581036000,0.0,0.0
2010-11-03 00:00:00-04:00,0.28353088141680627,0.2855937721221442,0.27619622266442345,0.28376010060310364,671748000,0.0,0.0
2010-11-04 00:00:00-04:00,0.2865108729446252,0.28949058864633465,0.2837603766522034,0.28421878814697266,700016000,0.0,0.0
2010-11-05 00:00:00-04:00,0.2862815196961855,0.2915533177309351,0.28490628585481165,0.2890320420265198,735116000,0.0,0.0
2010-11-08 00:00:00-05:00,0.28880285879930734,0.2926993961556137,0.2865107747869158,0.290178120136261,605156000,0.0,0.0
2010-11-09 00:00:00-05:00,0.2901781032780497,0.2924701871572802,0.28696916945284995,0.28857362270355225,633964000,0.0,0.0
2010-11-10 00:00:00-05:00,0.2906365064074672,0.2920117676258087,0.2865107500762369,0.2920117676258087,521016000,0.0,0.0
2010-11-11 00:00:00-05:00,0.28513547783314397,0.29384540145701815,0.2812389409635615,0.2890320420265198,1089980000,0.0,0.0
2010-11-12 00:00:00-05:00,0.30003404381859494,0.31355735394625267,0.2986587826789034,0.3039305806159973,2142560000,0.0,0.0
2010-11-15 00:00:00-05:00,0.30530592273981155,0.3096608719643551,0.2995757120107806,0.30026331543922424,733548000,0.0,0.0
2010-11-16 00:00:00-05:00,0.2952206756833304,0.2993464320375701,0.29086572734061844,0.2913241386413574,739356000,0.0,0.0
2010-11-17 00:00:00-05:00,0.291094964276704,0.2995756976069497,0.28834446872377506,0.29613757133483887,551764000,0.0,0.0
2010-11-18 00:00:00-05:00,0.30003421642886297,0.30828573336654047,0.30003421642886297,0.30530601739883423,993120000,0.0,0.0
2010-11-19 00:00:00-05:00,0.3046182277778991,0.31630786613061446,0.3041598164809639,0.3151618242263794,716484000,0.0,0.0
2010-11-22 00:00:00-05:00,0.31309900932098755,0.3172247389706853,0.31034848645612423,0.31539109349250793,462668000,0.0,0.0
2010-11-23 00:00:00-05:00,0.3117237297151746,0.31493263643870556,0.30576430028713475,0.30805638432502747,457832000,0.0,0.0
2010-11-24 00:00:00-05:00,0.31126529513202766,0.3167662854827251,0.31103607581583403,0.3156202435493469,397784000,0.0,0.0
2010-11-26 00:00:00-05:00,0.31539114471295226,0.3172247904889191,0.3117237985134125,0.3117237985134125,143104000,0.0,0.0
2010-11-29 00:00:00-05:00,0.3103484372990744,0.31630786613061446,0.3089732034082689,0.3151618242263794,468192000,0.0,0.0
2010-11-30 00:00:00-05:00,0.310348406123288,0.3135573395270721,0.30622265021773226,0.3119528591632843,720936000,0.0,0.0
2010-12-01 00:00:00-05:00,0.3181414690668013,0.3277682134923142,0.31768305787011747,0.325705349445343,626536000,0.0,0.0
2010-12-02 00:00:00-05:00,0.3257054066510215,0.3316648352259675,0.32547618735052625,0.3296019434928894,529316000,0.0,0.0
2010-12-03 00:00:00-05:00,0.32799744447422424,0.3389994502067566,0.3273098139927305,0.3389994502067566,606044000,0.0,0.0
2010-12-06 00:00:00-05:00,0.34014564249681944,0.3408332732827537,0.33120652425107844,0.3325817584991455,438424000,0.0,0.0
2010-12-07 00:00:00-05:00,0.3403748084596053,0.351376817336859,0.33968717778156504,0.3433545231819153,1026812000,0.0,0.0
2010-12-08 00:00:00-05:00,0.342896152113291,0.35000159709083106,0.3403748484389314,0.3463342785835266,613252000,0.0,0.0
2010-12-09 00:00:00-05:00,0.3380827311395455,0.3428961186577652,0.3332693436213258,0.3406040072441101,942408000,0.0,0.0
2010-12-10 00:00:00-05:00,0.34060400215314746,0.34587580094578224,0.33968717946042715,0.342666894197464,451900000,0.0,0.0
2010-12-13 00:00:00-05:00,0.3440420506191186,0.3447296537670244,0.3330400177195802,0.33395686745643616,609108000,0.0,0.0
2010-12-14 00:00:00-05:00,0.34037471458034485,0.3465633343282209,0.33395687556174425,0.3344152867794037,755160000,0.0,0.0
2010-12-15 00:00:00-05:00,0.3351029905170887,0.3392287470254411,0.32662225817955487,0.32708069682121277,624176000,0.0,0.0
2010-12-16 00:00:00-05:00,0.33051889091568853,0.33235256388943535,0.32662232560005106,0.3275391757488251,631872000,0.0,0.0
2010-12-17 00:00:00-05:00,0.327768372090256,0.3312065260384817,0.32387183404733555,0.3293728530406952,593156000,0.0,0.0
2010-12-20 00:00:00-05:00,0.3305188087927424,0.3321232619996921,0.32776828635363503,0.32799750566482544,344088000,0.0,0.0
2010-12-21 00:00:00-05:00,0.33120644050571374,0.3408331871032715,0.33097722119375983,0.3408331871032715,466952000,0.0,0.0
2010-12-22 00:00:00-05:00,0.3401455364803312,0.34495892315783416,0.3369366302445244,0.34450051188468933,477988000,0.0,0.0
2010-12-23 00:00:00-05:00,0.3445006286602914,0.3445006286602914,0.34060406320825676,0.34197932481765747,273784000,0.0,0.0
2010-12-27 00:00:00-05:00,0.34106224010535635,0.34633403579549576,0.33487359493827284,0.3438127338886261,255500000,0.0,0.0
2010-12-28 00:00:00-05:00,0.3438129160156967,0.34610499993656435,0.3403747901343952,0.34243765473365784,194260000,0.0,0.0
2010-12-29 00:00:00-05:00,0.3422084627358485,0.3449589579761305,0.33922874817396137,0.34243765473365784,177660000,0.0,0.0
2010-12-30 00:00:00-05:00,0.34197924973158955,0.34564659500224254,0.340833207749985,0.34358370304107666,174488000,0.0,0.0
2010-12-31 00:00:00-05:00,0.3438129041891694,0.35343967818470684,0.34335449288552344,0.35298123955726624,391252000,0.0,0.0
2011-01-03 00:00:00-05:00,0.3557317639735574,0.3660461413191142,0.3552733253436079,0.36260801553726196,817448000,0.0,0.0
2011-01-04 00:00:00-05:00,0.36329563974589063,0.36490009295100934,0.3534396738804553,0.36146196722984314,651384000,0.0,0.0
2011-01-05 00:00:00-05:00,0.36810902277024526,0.38965465571110003,0.3644417048287304,0.3891962170600891,1428216000,0.0,0.0
2011-01-06 00:00:00-05:00,0.3992814604910496,0.44328952805341953,0.3981354183457494,0.4430603086948395,3493312000,0.0,0.0
2011-01-07 00:00:00-05:00,0.4380176909711834,0.4568128023933536,0.4281617239062449,0.4554375410079956,2579984000,0.0,0.0
2011-01-10 00:00:00-05:00,0.44718607882188,0.4737742682916875,0.44374795228649805,0.47285744547843933,1750348000,0.0,0.0
2011-01-11 00:00:00-05:00,0.47927529658705015,0.48385946512988065,0.4554375764462516,0.46552273631095886,2711088000,0.0,0.0
2011-01-12 00:00:00-05:00,0.46575204239204954,0.5356606489099508,0.4641475886621916,0.5352022647857666,3431896000,0.0,0.0
2011-01-13 00:00:00-05:00,0.529471865010382,0.546433329341213,0.5129688393119048,0.5361189246177673,2695192000,0.0,0.0
2011-01-14 00:00:00-05:00,0.5269505559107865,0.5496422011528811,0.5237416496295012,0.5407030582427979,1595352000,0.0,0.0
2011-01-18 00:00:00-05:00,0.5333685953498967,0.5370359417945793,0.5150319177740936,0.5280967950820923,1813348000,0.0,0.0
2011-01-19 00:00:00-05:00,0.5283260008525887,0.5409324383849762,0.5125106012750866,0.5136566162109375,1197896000,0.0,0.0
2011-01-20 00:00:00-05:00,0.5086139258913351,0.5170946308608904,0.4994455356390803,0.5141149163246155,1111408000,0.0,0.0
2011-01-21 00:00:00-05:00,0.5196159489523843,0.5269506398907524,0.5083847205303816,0.5093015432357788,739244000,0.0,0.0
2011-01-24 00:00:00-05:00,0.532680834930746,0.5741676507575523,0.5267214598859878,0.566832959651947,2056900000,0.0,0.0
2011-01-25 00:00:00-05:00,0.5643114814668592,0.5702709096028213,0.5457456211795146,0.5494129657745361,1086856000,0.0,0.0
2011-01-26 00:00:00-05:00,0.5551430791775475,0.5730213613914629,0.5512465431008783,0.5624777674674988,1074660000,0.0,0.0
2011-01-27 00:00:00-05:00,0.5705003439570885,0.5718755508161562,0.5501007773351163,0.5608735680580139,657396000,0.0,0.0
2011-01-28 00:00:00-05:00,0.5622488095220849,0.571646338403319,0.5317640293696458,0.544599711894989,1094796000,0.0,0.0
2011-01-31 00:00:00-05:00,0.5455164795550717,0.5558308291172294,0.5365773365263045,0.5482669472694397,750160000,0.0,0.0
2011-02-01 00:00:00-05:00,0.5530804923836965,0.5649992979304171,0.5494131465817824,0.5608735680580139,654104000,0.0,0.0
2011-02-02 00:00:00-05:00,0.55766449954135,0.5998388820833129,0.55766449954135,0.5863155722618103,1606616000,0.0,0.0
2011-02-03 00:00:00-05:00,0.5872324254823358,0.5872324254823358,0.5627070801579089,0.5753135681152344,1030776000,0.0,0.0
2011-02-04 00:00:00-05:00,0.583336055320464,0.5929627770402978,0.5810439709137031,0.5883786082267761,872900000,0.0,0.0
2011-02-07 00:00:00-05:00,0.5803561693779887,0.5828774450893501,0.5617902528922569,0.5638531446456909,934236000,0.0,0.0
2011-02-08 00:00:00-05:00,0.5645407145841025,0.5682080590914897,0.5445995390716054,0.5471208691596985,1076584000,0.0,0.0
2011-02-09 00:00:00-05:00,0.5491839680355752,0.5546850147447552,0.5239710376597259,0.533827006816864,1277520000,0.0,0.0
2011-02-10 00:00:00-05:00,0.5219079345643164,0.5319931463635594,0.5180113978158937,0.5230540037155151,1042352000,0.0,0.0
2011-02-11 00:00:00-05:00,0.5212204987231343,0.5549141902191534,0.5127397914968237,0.537952721118927,1359276000,0.0,0.0
2011-02-14 00:00:00-05:00,0.5443704395743048,0.561561095964064,0.5276382218186739,0.5297011137008667,1287828000,0.0,0.0
2011-02-15 00:00:00-05:00,0.5306180578748894,0.5324517035362721,0.5145734124235776,0.5168655514717102,886980000,0.0,0.0
2011-02-16 00:00:00-05:00,0.5237418110328196,0.5434537480462486,0.5219081107015684,0.5358898639678955,1318364000,0.0,0.0
2011-02-17 00:00:00-05:00,0.520762031772397,0.5961716712341499,0.5182407009579284,0.5886077880859375,3470096000,0.0,0.0
2011-02-18 00:00:00-05:00,0.5853986990899794,0.5947962802975917,0.578293256177343,0.5874615907669067,1394412000,0.0,0.0
2011-02-22 00:00:00-05:00,0.568208423852487,0.5698128778580257,0.5301597479796564,0.5319934487342834,1396648000,0.0,0.0
2011-02-23 00:00:00-05:00,0.5319932463510517,0.5370357985508298,0.4992163838145172,0.5067802667617798,1491604000,0.0,0.0
2011-02-24 00:00:00-05:00,0.5093015078738785,0.5280966179437149,0.5056342173069176,0.5191575288772583,1246120000,0.0,0.0
2011-02-25 00:00:00-05:00,0.5331391999826806,0.5386401902283119,0.525804509890113,0.5299302935600281,775652000,0.0,0.0
2011-02-28 00:00:00-05:00,0.538640264167497,0.5388695108345758,0.5074679089664366,0.5193867683410645,903696000,0.0,0.0
2011-03-01 00:00:00-05:00,0.5203033740525568,0.5269504316734841,0.4962364733219147,0.4962364733219147,988448000,0.0,0.0
2011-03-02 00:00:00-05:00,0.49554884114202435,0.5049464204065185,0.4641473071303572,0.4756077229976654,1718140000,0.0,0.0
2011-03-03 00:00:00-05:00,0.4866098410824747,0.4893603635450167,0.46391819470927037,0.47835832834243774,1593704000,0.0,0.0
2011-03-04 00:00:00-05:00,0.47881679630521523,0.48363015626198297,0.47056528305961864,0.4758370816707611,959760000,0.0,0.0
2011-03-07 00:00:00-05:00,0.479275092496139,0.48087954533814153,0.45727105460726714,0.4691898822784424,1019140000,0.0,0.0
2011-03-08 00:00:00-05:00,0.47423269886099584,0.4767539752159399,0.43824692589377245,0.4481029212474823,1947184000,0.0,0.0
2011-03-09 00:00:00-05:00,0.44672749812651097,0.4510824731486109,0.4348086421281662,0.4387052059173584,1318976000,0.0,0.0
2011-03-10 00:00:00-05:00,0.42862015776668294,0.43182906473595245,0.41028345673551714,0.4107418954372406,1722736000,0.0,0.0
2011-03-11 00:00:00-05:00,0.4141799106036096,0.4251819173401729,0.40478235692109277,0.4137214720249176,1486832000,0.0,0.0
2011-03-14 00:00:00-04:00,0.4169304274480602,0.4274740234858519,0.41028336826813294,0.41715964674949646,1003360000,0.0,0.0
2011-03-15 00:00:00-04:00,0.3967601810136622,0.41165875713403055,0.3898839277229392,0.4047825038433075,1256280000,0.0,0.0
2011-03-16 00:00:00-04:00,0.4011151474679417,0.4205978919457152,0.39653097872583054,0.40180277824401855,1476520000,0.0,0.0
2011-03-17 00:00:00-04:00,0.41257551442902,0.4132631451136059,0.3942388419003153,0.4093666076660156,1238516000,0.0,0.0
2011-03-18 00:00:00-04:00,0.41578428097888265,0.4171595417939042,0.40340701561504827,0.40386542677879333,886960000,0.0,0.0
2011-03-21 00:00:00-04:00,0.412575471505638,0.41670122786012204,0.40294872489437156,0.4070744812488556,751832000,0.0,0.0
2011-03-22 00:00:00-04:00,0.40592841019641823,0.40982494695891813,0.3981353093476258,0.3999689817428589,718332000,0.0,0.0
2011-03-23 00:00:00-04:00,0.39928141524397,0.4093666013740261,0.39057149046194783,0.4082205593585968,782396000,0.0,0.0
2011-03-24 00:00:00-04:00,0.41693043515835154,0.44581072880754036,0.416013612583238,0.44076812267303467,1780592000,0.0,0.0
2011-03-25 00:00:00-04:00,0.4446648238583638,0.44581086609206877,0.4263281207952821,0.4270157516002655,1196392000,0.0,0.0
2011-03-28 00:00:00-04:00,0.43710071412774354,0.4501656115268552,0.43320417776475834,0.4428309500217438,1204284000,0.0,0.0
2011-03-29 00:00:00-04:00,0.442830990157874,0.4444354432381951,0.4334334363214626,0.4393928647041321,715764000,0.0,0.0
2011-03-30 00:00:00-04:00,0.44283100881516246,0.4446646812658393,0.4173888411322378,0.4228898584842682,1176320000,0.0,0.0
2011-03-31 00:00:00-04:00,0.4235775067704247,0.4281616744267965,0.4153259940594378,0.42311906814575195,655112000,0.0,0.0
2011-04-01 00:00:00-04:00,0.42862006534544694,0.42907847662452636,0.411429410127728,0.41715964674949646,850072000,0.0,0.0
2011-04-04 00:00:00-04:00,0.41715961906517646,0.41830566084871573,0.3992813344534137,0.40226104855537415,924328000,0.0,0.0
2011-04-05 00:00:00-04:00,0.40822053557303545,0.4114294420997472,0.4020318871912702,0.4029487371444702,821076000,0.0,0.0
2011-04-06 00:00:00-04:00,0.4059284608822166,0.40638687220731573,0.396760097761254,0.4001982510089874,856984000,0.0,0.0
2011-04-07 00:00:00-04:00,0.4011150473412376,0.41738885324297037,0.39951059414676393,0.4148675501346588,1021208000,0.0,0.0
2011-04-08 00:00:00-04:00,0.4180764415624913,0.4180764415624913,0.4011150067718348,0.40226104855537415,746552000,0.0,0.0
2011-04-11 00:00:00-04:00,0.4038655372543947,0.40592842904122173,0.3926343377133584,0.39698928594589233,546208000,0.0,0.0
2011-04-12 00:00:00-04:00,0.39309284361840613,0.4008859193809541,0.38575815193153695,0.3981354236602783,840756000,0.0,0.0
2011-04-13 00:00:00-04:00,0.4022610942813251,0.4095957570649665,0.39721851532530883,0.4070744812488556,749588000,0.0,0.0
2011-04-14 00:00:00-04:00,0.40340702902419756,0.42449421649526614,0.4011149458054977,0.4242649972438812,1254704000,0.0,0.0
2011-04-15 00:00:00-04:00,0.42105626670986923,0.4341211683468646,0.41899337456117586,0.42884936928749084,969720000,0.0,0.0
2011-04-18 00:00:00-04:00,0.41876409660008085,0.42151459157675375,0.40799128134543977,0.41463834047317505,743584000,0.0,0.0
2011-04-19 00:00:00-04:00,0.41486760768420267,0.41647208842504063,0.40180273368288005,0.41303396224975586,659860000,0.0,0.0
2011-04-20 00:00:00-04:00,0.42816158764459666,0.43435020726159534,0.41876403492426567,0.4256402850151062,650516000,0.0,0.0
2011-04-21 00:00:00-04:00,0.430224686664252,0.43297521006152817,0.42357765220971033,0.4244944751262665,421300000,0.0,0.0
2011-04-25 00:00:00-04:00,0.42632804860398843,0.4382468803515114,0.4260988292665409,0.4311414361000061,619612000,0.0,0.0
2011-04-26 00:00:00-04:00,0.4348087667636761,0.44672762617849543,0.4304538178170448,0.4423726499080658,676000000,0.0,0.0
2011-04-27 00:00:00-04:00,0.44466476137720656,0.44466476137720656,0.43320431332669607,0.4423726499080658,450004000,0.0,0.0
2011-04-28 00:00:00-04:00,0.44237260603719375,0.45612513686918393,0.4373300268822815,0.4471859931945801,684000000,0.0,0.0
2011-04-29 00:00:00-04:00,0.4501657234822076,0.4685023954671763,0.449478092818012,0.45841723680496216,836000000,0.0,0.0
2011-05-02 00:00:00-04:00,0.46804397054376956,0.46827316252926976,0.4499364921471335,0.4522285759449005,613824000,0.0,0.0
2011-05-03 00:00:00-04:00,0.44695682179607704,0.44833205581599994,0.4251819962474309,0.4306829869747162,808000000,0.0,0.0
2011-05-04 00:00:00-04:00,0.43205837006462766,0.43687175880017537,0.419451904382179,0.4274742007255554,639356000,0.0,0.0
2011-05-05 00:00:00-04:00,0.42403591633582166,0.4327458403120391,0.4183057067888094,0.42770326137542725,544000000,0.0,0.0
2011-05-06 00:00:00-04:00,0.43664230290688466,0.44695670565705325,0.43320417776475834,0.4428309500217438,841080000,0.0,0.0
2011-05-09 00:00:00-04:00,0.44420638018269126,0.45497919891916433,0.44306033796168787,0.4526871144771576,706328000,0.0,0.0
2011-05-10 00:00:00-04:00,0.4563542786999097,0.45681268994091717,0.44879037026622676,0.45337456464767456,690976000,0.0,0.0
2011-05-11 00:00:00-04:00,0.4556667603468212,0.46025090120915324,0.44924891942147993,0.4554375410079956,616000000,0.0,0.0
2011-05-12 00:00:00-04:00,0.4538329570301329,0.47033597961096457,0.4526869153133412,0.46987754106521606,1224000000,0.0,0.0
2011-05-13 00:00:00-04:00,0.44008060332484256,0.4412266454953317,0.41532608697751683,0.4185349941253662,2025192000,0.0,0.0
2011-05-16 00:00:00-04:00,0.41738895380731006,0.41830580394205086,0.4054701206460855,0.40569931268692017,728188000,0.0,0.0
2011-05-17 00:00:00-04:00,0.4043240345939723,0.4045532266099354,0.3924051754023608,0.4040948152542114,1420364000,0.0,0.0
2011-05-18 00:00:00-04:00,0.4056992205497536,0.41693044771398224,0.4043239866456689,0.4134923219680786,658844000,0.0,0.0
2011-05-19 00:00:00-04:00,0.4167012665355904,0.4169304858691454,0.4013443089299296,0.4075329303741455,650884000,0.0,0.0
2011-05-20 00:00:00-04:00,0.4066160475189999,0.415555163024135,0.4047823750932869,0.41463834047317505,575820000,0.0,0.0
2011-05-23 00:00:00-04:00,0.4086789333864497,0.41715966538534904,0.4034071351320458,0.4141799509525299,588000000,0.0,0.0
2011-05-24 00:00:00-04:00,0.41624282989837275,0.4325166365255429,0.4150967879478339,0.41578441858291626,720372000,0.0,0.0
2011-05-25 00:00:00-04:00,0.41372155954816475,0.42357755389441987,0.40959580273367113,0.4208270311355591,545312000,0.0,0.0
2011-05-26 00:00:00-04:00,0.4208270476359096,0.4350379913679,0.41968100554938126,0.43137064576148987,706436000,0.0,0.0
2011-05-27 00:00:00-04:00,0.43320425324461304,0.4476443868222951,0.4327458419438823,0.4469567835330963,658824000,0.0,0.0
2011-05-31 00:00:00-04:00,0.45566678688500856,0.4595633519291943,0.4446647771327768,0.4593341052532196,1200716000,0.0,0.0
2011-06-01 00:00:00-04:00,0.4572710931023419,0.4579587236135988,0.4377883561277524,0.4387052059173584,762208000,0.0,0.0
2011-06-02 00:00:00-04:00,0.439392901017995,0.442601807443839,0.43137058030579595,0.4366423785686493,607592000,0.0,0.0
2011-06-03 00:00:00-04:00,0.4315998001690753,0.4354963372122323,0.4210562036299025,0.42311906814575195,549300000,0.0,0.0
2011-06-06 00:00:00-04:00,0.4224314636397529,0.4263280006716882,0.41372151232917737,0.4141799509525299,435988000,0.0,0.0
2011-06-07 00:00:00-04:00,0.4173888370537246,0.41968092076372515,0.41211703905596464,0.41395071148872375,433956000,0.0,0.0
2011-06-08 00:00:00-04:00,0.4118879820582972,0.41440925857126487,0.39951070957388496,0.4027196168899536,569288000,0.0,0.0
2011-06-09 00:00:00-04:00,0.40249040026483196,0.4034072230637904,0.3836952869719803,0.3981354236602783,741632000,0.0,0.0
2011-06-10 00:00:00-04:00,0.3988229928948905,0.4013442961887648,0.38919621837194934,0.3924051523208618,493548000,0.0,0.0
2011-06-13 00:00:00-04:00,0.39240516154640004,0.3974477409289048,0.3869041435005612,0.38965466618537903,574760000,0.0,0.0
2011-06-14 00:00:00-04:00,0.3930928207944825,0.4015735268257391,0.3912591479792327,0.39286360144615173,534576000,0.0,0.0
2011-06-15 00:00:00-04:00,0.3875917504756284,0.3898838343569813,0.37636052306272216,0.38438284397125244,935916000,0.0,0.0
2011-06-16 00:00:00-04:00,0.38461199340292795,0.39057142176447734,0.3655876938282194,0.3710886836051941,1024908000,0.0,0.0
2011-06-17 00:00:00-04:00,0.375443767807472,0.37567298716625536,0.3509184440172572,0.362378865480423,1467884000,0.0,0.0
2011-06-20 00:00:00-04:00,0.3591698940508992,0.3667337763261934,0.3552733295924965,0.35802385210990906,745960000,0.0,0.0
2011-06-21 00:00:00-04:00,0.3593990807558541,0.3685674434726478,0.3559609549834795,0.3658169209957123,704276000,0.0,0.0
2011-06-22 00:00:00-04:00,0.36329570140298184,0.36810906183524217,0.36008676712434257,0.3607743978500366,651720000,0.0,0.0
2011-06-23 00:00:00-04:00,0.3561901501301535,0.3740684083982121,0.35298121656605463,0.371547132730484,744024000,0.0,0.0
2011-06-24 00:00:00-04:00,0.3697135426364613,0.3729224495913015,0.35848231364692246,0.3607743978500366,529052000,0.0,0.0
2011-06-27 00:00:00-04:00,0.3607743615960185,0.3630664455688024,0.34060398984696466,0.3532104790210724,1142152000,0.0,0.0
2011-06-28 00:00:00-04:00,0.353210441940358,0.35939906255242193,0.35068913890546843,0.3552733063697815,692200000,0.0,0.0
2011-06-29 00:00:00-04:00,0.3575654635713974,0.3644417435045389,0.3451882198041005,0.3607743978500366,960544000,0.0,0.0
2011-06-30 00:00:00-04:00,0.3616910681569797,0.3692549483040081,0.3561900793175704,0.3653584122657776,652300000,0.0,0.0
2011-07-01 00:00:00-04:00,0.3653584292064296,0.3715470760924497,0.35802376797253355,0.37017181515693665,540804000,0.0,0.0
2011-07-05 00:00:00-04:00,0.3697135133625545,0.37315163939499496,0.36077436928393103,0.36398330330848694,535296000,0.0,0.0
2011-07-06 00:00:00-04:00,0.36375409844524104,0.36444172914383927,0.3548149540110603,0.35916993021965027,529580000,0.0,0.0
2011-07-07 00:00:00-04:00,0.36100359706031726,0.3628372424614746,0.3541273175107874,0.36054515838623047,986136000,0.0,0.0
2011-07-08 00:00:00-04:00,0.3555025111147907,0.35802381404643363,0.3506891245448514,0.35366883873939514,619516000,0.0,0.0
2011-07-11 00:00:00-04:00,0.34702175253754153,0.34839698610994435,0.34037469463766995,0.34129151701927185,714388000,0.0,0.0
2011-07-12 00:00:00-04:00,0.3396870974115505,0.3428960307085722,0.33097717463933546,0.33670738339424133,867604000,0.0,0.0
2011-07-13 00:00:00-04:00,0.3412916124928589,0.3435836964118436,0.3328109074573744,0.3360198140144348,634368000,0.0,0.0
2011-07-14 00:00:00-04:00,0.3373950040254654,0.3394578681872828,0.32112120070876404,0.32272565364837646,1088996000,0.0,0.0
2011-07-15 00:00:00-04:00,0.3245593040670787,0.3266221680903764,0.3165370125839175,0.3231840431690216,827736000,0.0,0.0
2011-07-18 00:00:00-04:00,0.32066287846497343,0.32249652386259836,0.3121821455438696,0.3163079023361206,818200000,0.0,0.0
2011-07-19 00:00:00-04:00,0.3172246390133155,0.32662219208490284,0.3172246390133155,0.32593458890914917,602224000,0.0,0.0
2011-07-20 00:00:00-04:00,0.3270807635545494,0.3289144092001123,0.3208921138674708,0.32180896401405334,662956000,0.0,0.0
2011-07-21 00:00:00-04:00,0.32226727117245063,0.33922870649731646,0.31745388460046886,0.3369366228580475,1143420000,0.0,0.0
2011-07-22 00:00:00-04:00,0.3399161987520122,0.3449587752419703,0.3355612252150356,0.3438127338886261,737192000,0.0,0.0
2011-07-25 00:00:00-04:00,0.3385411001367765,0.3399163613481466,0.33349852123474316,0.3383118808269501,566920000,0.0,0.0
2011-07-26 00:00:00-04:00,0.3286851610970875,0.3369366743899797,0.32524703511234854,0.3300604224205017,698276000,0.0,0.0
2011-07-27 00:00:00-04:00,0.3254761435326334,0.3270806237725077,0.3167662211433008,0.31768307089805603,652212000,0.0,0.0
2011-07-28 00:00:00-04:00,0.31653709021440146,0.3236425337335333,0.31149448390068857,0.3169955015182495,648176000,0.0,0.0
2011-07-29 00:00:00-04:00,0.3137865677437236,0.31997521597895406,0.31218211451835803,0.3169955015182495,677656000,0.0,0.0
2011-08-01 00:00:00-04:00,0.3243300955002873,0.3348736898695032,0.32157960093729715,0.33395686745643616,1019620000,0.0,0.0
2011-08-02 00:00:00-04:00,0.3316647940491088,0.3525227641480673,0.3305187523365021,0.3305187523365021,1356432000,0.0,0.0
2011-08-03 00:00:00-04:00,0.3312064727597106,0.34060400096047727,0.3279975386988316,0.3394579589366913,765236000,0.0,0.0
2011-08-04 00:00:00-04:00,0.33326922173430273,0.33326922173430273,0.30713945627212524,0.30713945627212524,979732000,0.0,0.0
2011-08-05 00:00:00-04:00,0.3142450483017162,0.3181415858900397,0.28880287599591414,0.2968251705169678,1270588000,0.0,0.0
2011-08-08 00:00:00-04:00,0.28238498773153836,0.29247017269575604,0.27161217217279315,0.27344584465026855,1084180000,0.0,0.0
2011-08-09 00:00:00-04:00,0.2787177659452039,0.29682525209196514,0.27505044669341605,0.2963668406009674,1329832000,0.0,0.0
2011-08-10 00:00:00-04:00,0.28765676770052856,0.29590827966642297,0.28123892809636536,0.28284338116645813,1140052000,0.0,0.0
2011-08-11 00:00:00-04:00,0.2828434067167464,0.3114944818938958,0.2828434067167464,0.3073687255382538,1078792000,0.0,0.0
2011-08-12 00:00:00-04:00,0.34014558829830943,0.34060399964128896,0.2904073154758041,0.2952207028865814,3195784000,0.0,0.0
2011-08-15 00:00:00-04:00,0.2982003746130388,0.3071395174695576,0.2965959214820102,0.3064518868923187,864152000,0.0,0.0
2011-08-16 00:00:00-04:00,0.3030137473080815,0.3071395032568038,0.2922409325186977,0.29774194955825806,716868000,0.0,0.0
2011-08-17 00:00:00-04:00,0.298658875059821,0.30370148258260343,0.28971975685816354,0.29361629486083984,553328000,0.0,0.0
2011-08-18 00:00:00-04:00,0.2803222049713728,0.28307270082731817,0.27046620911694835,0.2736751437187195,802564000,0.0,0.0
2011-08-19 00:00:00-04:00,0.2690909303602525,0.28398947671746455,0.26702803831651406,0.26886171102523804,761332000,0.0,0.0
2011-08-22 00:00:00-04:00,0.27642563957466487,0.279634574176436,0.2706954284898612,0.2736751437187195,611876000,0.0,0.0
2011-08-23 00:00:00-04:00,0.28032216977485686,0.30347223058032347,0.2798637310865915,0.3032430112361908,938312000,0.0,0.0
2011-08-24 00:00:00-04:00,0.3025554331425368,0.30347225594810967,0.2910949841300722,0.29888808727264404,687500000,0.0,0.0
2011-08-25 00:00:00-04:00,0.29292856733407097,0.2982003651607402,0.2855939051648666,0.28605231642723083,690968000,0.0,0.0
2011-08-26 00:00:00-04:00,0.2849062212166402,0.30118002290922413,0.2798636163042652,0.2982003092765808,732660000,0.0,0.0
2011-08-29 00:00:00-04:00,0.30668120538676924,0.30736880886261597,0.29957573266340254,0.3062227666378021,601528000,0.0,0.0
2011-08-30 00:00:00-04:00,0.30415988921157433,0.3160787224008875,0.3020969968963965,0.3135574460029602,684760000,0.0,0.0
2011-08-31 00:00:00-04:00,0.3158493209050077,0.3190582259466855,0.3025552349881749,0.3050765097141266,705808000,0.0,0.0
2011-09-01 00:00:00-04:00,0.30920232618421584,0.31584938413520464,0.304159748399051,0.30438894033432007,762312000,0.0,0.0
2011-09-02 00:00:00-04:00,0.29751280544940395,0.3016385624406967,0.2938454598296329,0.29613757133483887,471356000,0.0,0.0
2011-09-06 00:00:00-04:00,0.2865108138566784,0.30278462349333923,0.2837603181314992,0.30209699273109436,696248000,0.0,0.0
2011-09-07 00:00:00-04:00,0.32662224769592285,0.3355613910643983,0.31768313165124207,0.32662224769592285,1606620000,0.0,0.0
2011-09-08 00:00:00-04:00,0.3234133565689443,0.3312064583867802,0.3197460113224573,0.3250178098678589,880164000,0.0,0.0
2011-09-09 00:00:00-04:00,0.3222673062907047,0.33097723053382694,0.31539105462357586,0.31814154982566833,869828000,0.0,0.0
2011-09-12 00:00:00-04:00,0.31378649438883444,0.3284558439492341,0.31378649438883444,0.325705349445343,916480000,0.0,0.0
2011-09-13 00:00:00-04:00,0.3284558913370306,0.3346445390183848,0.32341331279841695,0.3330400586128235,853836000,0.0,0.0
2011-09-14 00:00:00-04:00,0.34175007753354497,0.3545857594008463,0.3415208581944226,0.35023078322410583,1547192000,0.0,0.0
2011-09-15 00:00:00-04:00,0.358023828707404,0.35985750115788795,0.3520644000742797,0.3552733063697815,752908000,0.0,0.0
2011-09-16 00:00:00-04:00,0.3559610106105622,0.3690259124463124,0.3525228843009014,0.3543565571308136,1391588000,0.0,0.0
2011-09-19 00:00:00-04:00,0.34839720159561594,0.35091850569014416,0.3380828204660448,0.3470219671726227,968204000,0.0,0.0
2011-09-20 00:00:00-04:00,0.3513768239415169,0.35275208532344765,0.33647827737372366,0.3380827307701111,792436000,0.0,0.0
2011-09-21 00:00:00-04:00,0.3399164342433838,0.3458758370151311,0.3314357004942278,0.33166491985321045,715252000,0.0,0.0
2011-09-22 00:00:00-04:00,0.3185999351840897,0.3190583464597949,0.303701391119015,0.30966079235076904,1314632000,0.0,0.0
2011-09-23 00:00:00-04:00,0.30782726420997353,0.3250178985091196,0.30599359108663726,0.3160787522792816,1011440000,0.0,0.0
2011-09-26 00:00:00-04:00,0.3199751956248441,0.32089201817421975,0.3025553485963628,0.31676626205444336,972124000,0.0,0.0
2011-09-27 00:00:00-04:00,0.32478862107166107,0.32753911637176447,0.31470343520622024,0.3172247111797333,781388000,0.0,0.0
2011-09-28 00:00:00-04:00,0.31791231210333254,0.3259346325743667,0.3025553564005165,0.30759793519973755,1236532000,0.0,0.0
2011-09-29 00:00:00-04:00,0.3130988829312008,0.3183706798623716,0.2922408871368718,0.3000339865684509,866416000,0.0,0.0
2011-09-30 00:00:00-04:00,0.2952207107197582,0.2968251641246563,0.2862815663373865,0.2867400050163269,677784000,0.0,0.0
2011-10-03 00:00:00-04:00,0.2830726899827101,0.2920118353268233,0.27069541811943054,0.27069541811943054,949896000,0.0,0.0
2011-10-04 00:00:00-04:00,0.2640483288333352,0.29567912220954895,0.26290228678305777,0.29567912220954895,1361548000,0.0,0.0
2011-10-05 00:00:00-04:00,0.2949915364403452,0.30897328983639694,0.2890321332655943,0.3062227666378021,856708000,0.0,0.0
2011-10-06 00:00:00-04:00,0.3078271341725003,0.3192875521972967,0.3073686955924749,0.3183707296848297,773192000,0.0,0.0
2011-10-07 00:00:00-04:00,0.3197460423447555,0.3291435983732726,0.31309900917986194,0.32433021068573,806976000,0.0,0.0
2011-10-10 00:00:00-04:00,0.3298311864487101,0.33877032995224,0.3291435558217009,0.33877032995224,534376000,0.0,0.0
2011-10-11 00:00:00-04:00,0.336019768078919,0.34152078512674433,0.3339569037633544,0.33510294556617737,816080000,0.0,0.0
2011-10-12 00:00:00-04:00,0.34152085573422836,0.3417500750716995,0.33464460349566477,0.3348737955093384,612064000,0.0,0.0
2011-10-13 00:00:00-04:00,0.3332693605725215,0.3550441878575056,0.33235253781946494,0.3543565571308136,854832000,0.0,0.0
2011-10-14 00:00:00-04:00,0.3605451109054876,0.36421245587243883,0.35160599511876045,0.3603159189224243,702452000,0.0,0.0
2011-10-17 00:00:00-04:00,0.35619018558265947,0.35619018558265947,0.3406039821322046,0.34243765473365784,611780000,0.0,0.0
2011-10-18 00:00:00-04:00,0.3406040608052308,0.35573185643050287,0.33854119572948577,0.3548150062561035,590916000,0.0,0.0
2011-10-19 00:00:00-04:00,0.35527329896639437,0.36146194677328913,0.3467925947988997,0.34770941734313965,557568000,0.0,0.0
2011-10-20 00:00:00-04:00,0.338311865422874,0.3396871265716255,0.3172246735355806,0.3302895724773407,990308000,0.0,0.0
2011-10-21 00:00:00-04:00,0.3344152831585946,0.33991629968231524,0.32639299130315086,0.3318939805030823,628428000,0.0,0.0
2011-10-24 00:00:00-04:00,0.33326932359071065,0.34954313058010666,0.3325816929403228,0.34427133202552795,535256000,0.0,0.0
2011-10-25 00:00:00-04:00,0.33945786521988186,0.3422083871766476,0.33051875083176196,0.33120638132095337,577996000,0.0,0.0
2011-10-26 00:00:00-04:00,0.33762424846190464,0.33945789348738786,0.325476172563431,0.33510294556617737,503116000,0.0,0.0
2011-10-27 00:00:00-04:00,0.3474802894726578,0.35298128040051435,0.33968718711376356,0.34954315423965454,577732000,0.0,0.0
2011-10-28 00:00:00-04:00,0.34656339520911916,0.3607743367195286,0.3456465726127418,0.35756540298461914,490156000,0.0,0.0
2011-10-31 00:00:00-04:00,0.3461051226858248,0.3481680153405063,0.33922886848449707,0.33922886848449707,519984000,0.0,0.0
2011-11-01 00:00:00-04:00,0.32685143130606,0.32776825381220903,0.3190583307086262,0.3222672641277313,790824000,0.0,0.0
2011-11-02 00:00:00-04:00,0.325476185568684,0.3270806660157809,0.3101192302619874,0.31676626205444336,961608000,0.0,0.0
2011-11-03 00:00:00-04:00,0.32020443015419836,0.33647826482058507,0.3117237248121458,0.33579063415527344,749372000,0.0,0.0
2011-11-04 00:00:00-04:00,0.3328108874522275,0.34083318068645685,0.32753908929068937,0.33968713879585266,654840000,0.0,0.0
2011-11-07 00:00:00-05:00,0.3371659201396328,0.3428961583514062,0.33006047503282737,0.3378535509109497,613536000,0.0,0.0
2011-11-08 00:00:00-05:00,0.34220846409942934,0.347709454601913,0.3367074462731499,0.34564658999443054,549728000,0.0,0.0
2011-11-09 00:00:00-05:00,0.3376243002837236,0.3419792488733734,0.32685148382463897,0.3282267451286316,532244000,0.0,0.0
2011-11-10 00:00:00-05:00,0.33624908844246226,0.3396872148844012,0.32341340546303715,0.33166491985321045,990484000,0.0,0.0
2011-11-11 00:00:00-05:00,0.34106243913764567,0.3461050185702794,0.3224965201257457,0.3433545231819153,1751560000,0.0,0.0
2011-11-14 00:00:00-05:00,0.34335444194420656,0.34679256719715007,0.33579056092297266,0.33670738339424133,500292000,0.0,0.0
2011-11-15 00:00:00-05:00,0.33349845661085925,0.34358361246066826,0.33258160687301097,0.3410623371601105,505660000,0.0,0.0
2011-11-16 00:00:00-05:00,0.33464454551575634,0.343583660947595,0.3330400650790428,0.3341861069202423,512420000,0.0,0.0
2011-11-17 00:00:00-05:00,0.3334984901089116,0.33441531261506063,0.31630783586638733,0.3222672641277313,657504000,0.0,0.0
2011-11-18 00:00:00-05:00,0.324100894570706,0.324100894570706,0.31584938378678373,0.31928750872612,501352000,0.0,0.0
2011-11-21 00:00:00-05:00,0.3142450206586119,0.33854112142893106,0.3094316334398783,0.3353322148323059,1330788000,0.0,0.0
2011-11-22 00:00:00-05:00,0.33899953020315077,0.34748026260319037,0.33716585759439094,0.34564658999443054,1287480000,0.0,0.0
2011-11-23 00:00:00-05:00,0.3419792702135359,0.34450057365359116,0.3307480417268689,0.33097726106643677,825340000,0.0,0.0
2011-11-25 00:00:00-05:00,0.32662232481935755,0.33418620874060834,0.3208921138674708,0.32180896401405334,406620000,0.0,0.0
2011-11-28 00:00:00-05:00,0.3323525250075491,0.3449589876570033,0.3323525250075491,0.3399164080619812,690616000,0.0,0.0
2011-11-29 00:00:00-05:00,0.3394579146766929,0.3461049739422573,0.3362490083580022,0.34175002574920654,623440000,0.0,0.0
2011-11-30 00:00:00-05:00,0.35206438187459976,0.3591698520064909,0.3490846677120715,0.35825300216674805,730324000,0.0,0.0
2011-12-01 00:00:00-05:00,0.3552733253436079,0.3635248381495713,0.3536688721101691,0.36260801553726196,529760000,0.0,0.0
2011-12-02 00:00:00-05:00,0.3665045396458349,0.36787980083939015,0.3568777932623302,0.3603159189224243,546464000,0.0,0.0
2011-12-05 00:00:00-05:00,0.3662754558313822,0.3667338672566809,0.35183529100595917,0.3548150062561035,644696000,0.0,0.0
2011-12-06 00:00:00-05:00,0.3568778049587379,0.3575654082542573,0.3461049890116701,0.3497723340988159,573832000,0.0,0.0
2011-12-07 00:00:00-05:00,0.34748022536897605,0.35023072032548885,0.3403747550178413,0.34770941734313965,510016000,0.0,0.0
2011-12-08 00:00:00-05:00,0.34427126441547523,0.3500014731703811,0.3355613416432602,0.33670738339424133,491488000,0.0,0.0
2011-12-09 00:00:00-05:00,0.3341862135125009,0.34427140132611006,0.32960204468553345,0.34152090549468994,555840000,0.0,0.0
2011-12-12 00:00:00-05:00,0.3341861004317717,0.33556136154402644,0.3268514382552616,0.3330400586128235,573208000,0.0,0.0
2011-12-13 00:00:00-05:00,0.33739507298408883,0.34152082947475787,0.32180889697700327,0.32387176156044006,516596000,0.0,0.0
2011-12-14 00:00:00-05:00,0.32112131719791,0.3229549900756983,0.30782722298869436,0.31126534938812256,636020000,0.0,0.0
2011-12-15 00:00:00-05:00,0.31653715588919784,0.31860002084641253,0.3078272300137794,0.3085148334503174,435148000,0.0,0.0
2011-12-16 00:00:00-05:00,0.3110360535016778,0.31699548205722483,0.30828555852365336,0.30966079235076904,619116000,0.0,0.0
2011-12-19 00:00:00-05:00,0.31103597616903444,0.3147033201104534,0.3004923828302948,0.3016384243965149,463276000,0.0,0.0
2011-12-20 00:00:00-05:00,0.30851469681220156,0.3197459213933953,0.30851469681220156,0.3185998797416687,445208000,0.0,0.0
2011-12-21 00:00:00-05:00,0.316766429159928,0.3202045565195098,0.3082857204710542,0.31447434425354004,548424000,0.0,0.0
2011-12-22 00:00:00-05:00,0.3153910446728294,0.3289143282619983,0.3153910446728294,0.32799750566482544,576560000,0.0,0.0
2011-12-23 00:00:00-05:00,0.32960195984138396,0.3300603984651134,0.32203807775917637,0.3247886002063751,248948000,0.0,0.0
2011-12-27 00:00:00-05:00,0.3234133059223135,0.32730984255913453,0.32135041429779054,0.3222672641277313,195712000,0.0,0.0
2011-12-28 00:00:00-05:00,0.32226724793716055,0.32295487844412196,0.31401573650120473,0.31424495577812195,233960000,0.0,0.0
2011-12-29 00:00:00-05:00,0.31745394138466626,0.32089206745856047,0.3128697732861407,0.3202044367790222,211112000,0.0,0.0
2011-12-30 00:00:00-05:00,0.3190583045445047,0.3224964296463105,0.3172246323587837,0.31768307089805603,186956000,0.0,0.0
2012-01-03 00:00:00-05:00,0.32776836700973494,0.33006047871429073,0.3211213332350667,0.32180896401405334,468044000,0.0,0.0
2012-01-04 00:00:00-05:00,0.3220381621592002,0.32685155037950026,0.31905844694300506,0.3254762887954712,347372000,0.0,0.0
2012-01-05 00:00:00-05:00,0.3238718557584362,0.3387704327868181,0.32249659408695375,0.3371659517288208,563548000,0.0,0.0
2012-01-06 00:00:00-05:00,0.33693670330928316,0.3371658953336594,0.32937282002888935,0.3332693576812744,533252000,0.0,0.0
2012-01-09 00:00:00-05:00,0.3334985770294495,0.3396871988683903,0.3309772734947186,0.3332693576812744,508244000,0.0,0.0
2012-01-10 00:00:00-05:00,0.3383118194521951,0.3385410387204378,0.32960189711581267,0.3318939805030823,546328000,0.0,0.0
2012-01-11 00:00:00-05:00,0.32891436748143843,0.33189408226324024,0.3238717879481265,0.32524704933166504,484272000,0.0,0.0
2012-01-12 00:00:00-05:00,0.3259345649651359,0.3261637568989534,0.31607857406870643,0.3231840431690216,652364000,0.0,0.0
2012-01-13 00:00:00-05:00,0.320891995175308,0.32157962569995246,0.3130989220927796,0.3147033751010895,504300000,0.0,0.0
2012-01-17 00:00:00-05:00,0.31951674439347844,0.31951674439347844,0.3094315609925685,0.3098899722099304,627176000,0.0,0.0
2012-01-18 00:00:00-05:00,0.3158492728485993,0.3229547394903681,0.3142448205718776,0.32043343782424927,632676000,0.0,0.0
2012-01-19 00:00:00-05:00,0.32318416377246784,0.32937281279937064,0.31974603756809883,0.3289143741130829,608312000,0.0,0.0
2012-01-20 00:00:00-05:00,0.3284558643090894,0.3323524280319071,0.32478854718450634,0.32593458890914917,546272000,0.0,0.0
2012-01-23 00:00:00-05:00,0.3261638705423983,0.33510301484680954,0.3220381137345007,0.3348737955093384,562792000,0.0,0.0
2012-01-24 00:00:00-05:00,0.3325816884091678,0.3438129160156967,0.3323524964113584,0.34243765473365784,730920000,0.0,0.0
2012-01-25 00:00:00-05:00,0.3332692971627473,0.3412915903589205,0.32364252346830436,0.34037476778030396,1274152000,0.0,0.0
2012-01-26 00:00:00-05:00,0.34541746711010873,0.34931403273804124,0.3353323059319154,0.3371659517288208,799672000,0.0,0.0
2012-01-27 00:00:00-05:00,0.33510296648364213,0.34358367088914776,0.33235247144993674,0.34175002574920654,449996000,0.0,0.0
2012-01-30 00:00:00-05:00,0.33579074138383325,0.34083332233337915,0.330748133110482,0.33922886848449707,399076000,0.0,0.0
2012-01-31 00:00:00-05:00,0.34014557358367464,0.3403747929071469,0.3325816911184355,0.3385411202907562,357900000,0.0,0.0
2012-02-01 00:00:00-05:00,0.3424375475913064,0.34610489164676905,0.33762418925777216,0.3422083556652069,428020000,0.0,0.0
2012-02-02 00:00:00-05:00,0.34404200324068035,0.3564192407315461,0.34060385135567856,0.35504400730133057,696236000,0.0,0.0
2012-02-03 00:00:00-05:00,0.36031593168269377,0.3655877300129596,0.35962830106156435,0.36260801553726196,495232000,0.0,0.0
2012-02-06 00:00:00-05:00,0.3607743221588316,0.36123273343851897,0.35664856599405853,0.3598574995994568,278868000,0.0,0.0
2012-02-07 00:00:00-05:00,0.3603159864741736,0.3628372627033198,0.3543565566165572,0.3607743978500366,410296000,0.0,0.0
2012-02-08 00:00:00-05:00,0.3607743012253277,0.380944642275352,0.3589406288891816,0.37383919954299927,847612000,0.0,0.0
2012-02-09 00:00:00-05:00,0.3784233160998952,0.38048618012474117,0.37292229982732605,0.3736099302768707,561944000,0.0,0.0
2012-02-10 00:00:00-05:00,0.3699427437265118,0.37131800521159536,0.3623788602061515,0.36444175243377686,440268000,0.0,0.0
2012-02-13 00:00:00-05:00,0.3736099401719306,0.37498520110744366,0.36260793465919217,0.37017181515693665,610668000,0.0,0.0
2012-02-14 00:00:00-05:00,0.3701718971783719,0.37544369550089424,0.3669629633924129,0.3722347617149353,453756000,0.0,0.0
2012-02-15 00:00:00-05:00,0.375672870012521,0.3873625071890521,0.3697134417806048,0.37063026428222656,1110856000,0.0,0.0
2012-02-16 00:00:00-05:00,0.34518807220248854,0.38002775905149444,0.34381281133915875,0.3770480453968048,1888588000,0.0,0.0
2012-02-17 00:00:00-05:00,0.3772773669011083,0.37979864273549785,0.35985751875535,0.36329564452171326,1020360000,0.0,0.0
2012-02-21 00:00:00-05:00,0.36306642993264254,0.3740684379929417,0.36237879930566225,0.3651293218135834,518176000,0.0,0.0
2012-02-22 00:00:00-05:00,0.3632956461583914,0.3722347622616894,0.3621496042311073,0.36260801553726196,492432000,0.0,0.0
2012-02-23 00:00:00-05:00,0.36329554972789413,0.3667336745971559,0.35756531428867033,0.3646707832813263,323968000,0.0,0.0
2012-02-24 00:00:00-05:00,0.36581695378162116,0.36627539245139396,0.36031596298232,0.36192041635513306,366668000,0.0,0.0
2012-02-27 00:00:00-05:00,0.35733611213262784,0.3589405648942787,0.34954301292437306,0.3545856177806854,745268000,0.0,0.0
2012-02-28 00:00:00-05:00,0.3545857055684309,0.3587114617796859,0.3477094270004769,0.3513767719268799,699884000,0.0,0.0
2012-02-29 00:00:00-05:00,0.35252276558204304,0.35848219344135546,0.3470217762686699,0.34725096821784973,689196000,0.0,0.0
2012-03-01 00:00:00-05:00,0.34862633152627776,0.3536689110974459,0.3472510701324147,0.34954315423965454,449944000,0.0,0.0
2012-03-02 00:00:00-05:00,0.34839700504068954,0.3575653386500373,0.34839700504068954,0.35252276062965393,684076000,0.0,0.0
2012-03-05 00:00:00-05:00,0.3500015629420447,0.3506891936337615,0.3380827311395455,0.3406040072441101,514848000,0.0,0.0
2012-03-06 00:00:00-05:00,0.33670738186646587,0.33945787659158244,0.33143558437111453,0.3373950123786926,471400000,0.0,0.0
2012-03-07 00:00:00-05:00,0.3392287669262124,0.3408332202947533,0.3346445988310685,0.3394579589366913,441984000,0.0,0.0
2012-03-08 00:00:00-05:00,0.34037481522940294,0.34404216070269394,0.33854114249275746,0.3406040072441101,430852000,0.0,0.0
2012-03-09 00:00:00-05:00,0.34152081128557815,0.344042114374425,0.33785346630612717,0.33968713879585266,367836000,0.0,0.0
2012-03-12 00:00:00-04:00,0.34106234506872873,0.34335442848081543,0.3334984643440848,0.3344152867794037,299948000,0.0,0.0
2012-03-13 00:00:00-04:00,0.33579054439150474,0.34083312238281016,0.3341860641600895,0.3389994502067566,553288000,0.0,0.0
2012-03-14 00:00:00-04:00,0.3389996021243226,0.33968723291396774,0.3282268108325538,0.3293728530406952,735708000,0.0,0.0
2012-03-15 00:00:00-04:00,0.3302895701249227,0.33601977933092,0.32914352828372323,0.3341861069202423,382380000,0.0,0.0
2012-03-16 00:00:00-04:00,0.3344153963043805,0.33601984975356064,0.3325817235094038,0.334644615650177,428340000,0.0,0.0
2012-03-19 00:00:00-04:00,0.33647830439897125,0.3380827579242251,0.33395700077085816,0.33556145429611206,405400000,0.0,0.0
2012-03-20 00:00:00-04:00,0.33372774040994546,0.33372774040994546,0.32708070776896864,0.3300604224205017,449616000,0.0,0.0
2012-03-21 00:00:00-04:00,0.3300605353263189,0.334415485467194,0.32639318875856715,0.33143576979637146,467840000,0.0,0.0
2012-03-22 00:00:00-04:00,0.3289143689817194,0.3337277565222621,0.32799754627104355,0.33097726106643677,425372000,0.0,0.0
2012-03-23 00:00:00-04:00,0.330060411667705,0.33441536017697915,0.32776830042875554,0.3334985375404358,315456000,0.0,0.0
2012-03-26 00:00:00-04:00,0.33670738186646587,0.3389994653580281,0.3334984759077949,0.3373950123786926,288600000,0.0,0.0
2012-03-27 00:00:00-04:00,0.3387703162128869,0.3438128950667866,0.3380826856137656,0.33968713879585266,419968000,0.0,0.0
2012-03-28 00:00:00-04:00,0.3440422003598523,0.35206449559906966,0.34152089664086366,0.34748032689094543,892448000,0.0,0.0
2012-03-29 00:00:00-04:00,0.34702178131813594,0.3518351402064285,0.3426668063348729,0.34908464550971985,372700000,0.0,0.0
2012-03-30 00:00:00-04:00,0.3520644169499744,0.35504413140936486,0.3470218379622801,0.35298123955726624,527240000,0.0,0.0
2012-04-02 00:00:00-04:00,0.35206440251605464,0.3550441168532829,0.34633419314592095,0.3513767719268799,407776000,0.0,0.0
2012-04-03 00:00:00-04:00,0.3538981030719518,0.35435651439319277,0.34381291738567077,0.34564658999443054,430476000,0.0,0.0
2012-04-04 00:00:00-04:00,0.34037480215895555,0.3447297508329349,0.33372774215933854,0.33579063415527344,495896000,0.0,0.0
2012-04-05 00:00:00-04:00,0.33624903748168566,0.3403747940514865,0.3341861455348873,0.3353322148323059,369424000,0.0,0.0
2012-04-09 00:00:00-04:00,0.3300604383557609,0.3321233031166805,0.3245594201203124,0.33097726106643677,365504000,0.0,0.0
2012-04-10 00:00:00-04:00,0.3296019696416999,0.33418613742494324,0.3229549372855153,0.32455939054489136,470360000,0.0,0.0
2012-04-11 00:00:00-04:00,0.3289143564586429,0.3357906358220957,0.3277683144520336,0.3286851644515991,372960000,0.0,0.0
2012-04-12 00:00:00-04:00,0.3291436016641153,0.33831193843773116,0.32776834021855344,0.3364782929420471,384868000,0.0,0.0
2012-04-13 00:00:00-04:00,0.33349853411649294,0.33533220669454933,0.3243301712262111,0.32455939054489136,311324000,0.0,0.0
2012-04-16 00:00:00-04:00,0.3268513860644003,0.3277682084436459,0.3153909697048905,0.3206627666950226,463468000,0.0,0.0
2012-04-17 00:00:00-04:00,0.3215797640725285,0.32547630229043434,0.3202045024314781,0.3213505446910858,460696000,0.0,0.0
2012-04-18 00:00:00-04:00,0.31928757153765885,0.3208920246935593,0.314015773462163,0.3179123103618622,400764000,0.0,0.0
2012-04-19 00:00:00-04:00,0.3137865703749886,0.3257054283177525,0.3114944865127332,0.3130989670753479,667188000,0.0,0.0
2012-04-20 00:00:00-04:00,0.3149326605671813,0.3158495106468608,0.3062227350911212,0.30691036581993103,509592000,0.0,0.0
2012-04-23 00:00:00-04:00,0.3016385577986571,0.30461827265339014,0.2959083474333236,0.3032430112361908,706244000,0.0,0.0
2012-04-24 00:00:00-04:00,0.30415975798909595,0.30668106062306816,0.292240902618088,0.29384535551071167,730440000,0.0,0.0
2012-04-25 00:00:00-04:00,0.29820041297649297,0.3020969503170781,0.2926993949746699,0.2998048663139343,727112000,0.0,0.0
2012-04-26 00:00:00-04:00,0.29957557538395513,0.30255528906885926,0.2975126840680426,0.3000339865684509,539208000,0.0,0.0
2012-04-27 00:00:00-04:00,0.2995757216266882,0.30140939458359617,0.2943039221220033,0.29751282930374146,475356000,0.0,0.0
2012-04-30 00:00:00-04:00,0.29590829478476977,0.2995756396956017,0.29384540302600426,0.2979711592197418,262268000,0.0,0.0
2012-05-01 00:00:00-04:00,0.2963667587977906,0.30645194543505655,0.2963667587977906,0.3032430112361908,408680000,0.0,0.0
2012-05-02 00:00:00-04:00,0.30209689560268393,0.30324293739669006,0.29292856125063516,0.29453301429748535,684008000,0.0,0.0
2012-05-03 00:00:00-04:00,0.29522076200058883,0.29705443506347234,0.28765687769357096,0.28949055075645447,419536000,0.0,0.0
2012-05-04 00:00:00-04:00,0.28765685417558834,0.28926130772801,0.2810097932815552,0.2810097932815552,545092000,0.0,0.0
2012-05-07 00:00:00-04:00,0.28605232606654946,0.29086571279305473,0.2835310230528956,0.28582310676574707,604440000,0.0,0.0
2012-05-08 00:00:00-04:00,0.28330184533582187,0.28742760208930157,0.27825926589214534,0.2855939567089081,462312000,0.0,0.0
2012-05-09 00:00:00-04:00,0.2805513560886089,0.28903208911583794,0.2778008606339552,0.2867400050163269,520608000,0.0,0.0
2012-05-10 00:00:00-04:00,0.28949056630066683,0.2899489777600515,0.2800930084261631,0.2846771776676178,597092000,0.0,0.0
2012-05-11 00:00:00-04:00,0.3082855494260842,0.31355734725060513,0.3016384904912388,0.3027845323085785,1435140000,0.0,0.0
2012-05-14 00:00:00-04:00,0.30026331367547093,0.3055351129799728,0.2940746915892296,0.30095094442367554,437472000,0.0,0.0
2012-05-15 00:00:00-04:00,0.3009508735443186,0.3075979327797273,0.2965959253710249,0.2979711592197418,599940000,0.0,0.0
2012-05-16 00:00:00-04:00,0.2984296077717454,0.3018677334938049,0.29109491770564955,0.2920117676258087,470484000,0.0,0.0
2012-05-17 00:00:00-04:00,0.29315775419696016,0.2959082487906679,0.28994882106781006,0.28994882106781006,335364000,0.0,0.0
2012-05-18 00:00:00-04:00,0.2906364891664114,0.2920117503031701,0.2755087259572367,0.27688395977020264,567288000,0.0,0.0
2012-05-21 00:00:00-04:00,0.2773424730334492,0.2830726837730246,0.27550880013202506,0.28169742226600647,416260000,0.0,0.0
2012-05-22 00:00:00-04:00,0.281468151247079,0.28192656251284887,0.27413346169959174,0.2782592177391052,410140000,0.0,0.0
2012-05-23 00:00:00-04:00,0.27527956984052865,0.28559397608594034,0.2711538128071238,0.28513553738594055,496000000,0.0,0.0
2012-05-24 00:00:00-04:00,0.2867400123144958,0.28719842368130605,0.2755087835467534,0.2775716483592987,520420000,0.0,0.0
2012-05-25 00:00:00-04:00,0.2773425337540151,0.2865108729446252,0.2773425337540151,0.28421878814697266,391752000,0.0,0.0
2012-05-29 00:00:00-04:00,0.28880288252905606,0.2933870509305016,0.2876568404286947,0.2915533781051636,310000000,0.0,0.0
2012-05-30 00:00:00-04:00,0.2883444823437169,0.29040734727490325,0.28307268301270727,0.2881152629852295,379792000,0.0,0.0
2012-05-31 00:00:00-04:00,0.2881151440690745,0.2892611857408961,0.28123889403814506,0.2849062383174896,358192000,0.0,0.0
2012-06-01 00:00:00-04:00,0.2789468686090565,0.28169736372772447,0.2741334816585418,0.2745918929576874,440984000,0.0,0.0
2012-06-04 00:00:00-04:00,0.2759671825251196,0.27757163589882916,0.26656962697028236,0.26886171102523804,432856000,0.0,0.0
2012-06-05 00:00:00-04:00,0.26748638716527723,0.277342350756738,0.26748638716527723,0.2766547203063965,365224000,0.0,0.0
2012-06-06 00:00:00-04:00,0.2787176023106279,0.28467703016624757,0.27665473815033875,0.28398939967155457,368968000,0.0,0.0
2012-06-07 00:00:00-04:00,0.2881150856379474,0.28971956551213235,0.2722996973799733,0.27252891659736633,526780000,0.0,0.0
2012-06-08 00:00:00-04:00,0.2734458818783986,0.2787176807224436,0.272987470527568,0.27780085802078247,370308000,0.0,0.0
2012-06-11 00:00:00-04:00,0.28674003138100457,0.2917826113988157,0.2803221898475175,0.2810097932815552,839080000,0.0,0.0
2012-06-12 00:00:00-04:00,0.28421870157734563,0.28949050047098057,0.283760290222203,0.2867400050163269,496128000,0.0,0.0
2012-06-13 00:00:00-04:00,0.2865107794848456,0.2871984101645975,0.27780085463018117,0.27917611598968506,494276000,0.0,0.0
2012-06-14 00:00:00-04:00,0.2787176256400033,0.2810097092649734,0.2729874165775782,0.2757379114627838,589884000,0.0,0.0
2012-06-15 00:00:00-04:00,0.2778008844278552,0.2819266416251095,0.27527958077292203,0.28169742226600647,385288000,0.0,0.0
2012-06-18 00:00:00-04:00,0.2796346185516676,0.2865108729446252,0.2773425337540151,0.28421878814697266,304424000,0.0,0.0
2012-06-19 00:00:00-04:00,0.29590836705152496,0.30782722726065664,0.2945331055431482,0.30347225069999695,960476000,0.0,0.0
2012-06-20 00:00:00-04:00,0.3064518917239062,0.3140157735452011,0.3046182192636236,0.30828556418418884,972720000,0.0,0.0
2012-06-21 00:00:00-04:00,0.30805639892197373,0.30805639892197373,0.29361626333425883,0.29430389404296875,516376000,0.0,0.0
2012-06-22 00:00:00-04:00,0.2979711592197418,0.3014093121510177,0.29384540302600426,0.2979711592197418,865360000,0.0,0.0
2012-06-25 00:00:00-04:00,0.29820039685535643,0.29911721947753056,0.287427580763937,0.28857362270355225,494616000,0.0,0.0
2012-06-26 00:00:00-04:00,0.29017813434417417,0.29384545254928457,0.28605237745510165,0.29178258776664734,437152000,0.0,0.0
2012-06-27 00:00:00-04:00,0.29201178837262093,0.30324298893311696,0.29201178837262093,0.3011801242828369,506064000,0.0,0.0
2012-06-28 00:00:00-04:00,0.298429670708949,0.3053059236032326,0.29590836705152496,0.30347225069999695,545896000,0.0,0.0
2012-06-29 00:00:00-04:00,0.3105776415366752,0.3174538926283716,0.3103484222374348,0.31676626205444336,616508000,0.0,0.0
2012-07-02 00:00:00-04:00,0.31837074905384655,0.3185999410340109,0.30576426113582605,0.30828556418418884,581684000,0.0,0.0
2012-07-03 00:00:00-04:00,0.3082856080882204,0.3169955330221287,0.3080563887516186,0.3163079023361206,219284000,0.0,0.0
2012-07-05 00:00:00-04:00,0.3142450090064756,0.3156202429295519,0.30828558003509365,0.3130989670753479,280076000,0.0,0.0
2012-07-06 00:00:00-04:00,0.31080677308036564,0.31172362277526644,0.30370133139476935,0.30713945627212524,382760000,0.0,0.0
2012-07-09 00:00:00-04:00,0.3053057955041304,0.3066810564354801,0.3004924095681949,0.30301371216773987,306336000,0.0,0.0
2012-07-10 00:00:00-04:00,0.2998047831962156,0.3087439247244716,0.29155327214302384,0.29384535551071167,512028000,0.0,0.0
2012-07-11 00:00:00-04:00,0.29476225134172734,0.2984295962329775,0.2876567808613526,0.2890320420265198,485216000,0.0,0.0
2012-07-12 00:00:00-04:00,0.2858232420405682,0.28628165353533747,0.28169748394003247,0.28421878814697266,472160000,0.0,0.0
2012-07-13 00:00:00-04:00,0.284447927099746,0.2892612874190666,0.28261425431551984,0.2878860533237457,324260000,0.0,0.0
2012-07-16 00:00:00-04:00,0.28605227822969653,0.2910948560899349,0.2833017563752132,0.28880277276039124,334460000,0.0,0.0
2012-07-17 00:00:00-04:00,0.2897197186586692,0.29132417205718886,0.2787176822361976,0.2835310697555542,447476000,0.0,0.0
2012-07-18 00:00:00-04:00,0.28284336443099495,0.3034721431251538,0.2814681307339113,0.299346387386322,616008000,0.0,0.0
2012-07-19 00:00:00-04:00,0.30140926077375596,0.3062226194094854,0.29934636936662434,0.3023260831832886,403036000,0.0,0.0
2012-07-20 00:00:00-04:00,0.30049254803866904,0.30255544038629856,0.29040736031690545,0.29361629486083984,451000000,0.0,0.0
2012-07-23 00:00:00-04:00,0.2858231881117792,0.2995757216266882,0.28261428093004104,0.29751282930374146,451584000,0.0,0.0
2012-07-24 00:00:00-04:00,0.2979712122830911,0.29980488506505143,0.2908657678232175,0.29430389404296875,351164000,0.0,0.0
2012-07-25 00:00:00-04:00,0.2933869287600051,0.30301370025335506,0.2920116952065177,0.3000339865684509,415044000,0.0,0.0
2012-07-26 00:00:00-04:00,0.305535123533095,0.308973277392871,0.29911728186784786,0.30140939354896545,338440000,0.0,0.0
2012-07-27 00:00:00-04:00,0.30255541161942373,0.30989007551363706,0.300263300120946,0.3089732527732849,376516000,0.0,0.0
2012-07-30 00:00:00-04:00,0.3089731711212817,0.31286970772374295,0.3030137429124882,0.3055350184440613,363552000,0.0,0.0
2012-07-31 00:00:00-04:00,0.30553509333570794,0.3147034571826259,0.3050766819743116,0.3103484809398651,387788000,0.0,0.0
2012-08-01 00:00:00-04:00,0.312182164975741,0.31516187991805095,0.30553510436231135,0.30691036581993103,335912000,0.0,0.0
2012-08-02 00:00:00-04:00,0.30530588894431565,0.31264055240081284,0.30026328220191406,0.30805638432502747,367912000,0.0,0.0
2012-08-03 00:00:00-04:00,0.31286989028383,0.31768327951676756,0.3055351967243428,0.31447434425354004,326548000,0.0,0.0
2012-08-06 00:00:00-04:00,0.3174538122985786,0.3227256089329744,0.316995401139889,0.3211211562156677,360324000,0.0,0.0
2012-08-07 00:00:00-04:00,0.32501784140163587,0.32776833694146085,0.32249653788458044,0.32433021068573,407340000,0.0,0.0
2012-08-08 00:00:00-04:00,0.3241010527391127,0.32960204439713975,0.32318420258024055,0.3261639177799225,517064000,0.0,0.0
2012-08-09 00:00:00-04:00,0.3266223517775977,0.33785358256456205,0.32616394032837137,0.3371659517288208,822300000,0.0,0.0
2012-08-10 00:00:00-04:00,0.3461049523380361,0.34885544720005285,0.330747970321175,0.33510294556617737,1278744000,0.0,0.0
2012-08-13 00:00:00-04:00,0.33556142152057844,0.33968717827096734,0.3341861601625164,0.3394579589366913,447244000,0.0,0.0
2012-08-14 00:00:00-04:00,0.34060390652727973,0.34106234506872873,0.33304002580263586,0.3344152867794037,388828000,0.0,0.0
2012-08-15 00:00:00-04:00,0.3355613248522294,0.3383118194521951,0.3302895275967514,0.3318939805030823,594404000,0.0,0.0
2012-08-16 00:00:00-04:00,0.3348737655071194,0.3399163718893237,0.33372772357003566,0.33877032995224,371008000,0.0,0.0
2012-08-17 00:00:00-04:00,0.3387703488224261,0.3387703488224261,0.33281091948812075,0.33579063415527344,309864000,0.0,0.0
2012-08-20 00:00:00-04:00,0.3346445921543529,0.3362490454908823,0.33074802749218585,0.33579063415527344,314392000,0.0,0.0
2012-08-21 00:00:00-04:00,0.33693668757518597,0.33899955231723605,0.3314356693900566,0.3348737955093384,340248000,0.0,0.0
2012-08-22 00:00:00-04:00,0.33281095863513405,0.336936715788501,0.3316649164994099,0.33556145429611206,313556000,0.0,0.0
2012-08-23 00:00:00-04:00,0.3348737571150051,0.3351029764261955,0.32662224444527177,0.32799750566482544,379040000,0.0,0.0
2012-08-24 00:00:00-04:00,0.3279975551838614,0.33624906909935715,0.32730992447027035,0.334644615650177,347724000,0.0,0.0
2012-08-27 00:00:00-04:00,0.33441539243435225,0.33533224248312954,0.3286851820937372,0.3289143741130829,340944000,0.0,0.0
2012-08-28 00:00:00-04:00,0.3263931335557084,0.3307480829600311,0.3257055027750782,0.3275391757488251,310764000,0.0,0.0
2012-08-29 00:00:00-04:00,0.32730989515137116,0.33028960976082444,0.32662226449937487,0.3282267451286316,250412000,0.0,0.0
2012-08-30 00:00:00-04:00,0.3275390413275612,0.32868508305034494,0.3204335717167859,0.32203802466392517,307488000,0.0,0.0
2012-08-31 00:00:00-04:00,0.3243302502277321,0.3266223346776679,0.3183708470521803,0.3215797543525696,485064000,0.0,0.0
2012-09-04 00:00:00-04:00,0.31630779532953085,0.3174538369772405,0.30140925390930556,0.30438894033432007,694452000,0.0,0.0
2012-09-05 00:00:00-04:00,0.30553520950477564,0.3098901874033643,0.3020970820013781,0.30530601739883423,480256000,0.0,0.0
2012-09-06 00:00:00-04:00,0.3075979052194146,0.3229548867492415,0.30736868593660277,0.3147033751010895,657296000,0.0,0.0
2012-09-07 00:00:00-04:00,0.3066810450865686,0.3092023202690237,0.2968250543162699,0.30713945627212524,781064000,0.0,0.0
2012-09-10 00:00:00-04:00,0.3064518316944703,0.3108067790262517,0.3037013372047248,0.30438894033432007,371108000,0.0,0.0
2012-09-11 00:00:00-04:00,0.3041598469253693,0.31286977173412095,0.30301380490642293,0.30805638432502747,382808000,0.0,0.0
2012-09-12 00:00:00-04:00,0.31057764707690877,0.31309895011835753,0.30759793275259484,0.31149446964263916,322608000,0.0,0.0
2012-09-13 00:00:00-04:00,0.3142450767746861,0.3153911189529624,0.30759801574640316,0.3135574460029602,433836000,0.0,0.0
2012-09-14 00:00:00-04:00,0.3133281738942704,0.32272572910373637,0.3133281738942704,0.3172247111797333,339468000,0.0,0.0
2012-09-17 00:00:00-04:00,0.3179123900860742,0.3179123900860742,0.3050767069724259,0.3085148334503174,493348000,0.0,0.0
2012-09-18 00:00:00-04:00,0.3050767310135867,0.31424509633426495,0.3048475389579463,0.31057775020599365,359952000,0.0,0.0
2012-09-19 00:00:00-04:00,0.31126524179714954,0.3185999034492268,0.3075978973092158,0.31424495577812195,451936000,0.0,0.0
2012-09-20 00:00:00-04:00,0.3135573395270721,0.31516179256706833,0.30943158362151635,0.3119528591632843,320596000,0.0,0.0
2012-09-21 00:00:00-04:00,0.312411413499982,0.31516190934826704,0.3112653712862131,0.31332823634147644,340136000,0.0,0.0
2012-09-24 00:00:00-04:00,0.30828558003509365,0.31355737838304,0.30782716872740157,0.3130989670753479,357832000,0.0,0.0
2012-09-25 00:00:00-04:00,0.3172246914645668,0.31859995269104563,0.30691031423735904,0.3073687255382538,481544000,0.0,0.0
2012-09-26 00:00:00-04:00,0.3062227499807633,0.30645196934277846,0.2984296742054556,0.30209699273109436,436812000,0.0,0.0
2012-09-27 00:00:00-04:00,0.3027844874922842,0.30484737885243446,0.30026318493780774,0.30438894033432007,558888000,0.0,0.0
2012-09-28 00:00:00-04:00,0.3030138219768499,0.3101192938241262,0.29911725703387987,0.3057643175125122,485508000,0.0,0.0
2012-10-01 00:00:00-04:00,0.3071396367062567,0.30897330984949156,0.2995757520677902,0.30072179436683655,504236000,0.0,0.0
2012-10-02 00:00:00-04:00,0.30278454603087135,0.30278454603087135,0.29842959785712986,0.3018677234649658,295492000,0.0,0.0
2012-10-03 00:00:00-04:00,0.3025554331425368,0.30347225594810967,0.2972836337009912,0.29888808727264404,430872000,0.0,0.0
2012-10-04 00:00:00-04:00,0.29957572392867193,0.31401586100505574,0.2979712430016728,0.3121821880340576,502608000,0.0,0.0
2012-10-05 00:00:00-04:00,0.3130989923667525,0.3163078991036,0.3037014368428749,0.30484747886657715,483068000,0.0,0.0
2012-10-08 00:00:00-04:00,0.3037013959205704,0.3050766297694287,0.29957563972640855,0.3018677234649658,240596000,0.0,0.0
2012-10-09 00:00:00-04:00,0.3014093417831007,0.3023261644390464,0.29453306256832334,0.2954499125480652,366360000,0.0,0.0
2012-10-10 00:00:00-04:00,0.2940746451913618,0.29544990647078795,0.28926125803716574,0.29040729999542236,326568000,0.0,0.0
2012-10-11 00:00:00-04:00,0.2931578095331619,0.29407463212952667,0.2897196838111024,0.2920117676258087,320516000,0.0,0.0
2012-10-12 00:00:00-04:00,0.2899489621912247,0.29224104668887846,0.28765687769357096,0.28949055075645447,260696000,0.0,0.0
2012-10-15 00:00:00-04:00,0.289948852652203,0.2933869780998032,0.28651072720460286,0.29315778613090515,249580000,0.0,0.0
2012-10-16 00:00:00-04:00,0.29567899732265573,0.30255527404376276,0.29292850302848467,0.3016384243965149,367696000,0.0,0.0
2012-10-17 00:00:00-04:00,0.2979711263654479,0.30072164840719606,0.2949914123694144,0.299346387386322,391752000,0.0,0.0
2012-10-18 00:00:00-04:00,0.2986587302702851,0.2986587302702851,0.293616152515942,0.29476219415664673,254772000,0.0,0.0
2012-10-19 00:00:00-04:00,0.2904073305727762,0.29247022270911993,0.27596719491356364,0.2775716483592987,709412000,0.0,0.0
2012-10-22 00:00:00-04:00,0.2787176616186161,0.2803221422222452,0.2720706291776795,0.274362713098526,480840000,0.0,0.0
2012-10-23 00:00:00-04:00,0.27184141463328765,0.28444790374327955,0.27115378398019047,0.28261423110961914,573948000,0.0,0.0
2012-10-24 00:00:00-04:00,0.28444783346304625,0.2855938751604501,0.27619632231222274,0.27894681692123413,332916000,0.0,0.0
2012-10-25 00:00:00-04:00,0.2812389807051437,0.2842186954348706,0.27803007396469753,0.27917611598968506,307356000,0.0,0.0
2012-10-26 00:00:00-04:00,0.279634516330053,0.28123896963713363,0.2761963903903961,0.2761963903903961,389376000,0.0,0.0
2012-10-31 00:00:00-04:00,0.27734241540014976,0.2796344992196721,0.2739042896708662,0.2745918929576874,347112000,0.0,0.0
2012-11-01 00:00:00-04:00,0.2759671459951884,0.28788600336228976,0.27573792669051583,0.2876567840576172,473220000,0.0,0.0
2012-11-02 00:00:00-04:00,0.2906365016597929,0.2910949129504869,0.2844478809259384,0.2862815260887146,256700000,0.0,0.0
2012-11-05 00:00:00-05:00,0.2855940135900077,0.299575740004898,0.2855940135900077,0.2984296977519989,444840000,0.0,0.0
2012-11-06 00:00:00-05:00,0.2991171316294924,0.2991171316294924,0.2931577316879929,0.2982003092765808,350804000,0.0,0.0
2012-11-07 00:00:00-05:00,0.29590829320476886,0.2977419656503939,0.2876567808613526,0.2890320420265198,324620000,0.0,0.0
2012-11-08 00:00:00-05:00,0.2922410827477623,0.2998049679880687,0.289948997967294,0.2906366288661957,839024000,0.0,0.0
2012-11-09 00:00:00-05:00,0.29224100807141123,0.2956791343635692,0.2784885029027796,0.2794053256511688,846280000,0.0,0.0
2012-11-12 00:00:00-05:00,0.2798636360228751,0.28100967770665586,0.27046608328635735,0.2732166051864624,643624000,0.0,0.0
2012-11-13 00:00:00-05:00,0.27184137859737423,0.27803002633107143,0.27092455606397814,0.2711537480354309,492120000,0.0,0.0
2012-11-14 00:00:00-05:00,0.2727583320950931,0.27550882806418525,0.26427759748167146,0.26450681686401367,619300000,0.0,0.0
2012-11-15 00:00:00-05:00,0.2661110676464968,0.2729873159876582,0.26381898486610966,0.2656526565551758,466688000,0.0,0.0
2012-11-16 00:00:00-05:00,0.26565275950702605,0.26656958204497616,0.25556757497061144,0.2608393728733063,624552000,0.0,0.0
2012-11-19 00:00:00-05:00,0.26565292404718793,0.2690910516796981,0.26244398852922607,0.2681742012500763,404092000,0.0,0.0
2012-11-20 00:00:00-05:00,0.2671359723027938,0.26828940805107565,0.26229153115997894,0.26505979895591736,336976000,0.001875,0.0
2012-11-21 00:00:00-05:00,0.2650597931134318,0.273364513817961,0.26482909496882956,0.27267247438430786,422312000,0.0,0.0
2012-11-23 00:00:00-05:00,0.27382588652172335,0.2777475621416384,0.2724417527734829,0.2745179533958435,276932000,0.0,0.0
2012-11-26 00:00:00-05:00,0.27497936525054784,0.28005447728953803,0.2745179964288358,0.27936241030693054,364600000,0.0,0.0
2012-11-27 00:00:00-05:00,0.2782089779530519,0.2846682240373667,0.2759021063158022,0.2805158495903015,451404000,0.0,0.0
2012-11-28 00:00:00-05:00,0.27936242061638733,0.28420686217333785,0.27590211307573126,0.28282272815704346,398332000,0.0,0.0
2012-11-29 00:00:00-05:00,0.28328407914715525,0.28466818544179917,0.27682483393859064,0.27774757146835327,488688000,0.0,0.0
2012-11-30 00:00:00-05:00,0.2775169286070503,0.2795931297126323,0.27451801728801106,0.27613282203674316,460504000,0.0,0.0
2012-12-03 00:00:00-05:00,0.2795929894576357,0.2795929894576357,0.27036550695080475,0.2710575461387634,391380000,0.0,0.0
2012-12-04 00:00:00-05:00,0.27151897153583276,0.2795930195997496,0.26990413992299334,0.2791316509246826,528068000,0.0,0.0
2012-12-05 00:00:00-05:00,0.2768248575654131,0.27867033278244846,0.27198041637050085,0.2759020924568176,633024000,0.0,0.0
2012-12-06 00:00:00-05:00,0.2752099967671175,0.27820893493181276,0.27428725925493813,0.27636343240737915,412896000,0.0,0.0
2012-12-07 00:00:00-05:00,0.2765941594132448,0.2779782933260991,0.272672483326928,0.2759020924568176,338288000,0.0,0.0
2012-12-10 00:00:00-05:00,0.27590209088842954,0.2872057777789421,0.2752100239359365,0.285129576921463,513644000,0.0,0.0
2012-12-11 00:00:00-05:00,0.28605230501723716,0.29551048797748963,0.28536023815427924,0.2918194830417633,816724000,0.0,0.0
2012-12-12 00:00:00-05:00,0.2927422378651558,0.29435704215596126,0.28766709937966284,0.2888205349445343,399404000,0.0,0.0
2012-12-13 00:00:00-05:00,0.28835928680308476,0.2945878359579962,0.28628311291814246,0.289051353931427,377556000,0.0,0.0
2012-12-14 00:00:00-05:00,0.2902047627000478,0.2934343723286231,0.2881285615101791,0.29043543338775635,338660000,0.0,0.0
2012-12-17 00:00:00-05:00,0.2897433307749194,0.2913581352378174,0.28489888988614964,0.2892819344997406,445232000,0.0,0.0
2012-12-18 00:00:00-05:00,0.28928199728427334,0.29297300328632825,0.2883592595338006,0.2897433936595917,416436000,0.0,0.0
2012-12-19 00:00:00-05:00,0.2918194830417633,0.295279789856479,0.2906660474368581,0.2918194830417633,458544000,0.0,0.0
2012-12-20 00:00:00-05:00,0.29297282946402736,0.29320352751481216,0.28835908844885616,0.2915887236595154,334332000,0.0,0.0
2012-12-21 00:00:00-05:00,0.2876671472626403,0.2876671472626403,0.28166927032691647,0.28489890694618225,462172000,0.0,0.0
2012-12-24 00:00:00-05:00,0.28466820168994666,0.2855909667724538,0.28166926329693315,0.2825920283794403,127376000,0.0,0.0
2012-12-26 00:00:00-05:00,0.28189995981328864,0.2865137026989275,0.2812078928804274,0.28236132860183716,196740000,0.0,0.0
2012-12-27 00:00:00-05:00,0.28282272122755114,0.2832841175550644,0.27728624029818366,0.2805158495903015,299804000,0.0,0.0
2012-12-28 00:00:00-05:00,0.2779782154869802,0.2835146945879238,0.27751681931184324,0.2791316509246826,220600000,0.0,0.0
2012-12-31 00:00:00-05:00,0.27820898476950195,0.28397616400392883,0.2775169177613548,0.28282272815704346,326460000,0.0,0.0
2013-01-02 00:00:00-05:00,0.2897434028657373,0.29366507967997457,0.28858996689095673,0.29343438148498535,478836000,0.0,0.0
2013-01-03 00:00:00-05:00,0.2934343235085356,0.2968946307491933,0.290204714417286,0.2936650216579437,298888000,0.0,0.0
2013-01-04 00:00:00-05:00,0.29412644994109405,0.3042767030665333,0.2932037121570009,0.3033539652824402,524968000,0.0,0.0
2013-01-07 00:00:00-05:00,0.30312323841184147,0.3040459761086464,0.2925116173981826,0.29458779096603394,610732000,0.0,0.0
2013-01-08 00:00:00-05:00,0.2952797463074635,0.29620251115533913,0.28605226282912716,0.28812843561172485,466424000,0.0,0.0
2013-01-09 00:00:00-05:00,0.29043534524340503,0.29181947894991284,0.27982375432711554,0.2816692292690277,695020000,0.0,0.0
2013-01-10 00:00:00-05:00,0.28420683192998597,0.28559096579899024,0.2805158266126925,0.2821306586265564,506368000,0.0,0.0
2013-01-11 00:00:00-05:00,0.28328406109331133,0.28351473171101355,0.2789009893560858,0.2816692292690277,513172000,0.0,0.0
2013-01-14 00:00:00-05:00,0.2835147924025225,0.2835147924025225,0.2782089820585355,0.2814386188983917,305684000,0.0,0.0
2013-01-15 00:00:00-05:00,0.28005443745624636,0.28005443745624636,0.2747486280110278,0.27636343240737915,375888000,0.0,0.0
2013-01-16 00:00:00-05:00,0.27590207249094567,0.28120788210615766,0.27590207249094567,0.27890101075172424,337376000,0.0,0.0
2013-01-17 00:00:00-05:00,0.2798237881320728,0.2837454641075165,0.2791317211952117,0.2825920283794403,580736000,0.0,0.0
2013-01-18 00:00:00-05:00,0.2825920221900993,0.2825920221900993,0.2772862124571414,0.2807465195655823,397088000,0.0,0.0
2013-01-22 00:00:00-05:00,0.2805158461112501,0.28305341588078453,0.2779783038417944,0.27936241030693054,308224000,0.0,0.0
2013-01-23 00:00:00-05:00,0.28028514883772015,0.2805158194766349,0.27682484175331323,0.27982378005981445,421808000,0.0,0.0
2013-01-24 00:00:00-05:00,0.2789010179048671,0.28236132502526573,0.277516884056677,0.2812078893184662,396980000,0.0,0.0
2013-01-25 00:00:00-05:00,0.2816693633626553,0.28651380614164057,0.2802852564972929,0.28628313541412354,393920000,0.0,0.0
2013-01-28 00:00:00-05:00,0.28766713683611067,0.29274227598242536,0.2869750699070608,0.29089677333831787,422492000,0.0,0.0
2013-01-29 00:00:00-05:00,0.28974331613620447,0.2904353555138568,0.2835147417367367,0.2846681773662567,388872000,0.0,0.0
2013-01-30 00:00:00-05:00,0.28489890436355547,0.2888205804013273,0.28328409981859975,0.2842068374156952,287592000,0.0,0.0
2013-01-31 00:00:00-05:00,0.28420686217333785,0.2874364990446648,0.28097725280209074,0.28282272815704346,470544000,0.0,0.0
2013-02-01 00:00:00-05:00,0.2851295487686653,0.28628301190898275,0.2828226774881802,0.2853602468967438,288816000,0.0,0.0
2013-02-04 00:00:00-05:00,0.2837454863824985,0.28951266547562265,0.280285178926624,0.2805158495903015,511744000,0.0,0.0
2013-02-05 00:00:00-05:00,0.2818999738091626,0.2885899178255299,0.28097723618625314,0.28697508573532104,367296000,0.0,0.0
2013-02-06 00:00:00-05:00,0.28005443484817666,0.28697504862529677,0.27843963046686354,0.2846681773662567,530688000,0.0,0.0
2013-02-07 00:00:00-05:00,0.2837455256855647,0.2860523976423512,0.2807465866417257,0.2835148274898529,440000000,0.0,0.0
2013-02-08 00:00:00-05:00,0.2853602468967438,0.2876671181772289,0.2835147443723407,0.2853602468967438,307232000,0.0,0.0
2013-02-11 00:00:00-05:00,0.2876671594293328,0.29158886316859833,0.28489891899579384,0.2885899245738983,408308000,0.0,0.0
2013-02-12 00:00:00-05:00,0.2860522298696029,0.28997390439601844,0.28559086124885985,0.28674429655075073,277804000,0.0,0.0
2013-02-13 00:00:00-05:00,0.2869750512930684,0.29228086073819914,0.2844375093845797,0.2853602468967438,856396000,0.0,0.0
2013-02-14 00:00:00-05:00,0.28143859724093756,0.2938957198073519,0.2779782900002798,0.2936650216579437,882096000,0.0,0.0
2013-02-15 00:00:00-05:00,0.29297295470979673,0.2950491555542378,0.2872057759753671,0.2936650216579437,733860000,0.0,0.0
2013-02-19 00:00:00-05:00,0.293895768536883,0.2941264392244602,0.2878978906585642,0.2897433936595917,433552000,0.0,0.0
2013-02-20 00:00:00-05:00,0.2906659063610803,0.2952796465414053,0.2846680331266336,0.285590797662735,713012000,0.0,0.0
2013-02-21 00:00:00-05:00,0.2851296323595868,0.28835926959913766,0.28282276040280036,0.2835148274898529,580408000,0.0,0.0
2013-02-22 00:00:00-05:00,0.28536022824991986,0.2890512330575378,0.2837454239591144,0.2888205349445343,370148000,0.0,0.0
2013-02-25 00:00:00-05:00,0.28951258555933423,0.2918194565598013,0.2832840393580874,0.2837454080581665,644444000,0.0,0.0
2013-02-26 00:00:00-05:00,0.2843257311155128,0.288735665871772,0.2833973048671282,0.28711095452308655,487504000,0.001875,0.0
2013-02-27 00:00:00-05:00,0.2871109348813449,0.2945382336851475,0.2864146221598899,0.29244929552078247,476980000,0.0,0.0
2013-02-28 00:00:00-05:00,0.29152096336097677,0.2982519233066437,0.2903604511173243,0.29384198784828186,591392000,0.0,0.0
2013-03-01 00:00:00-05:00,0.2917529510844608,0.29593079929025173,0.2891998416083778,0.29500240087509155,389396000,0.0,0.0
2013-03-04 00:00:00-05:00,0.2929135614520832,0.296627211699289,0.29059253696477816,0.29384198784828186,353680000,0.0,0.0
2013-03-05 00:00:00-05:00,0.2954666535058486,0.29755556415204637,0.29407402796252335,0.29709136486053467,366168000,0.0,0.0
2013-03-06 00:00:00-05:00,0.29894817491671066,0.3017333981968821,0.2954666388992992,0.2968592643737793,342928000,0.0,0.0
2013-03-07 00:00:00-05:00,0.2984839870134983,0.3015013238772369,0.2945382515772816,0.2961629629135132,314824000,0.0,0.0
2013-03-08 00:00:00-05:00,0.2968592212620681,0.29894813150163513,0.29546659598983355,0.29755550622940063,246464000,0.0,0.0
2013-03-11 00:00:00-04:00,0.29453830394531455,0.29593090205163153,0.2922172517638635,0.29477038979530334,299748000,0.0,0.0
2013-03-12 00:00:00-04:00,0.29430613642044184,0.2966271605071831,0.2915209130501103,0.29569876194000244,310856000,0.0,0.0
2013-03-13 00:00:00-04:00,0.29569876194000244,0.3008050093970752,0.2929135109008813,0.29569876194000244,485840000,0.0,0.0
2013-03-14 00:00:00-04:00,0.2975554539705419,0.2984838798785695,0.2940739190701928,0.29593074321746826,383304000,0.0,0.0
2013-03-15 00:00:00-04:00,0.29593068676378803,0.29593068676378803,0.2922170391776769,0.2933775782585144,355776000,0.0,0.0
2013-03-18 00:00:00-04:00,0.29152087673195615,0.29407398630802706,0.2891998529343719,0.2912887632846832,298312000,0.0,0.0
2013-03-19 00:00:00-04:00,0.29152086754156015,0.2929134651749364,0.28734301930386086,0.28943192958831787,355480000,0.0,0.0
2013-03-20 00:00:00-04:00,0.29221724323171305,0.2938419824781692,0.28966413294361354,0.292913556098938,340588000,0.0,0.0
2013-03-21 00:00:00-04:00,0.2912889443143009,0.2917531438285503,0.28780740645422603,0.28827160596847534,339032000,0.0,0.0
2013-03-22 00:00:00-04:00,0.2891998606392688,0.29082457180710625,0.28803934870955816,0.28966405987739563,232476000,0.0,0.0
2013-03-25 00:00:00-04:00,0.2912887788933311,0.29152089235304174,0.2859504183390752,0.28803935647010803,362076000,0.0,0.0
2013-03-26 00:00:00-04:00,0.2887356651186792,0.290360404131917,0.2875751530628179,0.29012829065322876,232540000,0.0,0.0
2013-03-27 00:00:00-04:00,0.28896777951863695,0.2952345391065094,0.2882714667491422,0.2936098277568817,254944000,0.0,0.0
2013-03-28 00:00:00-04:00,0.2929135634021377,0.29801983944323907,0.29082465241717415,0.29778772592544556,349276000,0.0,0.0
2013-04-01 00:00:00-04:00,0.29709133869822063,0.29709133869822063,0.2859504183390752,0.28803935647010803,442828000,0.0,0.0
2013-04-02 00:00:00-04:00,0.28827156333726095,0.28896787634006194,0.2831653140980525,0.28502213954925537,371524000,0.0,0.0
2013-04-03 00:00:00-04:00,0.2845577620704063,0.28618250077467283,0.2794515155294126,0.2815404534339905,353156000,0.0,0.0
2013-04-04 00:00:00-04:00,0.28061209879662324,0.28525414731897597,0.27968370015966937,0.2843257486820221,294676000,0.0,0.0
2013-04-05 00:00:00-04:00,0.28014784930518777,0.2891998589038849,0.2794515366177823,0.2891998589038849,551352000,0.0,0.0
2013-04-08 00:00:00-04:00,0.2894318961539789,0.2894318961539789,0.2831651383557404,0.288503497838974,326660000,0.0,0.0
2013-04-09 00:00:00-04:00,0.28873575244305494,0.29523462745513657,0.28664684117825645,0.29314571619033813,380584000,0.0,0.0
2013-04-10 00:00:00-04:00,0.29337779043772483,0.29825192529223804,0.2926814775531388,0.29778772592544556,384688000,0.0,0.0
2013-04-11 00:00:00-04:00,0.293609869398385,0.29825191829499287,0.28548628382932134,0.29639509320259094,969220000,0.0,0.0
2013-04-12 00:00:00-04:00,0.29778763582986534,0.30707173103199303,0.2952344985817657,0.3038223087787628,770548000,0.0,0.0
2013-04-15 00:00:00-04:00,0.3028938662145867,0.30382229228567126,0.29569870942480087,0.29755550622940063,430420000,0.0,0.0
2013-04-16 00:00:00-04:00,0.30034077342174015,0.30289388300397585,0.2987160346244791,0.3008049726486206,468844000,0.0,0.0
2013-04-17 00:00:00-04:00,0.2984839756481469,0.3012691989283183,0.2950024396307354,0.2968592643737793,532948000,0.0,0.0
2013-04-18 00:00:00-04:00,0.2975555961898404,0.2994124212246016,0.29105672240257263,0.29105672240257263,402548000,0.0,0.0
2013-04-19 00:00:00-04:00,0.2908246846310622,0.2926815099727025,0.2871110339477816,0.2917530834674835,303028000,0.0,0.0
2013-04-22 00:00:00-04:00,0.2915209396817503,0.2947703626325204,0.28919991538297396,0.2922172248363495,245568000,0.0,0.0
2013-04-23 00:00:00-04:00,0.29477035484873976,0.3028939396799436,0.29430615553500067,0.2998766303062439,376948000,0.0,0.0
2013-04-24 00:00:00-04:00,0.30080513045412455,0.3126423691278396,0.300573016884522,0.31008923053741455,556556000,0.0,0.0
2013-04-25 00:00:00-04:00,0.31171393704961037,0.31333864885770746,0.30892868518567496,0.31264233589172363,353224000,0.0,0.0
2013-04-26 00:00:00-04:00,0.312177980203425,0.31264217939211697,0.30962484316244315,0.3112495541572571,324332000,0.0,0.0
2013-04-29 00:00:00-04:00,0.3117137993690279,0.31612373342444283,0.3103211740521675,0.3149632215499878,269712000,0.0,0.0
2013-04-30 00:00:00-04:00,0.3156596146494837,0.31960535049438477,0.31357067614185896,0.31960535049438477,276712000,0.0,0.0
2013-05-01 00:00:00-04:00,0.3196053083561661,0.3216942465883757,0.3156595730314887,0.31682008504867554,341316000,0.0,0.0
2013-05-02 00:00:00-04:00,0.31658798922795794,0.3214621510393996,0.3147311643631806,0.32053375244140625,323480000,0.0,0.0
2013-05-03 00:00:00-04:00,0.32262263828891097,0.3242473495447401,0.3207658135670541,0.3219263255596161,293864000,0.0,0.0
2013-05-06 00:00:00-04:00,0.3219263520177535,0.3237831768922171,0.3191411285404534,0.320997953414917,217116000,0.0,0.0
2013-05-07 00:00:00-04:00,0.3209979338443058,0.3216942465883757,0.3138027482702321,0.31682008504867554,448068000,0.0,0.0
2013-05-08 00:00:00-04:00,0.31728423719761484,0.32447942170303434,0.3161237253527914,0.3226225972175598,334032000,0.0,0.0
2013-05-09 00:00:00-04:00,0.3168200837763086,0.32424735512271796,0.3163558845050559,0.32285475730895996,566800000,0.0,0.0
2013-05-10 00:00:00-04:00,0.3295857381668952,0.3388698625627337,0.3295857381668952,0.3374772369861603,861136000,0.0,0.0
2013-05-13 00:00:00-04:00,0.3351562413399292,0.3365488670350722,0.3291215668860338,0.33051419258117676,289812000,0.0,0.0
2013-05-14 00:00:00-04:00,0.334459817154431,0.3381734659927182,0.3312103951725177,0.3353882431983948,454140000,0.0,0.0
2013-05-15 00:00:00-04:00,0.3337635461712153,0.3423513567223714,0.3337635461712153,0.3411908447742462,313172000,0.0,0.0
2013-05-16 00:00:00-04:00,0.34072668324587035,0.34420821947563834,0.3384056314239013,0.339566171169281,308368000,0.0,0.0
2013-05-17 00:00:00-04:00,0.341190936112222,0.3474576967759736,0.33863779807534794,0.3451366722583771,312116000,0.0,0.0
2013-05-20 00:00:00-04:00,0.3437439984018196,0.34583293677675947,0.3425834863053388,0.3444403111934662,236380000,0.0,0.0
2013-05-21 00:00:00-04:00,0.34642320317096237,0.349455866849305,0.34245742504205384,0.3480561673641205,357784000,0.001875,0.0
2013-05-22 00:00:00-04:00,0.3494557830046551,0.3494557830046551,0.33452576071239953,0.33592545986175537,480404000,0.0,0.0
2013-05-23 00:00:00-04:00,0.3319597850128134,0.34245747712972135,0.33102667042032113,0.34129106998443604,393884000,0.0,0.0
2013-05-24 00:00:00-04:00,0.3394247889084642,0.3422241602966701,0.33545898264838975,0.3391914963722229,283304000,0.0,0.0
2013-05-28 00:00:00-04:00,0.34175754289284777,0.34269065725493253,0.3356922161112974,0.33895814418792725,279300000,0.0,0.0
2013-05-29 00:00:00-04:00,0.3368586301803589,0.33895815144466473,0.33545893079793254,0.3368586301803589,335052000,0.0,0.0
2013-05-30 00:00:00-04:00,0.33639214885050167,0.34479029142029205,0.33545900644866944,0.34129106998443604,284504000,0.0,0.0
2013-05-31 00:00:00-04:00,0.33942476464783605,0.34432365727471,0.3375585079193115,0.3375585079193115,577508000,0.0,0.0
2013-06-03 00:00:00-04:00,0.3380250670271106,0.34059117351925566,0.33009348283914897,0.33709195256233215,444468000,0.0,0.0
2013-06-04 00:00:00-04:00,0.3391914721282695,0.34525679954364025,0.3354589586712204,0.3375585079193115,363676000,0.0,0.0
2013-06-05 00:00:00-04:00,0.33709194278171145,0.33965802139006634,0.32939362352864077,0.33032676577568054,464520000,0.0,0.0
2013-06-06 00:00:00-04:00,0.3303267880544671,0.3349924161763318,0.33009349552463896,0.3324263095855713,341044000,0.0,0.0
2013-06-07 00:00:00-04:00,0.33475911078171366,0.3391914740127518,0.3333594390845459,0.33709195256233215,274584000,0.0,0.0
2013-06-10 00:00:00-04:00,0.3361587804891457,0.33895815144466473,0.3342925239156885,0.3368586301803589,224148000,0.0,0.0
2013-06-11 00:00:00-04:00,0.33242628723111045,0.337091942848564,0.3305600583553314,0.3305600583553314,296336000,0.0,0.0
2013-06-12 00:00:00-04:00,0.33219302980929893,0.33499240099367616,0.3258944098827803,0.3277606666088104,312588000,0.0,0.0
2013-06-13 00:00:00-04:00,0.326594325318978,0.3368587254719499,0.32636106056214276,0.33522576093673706,236256000,0.0,0.0
2013-06-14 00:00:00-04:00,0.3363921681218582,0.33685872544483264,0.3324263613532215,0.3347591757774353,236012000,0.0,0.0
2013-06-17 00:00:00-04:00,0.3373252730120435,0.34105778710657436,0.3354590159647781,0.33802512288093567,255336000,0.0,0.0
2013-06-18 00:00:00-04:00,0.33965794457782245,0.3433904571032186,0.33312606156304375,0.33592545986175537,486772000,0.0,0.0
2013-06-19 00:00:00-04:00,0.33895815251507416,0.3611199111570307,0.33779174562914666,0.3461898863315582,1159588000,0.0,0.0
2013-06-20 00:00:00-04:00,0.34339051428279244,0.34385707147382333,0.33452581641587076,0.3368586301803589,628696000,0.0,0.0
2013-06-21 00:00:00-04:00,0.3387249486185779,0.33989135571385465,0.33079336368509243,0.3363921344280243,714228000,0.0,0.0
2013-06-24 00:00:00-04:00,0.3314932044615511,0.33569227545187175,0.3244947620807961,0.3293936550617218,580772000,0.0,0.0
2013-06-25 00:00:00-04:00,0.3328928386809945,0.33359266053415404,0.32822718353415853,0.33172643184661865,457360000,0.0,0.0
2013-06-26 00:00:00-04:00,0.3354588617707219,0.3359254466750775,0.3284604219173231,0.329860121011734,579752000,0.0,0.0
2013-06-27 00:00:00-04:00,0.33079339443016287,0.33125995174976924,0.3233283938884364,0.32682761549949646,808036000,0.0,0.0
2013-06-28 00:00:00-04:00,0.3268275243402824,0.3307933021648082,0.322628454016353,0.32752737402915955,431536000,0.0,0.0
2013-07-01 00:00:00-04:00,0.3298602121596519,0.33056006190024184,0.32682754848998585,0.32892706990242004,199524000,0.0,0.0
2013-07-02 00:00:00-04:00,0.32706087442620285,0.33359276021231427,0.32566120249232666,0.32869386672973633,256392000,0.0,0.0
2013-07-03 00:00:00-04:00,0.32589440444922135,0.33359269593490887,0.32589440444922135,0.3296269178390503,140388000,0.0,0.0
2013-07-05 00:00:00-04:00,0.33056005286208273,0.3328928667273751,0.3284605036977187,0.3321930170059204,184684000,0.0,0.0
2013-07-08 00:00:00-04:00,0.33312613696419524,0.33475910113516955,0.32869380167021706,0.3305600583553314,262084000,0.0,0.0
2013-07-09 00:00:00-04:00,0.33125987477420255,0.33429253836094963,0.3303267603518195,0.3321930170059204,157364000,0.0,0.0
2013-07-10 00:00:00-04:00,0.3321931496225412,0.3375586292165627,0.33126000701829844,0.33662548661231995,208468000,0.0,0.0
2013-07-11 00:00:00-04:00,0.3384916705882793,0.34175762728068215,0.3377918207392401,0.34129106998443604,239832000,0.0,0.0
2013-07-12 00:00:00-04:00,0.3405912478955404,0.3447903195226841,0.3394248406551862,0.3415243625640869,216360000,0.0,0.0
2013-07-15 00:00:00-04:00,0.3422240648241332,0.3422240648241332,0.3354588890631792,0.3408243656158447,201332000,0.0,0.0
2013-07-16 00:00:00-04:00,0.34222405972005693,0.344556873159525,0.34059109587429526,0.3426906168460846,162560000,0.0,0.0
2013-07-17 00:00:00-04:00,0.3426906219571193,0.3438570286942496,0.3398912513498726,0.3408243656158447,166100000,0.0,0.0
2013-07-18 00:00:00-04:00,0.34035781382552605,0.3415242205809657,0.3349923371886375,0.3394246995449066,344488000,0.0,0.0
2013-07-19 00:00:00-04:00,0.3373252019476967,0.3389581660915344,0.32869379620798184,0.3321930170059204,480532000,0.0,0.0
2013-07-22 00:00:00-04:00,0.3347592157167335,0.3377918803918995,0.3305601714996443,0.3319598436355591,292384000,0.0,0.0
2013-07-23 00:00:00-04:00,0.33615873638144034,0.33615873638144034,0.32986014560563315,0.3314931094646454,246792000,0.0,0.0
2013-07-24 00:00:00-04:00,0.3345257725224281,0.3354588867820551,0.3310265523348319,0.3314931094646454,284252000,0.0,0.0
2013-07-25 00:00:00-04:00,0.3312599026047182,0.3370919655672598,0.32892708854343644,0.33265960216522217,243320000,0.0,0.0
2013-07-26 00:00:00-04:00,0.3286938866245132,0.33335951563851096,0.3286938866245132,0.33125996589660645,227360000,0.0,0.0
2013-07-29 00:00:00-04:00,0.3305600583553314,0.33475910113516955,0.32962691610810657,0.3305600583553314,179540000,0.0,0.0
2013-07-30 00:00:00-04:00,0.33172647660117155,0.3405911753002668,0.33149318407908895,0.336158812046051,266076000,0.0,0.0
2013-07-31 00:00:00-04:00,0.33452581641587076,0.34012455832690885,0.3342925239156885,0.3368586301803589,270160000,0.0,0.0
2013-08-01 00:00:00-04:00,0.33802514084302426,0.34222421247016793,0.3340593617876883,0.3415243625640869,277648000,0.0,0.0
2013-08-02 00:00:00-04:00,0.340824414389175,0.3450234848056139,0.3384916005810794,0.34432363510131836,209628000,0.0,0.0
2013-08-05 00:00:00-04:00,0.3433905764297888,0.34712309025221555,0.3415243195185755,0.3459566831588745,185188000,0.0,0.0
2013-08-06 00:00:00-04:00,0.3461898421685103,0.3468896917726545,0.3401245160117005,0.3408243656158447,206608000,0.0,0.0
2013-08-07 00:00:00-04:00,0.33895814080946696,0.3440903531777788,0.33872487612593727,0.3405911326408386,244380000,0.0,0.0
2013-08-08 00:00:00-04:00,0.3424574118231065,0.3445569331605055,0.3384916060379435,0.34292396903038025,345696000,0.0,0.0
2013-08-09 00:00:00-04:00,0.3293936875135006,0.34315730890391005,0.3291604227634304,0.33802512288093567,906224000,0.0,0.0
2013-08-12 00:00:00-04:00,0.32426151089457644,0.34012465454237545,0.30583226025619903,0.33522576093673706,257568000,0.0,0.0
2013-08-13 00:00:00-04:00,0.3356922846089905,0.3377918062567532,0.333592735151889,0.3363921344280243,197468000,0.0,0.0
2013-08-14 00:00:00-04:00,0.3356922695001381,0.35272181788658036,0.33545897696784727,0.350622296333313,828508000,0.0,0.0
2013-08-15 00:00:00-04:00,0.3468897167228268,0.35575441412447995,0.3454900174138644,0.35295504331588745,723616000,0.0,0.0
2013-08-16 00:00:00-04:00,0.3522553087490364,0.3592537519616908,0.35155545886590267,0.3543548583984375,660456000,0.0,0.0
2013-08-19 00:00:00-04:00,0.3522551759835722,0.35342158274606095,0.34852266321987585,0.34875595569610596,393432000,0.0,0.0
2013-08-20 00:00:00-04:00,0.3486388050118464,0.35285904769236104,0.3481698953694676,0.3505144715309143,234192000,0.001875,0.0
2013-08-21 00:00:00-04:00,0.34840432006682853,0.3528590313368264,0.34746650082554015,0.3488732576370239,261540000,0.0,0.0
2013-08-22 00:00:00-04:00,0.3486388207929123,0.3540313517982421,0.3486388207929123,0.3507489562034607,129016000,0.0,0.0
2013-08-23 00:00:00-04:00,0.35121786586706466,0.3540313517982421,0.3500455777332779,0.3507489562034607,245120000,0.0,0.0
2013-08-26 00:00:00-04:00,0.3509834111317297,0.3523901681284935,0.3500455917669238,0.3514523208141327,300152000,0.0,0.0
2013-08-27 00:00:00-04:00,0.34816996660043475,0.35051454324155085,0.3458253899593187,0.3469976782798767,277464000,0.0,0.0
2013-08-28 00:00:00-04:00,0.3477010568621232,0.35028007439761594,0.3455909211153838,0.3469976782798767,318824000,0.0,0.0
2013-08-29 00:00:00-04:00,0.34582528486410374,0.34957661752969454,0.3448874377229312,0.34629419445991516,276216000,0.0,0.0
2013-08-30 00:00:00-04:00,0.3465288124023535,0.3474666319976782,0.34418423546448,0.3458254337310791,378120000,0.0,0.0
2013-09-03 00:00:00-04:00,0.34676314784933704,0.3509833906437246,0.34394966196959637,0.34605976939201355,284680000,0.0,0.0
2013-09-04 00:00:00-04:00,0.3460597146104351,0.35145224466353475,0.3455908050296327,0.34934213757514954,222080000,0.0,0.0
2013-09-05 00:00:00-04:00,0.34793541080319007,0.35168674367129515,0.347700969967403,0.3502799868583679,174904000,0.0,0.0
2013-09-06 00:00:00-04:00,0.3505144552840542,0.3523901217161822,0.34629421279915407,0.3488732576370239,226756000,0.0,0.0
2013-09-09 00:00:00-04:00,0.35168673461412275,0.3547346889972687,0.35074891539602426,0.3547346889972687,246408000,0.0,0.0
2013-09-10 00:00:00-04:00,0.3573138001224235,0.362471862678888,0.3556725742616594,0.3622373938560486,292132000,0.0,0.0
2013-09-11 00:00:00-04:00,0.3617684023716515,0.36927106761164663,0.35918935770170946,0.36833322048187256,396164000,0.0,0.0
2013-09-12 00:00:00-04:00,0.3664575401845751,0.37278791723289084,0.3664575401845751,0.36809876561164856,303808000,0.0,0.0
2013-09-13 00:00:00-04:00,0.36927114532640926,0.3720846314087435,0.3666921001136957,0.3704434335231781,159696000,0.0,0.0
2013-09-16 00:00:00-04:00,0.37349134247450366,0.37607035942036865,0.369271099895436,0.3706778287887573,231412000,0.0,0.0
2013-09-17 00:00:00-04:00,0.37208460174268154,0.37489808760069837,0.3704434039879678,0.3718501329421997,168608000,0.0,0.0
2013-09-18 00:00:00-04:00,0.37208457647613197,0.37607035016679635,0.3702089100483043,0.3751325309276581,268168000,0.0,0.0
2013-09-19 00:00:00-04:00,0.37677386249867284,0.37747724115282455,0.37185023986917193,0.37349146604537964,227572000,0.0,0.0
2013-09-20 00:00:00-04:00,0.37442925205230354,0.37677382872292314,0.3695056298641789,0.3702090084552765,356036000,0.0,0.0
2013-09-23 00:00:00-04:00,0.3699744315910238,0.37302238596286325,0.3645819012330847,0.36669203639030457,271244000,0.0,0.0
2013-09-24 00:00:00-04:00,0.366926477706338,0.36950549432829227,0.36481634270705,0.36809876561164856,229732000,0.0,0.0
2013-09-25 00:00:00-04:00,0.36739544686131365,0.3713812207958572,0.3657542211680726,0.36856773495674133,233156000,0.0,0.0
2013-09-26 00:00:00-04:00,0.36950562802348885,0.3702090066110826,0.36528538444748493,0.3673955202102661,148816000,0.0,0.0
2013-09-27 00:00:00-04:00,0.3645819584751075,0.3676299133254981,0.3631752294323113,0.36528533697128296,151920000,0.0,0.0
2013-09-30 00:00:00-04:00,0.36153391337857416,0.36739535234784115,0.3594237785799106,0.3648163080215454,226640000,0.0,0.0
2013-10-01 00:00:00-04:00,0.36528532102375616,0.3669265467596984,0.3624718351114394,0.3645819425582886,226976000,0.0,0.0
2013-10-02 00:00:00-04:00,0.36083056441624684,0.36575415678056017,0.36083056441624684,0.3643474280834198,162036000,0.0,0.0
2013-10-03 00:00:00-04:00,0.3645818335999317,0.36786425614128293,0.35895486345696564,0.36059606075286865,436768000,0.0,0.0
2013-10-04 00:00:00-04:00,0.3601273195679274,0.3685678066772836,0.3591894721393554,0.36551985144615173,246228000,0.0,0.0
2013-10-07 00:00:00-04:00,0.3641130942780729,0.36809889693777675,0.3622374273704873,0.36551985144615173,169952000,0.0,0.0
2013-10-08 00:00:00-04:00,0.3645819562523797,0.3697400465598497,0.3596583627082783,0.3624718487262726,290712000,0.0,0.0
2013-10-09 00:00:00-04:00,0.36481632721427165,0.36505079596519585,0.3549691148177574,0.3568447530269623,275860000,0.0,0.0
2013-10-10 00:00:00-04:00,0.3594238779111651,0.3617684541468247,0.3568448328721182,0.3608306348323822,223484000,0.0,0.0
2013-10-11 00:00:00-04:00,0.35520367618211507,0.35965838831485974,0.35403138792869115,0.3577827215194702,213704000,0.0,0.0
2013-10-14 00:00:00-04:00,0.35684468868722913,0.36317506432533264,0.35684468868722913,0.36317506432533264,166628000,0.0,0.0
2013-10-15 00:00:00-04:00,0.3631750613665031,0.36528516792898497,0.36106492685447944,0.36129939556121826,208820000,0.0,0.0
2013-10-16 00:00:00-04:00,0.3634096407458523,0.36716097378736334,0.3629407311030516,0.36575421690940857,210072000,0.0,0.0
2013-10-17 00:00:00-04:00,0.3629407174074553,0.3673954287198449,0.3629407174074553,0.36645758152008057,213324000,0.0,0.0
2013-10-18 00:00:00-04:00,0.3657542077882531,0.37185011684130104,0.3643474788949318,0.3706778287887573,255068000,0.0,0.0
2013-10-21 00:00:00-04:00,0.37513260241793644,0.3753670432976236,0.3704434494295152,0.3716157376766205,195008000,0.0,0.0
2013-10-22 00:00:00-04:00,0.37161567578073224,0.37185011662137124,0.36645758599294925,0.36974000930786133,179452000,0.0,0.0
2013-10-23 00:00:00-04:00,0.3690366681946435,0.3690366681946435,0.3622373800368056,0.3634096682071686,252216000,0.0,0.0
2013-10-24 00:00:00-04:00,0.3643474991858716,0.36669207542153115,0.3601272563717737,0.3608306348323822,236436000,0.0,0.0
2013-10-25 00:00:00-04:00,0.3627062525779609,0.36294069340023094,0.356141434412056,0.35731372237205505,330492000,0.0,0.0
2013-10-28 00:00:00-04:00,0.356844798592696,0.3584860241596401,0.35168673695965214,0.35661035776138306,394024000,0.0,0.0
2013-10-29 00:00:00-04:00,0.356141448277141,0.35778264589512393,0.35285902509162437,0.35707926750183105,387952000,0.0,0.0
2013-10-30 00:00:00-04:00,0.35825150963341307,0.35989270704124093,0.3537967990126836,0.3568447530269623,204032000,0.0,0.0
2013-10-31 00:00:00-04:00,0.35731373602572963,0.3598927528665473,0.35543806962814817,0.35614144802093506,293368000,0.0,0.0
2013-11-01 00:00:00-04:00,0.35801716240042103,0.3594239194843523,0.35520367618211507,0.3577827215194702,206136000,0.0,0.0
2013-11-04 00:00:00-05:00,0.35895493796852956,0.35895493796852956,0.34676312021209377,0.34746649861335754,410264000,0.0,0.0
2013-11-05 00:00:00-05:00,0.3453564802210071,0.34863887633874635,0.34160514641539813,0.3469976782798767,422368000,0.0,0.0
2013-11-06 00:00:00-05:00,0.34699756172158874,0.34957660634032517,0.34348069794124747,0.34934213757514954,198044000,0.0,0.0
2013-11-07 00:00:00-05:00,0.34816982497015314,0.3491076440652855,0.3404327196118973,0.34113609790802,553076000,0.0,0.0
2013-11-08 00:00:00-05:00,0.35168667355056904,0.3659885958153988,0.35027991701812666,0.3648163080215454,734532000,0.0,0.0
2013-11-11 00:00:00-05:00,0.3634095997633043,0.368802129921266,0.3627062493531979,0.36786431074142456,297624000,0.0,0.0
2013-11-12 00:00:00-05:00,0.3695055542532623,0.3716156895947639,0.3643474922232911,0.36856773495674133,316032000,0.0,0.0
2013-11-13 00:00:00-05:00,0.3676298832623369,0.37864941358566284,0.3669265327732331,0.37864941358566284,332792000,0.0,0.0
2013-11-14 00:00:00-05:00,0.3774771415548504,0.3826352037417312,0.3772426727488111,0.3802906274795532,307980000,0.0,0.0
2013-11-15 00:00:00-05:00,0.38169736828533213,0.3821662779280398,0.375366990285344,0.37911832332611084,450332000,0.0,0.0
2013-11-18 00:00:00-05:00,0.3709122217912556,0.3741946164878714,0.36903655570052685,0.36997437477111816,316948000,0.0,0.0
2013-11-19 00:00:00-05:00,0.36820643312801804,0.37150660436403476,0.36349188673318666,0.3639633357524872,206716000,0.002125,0.0
2013-11-20 00:00:00-05:00,0.3641991432038197,0.3651420695944504,0.3578345094959748,0.35854169726371765,204776000,0.0,0.0
2013-11-21 00:00:00-05:00,0.359013051883952,0.36207751267004834,0.3573629662609504,0.361370325088501,213568000,0.0,0.0
2013-11-22 00:00:00-05:00,0.3618418477970935,0.3618418477970935,0.3571273004278939,0.35783448815345764,158668000,0.0,0.0
2013-11-25 00:00:00-05:00,0.35783451087216833,0.3660849692920845,0.35783451087216833,0.36561352014541626,248208000,0.0,0.0
2013-11-26 00:00:00-05:00,0.369620812263038,0.37268527330580675,0.36726353886104907,0.36867791414260864,753176000,0.0,0.0
2013-11-27 00:00:00-05:00,0.3684421886401098,0.37127093930363714,0.3660849151544481,0.3700923025608063,181272000,0.0,0.0
2013-11-29 00:00:00-05:00,0.370092360021805,0.37103525832209866,0.3653777842175741,0.3677350580692291,116964000,0.0,0.0
2013-12-02 00:00:00-05:00,0.36632075705946304,0.37386402872088054,0.3656135691941279,0.3712710440158844,373872000,0.0,0.0
2013-12-03 00:00:00-05:00,0.3712711059451844,0.3762213656264016,0.36867809270674023,0.3710353672504425,290560000,0.0,0.0
2013-12-04 00:00:00-05:00,0.3700923739841522,0.3769284571714859,0.3691494475473642,0.37622126936912537,493176000,0.0,0.0
2013-12-05 00:00:00-05:00,0.3769283844288587,0.3769283844288587,0.36962082538294067,0.3700923025608063,271812000,0.0,0.0
2013-12-06 00:00:00-05:00,0.3745711484791255,0.3745711484791255,0.3637276781180863,0.36467060446739197,281000000,0.0,0.0
2013-12-09 00:00:00-05:00,0.36467062044959536,0.3658492573621933,0.3578345094959748,0.35854169726371765,385220000,0.0,0.0
2013-12-10 00:00:00-05:00,0.3585415969054124,0.36844213857982017,0.3580701478925192,0.36679205298423767,524268000,0.0,0.0
2013-12-11 00:00:00-05:00,0.3674991936158266,0.3679706425685048,0.36254890936043294,0.3632560968399048,414156000,0.0,0.0
2013-12-12 00:00:00-05:00,0.3620776681158757,0.36396349310931286,0.35547729468930833,0.3561844825744629,258724000,0.0,0.0
2013-12-13 00:00:00-05:00,0.3568915762351483,0.35948456032822995,0.3535913763427018,0.3540628254413605,184588000,0.0,0.0
2013-12-16 00:00:00-05:00,0.35429864723196236,0.35759881979838537,0.35406290857682166,0.3545343577861786,237620000,0.0,0.0
2013-12-17 00:00:00-05:00,0.35429865758102574,0.35712738102071884,0.35123419547930607,0.3561844825744629,274104000,0.0,0.0
2013-12-18 00:00:00-05:00,0.35689160776171736,0.3618418658862989,0.35241277067652027,0.36113467812538147,426232000,0.0,0.0
2013-12-19 00:00:00-05:00,0.360663123225144,0.3630203963363479,0.35830585011394006,0.36254894733428955,258544000,0.0,0.0
2013-12-20 00:00:00-05:00,0.36325622404156377,0.3700923346023844,0.36231329770511317,0.369856595993042,382080000,0.0,0.0
2013-12-23 00:00:00-05:00,0.3719780743122101,0.3750425352614511,0.3689136414638838,0.3719780743122101,168568000,0.0,0.0
2013-12-24 00:00:00-05:00,0.37409968641505337,0.37409968641505337,0.36914940052995426,0.37292104959487915,79600000,0.0,0.0
2013-12-26 00:00:00-05:00,0.3743355297319967,0.37551416688187,0.3684423158817038,0.3693852424621582,168920000,0.0,0.0
2013-12-27 00:00:00-05:00,0.3712710102482691,0.3722139085823417,0.3691494468452229,0.3715067207813263,210976000,0.0,0.0
2013-12-30 00:00:00-05:00,0.3717423695991136,0.3766926549092675,0.3712709205459835,0.3764569163322449,248180000,0.0,0.0
2013-12-31 00:00:00-05:00,0.37716420860339334,0.37952148262396457,0.3748069345828221,0.377635657787323,235776000,0.0,0.0
2014-01-02 00:00:00-05:00,0.37527837067861025,0.3766927462819946,0.37056382280189154,0.37386399507522583,260092000,0.0,0.0
2014-01-03 00:00:00-05:00,0.3745712403014156,0.37527842821152485,0.36820660531228483,0.3693852424621582,259332000,0.0,0.0
2014-01-06 00:00:00-05:00,0.373156862176524,0.37716425094208406,0.3696209507487423,0.37433552742004395,409492000,0.0,0.0
2014-01-07 00:00:00-05:00,0.37810713065318186,0.38187878056269414,0.3755141459287012,0.3804644048213959,333288000,0.0,0.0
2014-01-08 00:00:00-05:00,0.38187865823870704,0.38753613129076464,0.3804642829504637,0.38565030694007874,308192000,0.0,0.0
2014-01-09 00:00:00-05:00,0.37975721409713237,0.38046440196246745,0.370092406940634,0.3712710440158844,292172000,0.0,0.0
2014-01-10 00:00:00-05:00,0.37244962581224683,0.3750426101323928,0.3674993395905458,0.3707995116710663,218492000,0.0,0.0
2014-01-13 00:00:00-05:00,0.3707995009944355,0.37315677472719594,0.3613704060633937,0.36207759380340576,243332000,0.0,0.0
2014-01-14 00:00:00-05:00,0.3639633109779275,0.3740995906570328,0.3623131973713274,0.37339240312576294,241828000,0.0,0.0
2014-01-15 00:00:00-05:00,0.3750426177662975,0.37881426716445216,0.3733925316924501,0.37739989161491394,175044000,0.0,0.0
2014-01-16 00:00:00-05:00,0.37739987698209326,0.37928570160805203,0.3757497909722242,0.3785785138607025,220652000,0.0,0.0
2014-01-17 00:00:00-05:00,0.3785785946436804,0.3830574325986641,0.37457123402148235,0.37692850828170776,340400000,0.0,0.0
2014-01-21 00:00:00-05:00,0.37739979173551874,0.38069999111073183,0.37433535902406057,0.37834271788597107,246076000,0.0,0.0
2014-01-22 00:00:00-05:00,0.3790500012653273,0.3795214504092391,0.37339252723562305,0.3778713643550873,337940000,0.0,0.0
2014-01-23 00:00:00-05:00,0.3766926549092675,0.380700014012246,0.37362819391254914,0.3764569163322449,185028000,0.0,0.0
2014-01-24 00:00:00-05:00,0.37339242346748047,0.3748067986070728,0.36679205298423767,0.36679205298423767,246696000,0.0,0.0
2014-01-27 00:00:00-05:00,0.3667922018238808,0.3719781992719436,0.36231336413165793,0.3644349277019501,233812000,0.0,0.0
2014-01-28 00:00:00-05:00,0.36372769591216036,0.36820653306340473,0.36231332036946834,0.3679707944393158,167996000,0.0,0.0
2014-01-29 00:00:00-05:00,0.36655646317131807,0.3686780267416102,0.3641991890493873,0.3644349277019501,162944000,0.0,0.0
2014-01-30 00:00:00-05:00,0.3665564465987825,0.37127102273041546,0.365377809591105,0.3705638349056244,202896000,0.0,0.0
2014-01-31 00:00:00-05:00,0.3653777274885663,0.3722138374575352,0.36514201700055,0.3700923025608063,335348000,0.0,0.0
2014-02-03 00:00:00-05:00,0.3726852263133142,0.3731566753140831,0.363727582895057,0.36514195799827576,431728000,0.0,0.0
2014-02-04 00:00:00-05:00,0.36490634123984966,0.36797080291902096,0.3630205165064426,0.3672636151313782,280692000,0.0,0.0
2014-02-05 00:00:00-05:00,0.36467052333189454,0.36584915993060235,0.3611345854348579,0.3639633357524872,214676000,0.0,0.0
2014-02-06 00:00:00-05:00,0.3644348163988454,0.369620812263038,0.3639633673386307,0.36867791414260864,168380000,0.0,0.0
2014-02-07 00:00:00-05:00,0.3696208941289833,0.3745711806099467,0.3663207218756222,0.3740997314453125,157248000,0.0,0.0
2014-02-10 00:00:00-05:00,0.37362823795784483,0.3802286097824987,0.37339249935303204,0.3752783238887787,324372000,0.0,0.0
2014-02-11 00:00:00-05:00,0.3773998525665438,0.38400022427993447,0.37551405616350475,0.3830573260784149,235384000,0.0,0.0
2014-02-12 00:00:00-05:00,0.3842359439906738,0.39955824976896415,0.3842359439906738,0.3967294991016388,744528000,0.0,0.0
2014-02-13 00:00:00-05:00,0.406630154769826,0.4115804413658444,0.3995583328331841,0.40922313928604126,902836000,0.0,0.0
2014-02-14 00:00:00-05:00,0.4054514495260578,0.4231310013914594,0.40521571092748543,0.4221881031990051,817536000,0.0,0.0
2014-02-18 00:00:00-05:00,0.4224238440285534,0.42383819132470457,0.4184164564371637,0.42195236682891846,428988000,0.0,0.0
2014-02-19 00:00:00-05:00,0.42195241654543675,0.4313815401353532,0.42006659182745343,0.4276098906993866,450340000,0.0,0.0
2014-02-20 00:00:00-05:00,0.42855278106842376,0.4436393504318708,0.4278456214005871,0.4426964521408081,398088000,0.0,0.0
2014-02-21 00:00:00-05:00,0.4419892147247778,0.4476466881384293,0.43656747990787254,0.4393962025642395,451052000,0.0,0.0
2014-02-24 00:00:00-05:00,0.43845337507852067,0.4490611078260535,0.4344460149940816,0.44576093554496765,403112000,0.0,0.0
2014-02-25 00:00:00-05:00,0.44516884827411957,0.4470631876424757,0.43901225238391195,0.4437480866909027,242184000,0.002125,0.0
2014-02-26 00:00:00-05:00,0.442801034681907,0.449431209907904,0.44161707582825777,0.44303783774375916,360884000,0.0,0.0
2014-02-27 00:00:00-05:00,0.44303789982193953,0.447536932805086,0.4368813016291826,0.4380652606487274,388848000,0.0,0.0
2014-02-28 00:00:00-05:00,0.4356973063411845,0.4399595641023075,0.42883032766276197,0.4352237284183502,321692000,0.0,0.0
2014-03-03 00:00:00-05:00,0.42551514542172514,0.43309247493743896,0.42172646654996815,0.43309247493743896,375948000,0.0,0.0
2014-03-04 00:00:00-05:00,0.4352237836037615,0.4404331978710953,0.4345134025155317,0.43759170174598694,260344000,0.0,0.0
2014-03-05 00:00:00-05:00,0.4371179164129321,0.44161697597622046,0.435223605257652,0.44138017296791077,241472000,0.0,0.0
2014-03-06 00:00:00-05:00,0.4420906788689654,0.4444585967109441,0.43451334742019515,0.4352237284183502,290144000,0.0,0.0
2014-03-07 00:00:00-05:00,0.43711790782706417,0.43782828861024053,0.4314349180172507,0.4347499907016754,268452000,0.0,0.0
2014-03-10 00:00:00-04:00,0.4333293453603412,0.4352236850909,0.42646236736554105,0.42835670709609985,300888000,0.0,0.0
2014-03-11 00:00:00-04:00,0.4304877438352977,0.4364075650086492,0.42906701046504486,0.4326188862323761,297220000,0.0,0.0
2014-03-12 00:00:00-04:00,0.4304878012700345,0.4364076232331956,0.4288302646696949,0.43380290269851685,239428000,0.0,0.0
2014-03-13 00:00:00-04:00,0.4347500930538097,0.4364076580140572,0.4179378662143693,0.42006900906562805,385172000,0.0,0.0
2014-03-14 00:00:00-04:00,0.4158067061135083,0.4257519536482397,0.4158067061135083,0.42196327447891235,460048000,0.0,0.0
2014-03-17 00:00:00-04:00,0.42314723319085185,0.426225531487455,0.421489696639697,0.42196327447891235,299656000,0.0,0.0
2014-03-18 00:00:00-04:00,0.42362083694003494,0.43475004312581256,0.4217264973657361,0.4319085478782654,293904000,0.0,0.0
2014-03-19 00:00:00-04:00,0.43522379656324417,0.44777376873629665,0.4340398092290655,0.439486026763916,366168000,0.0,0.0
2014-03-20 00:00:00-04:00,0.4371178776498042,0.4435112760292125,0.43522356666250955,0.43972259759902954,191800000,0.0,0.0
2014-03-21 00:00:00-04:00,0.4435113188435521,0.4470631946293049,0.436644342054417,0.4390122592449188,566116000,0.0,0.0
2014-03-24 00:00:00-04:00,0.43924904205490317,0.44280091767731233,0.43048772627072207,0.4368811249732971,306096000,0.0,0.0
2014-03-25 00:00:00-04:00,0.4416169591365093,0.44209053690727085,0.4335660241223696,0.4368811249732971,304424000,0.0,0.0
2014-03-26 00:00:00-04:00,0.4409064869897351,0.4491941950577503,0.42314708433048165,0.42693576216697693,557756000,0.0,0.0
2014-03-27 00:00:00-04:00,0.4259887711332207,0.42954064738953496,0.41651707288857936,0.42125293612480164,540728000,0.0,0.0
2014-03-28 00:00:00-04:00,0.4205426152161588,0.42646240982111,0.41935865629516855,0.4238576889038086,398820000,0.0,0.0
2014-03-31 00:00:00-04:00,0.4245680462516331,0.42835672587887846,0.42172655064510195,0.42409446835517883,273404000,0.0,0.0
2014-04-01 00:00:00-04:00,0.4375916467406719,0.4468265150434029,0.4323822049003546,0.44161710143089294,656272000,0.0,0.0
2014-04-02 00:00:00-04:00,0.44161703473699704,0.4425641904406639,0.43688119976305656,0.43877553939819336,239948000,0.0,0.0
2014-04-03 00:00:00-04:00,0.4397226580904738,0.4541669648363385,0.4394858550705872,0.44351133704185486,599548000,0.0,0.0
2014-04-04 00:00:00-04:00,0.4458793187389468,0.44848403942276094,0.42788313346195134,0.42977747321128845,368032000,0.0,0.0
2014-04-07 00:00:00-04:00,0.4300142209814658,0.43948589090439755,0.42764630350073285,0.4311981797218323,428576000,0.0,0.0
2014-04-08 00:00:00-04:00,0.43119821520897683,0.4477736671660521,0.4304878342607327,0.44658970832824707,470692000,0.0,0.0
2014-04-09 00:00:00-04:00,0.4487208104828138,0.45250948994968865,0.44256421340609337,0.4461160898208618,421968000,0.0,0.0
2014-04-10 00:00:00-04:00,0.4442218218634306,0.45037839131589075,0.4338029664220401,0.4352237284183502,372748000,0.0,0.0
2014-04-11 00:00:00-04:00,0.4319086006495812,0.4385387758558119,0.42338408563759805,0.42906710505485535,353112000,0.0,0.0
2014-04-14 00:00:00-04:00,0.43190856305764164,0.4354604392988564,0.42906706771023045,0.43380290269851685,290184000,0.0,0.0
2014-04-15 00:00:00-04:00,0.4342764048924111,0.43924904205490317,0.4300141484999605,0.4368811249732971,304636000,0.0,0.0
2014-04-16 00:00:00-04:00,0.4390123207491875,0.4394858986080748,0.4323821460413554,0.4378283619880676,235136000,0.0,0.0
2014-04-17 00:00:00-04:00,0.4361709525572131,0.44351151030781316,0.43522379656324417,0.439486026763916,153532000,0.0,0.0
2014-04-21 00:00:00-04:00,0.43972273601685785,0.4442217965974084,0.4368812404136607,0.44303783774375916,117004000,0.0,0.0
2014-04-22 00:00:00-04:00,0.4437481891239315,0.44966801160197684,0.4413802714238356,0.4468264877796173,255120000,0.0,0.0
2014-04-23 00:00:00-04:00,0.44753675509920704,0.4532197730731208,0.446826374323993,0.4520358145236969,261580000,0.0,0.0
2014-04-24 00:00:00-04:00,0.4551140885122147,0.4607970779600723,0.4551140885122147,0.4560612440109253,391492000,0.0,0.0
2014-04-25 00:00:00-04:00,0.4551141486880841,0.45937640545143765,0.4425641531901093,0.44351133704185486,313600000,0.0,0.0
2014-04-28 00:00:00-04:00,0.44706331811898364,0.44943123596356155,0.43617088474280225,0.44161710143089294,226788000,0.0,0.0
2014-04-29 00:00:00-04:00,0.44327454047392795,0.44422172433946006,0.43759155019193974,0.4425641596317291,171300000,0.0,0.0
2014-04-30 00:00:00-04:00,0.4418538032914698,0.4423273811063419,0.43640758785093814,0.4373547434806824,305740000,0.0,0.0
2014-05-01 00:00:00-04:00,0.44398485377603614,0.44493200926968346,0.4361707221561569,0.43972259759902954,198104000,0.0,0.0
2014-05-02 00:00:00-04:00,0.4418538717620118,0.4418538717620118,0.43380293475039317,0.4364076554775238,156376000,0.0,0.0
2014-05-05 00:00:00-04:00,0.4359340710128335,0.44445858633609464,0.4354604931010538,0.4411435127258301,239260000,0.0,0.0
2014-05-06 00:00:00-04:00,0.44540576754876227,0.44919441904666035,0.4309614578507959,0.4321454167366028,416188000,0.0,0.0
2014-05-07 00:00:00-04:00,0.4321453084422918,0.43617076199970733,0.42788305187593445,0.4326188862323761,293900000,0.0,0.0
2014-05-08 00:00:00-04:00,0.43096150653145854,0.44493221167096353,0.42883036335959207,0.4380652606487274,432728000,0.0,0.0
2014-05-09 00:00:00-04:00,0.42480471873294023,0.4288301719571248,0.41935850402831537,0.42740941047668457,539532000,0.0,0.0
2014-05-12 00:00:00-04:00,0.4283567127028479,0.4409066818257862,0.42811990964800184,0.4399595260620117,299856000,0.0,0.0
2014-05-13 00:00:00-04:00,0.4340395645179539,0.44114334337886346,0.4314348728891563,0.43285560607910156,221104000,0.0,0.0
2014-05-14 00:00:00-04:00,0.43309248675426754,0.43475002322046163,0.4283566521492552,0.4285934269428253,214320000,0.0,0.0
2014-05-15 00:00:00-04:00,0.4276463347077175,0.43001425236124646,0.42196331540256504,0.42622557282447815,325896000,0.0,0.0
2014-05-16 00:00:00-04:00,0.42291038897215644,0.4283566037987423,0.42291038897215644,0.42527830600738525,283960000,0.0,0.0
2014-05-19 00:00:00-04:00,0.42977739349308136,0.4413801764354207,0.42788305409512,0.4390122592449188,360076000,0.0,0.0
2014-05-20 00:00:00-04:00,0.439131229155978,0.44032064091330053,0.4317568932752664,0.43389782309532166,256200000,0.002125,0.0
2014-05-21 00:00:00-04:00,0.4355629938840105,0.4393691228505678,0.43128110588608687,0.43389782309532166,216712000,0.0,0.0
2014-05-22 00:00:00-04:00,0.4329463273031827,0.4381797336330435,0.4329463273031827,0.4358009099960327,130364000,0.0,0.0
2014-05-23 00:00:00-04:00,0.4381797651383599,0.4419858945743654,0.43556304760637904,0.43984493613243103,182656000,0.0,0.0
2014-05-27 00:00:00-04:00,0.4424617284792021,0.44769513607025146,0.44103442260990616,0.44769513607025146,209680000,0.0,0.0
2014-05-28 00:00:00-04:00,0.44936017159119135,0.4543556835936546,0.44507828390492926,0.45150110125541687,224676000,0.0,0.0
2014-05-29 00:00:00-04:00,0.4512632436806435,0.4550693726746703,0.4498359665762435,0.4507874846458435,171884000,0.0,0.0
2014-05-30 00:00:00-04:00,0.4507875132931656,0.45316633697615205,0.4484086896101791,0.4519769251346588,239128000,0.0,0.0
2014-06-02 00:00:00-04:00,0.45340421495986816,0.456258797608869,0.4467435032069901,0.4505496323108673,181500000,0.0,0.0
2014-06-03 00:00:00-04:00,0.4515012178927923,0.45197697701243406,0.4426995465692371,0.4486466348171234,243212000,0.0,0.0
2014-06-04 00:00:00-04:00,0.4474570795158178,0.45245259120869025,0.44721918585328657,0.44912225008010864,161236000,0.0,0.0
2014-06-05 00:00:00-04:00,0.4498360442189075,0.4524527335408604,0.4472193265391363,0.45102545619010925,188696000,0.0,0.0
2014-06-06 00:00:00-04:00,0.4531663604385433,0.45673459614776607,0.4515011894458027,0.45269060134887695,161052000,0.0,0.0
2014-06-09 00:00:00-04:00,0.4522148176935084,0.4574482241111771,0.44912234124194483,0.45316633582115173,247456000,0.0,0.0
2014-06-10 00:00:00-04:00,0.4515011626353833,0.45768611550722976,0.4495980980319063,0.4555451571941376,217608000,0.0,0.0
2014-06-11 00:00:00-04:00,0.4538799527749647,0.46268162237119387,0.4538799527749647,0.4614922106266022,266228000,0.0,0.0
2014-06-12 00:00:00-04:00,0.4614922433585847,0.466487756025496,0.4574482204538945,0.46434682607650757,337148000,0.0,0.0
2014-06-13 00:00:00-04:00,0.4691044485780749,0.4693423422744074,0.4603027788231573,0.46482256054878235,227852000,0.0,0.0
2014-06-16 00:00:00-04:00,0.4626816135757295,0.46648771407138234,0.45935124373949443,0.46339523792266846,198620000,0.0,0.0
2014-06-17 00:00:00-04:00,0.4638711058862471,0.46839085987187007,0.4614922820290103,0.4664877951145172,157608000,0.0,0.0
2014-06-18 00:00:00-04:00,0.4652984375324761,0.46815304918083095,0.4610165484177644,0.4660120904445648,215536000,0.0,0.0
2014-06-19 00:00:00-04:00,0.4574480851633568,0.45982690811772337,0.4519767866967523,0.45530715584754944,474592000,0.0,0.0
2014-06-20 00:00:00-04:00,0.45649664261346684,0.45816181328459415,0.4467434555488749,0.45031169056892395,353148000,0.0,0.0
2014-06-23 00:00:00-04:00,0.444364660629451,0.44531617868587764,0.4391312262456657,0.4450783133506775,414200000,0.0,0.0
2014-06-24 00:00:00-04:00,0.44436462369044494,0.44793285864214505,0.4362766074519049,0.4381796717643738,275780000,0.0,0.0
2014-06-25 00:00:00-04:00,0.43936920934931323,0.4429374453237604,0.43532521424983683,0.4426995515823364,215420000,0.0,0.0
2014-06-26 00:00:00-04:00,0.442699527988004,0.44293742171674905,0.43532519104853074,0.43675246834754944,256908000,0.0,0.0
2014-06-27 00:00:00-04:00,0.4362766563779737,0.4398448917298321,0.433659939110152,0.4372282028198242,302820000,0.0,0.0
2014-06-30 00:00:00-04:00,0.43556295810613244,0.442223669071579,0.43556295810613244,0.4410342574119568,180512000,0.0,0.0
2014-07-01 00:00:00-04:00,0.44055854205217504,0.4486465591533223,0.43913123657614506,0.4460298418998718,321180000,0.0,0.0
2014-07-02 00:00:00-04:00,0.4443647265434265,0.4462677912963801,0.4417480089633882,0.4443647265434265,179284000,0.0,0.0
2014-07-03 00:00:00-04:00,0.44032061694629165,0.44959804516311713,0.44032061694629165,0.4484086334705353,136892000,0.0,0.0
2014-07-07 00:00:00-04:00,0.44912225911577663,0.44936015278309394,0.44412671896459205,0.44484037160873413,127496000,0.0,0.0
2014-07-08 00:00:00-04:00,0.44365111262121004,0.44555417754104815,0.43699039958068653,0.4412722885608673,221940000,0.0,0.0
2014-07-09 00:00:00-04:00,0.4450783925606463,0.45649675305893994,0.4417480220548259,0.454593688249588,387668000,0.0,0.0
2014-07-10 00:00:00-04:00,0.4460298839060814,0.45411790176894207,0.4424616482377707,0.4522148370742798,266308000,0.0,0.0
2014-07-11 00:00:00-04:00,0.4526905767573301,0.4545936413704319,0.45102540585504663,0.45316633582115173,191188000,0.0,0.0
2014-07-14 00:00:00-04:00,0.4550693485219779,0.46006488901677434,0.4534041778096497,0.45887547731399536,272636000,0.0,0.0
2014-07-15 00:00:00-04:00,0.45958921190462265,0.46196803573407974,0.456496735254765,0.4607786238193512,395440000,0.0,0.0
2014-07-16 00:00:00-04:00,0.46268156207010375,0.4662497968388325,0.45768602205075987,0.4603027105331421,319728000,0.0,0.0
2014-07-17 00:00:00-04:00,0.45506933564551266,0.463871004683278,0.45506933564551266,0.45911332964897156,324832000,0.0,0.0
2014-07-18 00:00:00-04:00,0.44959806524493495,0.4531663004820599,0.4379418131223058,0.43865546584129333,567816000,0.0,0.0
2014-07-21 00:00:00-04:00,0.43699039958068653,0.4443647655108768,0.43699039958068653,0.4412722885608673,243364000,0.0,0.0
2014-07-22 00:00:00-04:00,0.44460245787301156,0.4469812810075702,0.43841753473784434,0.4393690526485443,298816000,0.0,0.0
2014-07-23 00:00:00-04:00,0.43960709256503755,0.4398449579429475,0.4296160093895512,0.4300917685031891,297352000,0.0,0.0
2014-07-24 00:00:00-04:00,0.4324705261318124,0.43365993791248036,0.42771287900914073,0.43080535531044006,254576000,0.0,0.0
2014-07-25 00:00:00-04:00,0.4293780209432448,0.4303295673184502,0.42247944442261187,0.423193097114563,266132000,0.0,0.0
2014-07-28 00:00:00-04:00,0.4250962175686727,0.4250962175686727,0.4143915101370076,0.4215279817581177,330352000,0.0,0.0
2014-07-29 00:00:00-04:00,0.42176574380711984,0.42866434790170393,0.42152785015089644,0.42295515537261963,217972000,0.0,0.0
2014-07-30 00:00:00-04:00,0.4255720143869019,0.4312811804661929,0.4243826024238981,0.4300917685031891,246184000,0.0,0.0
2014-07-31 00:00:00-04:00,0.4248583216071121,0.4281886634473924,0.41558089215293337,0.41629454493522644,401880000,0.0,0.0
2014-08-01 00:00:00-04:00,0.41629464165378655,0.42319324900829924,0.41486733575759166,0.4208144247531891,219884000,0.0,0.0
2014-08-04 00:00:00-04:00,0.4203385062235771,0.42390674149425417,0.4177218173731018,0.4198627471923828,241724000,0.0,0.0
2014-08-05 00:00:00-04:00,0.4186733536186193,0.42628561187958386,0.4151051181929726,0.4201006591320038,298136000,0.0,0.0
2014-08-06 00:00:00-04:00,0.4172459836453558,0.4248582407303111,0.414153536107129,0.41962483525276184,223456000,0.0,0.0
2014-08-07 00:00:00-04:00,0.42319317044444316,0.42699927153134115,0.4124884349259101,0.4153430461883545,407696000,0.0,0.0
2014-08-08 00:00:00-04:00,0.43342209473580123,0.4543557488176453,0.43342209473580123,0.4519769251346588,894348000,0.0,0.0
2014-08-11 00:00:00-04:00,0.4524526565328174,0.4543557210343998,0.4484086621905883,0.4495980739593506,344624000,0.0,0.0
2014-08-12 00:00:00-04:00,0.4493602086202862,0.4519768974968752,0.4446025331874236,0.4495980739593506,296152000,0.0,0.0
2014-08-13 00:00:00-04:00,0.4503117723796175,0.4560209664636044,0.4474571895165322,0.4522148370742798,256596000,0.0,0.0
2014-08-14 00:00:00-04:00,0.4538799339490474,0.4538799339490474,0.44531615840006783,0.44721922278404236,255992000,0.0,0.0
2014-08-15 00:00:00-04:00,0.44864656555250293,0.45554514261681256,0.44436467742115277,0.45292845368385315,369796000,0.0,0.0
2014-08-18 00:00:00-04:00,0.45483144196856345,0.4595891170028699,0.4503116889690173,0.45911332964897156,284076000,0.0,0.0
2014-08-19 00:00:00-04:00,0.4592328740955673,0.46520624069364325,0.45756030866149905,0.46281689405441284,248260000,0.002125,0.0
2014-08-20 00:00:00-04:00,0.4611442559465115,0.46329468467287815,0.4587549096838291,0.4599495828151703,221468000,0.0,0.0
2014-08-21 00:00:00-04:00,0.45875490587913414,0.46114425212200044,0.45493196898050053,0.4556487500667572,272796000,0.0,0.0
2014-08-22 00:00:00-04:00,0.45517092525945785,0.4597107005972866,0.45230371522060925,0.45588773488998413,251224000,0.0,0.0
2014-08-25 00:00:00-04:00,0.4577992733208571,0.4609054297747233,0.4556488441682144,0.45660459995269775,153380000,0.0,0.0
2014-08-26 00:00:00-04:00,0.4577992040288963,0.46568405276195823,0.45612666726327844,0.46472832560539246,269636000,0.0,0.0
2014-08-27 00:00:00-04:00,0.46186113862350936,0.46544515858479735,0.4587549822937414,0.45947179198265076,182972000,0.0,0.0
2014-08-28 00:00:00-04:00,0.4585160513492073,0.46425047172674794,0.4570824320131932,0.46329474449157715,179704000,0.0,0.0
2014-08-29 00:00:00-04:00,0.4649672431529061,0.46568405276195823,0.459949604372797,0.46472832560539246,207932000,0.0,0.0
2014-09-02 00:00:00-04:00,0.465923011302948,0.465923011302948,0.461622182016412,0.465923011302948,192636000,0.0,0.0
2014-09-03 00:00:00-04:00,0.4683123611895772,0.4718963808742007,0.46520620509958555,0.4702238440513611,259456000,0.0,0.0
2014-09-04 00:00:00-04:00,0.4695070323365006,0.48145379304887653,0.46926808629861566,0.4785865545272827,491832000,0.0,0.0
2014-09-05 00:00:00-04:00,0.47810879026094943,0.48025921972700386,0.4740469059138653,0.47715306282043457,253792000,0.0,0.0
2014-09-08 00:00:00-04:00,0.4766752268252885,0.47763095432139185,0.4709407763988715,0.47285225987434387,319288000,0.0,0.0
2014-09-09 00:00:00-04:00,0.47070170770363484,0.4738078637940069,0.4664008783849086,0.466878741979599,198588000,0.0,0.0
2014-09-10 00:00:00-04:00,0.469507093511779,0.47022390323557545,0.4642505078594449,0.4685513377189636,172376000,0.0,0.0
2014-09-11 00:00:00-04:00,0.46520624411845973,0.4668787810815824,0.458754985358437,0.46377262473106384,250720000,0.0,0.0
2014-09-12 00:00:00-04:00,0.4666397365816533,0.4666397365816533,0.4563655424280867,0.45684340596199036,262536000,0.0,0.0
2014-09-15 00:00:00-04:00,0.4582771955104426,0.4589940053195533,0.4487198073443355,0.4506312906742096,294152000,0.0,0.0
2014-09-16 00:00:00-04:00,0.44943655555770234,0.459710752124831,0.4480029361359599,0.4573214054107666,219936000,0.0,0.0
2014-09-17 00:00:00-04:00,0.4561267099579897,0.4618611304006528,0.45397628092954734,0.45756030082702637,173584000,0.0,0.0
2014-09-18 00:00:00-04:00,0.4604276056896413,0.4649673534854531,0.45899398613135217,0.46448948979377747,219604000,0.0,0.0
2014-09-19 00:00:00-04:00,0.46592301275083897,0.4664008763434377,0.45517092525945785,0.45588773488998413,601316000,0.0,0.0
2014-09-22 00:00:00-04:00,0.4652062838188172,0.4652062838188172,0.45087017417120184,0.45134806632995605,221464000,0.0,0.0
2014-09-23 00:00:00-04:00,0.44895871279468563,0.45445421653795776,0.4472861756075844,0.44943660497665405,196144000,0.0,0.0
2014-09-24 00:00:00-04:00,0.4491975722584987,0.4534984016839659,0.44871970865194843,0.45206478238105774,159592000,0.0,0.0
2014-09-25 00:00:00-04:00,0.4515868384264422,0.4527815114718857,0.4413126445389773,0.44226837158203125,298440000,0.0,0.0
2014-09-26 00:00:00-04:00,0.44370208509123293,0.4465692953140579,0.4417906021149302,0.4432242214679718,241188000,0.0,0.0
2014-09-29 00:00:00-04:00,0.43964002810442854,0.44561339224649,0.4353392002254949,0.44250723719596863,208540000,0.0,0.0
2014-09-30 00:00:00-04:00,0.44059584446070377,0.4439409461496104,0.4355782061689702,0.44083479046821594,277204000,0.0,0.0
2014-10-01 00:00:00-04:00,0.44155168640024056,0.44465781420611833,0.4353393738219683,0.43653404712677,350976000,0.0,0.0
2014-10-02 00:00:00-04:00,0.4358173189062119,0.4379677198634849,0.42458736495546917,0.4346226453781128,288996000,0.0,0.0
2014-10-03 00:00:00-04:00,0.4372508221261453,0.4432241881763817,0.43557825684547424,0.43557825684547424,239140000,0.0,0.0
2014-10-06 00:00:00-04:00,0.43725093965220885,0.44083496024567814,0.43008286998200657,0.43295010924339294,199032000,0.0,0.0
2014-10-07 00:00:00-04:00,0.4310384946262017,0.4353393237252209,0.42793233869450703,0.42841020226478577,301896000,0.0,0.0
2014-10-08 00:00:00-04:00,0.42793237914412213,0.4384455211002684,0.4245872768694701,0.4362950921058655,260172000,0.0,0.0
2014-10-09 00:00:00-04:00,0.4343836419357146,0.4348615340704781,0.4243483913210994,0.42793241143226624,306956000,0.0,0.0
2014-10-10 00:00:00-04:00,0.4245872450736651,0.4260208642959085,0.40236631802842615,0.40260523557662964,691376000,0.0,0.0
2014-10-13 00:00:00-04:00,0.40523356781635755,0.4133573634020577,0.4006938206385093,0.4011716842651367,397628000,0.0,0.0
2014-10-14 00:00:00-04:00,0.4066671596965328,0.42172004805918784,0.40427781324161155,0.41049012541770935,376620000,0.0,0.0
2014-10-15 00:00:00-04:00,0.40451676983244517,0.4188528784286432,0.4018885055683619,0.4167024493217468,404428000,0.0,0.0
2014-10-16 00:00:00-04:00,0.40929555899305425,0.42172015810410535,0.40833980307173406,0.41694146394729614,351116000,0.0,0.0
2014-10-17 00:00:00-04:00,0.4219590179887013,0.4267377111691066,0.4145520321657699,0.41622456908226013,290716000,0.0,0.0
2014-10-20 00:00:00-04:00,0.4162245764240816,0.42363156237766547,0.4133573661619151,0.41980859637260437,200336000,0.0,0.0
2014-10-21 00:00:00-04:00,0.4229147030513161,0.4382065367934091,0.42172002987536766,0.4377286732196808,351092000,0.0,0.0
2014-10-22 00:00:00-04:00,0.4370118263790001,0.4384454454612794,0.4274544417858124,0.4274544417858124,239512000,0.0,0.0
2014-10-23 00:00:00-04:00,0.43486155638483787,0.44011811378763077,0.4317553997657862,0.4370119571685791,214476000,0.0,0.0
2014-10-24 00:00:00-04:00,0.4396402617001521,0.44418000946694136,0.43701196868784536,0.44155174493789673,210156000,0.0,0.0
2014-10-27 00:00:00-04:00,0.44131280645962045,0.4434632073371146,0.4365341125245113,0.4417906701564789,145092000,0.0,0.0
2014-10-28 00:00:00-04:00,0.4405958640894354,0.4527815413503781,0.4401180005363748,0.4523036777973175,192580000,0.0,0.0
2014-10-29 00:00:00-04:00,0.4503923323740654,0.4530206254418407,0.44537469232949894,0.44943660497665405,168340000,0.0,0.0
2014-10-30 00:00:00-04:00,0.44824188905175066,0.4501533436656098,0.44083490273163645,0.4465693235397339,170260000,0.0,0.0
2014-10-31 00:00:00-04:00,0.456843464074819,0.46711768801857245,0.4544541176181107,0.466878741979599,256316000,0.0,0.0
2014-11-03 00:00:00-05:00,0.47763087210100913,0.4793034376561695,0.47237431481078423,0.4747636616230011,308732000,0.0,0.0
2014-11-04 00:00:00-05:00,0.47786976968504824,0.48264846282457746,0.46998492030817346,0.4809759259223938,360196000,0.0,0.0
2014-11-05 00:00:00-05:00,0.48384316459271764,0.48408208215973936,0.4773919060677469,0.4809759259223938,335652000,0.0,0.0
2014-11-06 00:00:00-05:00,0.48193172974556536,0.48384324148506386,0.47452474280887386,0.4831264317035675,394088000,0.0,0.0
2014-11-07 00:00:00-05:00,0.4886219914261742,0.4943564133693255,0.46807356542729583,0.47285225987434387,450800000,0.0,0.0
2014-11-10 00:00:00-05:00,0.4723742936669167,0.48145384532684515,0.47117962031428284,0.47834768891334534,293388000,0.0,0.0
2014-11-11 00:00:00-05:00,0.47548045563194025,0.4781087199484656,0.46855133301580665,0.47261324524879456,212992000,0.0,0.0
2014-11-12 00:00:00-05:00,0.47094077885654057,0.47213545247453714,0.46305592728111006,0.4695071876049042,204584000,0.0,0.0
2014-11-13 00:00:00-05:00,0.4711796404813047,0.47189645022021715,0.463294790319789,0.4671177566051483,225328000,0.0,0.0
2014-11-14 00:00:00-05:00,0.4675957016792442,0.47285225987434387,0.4630559248645892,0.47285225987434387,160248000,0.0,0.0
2014-11-17 00:00:00-05:00,0.47070175409317017,0.4757193935400686,0.467595597696674,0.47070175409317017,158732000,0.0,0.0
2014-11-18 00:00:00-05:00,0.4709406800289707,0.48312638825191967,0.46974600666167804,0.4819316864013672,207772000,0.0,0.0
2014-11-19 00:00:00-05:00,0.4822915430442324,0.483731229367493,0.47509316863552375,0.48013201355934143,240300000,0.002125,0.0
2014-11-20 00:00:00-05:00,0.47677268773806325,0.4885300474036646,0.4753330017043026,0.4880501329898834,220968000,0.0,0.0
2014-11-21 00:00:00-05:00,0.4923693996366756,0.49308924295844914,0.4866107102700944,0.49068978428840637,198976000,0.0,0.0
2014-11-24 00:00:00-05:00,0.491889383890528,0.49596845707021037,0.4899698402321817,0.4938089847564697,136004000,0.0,0.0
2014-11-25 00:00:00-05:00,0.49284914349835307,0.4971682024339242,0.49188937169297975,0.4935689866542816,190240000,0.0,0.0
2014-11-26 00:00:00-05:00,0.4906898591563378,0.5024472255957319,0.49044987320739214,0.5019673109054565,219264000,0.0,0.0
2014-11-28 00:00:00-05:00,0.503646589937189,0.506046047369844,0.49908760365287114,0.503166675567627,124832000,0.0,0.0
2014-12-01 00:00:00-05:00,0.5010073592866614,0.5038866747741808,0.49308914158269096,0.4938089847564697,190060000,0.0,0.0
2014-12-02 00:00:00-05:00,0.493329072354113,0.4966883023744254,0.4887700846364915,0.4945288300514221,245952000,0.0,0.0
2014-12-03 00:00:00-05:00,0.49692839883934686,0.5074860057705237,0.4954887121651845,0.5072460770606995,284424000,0.0,0.0
2014-12-04 00:00:00-05:00,0.5065260018146938,0.508445545029657,0.4993276289472083,0.5026868581771851,185332000,0.0,0.0
2014-12-05 00:00:00-05:00,0.5029268551726364,0.5082056855430525,0.5026869265400324,0.5055662989616394,165680000,0.0,0.0
2014-12-08 00:00:00-05:00,0.5048466469462881,0.5098854933837695,0.4950088255871332,0.4990878999233246,226944000,0.0,0.0
2014-12-09 00:00:00-05:00,0.49596858411952305,0.4986080288353743,0.48853027902851076,0.49740827083587646,239448000,0.0,0.0
2014-12-10 00:00:00-05:00,0.4959684254035204,0.4978880261468991,0.48589073602925165,0.48637059330940247,204364000,0.0,0.0
2014-12-11 00:00:00-05:00,0.48925001588705863,0.49260924602224143,0.4851709425503942,0.4861307144165039,135652000,0.0,0.0
2014-12-12 00:00:00-05:00,0.47965226606422073,0.48397129767653135,0.470534316794633,0.47101423144340515,323964000,0.0,0.0
2014-12-15 00:00:00-05:00,0.476532899470061,0.48517099013118115,0.468134794704702,0.4695744812488556,254696000,0.0,0.0
2014-12-16 00:00:00-05:00,0.469094510830759,0.4765328136931719,0.46405563743703054,0.46429556608200073,185308000,0.0,0.0
2014-12-17 00:00:00-05:00,0.473653558747555,0.4839712361191333,0.4582970070352193,0.4832513928413391,345596000,0.0,0.0
2014-12-18 00:00:00-05:00,0.4892501240719429,0.4950088137495825,0.4806120609516783,0.48517104983329773,226156000,0.0,0.0
2014-12-19 00:00:00-05:00,0.48853037121471965,0.4918896027150281,0.4839713814885177,0.48997005820274353,325528000,0.0,0.0
2014-12-22 00:00:00-05:00,0.48948966495912216,0.4986076354980469,0.4878100508509129,0.4986076354980469,148976000,0.0,0.0
2014-12-23 00:00:00-05:00,0.5024470296956578,0.5048464877962731,0.4950086695384349,0.49548858404159546,109280000,0.0,0.0
2014-12-24 00:00:00-05:00,0.49668828792744046,0.497408131083369,0.49308912935539195,0.4935689866542816,45644000,0.0,0.0
2014-12-26 00:00:00-05:00,0.49356918736630434,0.49668848990794096,0.49236948642362266,0.4940491020679474,52636000,0.0,0.0
2014-12-29 00:00:00-05:00,0.49260935380936066,0.4966884280385613,0.4902098950152656,0.4933291971683502,82944000,0.0,0.0
2014-12-30 00:00:00-05:00,0.48997000460037815,0.4923694635820452,0.4880504030904757,0.4887702465057373,112120000,0.0,0.0
2014-12-31 00:00:00-05:00,0.48949002304815326,0.4921294676127233,0.47965223112580874,0.4810919463634491,166300000,0.0,0.0
2015-01-02 00:00:00-05:00,0.4830114245414734,0.4866106406352872,0.4753331350130699,0.4830114245414734,113680000,0.0,0.0
2015-01-05 00:00:00-05:00,0.4830115137914982,0.4844512004950466,0.472693835359548,0.4748533368110657,197952000,0.0,0.0
2015-01-06 00:00:00-05:00,0.47557305263269817,0.47605293853725933,0.45997657480977905,0.4604564607143402,197764000,0.0,0.0
2015-01-07 00:00:00-05:00,0.4638157576868942,0.46789485997472313,0.45781711150338267,0.4592567980289459,321808000,0.0,0.0
2015-01-08 00:00:00-05:00,0.4645355554961042,0.4794122194586118,0.4642955982307224,0.47653284668922424,283780000,0.0,0.0
2015-01-09 00:00:00-05:00,0.47821257497713504,0.4820517202799351,0.4717340137031846,0.47845250368118286,209540000,0.0,0.0
2015-01-12 00:00:00-05:00,0.4796521779881352,0.47989213526845914,0.4681347720047914,0.4724538028240204,190732000,0.0,0.0
2015-01-13 00:00:00-05:00,0.4760529281790926,0.48565076047667055,0.4683746680617895,0.4717338979244232,236720000,0.0,0.0
2015-01-14 00:00:00-05:00,0.4666951366961926,0.4750932414603252,0.4654954074441737,0.47365355491638184,155260000,0.0,0.0
2015-01-15 00:00:00-05:00,0.47701275564961415,0.4798920997815794,0.4700543096765835,0.4702942669391632,188932000,0.0,0.0
2015-01-16 00:00:00-05:00,0.4695743878021576,0.479412177153921,0.4681347015445058,0.47893229126930237,181512000,0.0,0.0
2015-01-20 00:00:00-05:00,0.48229155533640417,0.4849309421912557,0.47437333756425354,0.48037201166152954,140308000,0.0,0.0
2015-01-21 00:00:00-05:00,0.4777325929422404,0.48829022610098216,0.4743733343265416,0.48709046840667725,144780000,0.0,0.0
2015-01-22 00:00:00-05:00,0.48805022388437264,0.49692827034348336,0.4830113790353587,0.49548858404159546,159712000,0.0,0.0
2015-01-23 00:00:00-05:00,0.4959684158721383,0.49788801657862664,0.49188934303128784,0.49692824482917786,120416000,0.0,0.0
2015-01-26 00:00:00-05:00,0.4947686791419983,0.4971681369431538,0.4916493782797374,0.4947686791419983,133240000,0.0,0.0
2015-01-27 00:00:00-05:00,0.4870905998745226,0.48757051452329475,0.4700544307496664,0.47101423144340515,357948000,0.0,0.0
2015-01-28 00:00:00-05:00,0.47677285058858004,0.47869242308799564,0.4630959144076197,0.46333587169647217,272728000,0.0,0.0
2015-01-29 00:00:00-05:00,0.46357573121108003,0.47725263590359923,0.46141620187828525,0.4746132493019104,235340000,0.0,0.0
2015-01-30 00:00:00-05:00,0.4712540628421718,0.47677282272908583,0.45997661439731247,0.46069642901420593,298200000,0.0,0.0
2015-02-02 00:00:00-05:00,0.4635758281321847,0.4726937760347776,0.4544578802295917,0.47077420353889465,259604000,0.0,0.0
2015-02-03 00:00:00-05:00,0.4741335013167028,0.4830115217960374,0.4717340425068946,0.4825316071510315,183468000,0.0,0.0
2015-02-04 00:00:00-05:00,0.481091912467745,0.4892500598745567,0.4796521973315409,0.48373129963874817,181516000,0.0,0.0
2015-02-05 00:00:00-05:00,0.48421114727756964,0.49188943715763384,0.4837312899148167,0.4916495084762573,140448000,0.0,0.0
2015-02-06 00:00:00-05:00,0.49116925880477286,0.49692800088970945,0.48733011648400265,0.4894896447658539,210524000,0.0,0.0
2015-02-09 00:00:00-05:00,0.486610577973973,0.4904496650362128,0.4834912768302095,0.4890100359916687,273944000,0.0,0.0
2015-02-10 00:00:00-05:00,0.48948981264967056,0.5029267867771599,0.48733028362715025,0.5026868581771851,226204000,0.0,0.0
2015-02-11 00:00:00-05:00,0.5038867697708242,0.5038867697708242,0.49596855057404976,0.4993278384208679,320832000,0.0,0.0
2015-02-12 00:00:00-05:00,0.5278812839081928,0.5398785741136443,0.5247619827340162,0.5350796580314636,676904000,0.0,0.0
2015-02-13 00:00:00-05:00,0.533879821069812,0.5360393501481537,0.525721676383966,0.5353195071220398,310084000,0.0,0.0
2015-02-17 00:00:00-05:00,0.5343600167504511,0.5396388493179416,0.5310007856655088,0.5369994044303894,203340000,0.0,0.0
2015-02-18 00:00:00-05:00,0.5362794055665476,0.5372392346333896,0.5298008740071494,0.530760645866394,170948000,0.0,0.0
2015-02-19 00:00:00-05:00,0.5374791675351726,0.5384389394019865,0.529800878185465,0.5322003364562988,169432000,0.0,0.0
2015-02-20 00:00:00-05:00,0.5317204105740074,0.536279340655508,0.5278812663941198,0.536039412021637,157752000,0.0,0.0
2015-02-23 00:00:00-05:00,0.5357995927119066,0.5357995927119066,0.5290810747243644,0.5317205190658569,125008000,0.0,0.0
2015-02-24 00:00:00-05:00,0.5337678568744674,0.5373808741569519,0.5289504622125718,0.5373808741569519,149356000,0.002125,0.0
2015-02-25 00:00:00-05:00,0.5352129697399455,0.537621724230576,0.53087733799812,0.5332860350608826,123820000,0.0,0.0
2015-02-26 00:00:00-05:00,0.5337678610330856,0.5378626407848119,0.5303956388011861,0.5347313284873962,152864000,0.0,0.0
2015-02-27 00:00:00-05:00,0.533286011092396,0.5344903882835806,0.5294320844796165,0.531359076499939,157492000,0.0,0.0
2015-03-02 00:00:00-05:00,0.529914053147853,0.5472567009432691,0.5291914380373867,0.5443662405014038,301512000,0.0,0.0
2015-03-03 00:00:00-05:00,0.540271496814453,0.5429210474489599,0.5325636400603894,0.5342497229576111,160344000,0.0,0.0
2015-03-04 00:00:00-05:00,0.5323225760221922,0.541475602032272,0.530154731403541,0.5402712821960449,226840000,0.0,0.0
2015-03-05 00:00:00-05:00,0.5402713177580932,0.5515921891319931,0.538826087917197,0.5506287217140198,323056000,0.0,0.0
2015-03-06 00:00:00-05:00,0.5474973817142892,0.5501469313360503,0.5426799874413399,0.5431617498397827,257392000,0.0,0.0
2015-03-09 00:00:00-04:00,0.5434026636713899,0.5487018209410193,0.5421982862532521,0.5446069836616516,222388000,0.0,0.0
2015-03-10 00:00:00-04:00,0.547015674468412,0.5576139888797653,0.546052207002255,0.5540009140968323,527212000,0.0,0.0
2015-03-11 00:00:00-04:00,0.554000908426627,0.5612270004906585,0.549665276159358,0.5511105060577393,262120000,0.0,0.0
2015-03-12 00:00:00-04:00,0.5458114245476814,0.549906204875321,0.5356948712848828,0.5460522770881653,406972000,0.0,0.0
2015-03-13 00:00:00-04:00,0.5434025806167117,0.5482199746972111,0.5359355795924304,0.5467747449874878,359288000,0.0,0.0
2015-03-16 00:00:00-04:00,0.5511105988083345,0.5566506093992499,0.5474975234543092,0.553278386592865,236956000,0.0,0.0
2015-03-17 00:00:00-04:00,0.5520741218146942,0.5602636835349389,0.548220193526376,0.5600228309631348,299900000,0.0,0.0
2015-03-18 00:00:00-04:00,0.5600227288830333,0.562913131501496,0.5458113960349823,0.5508696436882019,413844000,0.0,0.0
2015-03-19 00:00:00-04:00,0.5527965879319973,0.5612269999513285,0.5487018081757685,0.5593000650405884,310756000,0.0,0.0
2015-03-20 00:00:00-04:00,0.563876571111784,0.5686939655078663,0.558577414304945,0.5653217434883118,462084000,0.0,0.0
2015-03-23 00:00:00-04:00,0.548460956617132,0.5556870494433374,0.5467748740338054,0.5470157265663147,426012000,0.0,0.0
2015-03-24 00:00:00-04:00,0.5453296171833718,0.5491835446535271,0.5371400572017152,0.5395487546920776,330480000,0.0,0.0
2015-03-25 00:00:00-04:00,0.5393079041065466,0.5393079041065466,0.5051043192216422,0.5067904591560364,542552000,0.0,0.0
2015-03-26 00:00:00-04:00,0.4964332729037521,0.5072723877112193,0.49282019634932733,0.5051045417785645,311920000,0.0,0.0
2015-03-27 00:00:00-04:00,0.5079947193811918,0.5169068933354196,0.49980516033437383,0.5149799585342407,318288000,0.0,0.0
2015-03-30 00:00:00-04:00,0.5173886319468205,0.5197973290514162,0.5106442455972313,0.5171477794647217,253252000,0.0,0.0
2015-03-31 00:00:00-04:00,0.5157026363836509,0.5161843414288024,0.5036591488366844,0.5041408538818359,357276000,0.0,0.0
2015-04-01 00:00:00-04:00,0.5060677528381348,0.5077538350403789,0.49739643192097405,0.5060677528381348,330768000,0.0,0.0
2015-04-02 00:00:00-04:00,0.508958266467093,0.5104034965081862,0.5029365511997121,0.5072721838951111,192204000,0.0,0.0
2015-04-06 00:00:00-04:00,0.5051040944380772,0.5236511086116373,0.49980499675521955,0.5219650268554688,515864000,0.0,0.0
2015-04-07 00:00:00-04:00,0.5219652273072031,0.5323226316640016,0.5190747675135384,0.5265417695045471,413964000,0.0,0.0
2015-04-08 00:00:00-04:00,0.5270235215183449,0.5323226791366854,0.5219652738562106,0.5303956866264343,366432000,0.0,0.0
2015-04-09 00:00:00-04:00,0.5263006755623538,0.5443659281009581,0.5260598231397144,0.5426798462867737,379432000,0.0,0.0
2015-04-10 00:00:00-04:00,0.5431617322152511,0.5484608312868281,0.5412347401118768,0.5482199788093567,258728000,0.0,0.0
2015-04-13 00:00:00-04:00,0.5470156193158464,0.5501469313360503,0.5407529952754385,0.5431617498397827,236724000,0.0,0.0
2015-04-14 00:00:00-04:00,0.5409941225273618,0.5431619680494593,0.5332862656229438,0.5385854244232178,220276000,0.0,0.0
2015-04-15 00:00:00-04:00,0.5400307566790863,0.5491837882309214,0.5373811480650023,0.5450890064239502,243560000,0.0,0.0
2015-04-16 00:00:00-04:00,0.5419573088702522,0.5465338501201089,0.5378625299622245,0.541716456413269,155284000,0.0,0.0
2015-04-17 00:00:00-04:00,0.5303956388011861,0.5400304856279171,0.5301547862945771,0.5347313284873962,293636000,0.0,0.0
2015-04-20 00:00:00-04:00,0.5371398495498463,0.5405120132471397,0.531118079437946,0.5320816040039062,231624000,0.0,0.0
2015-04-21 00:00:00-04:00,0.5385851673634509,0.5385851673634509,0.5287094696504788,0.531359076499939,230456000,0.0,0.0
2015-04-22 00:00:00-04:00,0.5344904718165391,0.5381034890990236,0.5263008549490173,0.5373808741569519,207420000,0.0,0.0
2015-04-23 00:00:00-04:00,0.5275052558800315,0.5402713580468121,0.5214834835698701,0.535213053226471,259380000,0.0,0.0
2015-04-24 00:00:00-04:00,0.534972121164782,0.535212973644455,0.5246147179765561,0.5306364893913269,240960000,0.0,0.0
2015-04-27 00:00:00-04:00,0.5323226311376822,0.5441252653796436,0.527746088944863,0.5347313284873962,248456000,0.0,0.0
2015-04-28 00:00:00-04:00,0.5337678568744674,0.5393078664784346,0.5287095522799651,0.5373808741569519,234484000,0.0,0.0
2015-04-29 00:00:00-04:00,0.5335268875387985,0.5388260440480234,0.5311181904760358,0.5332860350608826,195156000,0.0,0.0
2015-04-30 00:00:00-04:00,0.5306365487356698,0.5373808783437193,0.5294321713468754,0.5347313284873962,218844000,0.0,0.0
2015-05-01 00:00:00-04:00,0.5390669444350936,0.5496652583954604,0.5366582471582599,0.5479791760444641,256968000,0.0,0.0
2015-05-04 00:00:00-04:00,0.5474974435228814,0.5511105183494188,0.5429209012185595,0.5446069836616516,200720000,0.0,0.0
2015-05-05 00:00:00-04:00,0.5426799747930002,0.5434025896598874,0.5282277923109923,0.5306364893913269,292928000,0.0,0.0
2015-05-06 00:00:00-04:00,0.5335272041380577,0.5385855111710061,0.5253376407504867,0.532322883605957,316484000,0.0,0.0
2015-05-07 00:00:00-04:00,0.5301546770601356,0.5434025384678767,0.5284685950055279,0.541716456413269,534564000,0.0,0.0
2015-05-08 00:00:00-04:00,0.5060679207979571,0.5260601188099288,0.49354266893526605,0.5017322301864624,1146552000,0.0,0.0
2015-05-11 00:00:00-04:00,0.49474704782591306,0.5019731997020299,0.4908931767291758,0.49691489338874817,544144000,0.0,0.0
2015-05-12 00:00:00-04:00,0.49330181637725645,0.5058270108120605,0.49306090639135985,0.5017322301864624,388800000,0.0,0.0
2015-05-13 00:00:00-04:00,0.5053451338724837,0.5091990606296898,0.49980512492672513,0.5046225190162659,308524000,0.0,0.0
2015-05-14 00:00:00-04:00,0.5060678080588609,0.5154617448631479,0.5048634306813438,0.5128121376037598,293052000,0.0,0.0
2015-05-15 00:00:00-04:00,0.514980114170766,0.5173888121141286,0.5099218657180712,0.5130531787872314,215824000,0.0,0.0
2015-05-18 00:00:00-04:00,0.5118488290924458,0.5154619049190179,0.5094401310173616,0.5123305916786194,324972000,0.0,0.0
2015-05-19 00:00:00-04:00,0.513007968167789,0.5147019128026481,0.5081682747091266,0.5091362595558167,253808000,0.00245,0.0
2015-05-20 00:00:00-04:00,0.5093782269206407,0.5154278725908171,0.5086522671324717,0.5091362595558167,196824000,0.0,0.0
2015-05-21 00:00:00-04:00,0.509378282228996,0.5115561618299774,0.5050225230270328,0.5055065155029297,239692000,0.0,0.0
2015-05-22 00:00:00-04:00,0.5067165028779352,0.5086523575279531,0.5035706958013758,0.5047805905342102,212592000,0.0,0.0
2015-05-26 00:00:00-04:00,0.5023607364995026,0.5057485109375223,0.497763009651501,0.5016347765922546,259732000,0.0,0.0
2015-05-27 00:00:00-04:00,0.5050224493889142,0.5309148603530734,0.5033285625108178,0.5284950137138367,432332000,0.0,0.0
2015-05-28 00:00:00-04:00,0.5284950214009527,0.5374484483269898,0.5275270942699182,0.5357545614242554,327656000,0.0,0.0
2015-05-29 00:00:00-04:00,0.5357544146502237,0.539142187527586,0.5347864877843601,0.5355124473571777,335168000,0.0,0.0
2015-06-01 00:00:00-04:00,0.5389004447835656,0.546885945718278,0.5355126704945854,0.5415622591972351,372660000,0.0,0.0
2015-06-02 00:00:00-04:00,0.5381744431836432,0.5410782824597511,0.5304309102431549,0.5309149026870728,224304000,0.0,0.0
2015-06-03 00:00:00-04:00,0.5323669860620162,0.536480721172606,0.5241394581471193,0.5251074433326721,250788000,0.0,0.0
2015-06-04 00:00:00-04:00,0.5219613050276972,0.536238413991658,0.5219613050276972,0.5345445275306702,323712000,0.0,0.0
2015-06-05 00:00:00-04:00,0.532850643588485,0.5410781672205879,0.5272849912904538,0.5386583209037781,313320000,0.0,0.0
2015-06-08 00:00:00-04:00,0.5369646730972673,0.5405944153401748,0.5202677087762395,0.526317298412323,342812000,0.0,0.0
2015-06-09 00:00:00-04:00,0.5268012428755539,0.5328508319593566,0.5258333155453904,0.5289791226387024,256888000,0.0,0.0
2015-06-10 00:00:00-04:00,0.5226872479195475,0.5260750207333442,0.5166376041574715,0.5195414423942566,529460000,0.0,0.0
2015-06-11 00:00:00-04:00,0.51954178813747,0.5287371858504856,0.51954178813747,0.5251074433326721,283052000,0.0,0.0
2015-06-12 00:00:00-04:00,0.521719506638222,0.5248653136302955,0.5096202711662869,0.5108302235603333,323728000,0.0,0.0
2015-06-15 00:00:00-04:00,0.5081683588185933,0.5122821508636778,0.5042966495657952,0.5098623037338257,306548000,0.0,0.0
2015-06-16 00:00:00-04:00,0.5088940953909167,0.5168795931842407,0.5038124359565036,0.5161536335945129,256892000,0.0,0.0
2015-06-17 00:00:00-04:00,0.5159117732108958,0.5251072247906141,0.5147018787730709,0.5222033858299255,233544000,0.0,0.0
2015-06-18 00:00:00-04:00,0.5265592014666102,0.534302676713399,0.5251072818285563,0.5309149026870728,299404000,0.0,0.0
2015-06-19 00:00:00-04:00,0.5309148254492918,0.5352705260360846,0.5243812457222571,0.5292209386825562,355656000,0.0,0.0
2015-06-22 00:00:00-04:00,0.530189030552524,0.5330928703088789,0.5190577217447754,0.5270432233810425,514236000,0.0,0.0
2015-06-23 00:00:00-04:00,0.5280110693381939,0.5321248032297262,0.5093782542905355,0.5134919881820679,414064000,0.0,0.0
2015-06-24 00:00:00-04:00,0.5127659156901323,0.5154277870361466,0.5059903690501412,0.5084102153778076,253368000,0.0,0.0
2015-06-25 00:00:00-04:00,0.5084102479818298,0.5154278200902012,0.5084102479818298,0.5122820138931274,350460000,0.0,0.0
2015-06-26 00:00:00-04:00,0.5081683858612132,0.5086523783904223,0.4996989493028757,0.5018767714500427,421296000,0.0,0.0
2015-06-29 00:00:00-04:00,0.4960690511930727,0.5011507698140337,0.48614769670831237,0.48687365651130676,391724000,0.0,0.0
2015-06-30 00:00:00-04:00,0.48977740844056883,0.4919552877179795,0.48324382830203155,0.4866316020488739,315916000,0.0,0.0
2015-07-01 00:00:00-04:00,0.49873078268543164,0.5057482959833874,0.48929336559602404,0.49364906549453735,302892000,0.0,0.0
2015-07-02 00:00:00-04:00,0.4934073336835114,0.4972791008265748,0.49098748643081047,0.4941332936286926,145764000,0.0,0.0
2015-07-06 00:00:00-04:00,0.4900196029968254,0.49679515283430603,0.48445394804730296,0.48808369040489197,214776000,0.0,0.0
2015-07-07 00:00:00-04:00,0.4851796454190703,0.4871154992693686,0.4636429684426644,0.47888800501823425,594252000,0.0,0.0
2015-07-08 00:00:00-04:00,0.476226334868181,0.4791301453643549,0.47162860847295957,0.4755003750324249,332492000,0.0,0.0
2015-07-09 00:00:00-04:00,0.48300183198499025,0.4851797111318103,0.46678883744154165,0.4696926474571228,357588000,0.0,0.0
2015-07-10 00:00:00-04:00,0.4757423249735837,0.48227593440903205,0.4745324015739598,0.47792020440101624,216708000,0.0,0.0
2015-07-13 00:00:00-04:00,0.4827597857298589,0.4837277126857191,0.4779200932568727,0.48106589913368225,212472000,0.0,0.0
2015-07-14 00:00:00-04:00,0.4817919460085207,0.48227590957407857,0.47501636955016774,0.4813079535961151,249216000,0.0,0.0
2015-07-15 00:00:00-04:00,0.48009805498159946,0.4832438615899914,0.4735644743930005,0.47792020440101624,265732000,0.0,0.0
2015-07-16 00:00:00-04:00,0.48082391054565415,0.48856744170188904,0.4791300239227939,0.48856744170188904,282848000,0.0,0.0
2015-07-17 00:00:00-04:00,0.486873664280219,0.4873575990274719,0.47937209876080883,0.4856637120246887,220372000,0.0,0.0
2015-07-20 00:00:00-04:00,0.48566371726825597,0.4875996293592661,0.4755003662949766,0.4767102897167206,188412000,0.0,0.0
2015-07-21 00:00:00-04:00,0.475742199241237,0.48566358003480326,0.475742199241237,0.47888800501823425,149720000,0.0,0.0
2015-07-22 00:00:00-04:00,0.4755002963351306,0.4755002963351306,0.46388502742596055,0.4696926474571228,356472000,0.0,0.0
2015-07-23 00:00:00-04:00,0.4706606812565184,0.48251791946874933,0.46969272519322686,0.4755003750324249,169916000,0.0,0.0
2015-07-24 00:00:00-04:00,0.47888806852380433,0.4793720320505575,0.4679987593610526,0.4699346423149109,188844000,0.0,0.0
2015-07-27 00:00:00-04:00,0.46582086889440605,0.4725964446447457,0.4619491319276725,0.4672727882862091,192420000,0.0,0.0
2015-07-28 00:00:00-04:00,0.4684828174275402,0.4805820522722207,0.46364312348966796,0.47743627429008484,198308000,0.0,0.0
2015-07-29 00:00:00-04:00,0.476468217400076,0.48711555911911697,0.47453233446508264,0.48324379324913025,232680000,0.0,0.0
2015-07-30 00:00:00-04:00,0.4820339217766949,0.4892934907740928,0.4820339217766949,0.48445379734039307,190180000,0.0,0.0
2015-07-31 00:00:00-04:00,0.4863896030485558,0.48663157038796045,0.4798560233351021,0.48275983333587646,218340000,0.0,0.0
2015-08-03 00:00:00-04:00,0.48663166099961275,0.4914713548510112,0.48034007630090525,0.4909874200820923,397132000,0.0,0.0
2015-08-04 00:00:00-04:00,0.489293607051067,0.4943752690559618,0.487357694601314,0.4929233491420746,260100000,0.0,0.0
2015-08-05 00:00:00-04:00,0.5050224278996759,0.5055064202844068,0.4970369285606163,0.4980049133300781,234628000,0.0,0.0
2015-08-06 00:00:00-04:00,0.49679510310417063,0.5004249027921244,0.48663172167160895,0.4948592483997345,655676000,0.0,0.0
2015-08-07 00:00:00-04:00,0.5434981862980273,0.5655187774725293,0.5294630385829954,0.5560814142227173,1405248000,0.0,0.0
2015-08-10 00:00:00-04:00,0.5522095685275156,0.5795538424657566,0.5488217369357066,0.5754401087760925,662304000,0.0,0.0
2015-08-11 00:00:00-04:00,0.5669705181734881,0.5781018227917829,0.5669705181734881,0.5725361704826355,435008000,0.0,0.0
2015-08-12 00:00:00-04:00,0.5633408849278146,0.5781019329956361,0.5633408849278146,0.5739881992340088,384048000,0.0,0.0
2015-08-13 00:00:00-04:00,0.574714254395057,0.5759242068341315,0.5676966802520645,0.569148600101471,276884000,0.0,0.0
2015-08-14 00:00:00-04:00,0.5686641287661985,0.5730198846468275,0.5652763570992598,0.5696321129798889,214652000,0.0,0.0
2015-08-17 00:00:00-04:00,0.5686647204920655,0.5686647204920655,0.558985329832515,0.5660029053688049,273880000,0.0,0.0
2015-08-18 00:00:00-04:00,0.5642531851621142,0.5681412425069203,0.5564770704725021,0.5608511567115784,287084000,0.00245,0.0
2015-08-19 00:00:00-04:00,0.5601219926282003,0.5664400768827472,0.5525888654309622,0.5586639642715454,249248000,0.0,0.0
2015-08-20 00:00:00-04:00,0.5523457980080384,0.5550188109740753,0.5358215756467603,0.5384946465492249,426932000,0.0,0.0
2015-08-21 00:00:00-04:00,0.5346065948492803,0.5435976911995434,0.5212414140455306,0.521727442741394,382664000,0.0,0.0
2015-08-24 00:00:00-04:00,0.492567073333462,0.5304755750422615,0.4860060043258407,0.5032592415809631,682284000,0.0,0.0
2015-08-25 00:00:00-04:00,0.5253726177433328,0.5273166751918875,0.4928102493286133,0.4928102493286133,622684000,0.0,0.0
2015-08-26 00:00:00-04:00,0.5088483055736454,0.5304755692870684,0.5049602497018661,0.5299895405769348,614976000,0.0,0.0
2015-08-27 00:00:00-04:00,0.5355787840337879,0.5501589548375911,0.5324197412326522,0.5499159693717957,463764000,0.0,0.0
2015-08-28 00:00:00-04:00,0.5499157846695909,0.5557478394449891,0.5460277288405156,0.5523458123207092,320944000,0.0,0.0
2015-08-31 00:00:00-04:00,0.5496727532826067,0.5535608087862857,0.5440836843591477,0.5462706685066223,219352000,0.0,0.0
2015-09-01 00:00:00-04:00,0.5304757041172838,0.5394668030167857,0.5200265766532259,0.5239145755767822,353408000,0.0,0.0
2015-09-02 00:00:00-04:00,0.5382514806110276,0.539952493741567,0.529260386376856,0.5397095084190369,344044000,0.0,0.0
2015-09-03 00:00:00-04:00,0.5477288660030583,0.5504019375779937,0.5401957959656087,0.5411677956581116,262556000,0.0,0.0
2015-09-04 00:00:00-04:00,0.5319336987502327,0.5404388271363275,0.5282886851107971,0.5285316705703735,287972000,0.0,0.0
2015-09-08 00:00:00-04:00,0.5414107781021105,0.553317933594617,0.5392237932901879,0.5511308908462524,238448000,0.0,0.0
2015-09-09 00:00:00-04:00,0.5528319931533574,0.5574490064054878,0.5389807795876309,0.5401958227157593,289392000,0.0,0.0
2015-09-10 00:00:00-04:00,0.5370366984908811,0.5555049225020527,0.5346066705403699,0.5487008094787598,357076000,0.0,0.0
2015-09-11 00:00:00-04:00,0.5426258715532895,0.5540469992946139,0.5404388286018292,0.5504019856452942,301584000,0.0,0.0
2015-09-14 00:00:00-04:00,0.5530747932338178,0.5547758066939233,0.5484577235927164,0.5513737797737122,192460000,0.0,0.0
2015-09-15 00:00:00-04:00,0.5516171039982161,0.5603652199786899,0.5499160894931879,0.5574491620063782,327976000,0.0,0.0
2015-09-16 00:00:00-04:00,0.5564767017757251,0.5644957966311498,0.5523456616890536,0.5613367557525635,173508000,0.0,0.0
2015-09-17 00:00:00-04:00,0.571057298489912,0.5761603996064101,0.5652252408646575,0.5664402842521667,268712000,0.0,0.0
2015-09-18 00:00:00-04:00,0.5586640636260499,0.5708142055315979,0.5552620354797858,0.5659541487693787,326412000,0.0,0.0
2015-09-21 00:00:00-04:00,0.5666831824482386,0.5730012680423834,0.5637671251166491,0.5717862248420715,281840000,0.0,0.0
2015-09-22 00:00:00-04:00,0.5593930446142638,0.5632811013797397,0.5533179450551245,0.5562340021133423,228356000,0.0,0.0
2015-09-23 00:00:00-04:00,0.5567199891558041,0.5623090600552979,0.5545330042351135,0.5589070320129395,161632000,0.0,0.0
2015-09-24 00:00:00-04:00,0.5555050120686743,0.5754312676502414,0.5467568984490485,0.5695992112159729,382440000,0.0,0.0
2015-09-25 00:00:00-04:00,0.5766462893696345,0.5849084326058694,0.5681412186011637,0.5737302899360657,369692000,0.0,0.0
2015-09-28 00:00:00-04:00,0.5737300441541411,0.5773750563687168,0.5625519062729731,0.5661969184875488,395584000,0.0,0.0
2015-09-29 00:00:00-04:00,0.572272254563144,0.5771323114987438,0.5642531548257593,0.5761603116989136,380736000,0.0,0.0
2015-09-30 00:00:00-04:00,0.5815061970475807,0.5997314350575663,0.5781041696137375,0.5990024209022522,556380000,0.0,0.0
2015-10-01 00:00:00-04:00,0.5990025001209041,0.6007035140627863,0.5703281326744485,0.587338387966156,489296000,0.0,0.0
2015-10-02 00:00:00-04:00,0.5841792601878408,0.6026474833488464,0.5781041616230059,0.6026474833488464,386144000,0.0,0.0
2015-10-05 00:00:00-04:00,0.6065353743876097,0.6252465778586247,0.6033763332635713,0.6177135109901428,482024000,0.0,0.0
2015-10-06 00:00:00-04:00,0.6111528452708382,0.6284060321931226,0.6087228164957366,0.6257330179214478,453216000,0.0,0.0
2015-10-07 00:00:00-04:00,0.6271909568797315,0.6386120846920952,0.6169848143125491,0.6322939991950989,310152000,0.0,0.0
2015-10-08 00:00:00-04:00,0.6296210352481899,0.6376401354863851,0.6189288629729613,0.6359391212463379,460068000,0.0,0.0
2015-10-09 00:00:00-04:00,0.6325368631364211,0.6386119620045474,0.6216017662848052,0.6335089206695557,423248000,0.0,0.0
2015-10-12 00:00:00-04:00,0.6342378118351997,0.643957980614096,0.6296207997405299,0.640312910079956,227588000,0.0,0.0
2015-10-13 00:00:00-04:00,0.6352099851851447,0.6454160686703367,0.6330229424655573,0.6415280699729919,298444000,0.0,0.0
2015-10-14 00:00:00-04:00,0.64225693278146,0.6753053803894755,0.6415279765841548,0.6648562550544739,612148000,0.0,0.0
2015-10-15 00:00:00-04:00,0.6660714023678831,0.6801656018075981,0.6592673460428116,0.6665574312210083,526048000,0.0,0.0
2015-10-16 00:00:00-04:00,0.6687445168122826,0.6833246880986943,0.6670434446860625,0.6770066022872925,448396000,0.0,0.0
2015-10-19 00:00:00-04:00,0.6791934083135835,0.6823524501167365,0.6680152693080316,0.675791323184967,294712000,0.0,0.0
2015-10-20 00:00:00-04:00,0.6728752917480659,0.6779783322863847,0.6677721932733195,0.67481929063797,264824000,0.0,0.0
2015-10-21 00:00:00-04:00,0.6789505714658748,0.683081671954343,0.6648564296964204,0.6660714149475098,386280000,0.0,0.0
2015-10-22 00:00:00-04:00,0.673847500002395,0.6923157269250597,0.6728755002562433,0.6901286840438843,306884000,0.0,0.0
2015-10-23 00:00:00-04:00,0.6962037479450952,0.6993627904095207,0.6857546208557902,0.6947457194328308,381776000,0.0,0.0
2015-10-26 00:00:00-04:00,0.6952315048456631,0.6969325182022923,0.6852683521242918,0.691586434841156,247436000,0.0,0.0
2015-10-27 00:00:00-04:00,0.688184778228332,0.6954748642214758,0.6876987493208745,0.6911008358001709,208268000,0.0,0.0
2015-10-28 00:00:00-04:00,0.6954748604422997,0.6966899037361145,0.6852687169327769,0.6966899037361145,217036000,0.0,0.0
2015-10-29 00:00:00-04:00,0.6855117304499665,0.6925587726754548,0.6714175301260888,0.6726325154304504,327168000,0.0,0.0
2015-10-30 00:00:00-04:00,0.6799227073977085,0.6942598942156555,0.6748196065341019,0.689399778842926,301160000,0.0,0.0
2015-11-02 00:00:00-05:00,0.6915866930839129,0.6981477636055479,0.6874556508271962,0.697418749332428,190088000,0.0,0.0
2015-11-03 00:00:00-05:00,0.6932877200935408,0.6971757769777046,0.6847826499748494,0.6925587058067322,376768000,0.0,0.0
2015-11-04 00:00:00-05:00,0.690614689357209,0.6957177313029884,0.6779785192783913,0.6811375617980957,442264000,0.0,0.0
2015-11-05 00:00:00-05:00,0.6845396223085609,0.6864836797635101,0.6714174807175506,0.6733614802360535,478800000,0.0,0.0
2015-11-06 00:00:00-05:00,0.7399443270196026,0.7761517653592531,0.7246351432367019,0.7666746377944946,1172272000,0.0,0.0
2015-11-09 00:00:00-05:00,0.7591417192381718,0.7654598055434334,0.7525805895036235,0.763272762298584,492568000,0.0,0.0
2015-11-10 00:00:00-05:00,0.7533093461645809,0.757440445747942,0.7326541379299516,0.7486923336982727,552260000,0.0,0.0
2015-11-11 00:00:00-05:00,0.749178443600657,0.7545245291613958,0.7387293158704261,0.7414023876190186,619896000,0.0,0.0
2015-11-12 00:00:00-05:00,0.7397011784809214,0.7465052913818324,0.735570136832999,0.7387291789054871,291080000,0.0,0.0
2015-11-13 00:00:00-05:00,0.7394581698494965,0.7426172118227792,0.7205039180098004,0.7241489887237549,292940000,0.0,0.0
2015-11-16 00:00:00-05:00,0.7336261376821304,0.7392152076614219,0.7277940243566537,0.7387291789054871,344280000,0.0,0.0
2015-11-17 00:00:00-05:00,0.7406732359927911,0.7450472630504632,0.735570136832999,0.7387291789054871,257048000,0.0,0.0
2015-11-18 00:00:00-05:00,0.7417782157252268,0.7578773704618018,0.7337286674351562,0.7569016218185425,350216000,0.002875,0.0
2015-11-19 00:00:00-05:00,0.7595849737095558,0.7666587745703424,0.7534868053465951,0.7590970993041992,254072000,0.0,0.0
2015-11-20 00:00:00-05:00,0.7647073643066856,0.7700737499366388,0.760072761178837,0.7656830549240112,239744000,0.0,0.0
2015-11-23 00:00:00-05:00,0.7720252726642619,0.7720252726642619,0.7515355333193996,0.7542186975479126,242552000,0.0,0.0
2015-11-24 00:00:00-05:00,0.7542185613967317,0.7669027139262412,0.7508036151484612,0.7603167295455933,195428000,0.0,0.0
2015-11-25 00:00:00-05:00,0.7588529470000949,0.7678781844217714,0.7566576001170628,0.759340763092041,138300000,0.0,0.0
2015-11-27 00:00:00-05:00,0.7608045436809416,0.7681223105455461,0.7569017230551977,0.7656830549240112,86996000,0.0,0.0
2015-11-30 00:00:00-05:00,0.7664147767067849,0.7771475471163859,0.765682994262656,0.7737325429916382,327244000,0.0,0.0
2015-12-01 00:00:00-05:00,0.7805627027574459,0.7995889351027041,0.7798309201167473,0.7988571524620056,409496000,0.0,0.0
2015-12-02 00:00:00-05:00,0.8000764688982565,0.8083699250222742,0.7910512303919509,0.7927587032318115,294240000,0.0,0.0
2015-12-03 00:00:00-05:00,0.7991008772260434,0.8073943343753037,0.7871485077130277,0.7910513281822205,246656000,0.0,0.0
2015-12-04 00:00:00-05:00,0.791051322910587,0.8247130838070562,0.791051322910587,0.8232495188713074,458756000,0.0,0.0
2015-12-07 00:00:00-05:00,0.823005724387561,0.823005724387561,0.8051991509093533,0.80763840675354,333588000,0.0,0.0
2015-12-08 00:00:00-05:00,0.7976373496002727,0.8220299059784539,0.7925149302077871,0.8186149597167969,314488000,0.0,0.0
2015-12-09 00:00:00-05:00,0.8183711003203967,0.8232496118864676,0.7895878471867115,0.7978813052177429,372676000,0.0,0.0
2015-12-10 00:00:00-05:00,0.8003205334131813,0.808857957437737,0.7976373695912664,0.8044673204421997,236596000,0.0,0.0
2015-12-11 00:00:00-05:00,0.7964177408373639,0.8020280345493892,0.7908074471253387,0.7925149202346802,227320000,0.0,0.0
2015-12-14 00:00:00-05:00,0.7932466584380978,0.7988569518368481,0.7849531433118337,0.7944662570953369,275892000,0.0,0.0
2015-12-15 00:00:00-05:00,0.80349145700092,0.8098335325446424,0.7991008206318079,0.8042232394218445,307296000,0.0,0.0
2015-12-16 00:00:00-05:00,0.8059306038332502,0.81178486241237,0.7988568049775258,0.8091016411781311,236356000,0.0,0.0
2015-12-17 00:00:00-05:00,0.8103213306145737,0.8186147863959387,0.7964175822384196,0.7969053983688354,254160000,0.0,0.0
2015-12-18 00:00:00-05:00,0.7912952153174196,0.7993447641479203,0.7830017583879456,0.7839774489402771,395896000,0.0,0.0
2015-12-21 00:00:00-05:00,0.7925146982131469,0.8032474082464476,0.7854408414872881,0.8025156259536743,284216000,0.0,0.0
2015-12-22 00:00:00-05:00,0.8049549842371143,0.8112970594845496,0.7983690009129109,0.8032475113868713,130012000,0.0,0.0
2015-12-23 00:00:00-05:00,0.8044672166533855,0.809589635513381,0.803003651791548,0.8064185976982117,122524000,0.0,0.0
2015-12-24 00:00:00-05:00,0.8039792230778284,0.8110530800899801,0.8027595664883694,0.8091016411781311,52448000,0.0,0.0
2015-12-28 00:00:00-05:00,0.8005642936206628,0.8083698749542236,0.7893437086624644,0.8083698749542236,142024000,0.0,0.0
2015-12-29 00:00:00-05:00,0.8088581077763316,0.8239815191833314,0.8066627597923024,0.8215422630310059,203660000,0.0,0.0
2015-12-30 00:00:00-05:00,0.8208102810624978,0.8278841396335207,0.814224296866057,0.8144682049751282,180344000,0.0,0.0
2015-12-31 00:00:00-05:00,0.8132485425106556,0.8169073964856106,0.8039793372154236,0.8039793372154236,148528000,0.0,0.0
2016-01-04 00:00:00-05:00,0.7876365334123907,0.7947103350807067,0.7815383643532768,0.7895879149436951,358076000,0.0,0.0
2016-01-05 00:00:00-05:00,0.8044674292480376,0.8156880186121156,0.7927589654156059,0.8022720813751221,490272000,0.0,0.0
2016-01-06 00:00:00-05:00,0.7890999042315675,0.7927588166665545,0.7600727454876178,0.7690980434417725,449344000,0.0,0.0
2016-01-07 00:00:00-05:00,0.7498279370385001,0.7549504150501084,0.7288503250272015,0.7386074066162109,645304000,0.0,0.0
2016-01-08 00:00:00-05:00,0.7481204010402556,0.7488521835519988,0.7212885888499571,0.7227521538734436,398472000,0.0,0.0
2016-01-11 00:00:00-05:00,0.7234840274212331,0.7290943219462471,0.7110437813126826,0.7239718437194824,409372000,0.0,0.0
2016-01-12 00:00:00-05:00,0.7368999287597227,0.7469009192148522,0.7310457259057757,0.7361681461334229,469356000,0.0,0.0
2016-01-13 00:00:00-05:00,0.7417784735475693,0.7466570439902255,0.7129952743215573,0.7137270569801331,481672000,0.0,0.0
2016-01-14 00:00:00-05:00,0.6990912512256063,0.7073847661372521,0.678601517431431,0.6993352174758911,600236000,0.0,0.0
2016-01-15 00:00:00-05:00,0.6712837658863947,0.6793333147237678,0.6498182829345871,0.6612827777862549,841452000,0.0,0.0
2016-01-19 00:00:00-05:00,0.6749428610868433,0.6939690953736178,0.6639661785127106,0.6666494011878967,457140000,0.0,0.0
2016-01-20 00:00:00-05:00,0.6539652794397373,0.6788457186034376,0.6451839445492277,0.6703082919120789,481180000,0.0,0.0
2016-01-21 00:00:00-05:00,0.6776260018549947,0.688602624945886,0.6637221900999735,0.6781138181686401,481456000,0.0,0.0
2016-01-22 00:00:00-05:00,0.691041702740157,0.6986034352157461,0.6895781378638213,0.6939688324928284,257996000,0.0,0.0
2016-01-25 00:00:00-05:00,0.6937250002711816,0.7017745498149659,0.6917735608371608,0.6932371258735657,270728000,0.0,0.0
2016-01-26 00:00:00-05:00,0.6947006563750083,0.7029941136270949,0.6876267978216688,0.7000669836997986,227944000,0.0,0.0
2016-01-27 00:00:00-05:00,0.6990913607960635,0.7012867084540909,0.678601623790477,0.6917735934257507,231700000,0.0,0.0
2016-01-28 00:00:00-05:00,0.6973838184971834,0.6998230740457299,0.6707959155710959,0.6842118501663208,276776000,0.0,0.0
2016-01-29 00:00:00-05:00,0.6900660300699368,0.7159221496996805,0.6873828664981605,0.7144585847854614,310504000,0.0,0.0
2016-02-01 00:00:00-05:00,0.7137267369987141,0.7183612808833075,0.7076285702966939,0.7147024273872375,289884000,0.0,0.0
2016-02-02 00:00:00-05:00,0.7073848624579124,0.7110437169895899,0.6795773004975204,0.6844558119773865,341908000,0.0,0.0
2016-02-03 00:00:00-05:00,0.6898223596479103,0.6939690895626609,0.67201578275468,0.6878709197044373,326772000,0.0,0.0
2016-02-04 00:00:00-05:00,0.6888464867274197,0.7037259882644488,0.6812848109669277,0.6881147623062134,348140000,0.0,0.0
2016-02-05 00:00:00-05:00,0.6834801830024253,0.691041859031788,0.6427445561280174,0.6446959376335144,600428000,0.0,0.0
2016-02-08 00:00:00-05:00,0.634938986949232,0.6381100258783611,0.6061557284098935,0.615181028842926,608852000,0.0,0.0
2016-02-09 00:00:00-05:00,0.6078632303840239,0.6476231109852937,0.6049360997752616,0.621766984462738,425372000,0.0,0.0
2016-02-10 00:00:00-05:00,0.6256694181876652,0.6437198906726979,0.6168880899592549,0.6203030347824097,335800000,0.0,0.0
2016-02-11 00:00:00-05:00,0.6044479773910181,0.6234742022319965,0.6044479773910181,0.6171321272850037,340144000,0.0,0.0
2016-02-12 00:00:00-05:00,0.626889153081793,0.6288405920893242,0.6037162001537096,0.6276209354400635,340816000,0.0,0.0
2016-02-16 00:00:00-05:00,0.6366463196988776,0.6593314616964455,0.6346949384001234,0.658355712890625,485352000,0.0,0.0
2016-02-17 00:00:00-05:00,0.6666491027280975,0.6810407260931796,0.6639658812541936,0.6746986508369446,771468000,0.0,0.0
2016-02-18 00:00:00-05:00,0.7300697560306746,0.7556819636907394,0.7293379736841217,0.7327529191970825,1068660000,0.0,0.0
2016-02-19 00:00:00-05:00,0.7288501790321875,0.7490960625714203,0.7232398858666098,0.7425100207328796,525628000,0.0,0.0
2016-02-22 00:00:00-05:00,0.7532428575159879,0.7773915052575247,0.7517792925335116,0.7688540816307068,449668000,0.0,0.0
2016-02-23 00:00:00-05:00,0.7627559292968024,0.7781232444447013,0.7590970170442372,0.7708054780960083,369380000,0.0,0.0
2016-02-24 00:00:00-05:00,0.767634615345155,0.7773916393696474,0.7464130357510784,0.7761719822883606,336852000,0.0,0.0
2016-02-25 00:00:00-05:00,0.7790989545669498,0.7817821181819499,0.7639755471371228,0.7778792977333069,349616000,0.0,0.0
2016-02-26 00:00:00-05:00,0.7815381457036972,0.783489526689067,0.7649511747023177,0.772756814956665,361964000,0.0,0.0
2016-02-29 00:00:00-05:00,0.7738585486134307,0.7838959148741365,0.7672485700155691,0.7677381634712219,323344000,0.002875,0.0
2016-03-01 00:00:00-05:00,0.7696967603754239,0.8017674684524536,0.7684726599233542,0.8017674684524536,348700000,0.0,0.0
2016-03-02 00:00:00-05:00,0.797360833141108,0.809356749923726,0.7958919358422851,0.8064189553260803,233812000,0.0,0.0
2016-03-03 00:00:00-05:00,0.8054396540403337,0.8088670419209336,0.7885474530123908,0.799319326877594,302004000,0.0,0.0
2016-03-04 00:00:00-05:00,0.8054395947690467,0.8061740433134599,0.7907507406174191,0.7968711256980896,175304000,0.0,0.0
2016-03-07 00:00:00-05:00,0.7924643158928961,0.7978502516235122,0.7814476477429161,0.7917298674583435,239968000,0.0,0.0
2016-03-08 00:00:00-05:00,0.7836512355273163,0.7883027242626635,0.7748379099539369,0.7772860527038574,274940000,0.0,0.0
2016-03-09 00:00:00-05:00,0.7841408282424767,0.7853648703408901,0.7667589751720879,0.7767964005470276,222788000,0.0,0.0
2016-03-10 00:00:00-05:00,0.7814477103266506,0.7858544012868846,0.7599040824154419,0.7755721807479858,286084000,0.0,0.0
2016-03-11 00:00:00-05:00,0.7870786775445391,0.7890372268994487,0.7777757578057953,0.7887923717498779,277400000,0.0,0.0
2016-03-14 00:00:00-04:00,0.7851201270478763,0.7939334525561137,0.7814478837659745,0.7907508611679077,190312000,0.0,0.0
2016-03-15 00:00:00-04:00,0.7865887876196167,0.7917298682986321,0.7728791807739328,0.7868335843086243,226216000,0.0,0.0
2016-03-16 00:00:00-04:00,0.7809581089891726,0.8130288121906735,0.7772858665595562,0.8103358149528503,363644000,0.0,0.0
2016-03-17 00:00:00-04:00,0.8073982013214807,0.8113151826802484,0.7924644910099711,0.8034811615943909,353680000,0.0,0.0
2016-03-18 00:00:00-04:00,0.8130289260283694,0.838489596421482,0.8078877859070606,0.8277177810668945,545512000,0.0,0.0
2016-03-21 00:00:00-04:00,0.8203733526270593,0.8304107193816251,0.8115600279401698,0.8301659226417542,337780000,0.0,0.0
2016-03-22 00:00:00-04:00,0.8274729837077753,0.8345725561132601,0.8184148039093047,0.8286970257759094,242012000,0.0,0.0
2016-03-23 00:00:00-04:00,0.832369264124397,0.8490166097164267,0.8286970212036134,0.8428962826728821,429008000,0.0,0.0
2016-03-24 00:00:00-04:00,0.8353068810630225,0.8455891014076983,0.8326139422170674,0.8441202044487,244956000,0.0,0.0
2016-03-28 00:00:00-04:00,0.842651306138183,0.8563609137863244,0.8416720609565256,0.852688729763031,265388000,0.0,0.0
2016-03-29 00:00:00-04:00,0.849016601339457,0.8683569443386768,0.8470581107132437,0.8663984537124634,261812000,0.0,0.0
2016-03-30 00:00:00-04:00,0.8695811005596151,0.8874525475518725,0.8690914486874792,0.8754566311836243,376700000,0.0,0.0
2016-03-31 00:00:00-04:00,0.8793735521265637,0.8813320426135863,0.865419146893657,0.8722739219665527,379884000,0.0,0.0
2016-04-01 00:00:00-04:00,0.8668878656325698,0.885493814526557,0.8602778881930262,0.8850041627883911,348292000,0.0,0.0
2016-04-04 00:00:00-04:00,0.8923488928077454,0.8970003816167,0.873008547266824,0.8764359354972839,393940000,0.0,0.0
2016-04-05 00:00:00-04:00,0.8686017965014028,0.8832906512532167,0.8651743503646566,0.875211775302887,339568000,0.0,0.0
2016-04-06 00:00:00-04:00,0.8641952215539782,0.8769255874023474,0.8477926707067813,0.8764359354972839,453376000,0.0,0.0
2016-04-07 00:00:00-04:00,0.8708050263589563,0.878639105056651,0.8637054545555066,0.8673776388168335,378104000,0.0,0.0
2016-04-08 00:00:00-04:00,0.8744773868586133,0.8801081207374836,0.8644399612301972,0.8730084896087646,255936000,0.0,0.0
2016-04-11 00:00:00-04:00,0.8781494506192371,0.89283836272549,0.8754565116111104,0.8783943057060242,387524000,0.0,0.0
2016-04-12 00:00:00-04:00,0.8813321617096532,0.8825562622056947,0.860278123471664,0.8774151802062988,292764000,0.0,0.0
2016-04-13 00:00:00-04:00,0.8813319772473589,0.8996930722667439,0.8813319772473589,0.8994482755661011,350716000,0.0,0.0
2016-04-14 00:00:00-04:00,0.8970002514832627,0.9058135759175043,0.8933280086488621,0.9018965363502502,416564000,0.0,0.0
2016-04-15 00:00:00-04:00,0.90165185576149,0.9170751609160485,0.8987140611155446,0.9089962840080261,436972000,0.0,0.0
2016-04-18 00:00:00-04:00,0.9072823525567607,0.9072823525567607,0.8962656838849823,0.9050790071487427,307320000,0.0,0.0
2016-04-19 00:00:00-04:00,0.908506702362169,0.9102203965820412,0.8832908242623845,0.8889215588569641,309152000,0.0,0.0
2016-04-20 00:00:00-04:00,0.8874524221659814,0.8977346430814918,0.886473176928389,0.8923487067222595,200172000,0.0,0.0
2016-04-21 00:00:00-04:00,0.8925934442823872,0.8967553384108758,0.8874523633495184,0.8913694024085999,178280000,0.0,0.0
2016-04-22 00:00:00-04:00,0.8943072573388143,0.9004275838621381,0.8850042816424524,0.8879420757293701,223540000,0.0,0.0
2016-04-25 00:00:00-04:00,0.8881868706862548,0.8972449912785376,0.8857387284081157,0.8923487067222595,191972000,0.0,0.0
2016-04-26 00:00:00-04:00,0.8977347029087724,0.9080169245095157,0.8891661751800998,0.8930832147598267,214536000,0.0,0.0
2016-04-27 00:00:00-04:00,0.8908798040238167,0.9138923879868257,0.8891661102768346,0.9134027361869812,352396000,0.0,0.0
2016-04-28 00:00:00-04:00,0.9077720100791147,0.9131579464452754,0.8840250357874498,0.8862283229827881,381224000,0.0,0.0
2016-04-29 00:00:00-04:00,0.88255626462678,0.88451475538383,0.8602781258316345,0.8698258996009827,321904000,0.0,0.0
2016-05-02 00:00:00-04:00,0.8781495678042717,0.886718096145657,0.87398773119331,0.8813321590423584,256076000,0.0,0.0
2016-05-03 00:00:00-04:00,0.8712949154593664,0.8749671007207983,0.8632160378422177,0.8708052635192871,224024000,0.0,0.0
2016-05-04 00:00:00-04:00,0.8602781341737116,0.8610125828068084,0.8421618902061925,0.8509752154350281,525764000,0.0,0.0
2016-05-05 00:00:00-04:00,0.8580747245171658,0.866153599963078,0.8497509939828539,0.8561161756515503,246884000,0.0,0.0
2016-05-06 00:00:00-04:00,0.8546472762387045,0.8671328428215994,0.8529335824662124,0.8649294972419739,183240000,0.0,0.0
2016-05-09 00:00:00-04:00,0.867133083170421,0.8708052684526568,0.8566060625299016,0.8637056946754456,333336000,0.0,0.0
2016-05-10 00:00:00-04:00,0.8690915054581615,0.8818218712820227,0.8607678316664036,0.8803529739379883,269676000,0.0,0.0
2016-05-11 00:00:00-04:00,0.8830455533004993,0.8925932647745161,0.8781492116851081,0.8828006982803345,328176000,0.0,0.0
2016-05-12 00:00:00-04:00,0.8891663649314432,0.8930834053470809,0.8551371602250689,0.8708052635192871,670540000,0.0,0.0
2016-05-13 00:00:00-04:00,0.9594279378560695,1.003739357920977,0.9547765079683995,1.0032497644424438,2110256000,0.0,0.0
2016-05-16 00:00:00-04:00,0.9956598386915588,1.047805362780921,0.9924772496636152,1.0328716039657593,973032000,0.0,0.0
2016-05-17 00:00:00-04:00,1.02822089062866,1.0424201536236217,1.015000931430013,1.0350757837295532,628392000,0.0,0.0
2016-05-18 00:00:00-04:00,1.028220531402231,1.073511302451385,1.028220531402231,1.0615153312683105,541072000,0.0,0.0
2016-05-19 00:00:00-04:00,1.0573533781542692,1.0737560388554612,1.0558845981603728,1.0661667585372925,398880000,0.0,0.0
2016-05-20 00:00:00-04:00,1.0727770882646956,1.0896693478526107,1.071063394304953,1.085262656211853,391084000,0.0,0.0
2016-05-23 00:00:00-04:00,1.0899140840130122,1.094075861939624,1.080366311023765,1.0869762897491455,413636000,0.0,0.0
2016-05-24 00:00:00-04:00,1.0902900218288971,1.1167987179791823,1.0873445981411096,1.1133623123168945,415788000,0.002875,0.0
2016-05-25 00:00:00-04:00,1.1167984612506163,1.1214619111378135,1.0998623374589993,1.1086986064910889,458076000,0.0,0.0
2016-05-26 00:00:00-04:00,1.110661944796358,1.1285797943917804,1.1074710900585534,1.120479941368103,309964000,0.0,0.0
2016-05-27 00:00:00-04:00,1.121707597239661,1.1283347413011866,1.118025759507865,1.1266165971755981,277416000,0.0,0.0
2016-05-31 00:00:00-04:00,1.1315257879487393,1.14919821410661,1.130789373462264,1.146743655204773,412524000,0.0,0.0
2016-06-01 00:00:00-04:00,1.1413433755332811,1.1599975248545389,1.1379070879488327,1.1489523649215698,387132000,0.0,0.0
2016-06-02 00:00:00-04:00,1.1550887041996012,1.1668703972106484,1.1437979930905382,1.1570523977279663,329208000,0.0,0.0
2016-06-03 00:00:00-04:00,1.145761328151124,1.147233922276997,1.1207253553752958,1.1408522129058838,461076000,0.0,0.0
2016-06-06 00:00:00-04:00,1.1437977559586119,1.1526340238849642,1.1290707597877867,1.1349616050720215,322512000,0.0,0.0
2016-06-07 00:00:00-04:00,1.1418341193033898,1.1482158290095104,1.1366796884730053,1.1371705532073975,193400000,0.0,0.0
2016-06-08 00:00:00-04:00,1.1374164045379818,1.1415891074365825,1.124162115509177,1.1334892511367798,234616000,0.0,0.0
2016-06-09 00:00:00-04:00,1.1295617418404456,1.164661030054198,1.127107183958212,1.162942886352539,472168000,0.0,0.0
2016-06-10 00:00:00-04:00,1.1491977758556917,1.1595066384165382,1.1325070859917652,1.1339797973632812,400024000,0.0,0.0
2016-06-13 00:00:00-04:00,1.135207174615957,1.1707974489223256,1.135207174615957,1.1484614610671997,475588000,0.0,0.0
2016-06-14 00:00:00-04:00,1.1457615293443648,1.1560703922741848,1.1329981083609095,1.1506705284118652,298344000,0.0,0.0
2016-06-15 00:00:00-04:00,1.160243093093014,1.172515532230706,1.1474796721211804,1.1624521017074585,301036000,0.0,0.0
2016-06-16 00:00:00-04:00,1.1538609309092172,1.1690787869354007,1.1425702257802022,1.1671152114868164,246456000,0.0,0.0
2016-06-17 00:00:00-04:00,1.1685887846798424,1.168834217162064,1.1420800869231311,1.146743655204773,471000000,0.0,0.0
2016-06-20 00:00:00-04:00,1.1651521315620057,1.182333570343812,1.1644157173057719,1.1673611402511597,293768000,0.0,0.0
2016-06-21 00:00:00-04:00,1.172270040494505,1.1754608955759458,1.1585247735899273,1.160243034362793,212508000,0.0,0.0
2016-06-22 00:00:00-04:00,1.1626975142354752,1.1703065036170632,1.1572976504703498,1.1592612266540527,202620000,0.0,0.0
2016-06-23 00:00:00-04:00,1.1703066199836607,1.1914153293968395,1.1695702056916937,1.1901880502700806,297880000,0.0,0.0
2016-06-24 00:00:00-04:00,1.141343738385507,1.1624524524291935,1.111889735120801,1.1224440336227417,1017684000,0.0,0.0
2016-06-27 00:00:00-04:00,1.1131162850915612,1.121707119097339,1.0939711583903295,1.1104164123535156,449088000,0.0,0.0
2016-06-28 00:00:00-04:00,1.1315255971115354,1.1327527593156768,1.1111531830055112,1.1266165971755981,381920000,0.0,0.0
2016-06-29 00:00:00-04:00,1.1364345331509729,1.1538615229076368,1.1334891099470599,1.1450252532958984,318932000,0.0,0.0
2016-06-30 00:00:00-04:00,1.1469887110209755,1.1609794112714171,1.137661694560453,1.153861403465271,430940000,0.0,0.0
2016-07-01 00:00:00-04:00,1.1474797117442903,1.1624521418475748,1.1413434334436705,1.145270586013794,218488000,0.0,0.0
2016-07-05 00:00:00-04:00,1.1388891672955215,1.164170584196625,1.129807580758862,1.162207007408142,371084000,0.0,0.0
2016-07-06 00:00:00-04:00,1.1541067942835126,1.1764427805832025,1.1482159486977317,1.1695700883865356,273104000,0.0,0.0
2016-07-07 00:00:00-04:00,1.1774248218955257,1.2041789494681152,1.172024956705375,1.2000062465667725,395400000,0.0,0.0
2016-07-08 00:00:00-04:00,1.2127692718692287,1.254004954247573,1.2081057055859779,1.2481141090393066,481932000,0.0,0.0
2016-07-11 00:00:00-04:00,1.2660320209224158,1.2861588812862232,1.264559309549483,1.276831865310669,448776000,0.0,0.0
2016-07-12 00:00:00-04:00,1.291067641250927,1.307758209489243,1.274867820615259,1.2959766387939453,436760000,0.0,0.0
2016-07-13 00:00:00-04:00,1.2984316349715799,1.3057951929586957,1.2935226353267637,1.2954862117767334,324604000,0.0,0.0
2016-07-14 00:00:00-04:00,1.302358902445066,1.3205221893925119,1.2915590564310084,1.308740496635437,316892000,0.0,0.0
2016-07-15 00:00:00-04:00,1.2920502420268947,1.2994138018280292,1.2724142386102861,1.2935229539871216,428616000,0.0,0.0
2016-07-18 00:00:00-04:00,1.3094768129050098,1.3114403892042377,1.2952406799160032,1.30014967918396,252992000,0.0,0.0
2016-07-19 00:00:00-04:00,1.299413519888322,1.318804086610935,1.2969589614739168,1.3136496543884277,382652000,0.0,0.0
2016-07-20 00:00:00-04:00,1.3180673923058255,1.3379489367122406,1.3126675287967964,1.3308308124542236,296460000,0.0,0.0
2016-07-21 00:00:00-04:00,1.3278856722430374,1.3320583747328512,1.3018679616495064,1.306286096572876,361308000,0.0,0.0
2016-07-22 00:00:00-04:00,1.310950026291485,1.341876745223999,1.3013774564981093,1.341876745223999,315768000,0.0,0.0
2016-07-25 00:00:00-04:00,1.349975982581741,1.3698574105360835,1.3440851370961142,1.366666555404663,312528000,0.0,0.0
2016-07-26 00:00:00-04:00,1.3786937785160613,1.3971024964309084,1.376730202225372,1.3899844884872437,514508000,0.0,0.0
2016-07-27 00:00:00-04:00,1.4020115566902378,1.4044661149402478,1.3676485604685538,1.3759938478469849,446676000,0.0,0.0
2016-07-28 00:00:00-04:00,1.3791844649292437,1.3892478945271103,1.3747663310668539,1.3789390325546265,221916000,0.0,0.0
2016-07-29 00:00:00-04:00,1.3840940927354988,1.4052028080652605,1.3593036560332863,1.40152108669281,409588000,0.0,0.0
2016-08-01 00:00:00-04:00,1.4074115557855909,1.4125659877279244,1.38335742301492,1.3924390077590942,301120000,0.0,0.0
2016-08-02 00:00:00-04:00,1.399066215168831,1.3998026295026769,1.3622487755905348,1.3755030632019043,282748000,0.0,0.0
2016-08-03 00:00:00-04:00,1.3737848585295076,1.3818847136057226,1.3661758682943417,1.3791847229003906,299828000,0.0,0.0
2016-08-04 00:00:00-04:00,1.3858119027648284,1.4110933153785077,1.383112029028457,1.4047116041183472,272712000,0.0,0.0
2016-08-05 00:00:00-04:00,1.4209113313222164,1.4292566191355114,1.414038755127713,1.4285203218460083,371588000,0.0,0.0
2016-08-08 00:00:00-04:00,1.448156078553837,1.4515923660764831,1.426556389783254,1.4417743682861328,305064000,0.0,0.0
2016-08-09 00:00:00-04:00,1.4488923153641207,1.4594467269209561,1.4417743082265477,1.4454560279846191,372344000,0.0,0.0
2016-08-10 00:00:00-04:00,1.458219527797861,1.4604285363656524,1.4314654073935233,1.4361289739608765,375740000,0.0,0.0
2016-08-11 00:00:00-04:00,1.4437381780697218,1.4714740321678144,1.4407927548480195,1.4653377532958984,681064000,0.0,0.0
2016-08-12 00:00:00-04:00,1.5193368153523845,1.5556633884143087,1.488164674233598,1.5473181009292603,1425744000,0.0,0.0
2016-08-15 00:00:00-04:00,1.5490360059973456,1.55860857114667,1.5249818769328711,1.5458451509475708,573304000,0.0,0.0
2016-08-16 00:00:00-04:00,1.5436364632775477,1.5460909046506803,1.5318548871989788,1.5365184545516968,287652000,0.0,0.0
2016-08-17 00:00:00-04:00,1.5365186827726312,1.5399549714292853,1.4889012724394424,1.500928282737732,595212000,0.0,0.0
2016-08-18 00:00:00-04:00,1.4987191303445844,1.5267004189050322,1.4928282834729982,1.5242459774017334,331684000,0.0,0.0
2016-08-19 00:00:00-04:00,1.5235090461723215,1.5397087525336386,1.5168819042099422,1.5281726121902466,291560000,0.0,0.0
2016-08-22 00:00:00-04:00,1.5328362186703375,1.5367634877026677,1.5146729358851114,1.534554362297058,244748000,0.0,0.0
2016-08-23 00:00:00-04:00,1.5501694872442584,1.557054727900359,1.5425464752290265,1.5469727516174316,339764000,0.002875,0.0
2016-08-24 00:00:00-04:00,1.5523826719420237,1.553120326039933,1.515989039569586,1.5231201648712158,298448000,0.0,0.0
2016-08-25 00:00:00-04:00,1.5236119010212137,1.5243495550462567,1.494103629421422,1.5130380392074585,406032000,0.0,0.0
2016-08-26 00:00:00-04:00,1.5169729753642156,1.5339401952996201,1.5049236848326983,1.5253336429595947,300024000,0.0,0.0
2016-08-29 00:00:00-04:00,1.531480812198251,1.5376282809013673,1.5218906062441964,1.524349570274353,274652000,0.0,0.0
2016-08-30 00:00:00-04:00,1.5223823282089597,1.5304971085901358,1.5113166972790928,1.515497088432312,285544000,0.0,0.0
2016-08-31 00:00:00-04:00,1.518448081931136,1.5226283562224499,1.5039398297471056,1.5083659887313843,388544000,0.0,0.0
2016-09-01 00:00:00-04:00,1.5095952251522438,1.5585297868518548,1.5083656846798101,1.5528740882873535,428492000,0.0,0.0
2016-09-02 00:00:00-04:00,1.556071171697795,1.557792481842575,1.5201694261004295,1.537628412246704,323148000,0.0,0.0
2016-09-06 00:00:00-04:00,1.5430385765524521,1.5521368980407715,1.5351696787412858,1.5521368980407715,306812000,0.0,0.0
2016-09-07 00:00:00-04:00,1.5472185406130639,1.5548415521567627,1.5204152337502919,1.52926766872406,397988000,0.0,0.0
2016-09-08 00:00:00-04:00,1.527792214235286,1.5427923523507912,1.5103332293065033,1.5403332710266113,315808000,0.0,0.0
2016-09-09 00:00:00-04:00,1.5233660372942583,1.5319725873153522,1.4508247806723247,1.4636117219924927,697760000,0.0,0.0
2016-09-12 00:00:00-04:00,1.4441851698170347,1.4968082338575859,1.4095128566778672,1.4938573837280273,598260000,0.0,0.0
2016-09-13 00:00:00-04:00,1.4901693877659195,1.5073826078868917,1.4638578467747438,1.4722185134887695,471768000,0.0,0.0
2016-09-14 00:00:00-04:00,1.475661100144788,1.4901693535153748,1.4633660437028035,1.4852513074874878,319048000,0.0,0.0
2016-09-15 00:00:00-04:00,1.4877102966039037,1.5432842249882612,1.4842675590685774,1.5415629148483276,515212000,0.0,0.0
2016-09-16 00:00:00-04:00,1.5469730375864088,1.55533370525084,1.527546735533134,1.545251727104187,902444000,0.0,0.0
2016-09-19 00:00:00-04:00,1.5614810385799012,1.6047599128431072,1.5543499130659728,1.5656614303588867,417128000,0.0,0.0
2016-09-20 00:00:00-04:00,1.5836121110869488,1.5836121110869488,1.5427923233671221,1.5513988733291626,331112000,0.0,0.0
2016-09-21 00:00:00-04:00,1.5560713716022267,1.5978748243551957,1.5558254868721642,1.594923973083496,336212000,0.0,0.0
2016-09-22 00:00:00-04:00,1.6042681699234478,1.609186215903522,1.5897599166939091,1.5988582372665405,308732000,0.0,0.0
2016-09-23 00:00:00-04:00,1.6008251189321843,1.6054971616895959,1.5900053737837299,1.5971364974975586,276132000,0.0,0.0
2016-09-26 00:00:00-04:00,1.5789401337513473,1.5885303407889313,1.5622188012396199,1.582136869430542,230040000,0.0,0.0
2016-09-27 00:00:00-04:00,1.5759894953833304,1.6386946766446289,1.5752518411680643,1.6362355947494507,402752000,0.0,0.0
2016-09-28 00:00:00-04:00,1.6386941923785778,1.643366352794319,1.6212350912998492,1.642136812210083,319788000,0.0,0.0
2016-09-29 00:00:00-04:00,1.6394319740701737,1.6625468932835272,1.6241860683066645,1.657382845878601,336684000,0.0,0.0
2016-09-30 00:00:00-04:00,1.6664808946951202,1.701399091441259,1.6566448060564325,1.6849236488342285,429932000,0.0,0.0
2016-10-03 00:00:00-04:00,1.6849241709681437,1.7092685154811738,1.6802520098286173,1.6832027435302734,242596000,0.0,0.0
2016-10-04 00:00:00-04:00,1.6856616364137267,1.7139403675342044,1.6669729939473283,1.6795140504837036,281624000,0.0,0.0
2016-10-05 00:00:00-04:00,1.693776344171113,1.710989560583855,1.6726287385954008,1.6777926683425903,305440000,0.0,0.0
2016-10-06 00:00:00-04:00,1.6576290604002721,1.667956922023707,1.6293502074108468,1.6559077501296997,360212000,0.0,0.0
2016-10-07 00:00:00-04:00,1.6669729955242827,1.6713992714687405,1.639186033730177,1.6438581943511963,286260000,0.0,0.0
2016-10-10 00:00:00-04:00,1.6524646621027803,1.661317213551307,1.6345137917968402,1.6500056982040405,287876000,0.0,0.0
2016-10-11 00:00:00-04:00,1.64459610929493,1.6470550735307914,1.6136122922326797,1.6261533498764038,388540000,0.0,0.0
2016-10-12 00:00:00-04:00,1.6195142506608489,1.6421372880421747,1.605989652081646,1.6335307359695435,419920000,0.0,0.0
2016-10-13 00:00:00-04:00,1.6143501797743087,1.6180386850213087,1.5663991425414399,1.6069730520248413,390116000,0.0,0.0
2016-10-14 00:00:00-04:00,1.6266449749246028,1.6377106061426665,1.6131203796888853,1.6227105855941772,330636000,0.0,0.0
2016-10-17 00:00:00-04:00,1.6224646826739926,1.6377105877272682,1.6111531669069017,1.6133662462234497,195328000,0.0,0.0
2016-10-18 00:00:00-04:00,1.635743658795942,1.6473010611138839,1.629104302512347,1.6379567384719849,269372000,0.0,0.0
2016-10-19 00:00:00-04:00,1.6268913170298036,1.6421372254423443,1.6185305327574226,1.6345142126083374,199060000,0.0,0.0
2016-10-20 00:00:00-04:00,1.653694374732943,1.6709075928367854,1.6303336876149368,1.6654976606369019,312084000,0.0,0.0
2016-10-21 00:00:00-04:00,1.659595712097779,1.6637759854197893,1.6450874632778585,1.660825252532959,279508000,0.0,0.0
2016-10-24 00:00:00-04:00,1.6721371256808584,1.7407438785728757,1.6718911237366476,1.738776683807373,339836000,0.0,0.0
2016-10-25 00:00:00-04:00,1.7358258526593469,1.777875183553918,1.7274651868698312,1.767301321029663,397460000,0.0,0.0
2016-10-26 00:00:00-04:00,1.7525469256276498,1.793858596351546,1.7508256157854407,1.7744323015213013,333792000,0.0,0.0
2016-10-27 00:00:00-04:00,1.787957123820913,1.7913997439447518,1.730907772580028,1.7380388975143433,388664000,0.0,0.0
2016-10-28 00:00:00-04:00,1.7463996259912533,1.7729570474081304,1.7318913746324722,1.7350881099700928,290856000,0.0,0.0
2016-10-31 00:00:00-04:00,1.7407443236043139,1.7614001670615145,1.7397606673423576,1.7498427629470825,252388000,0.0,0.0
2016-11-01 00:00:00-04:00,1.756235936280617,1.7658261434926255,1.6792683938748245,1.6979570388793945,473224000,0.0,0.0
2016-11-02 00:00:00-04:00,1.7109901320350183,1.7341049399122972,1.6878752069022565,1.6908260583877563,295848000,0.0,0.0
2016-11-03 00:00:00-04:00,1.6986941404151803,1.7001695654490236,1.6386939523087782,1.6711530685424805,309664000,0.0,0.0
2016-11-04 00:00:00-04:00,1.6600878518441737,1.690088011978248,1.6372189340212473,1.6615632772445679,328780000,0.0,0.0
2016-11-07 00:00:00-05:00,1.7102520465856892,1.7636128965106916,1.7090225058165232,1.752547264099121,487580000,0.0,0.0
2016-11-08 00:00:00-05:00,1.7591869697859843,1.7648427880951338,1.7336131967854573,1.7498427629470825,429884000,0.0,0.0
2016-11-09 00:00:00-05:00,1.7023834155460131,1.743449215955709,1.689842472960479,1.7203342914581299,456532000,0.0,0.0
2016-11-10 00:00:00-05:00,1.7579572928962581,1.7582031776124705,1.6416453797340906,1.6664814949035645,869280000,0.0,0.0
2016-11-11 00:00:00-05:00,1.9551711864445604,2.182876854777623,1.9303349534355565,2.1632046699523926,2175344000,0.0,0.0
2016-11-14 00:00:00-05:00,2.166155139585767,2.1686142208835197,2.056236832098318,2.0567286014556885,1348796000,0.0,0.0
2016-11-15 00:00:00-05:00,2.0727122707614885,2.150417461607439,2.0638597183267704,2.119433879852295,626092000,0.0,0.0
2016-11-16 00:00:00-05:00,2.1477128928473377,2.2760738645924543,2.123368546360063,2.2532050609588623,987984000,0.0,0.0
2016-11-17 00:00:00-05:00,2.269926189158643,2.3309100508435434,2.2291062800640535,2.2718935012817383,832988000,0.0,0.0
2016-11-18 00:00:00-05:00,2.27189351302514,2.3195984285198454,2.257385260261217,2.295746088027954,576060000,0.0,0.0
2016-11-21 00:00:00-05:00,2.3136969438055406,2.320090415052091,2.2721392634475026,2.2864017486572266,436436000,0.0,0.0
2016-11-22 00:00:00-05:00,2.2942708740392033,2.305090506045162,2.271647836564229,2.302877426147461,330368000,0.0,0.0
2016-11-23 00:00:00-05:00,2.3080485008412905,2.3457278807664426,2.284652957858194,2.3142054080963135,443236000,0.0035,0.0
2016-11-25 00:00:00-05:00,2.3252878929657625,2.3420342600124013,2.3004143603681393,2.31888484954834,195564000,0.0,0.0
2016-11-28 00:00:00-05:00,2.311742166535329,2.333167682650144,2.3050927550491007,2.317652702331543,278736000,0.0,0.0
2016-11-29 00:00:00-05:00,2.314944714134478,2.3257807800715975,2.2787430754950133,2.2964744567871094,444568000,0.0,0.0
2016-11-30 00:00:00-05:00,2.3050933201920456,2.3188846520517683,2.268152814701874,2.270615577697754,440500000,0.0,0.0
2016-12-01 00:00:00-05:00,2.2681526280270385,2.2698765150098725,2.087636295829725,2.158315896987915,1035524000,0.0,0.0
2016-12-02 00:00:00-05:00,2.1240845279420095,2.186883576951563,2.0962559629104525,2.1782641410827637,478292000,0.0,0.0
2016-12-05 00:00:00-05:00,2.216189700555847,2.2807126379517837,2.191808909413605,2.262734889984131,602284000,0.0,0.0
2016-12-06 00:00:00-05:00,2.270862274931785,2.3082955301723893,2.2551009166653238,2.299922227859497,498796000,0.0,0.0
2016-12-07 00:00:00-05:00,2.2863769883491454,2.3469594094499255,2.2681528705378144,2.3412952423095703,480804000,0.0,0.0
2016-12-08 00:00:00-05:00,2.3442509781252485,2.379467604374983,2.2915491064693914,2.302138566970825,381544000,0.0,0.0
2016-12-09 00:00:00-05:00,2.3198695662818256,2.3215934533344424,2.2339211141610815,2.2612571716308594,382312000,0.0,0.0
2016-12-12 00:00:00-05:00,2.2127414473983684,2.2152042099777596,2.1558529470414407,2.206338405609131,601332000,0.0,0.0
2016-12-13 00:00:00-05:00,2.218653034228819,2.272832662320932,2.2176680226754226,2.2452502250671387,387796000,0.0,0.0
2016-12-14 00:00:00-05:00,2.2789883781184272,2.391534238352923,2.255100096532094,2.3752803802490234,983980000,0.0,0.0
2016-12-15 00:00:00-05:00,2.3863628366807688,2.4612293354315002,2.378974781884799,2.4309380054473877,746548000,0.0,0.0
2016-12-16 00:00:00-05:00,2.458520467611613,2.479945993238574,2.4068036087272766,2.472804307937622,1089528000,0.0,0.0
2016-12-19 00:00:00-05:00,2.455319131186831,2.5230434848841337,2.438080021171726,2.5028493404388428,744656000,0.0,0.0
2016-12-20 00:00:00-05:00,2.5754992632565092,2.6136711595160977,2.5641706916410976,2.590029239654541,848056000,0.0,0.0
2016-12-21 00:00:00-05:00,2.60160307886889,2.609237502546528,2.554072884696677,2.6062822341918945,576136000,0.0,0.0
2016-12-22 00:00:00-05:00,2.630663780148239,2.6811492572253806,2.623521859994354,2.637805700302124,718612000,0.0,0.0
2016-12-23 00:00:00-05:00,2.6198273314017486,2.7050371504690864,2.6171184328848396,2.703559398651123,647692000,0.0,0.0
2016-12-27 00:00:00-05:00,2.7597083638016118,2.890231713174556,2.7390214891808444,2.889246702194214,1194272000,0.0,0.0
2016-12-28 00:00:00-05:00,2.945397545798434,2.953524476921321,2.6767163130481397,2.690507411956787,2295764000,0.0,0.0
2016-12-29 00:00:00-05:00,2.583379310889059,2.7456717825689374,2.5316624600147164,2.7441940307617188,2175368000,0.0,0.0
2016-12-30 00:00:00-05:00,2.7422247388551724,2.7562622104540613,2.6178579873078633,2.6286938190460205,1212932000,0.0,0.0
2017-01-03 00:00:00-05:00,2.5710653184743952,2.619580757433368,2.4474374957681997,2.512206792831421,1501996000,0.0,0.0
2017-01-04 00:00:00-05:00,2.546439297368074,2.5981561582669985,2.500386604816702,2.5708200931549072,1199220000,0.0,0.0
2017-01-05 00:00:00-05:00,2.5742676077678412,2.606036456222518,2.488565275730568,2.5055580139160156,984296000,0.0,0.0
2017-01-06 00:00:00-05:00,2.5328939095642866,2.567371889360109,2.492259256705149,2.539050817489624,822856000,0.0,0.0
2017-01-09 00:00:00-05:00,2.5489023950397756,2.659724187245398,2.5489023950397756,2.6419925689697266,916248000,0.0,0.0
2017-01-10 00:00:00-05:00,2.6550438325232832,2.6890290666000904,2.60135673095927,2.6220436096191406,880920000,0.0,0.0
2017-01-11 00:00:00-05:00,2.610469118346659,2.615394409472004,2.5649089424116833,2.589782238006592,525664000,0.0,0.0
2017-01-12 00:00:00-05:00,2.5668793394711082,2.5784540443368833,2.502602537065401,2.547423839569092,625616000,0.0,0.0
2017-01-13 00:00:00-05:00,2.551364684842676,2.585842671682116,2.538066089813966,2.547178268432617,457820000,0.0,0.0
2017-01-17 00:00:00-05:00,2.5365878736702263,2.541513164797707,2.4767440950975965,2.4900426864624023,580612000,0.0,0.0
2017-01-18 00:00:00-05:00,2.4686167294781853,2.5422515920481357,2.44078817016199,2.535356044769287,654424000,0.0,0.0
2017-01-19 00:00:00-05:00,2.5383117596936033,2.621797452338357,2.5360953669440973,2.589782238006592,644872000,0.0,0.0
2017-01-20 00:00:00-05:00,2.6124396701022206,2.630171285414499,2.539543655672773,2.5614616870880127,492024000,0.0,0.0
2017-01-23 00:00:00-05:00,2.556289155125395,2.6080059965678326,2.553826392470523,2.5880579948425293,369904000,0.0,0.0
2017-01-24 00:00:00-05:00,2.5981556105554597,2.6493799549120256,2.5833792670441382,2.6432230472564697,428052000,0.0,0.0
2017-01-25 00:00:00-05:00,2.6855814738329324,2.6917383812324687,2.6185960123323992,2.6545515060424805,522760000,0.0,0.0
2017-01-26 00:00:00-05:00,2.6572609692971376,2.707746446396198,2.6277085120827164,2.7003583908081055,458800000,0.0,0.0
2017-01-27 00:00:00-05:00,2.7072541876799114,2.755523275992787,2.6806569972464285,2.752568006515503,471996000,0.0,0.0
2017-01-30 00:00:00-05:00,2.7316344328160844,2.7338508257607246,2.6575070451314105,2.70947003364563,496004000,0.0,0.0
2017-01-31 00:00:00-05:00,2.6831190017564905,2.710208690294052,2.6646485140342357,2.6887831687927246,362756000,0.0,0.0
2017-02-01 00:00:00-05:00,2.723260962864385,2.810440802265504,2.705529585545485,2.8062543869018555,590004000,0.0,0.0
2017-02-02 00:00:00-05:00,2.7902467617026248,2.8503369142048207,2.759709297225785,2.84171724319458,483240000,0.0,0.0
2017-02-03 00:00:00-05:00,2.8431952765019863,2.8542774768931225,2.8050233834114295,2.8168442249298096,372744000,0.0,0.0
2017-02-06 00:00:00-05:00,2.807485692600748,2.889493875143351,2.807485692600748,2.8890013694763184,506768000,0.0,0.0
2017-02-07 00:00:00-05:00,2.92323293812711,2.9779050590505225,2.903531302551721,2.9338226318359375,746224000,0.0,0.0
2017-02-08 00:00:00-05:00,2.9158457451188844,2.938256285877929,2.8660989009583786,2.9210174083709717,449580000,0.0,0.0
2017-02-09 00:00:00-05:00,2.9271728451176613,2.93209837081462,2.846888796070365,2.8660976886749268,842568000,0.0,0.0
2017-02-10 00:00:00-05:00,2.9535251020877262,2.9724878671009254,2.773008691811101,2.798128366470337,1651092000,0.0,0.0
2017-02-13 00:00:00-05:00,2.7924631626245593,2.8069931364196616,2.6646486672796765,2.669081687927246,1180724000,0.0,0.0
2017-02-14 00:00:00-05:00,2.659476928820649,2.7126715310220897,2.6176108958782422,2.6789324283599854,850632000,0.0,0.0
2017-02-15 00:00:00-05:00,2.6818879621069462,2.7040521274472695,2.653813023869018,2.6843504905700684,373020000,0.0,0.0
2017-02-16 00:00:00-05:00,2.693954855212273,2.695186236729324,2.602095860825973,2.6412529945373535,647176000,0.0,0.0
2017-02-17 00:00:00-05:00,2.6277079623547044,2.6451932036494408,2.580670270028049,2.6407601833343506,563740000,0.0,0.0
2017-02-21 00:00:00-05:00,2.6653874674606395,2.7392687159132425,2.665141097207545,2.735328435897827,551952000,0.0,0.0
2017-02-22 00:00:00-05:00,2.7474104548892346,2.756780575952077,2.7121491603299304,2.7311360836029053,433772000,0.0035,0.0
2017-02-23 00:00:00-05:00,2.601435085381757,2.6233807785997483,2.4579246951688773,2.4778976440429688,1592888000,0.0,0.0
2017-02-24 00:00:00-05:00,2.393566488901127,2.515131172013375,2.3597848037945206,2.5018157958984375,1029904000,0.0,0.0
2017-02-27 00:00:00-05:00,2.5200623985677173,2.589598263498667,2.504281154326461,2.574556827545166,715400000,0.0,0.0
2017-02-28 00:00:00-05:00,2.58417433622617,2.59403782323442,2.485048690409687,2.5023093223571777,625360000,0.0,0.0
2017-03-01 00:00:00-05:00,2.559269473963886,2.5735713410547736,2.4931857144494813,2.534611463546753,504804000,0.0,0.0
2017-03-02 00:00:00-05:00,2.5217891706237956,2.5358443562535564,2.438444546559245,2.4411568641662598,754332000,0.0,0.0
2017-03-03 00:00:00-05:00,2.4305539765226847,2.435485484330551,2.372607172460729,2.4271018505096436,864692000,0.0,0.0
2017-03-06 00:00:00-05:00,2.390853651514068,2.4189640145087794,2.346715598490826,2.4083609580993652,883568000,0.0,0.0
2017-03-07 00:00:00-05:00,2.408361714989978,2.4542258449711927,2.3955394648740724,2.4347457885742188,603400000,0.0,0.0
2017-03-08 00:00:00-05:00,2.483074795827669,2.497869784328601,2.428087245145799,2.4303064346313477,638712000,0.0,0.0
2017-03-09 00:00:00-05:00,2.414279533640161,2.4522529187243305,2.4017037305219344,2.429814100265503,478060000,0.0,0.0
2017-03-10 00:00:00-05:00,2.4561978349484734,2.4680335916954523,2.4258682820597643,2.444115161895752,499740000,0.0,0.0
2017-03-13 00:00:00-04:00,2.454473034161853,2.5212966162328887,2.4537332254978583,2.5114333629608154,774136000,0.0,0.0
2017-03-14 00:00:00-04:00,2.5242550485552964,2.533624937173714,2.477404429670937,2.509706735610962,522016000,0.0,0.0
2017-03-15 00:00:00-04:00,2.5212955826073227,2.539542464343022,2.4737051640421766,2.5286929607391357,615036000,0.0,0.0
2017-03-16 00:00:00-04:00,2.5392964031140797,2.5602558402955933,2.5252412179229315,2.559762477874756,523100000,0.0,0.0
2017-03-17 00:00:00-04:00,2.577269424390327,2.616722656858964,2.559762115681193,2.6154897212982178,1119688000,0.0,0.0
2017-03-20 00:00:00-04:00,2.632997345557023,2.7027799075810854,2.616969416504881,2.6988344192504883,748568000,0.0,0.0
2017-03-21 00:00:00-04:00,2.681574098790794,2.7114105349643647,2.603654340234443,2.6115448474884033,913484000,0.0,0.0
2017-03-22 00:00:00-04:00,2.6004491349516368,2.6694921442473007,2.5965038806040734,2.664807081222534,616764000,0.0,0.0
2017-03-23 00:00:00-04:00,2.656915347931608,2.676888528668481,2.631024405456424,2.6406409740448,533940000,0.0,0.0
2017-03-24 00:00:00-04:00,2.686997216441679,2.6948877185476903,2.6241189400329055,2.650009870529175,439500000,0.0,0.0
2017-03-27 00:00:00-04:00,2.6034072224156404,2.673189780782143,2.5540909724524354,2.6692445278167725,506644000,0.0,0.0
2017-03-28 00:00:00-04:00,2.670476758345551,2.6850250658802306,2.6450789492312077,2.65543532371521,432444000,0.0,0.0
2017-03-29 00:00:00-04:00,2.662833216755274,2.675162337170746,2.6445863348861156,2.64680552482605,349992000,0.0,0.0
2017-03-30 00:00:00-04:00,2.6539563846162175,2.712396310797067,2.6482850688311137,2.697601318359375,525532000,0.0,0.0
2017-03-31 00:00:00-04:00,2.6879850123036766,2.709684258279853,2.672943572364645,2.6860122680664062,440808000,0.0,0.0
2017-04-03 00:00:00-04:00,2.6865054886890993,2.703766118009938,2.648778315067436,2.672450304031372,445232000,0.0,0.0
2017-04-04 00:00:00-04:00,2.549653154918686,2.5748045302557765,2.4741992640658954,2.485048770904541,1271280000,0.0,0.0
2017-04-05 00:00:00-04:00,2.4663077221383936,2.5242545156214145,2.45348547495698,2.4665544033050537,747048000,0.0,0.0
2017-04-06 00:00:00-04:00,2.4717329951697025,2.4966376852594667,2.4266084414963998,2.484555244445801,635120000,0.0,0.0
2017-04-07 00:00:00-04:00,2.490965517590974,2.5084728225471755,2.458909905358377,2.4739513397216797,429068000,0.0,0.0
2017-04-10 00:00:00-04:00,2.474691473199803,2.481349042485652,2.4066349879357776,2.4108269214630127,756332000,0.0,0.0
2017-04-11 00:00:00-04:00,2.3807440115000675,2.438690807074051,2.375812504414562,2.41945743560791,618148000,0.0,0.0
2017-04-12 00:00:00-04:00,2.4194575769823246,2.433759207040223,2.3943062074171944,2.399484395980835,414092000,0.0,0.0
2017-04-13 00:00:00-04:00,2.375320099758389,2.3970191137885886,2.354607105255127,2.354607105255127,506892000,0.0,0.0
2017-04-17 00:00:00-04:00,2.367428996278547,2.447074811380511,2.362250807230907,2.4468283653259277,497292000,0.0,0.0
2017-04-18 00:00:00-04:00,2.43252674109976,2.4544726703832747,2.4066357932823172,2.448307991027832,370116000,0.0,0.0
2017-04-19 00:00:00-04:00,2.4658151111832276,2.489979993921836,2.4512667982647116,2.4579246044158936,380828000,0.0,0.0
2017-04-20 00:00:00-04:00,2.472472783374026,2.501569407634582,2.4512666654532906,2.496884346008301,404016000,0.0,0.0
2017-04-21 00:00:00-04:00,2.4865275447285375,2.5099528510853704,2.4746917861154194,2.5072405338287354,341896000,0.0,0.0
2017-04-24 00:00:00-04:00,2.538802306500112,2.5516245522480103,2.5178431105382093,2.538555860519409,371820000,0.0,0.0
2017-04-25 00:00:00-04:00,2.553105251167051,2.597243321738379,2.5316526838320663,2.5826950073242188,388440000,0.0,0.0
2017-04-26 00:00:00-04:00,2.5962560209258525,2.59872165657657,2.562967470478147,2.5649402141571045,327004000,0.0,0.0
2017-04-27 00:00:00-04:00,2.572338493498021,2.613270881554763,2.5543380535642535,2.6048872470855713,319700000,0.0,0.0
2017-04-28 00:00:00-04:00,2.5979821981074065,2.60488644855086,2.566173027646418,2.5718445777893066,348248000,0.0,0.0
2017-05-01 00:00:00-04:00,2.582694124098837,2.6347229196144433,2.575543192379813,2.629544496536255,307732000,0.0,0.0
2017-05-02 00:00:00-04:00,2.6026675595862154,2.6039004951876685,2.5289395156332364,2.5516250133514404,629972000,0.0,0.0
2017-05-03 00:00:00-04:00,2.5447210122947688,2.5802287615689274,2.5299262539396286,2.5706121921539307,336904000,0.0,0.0
2017-05-04 00:00:00-04:00,2.5767760290040345,2.587872212737434,2.552857598963525,2.560748338699341,209788000,0.0,0.0
2017-05-05 00:00:00-04:00,2.5491593435964406,2.5681460342592035,2.5336245433503075,2.560995101928711,228428000,0.0,0.0
2017-05-08 00:00:00-04:00,2.5728304010930994,2.574309782300988,2.522774358605046,2.5341172218322754,365240000,0.0,0.0
2017-05-09 00:00:00-04:00,2.539788713759918,2.587378889076472,2.531404847519593,2.538309097290039,847672000,0.0,0.0
2017-05-10 00:00:00-04:00,2.8181795719448335,3.003855481221614,2.8115220021195158,2.990786552429199,2129096000,0.0,0.0
2017-05-11 00:00:00-04:00,2.9602110673048863,3.2161627020200703,2.9567589412015742,3.119256019592285,1939792000,0.0,0.0
2017-05-12 00:00:00-04:00,3.1224621732996467,3.1956968762330136,3.1015027322821753,3.153531312942505,962620000,0.0,0.0
2017-05-15 00:00:00-04:00,3.194709705059757,3.314301637052937,3.1902710898423066,3.311835765838623,1087540000,0.0,0.0
2017-05-16 00:00:00-04:00,3.3628777397828635,3.3890155957789365,3.2884103648802956,3.373480796813965,1120700000,0.0,0.0
2017-05-17 00:00:00-04:00,3.3066580914959633,3.325398339384972,3.145147264381759,3.149339199066162,1271368000,0.0,0.0
2017-05-18 00:00:00-04:00,3.193230564809823,3.2901372486001392,3.1328181219939983,3.2812602519989014,1156032000,0.0,0.0
2017-05-19 00:00:00-04:00,3.382465211817155,3.411839188564605,3.3377870118263555,3.3570406436920166,1018372000,0.0035,0.0
2017-05-22 00:00:00-04:00,3.400731592834757,3.4429413246862755,3.389870424730146,3.4286246299743652,836608000,0.0,0.0
2017-05-23 00:00:00-04:00,3.448371290164133,3.4505928174305334,3.3498816196363177,3.382464647293091,681248000,0.0,0.0
2017-05-24 00:00:00-04:00,3.479472987592976,3.4821883967140486,3.4083827058008014,3.420478105545044,815996000,0.0,0.0
2017-05-25 00:00:00-04:00,3.4557768548365067,3.456517442478721,3.3679013994248352,3.4128265380859375,608228000,0.0,0.0
2017-05-26 00:00:00-04:00,3.404680344797055,3.5861085217259445,3.384439423278809,3.501195192337036,779140000,0.0,0.0
2017-05-30 00:00:00-04:00,3.547107967974751,3.611039794598919,3.5310633937695473,3.575988531112671,989652000,0.0,0.0
2017-05-31 00:00:00-04:00,3.6209136880190407,3.6285657995532823,3.506379426843917,3.563153028488159,887316000,0.0,0.0
2017-06-01 00:00:00-04:00,3.578950720657552,3.5799382493724083,3.517981003830303,3.5633997917175293,503340000,0.0,0.0
2017-06-02 00:00:00-04:00,3.5604369786729664,3.5866021294758617,3.539702410816134,3.545626640319824,487456000,0.0,0.0
2017-06-05 00:00:00-04:00,3.5293348609582322,3.6663315397297005,3.517733343806862,3.6534957885742188,817376000,0.0,0.0
2017-06-06 00:00:00-04:00,3.648806346758416,3.6949657168054664,3.6236287225564814,3.636958122253418,758728000,0.0,0.0
2017-06-07 00:00:00-04:00,3.661394283932472,3.699654590634158,3.6458433615696113,3.680894613265991,612612000,0.0,0.0
2017-06-08 00:00:00-04:00,3.788024754830071,3.9494589594789793,3.74680232213848,3.9479780197143555,1161744000,0.0,0.0
2017-06-09 00:00:00-04:00,4.066462303990357,4.159274462915794,3.523658161858561,3.692744493484497,3692928000,0.0,0.0
2017-06-12 00:00:00-04:00,3.600919675718029,3.7445812065522524,3.507860574534015,3.7018775939941406,1697532000,0.0,0.0
2017-06-13 00:00:00-04:00,3.811227385471868,3.820360670300085,3.595241371681763,3.737175226211548,1672504000,0.0,0.0
2017-06-14 00:00:00-04:00,3.7401375710906484,3.802835157675937,3.6655915252993485,3.7450742721557617,1184640000,0.0,0.0
2017-06-15 00:00:00-04:00,3.627577960175783,3.791480392407653,3.6162231473938036,3.7611191272735596,963824000,0.0,0.0
2017-06-16 00:00:00-04:00,3.770745177791359,3.8186324181676063,3.7085412476540105,3.742605209350586,924960000,0.0,0.0
2017-06-19 00:00:00-04:00,3.786790928191132,3.888489669301935,3.7830884606780635,3.8833060264587402,778176000,0.0,0.0
2017-06-20 00:00:00-04:00,3.925515096828308,3.992409031306997,3.8734317361299944,3.8776278495788574,1095444000,0.0,0.0
2017-06-21 00:00:00-04:00,3.9052744789900187,3.9400790358210567,3.8433172406858613,3.9363763332366943,682652000,0.0,0.0
2017-06-22 00:00:00-04:00,3.944521756960684,3.9578513909744966,3.88527993305831,3.9092235565185547,469132000,0.0,0.0
2017-06-23 00:00:00-04:00,3.916876629431796,3.932674500103542,3.782101199748738,3.797158718109131,1088588000,0.0,0.0
2017-06-26 00:00:00-04:00,3.8299875323316153,3.8655326738965305,3.661395109731288,3.755688428878784,1063960000,0.0,0.0
2017-06-27 00:00:00-04:00,3.738163728575046,3.7468031342565187,3.6125215815084597,3.618198871612549,999492000,0.0,0.0
2017-06-28 00:00:00-04:00,3.685832153843838,3.7505045569561335,3.5977097751702356,3.745814561843872,994948000,0.0,0.0
2017-06-29 00:00:00-04:00,3.7174282959933302,3.7203901754801945,3.556487740235626,3.62066650390625,1064424000,0.0,0.0
2017-06-30 00:00:00-04:00,3.6379453608150043,3.651521701308763,3.54217109599214,3.568336248397827,731060000,0.0,0.0
2017-07-03 00:00:00-04:00,3.5804308545517953,3.595241191499181,3.4207245557172294,3.439237594604492,709072000,0.0,0.0
2017-07-05 00:00:00-04:00,3.5026761658314762,3.5599434049981373,3.483669478240256,3.5310630798339844,820188000,0.0,0.0
2017-07-06 00:00:00-04:00,3.501935507323971,3.5885767106429074,3.449851914784059,3.5416767597198486,746284000,0.0,0.0
2017-07-07 00:00:00-04:00,3.5984505194575065,3.6409071828781014,3.5754941894225776,3.62264084815979,654972000,0.0,0.0
2017-07-10 00:00:00-04:00,3.6962002691536497,3.801354535994644,3.670035114102844,3.7939493656158447,958492000,0.0,0.0
2017-07-11 00:00:00-04:00,3.7976516617574285,3.8554125495002274,3.7556886417618474,3.8477604389190674,757956000,0.0,0.0
2017-07-12 00:00:00-04:00,3.90749500740163,4.023510167178391,3.864544704190402,4.011415004730225,1145208000,0.0,0.0
2017-07-13 00:00:00-04:00,4.023509958988561,4.104967507555675,3.9186026741472384,3.9650087356567383,1369132000,0.0,0.0
2017-07-14 00:00:00-04:00,3.9813020464606486,4.073126918130159,3.9743905222926355,4.071646213531494,941948000,0.0,0.0
2017-07-17 00:00:00-04:00,4.105709121362271,4.134589681969197,3.992655817994637,4.054366111755371,930792000,0.0,0.0
2017-07-18 00:00:00-04:00,3.993395850161199,4.111139368068078,3.981547392544041,4.096575736999512,776640000,0.0,0.0
2017-07-19 00:00:00-04:00,4.105708685234267,4.132120774787683,4.063252259992133,4.075347423553467,687044000,0.0,0.0
2017-07-20 00:00:00-04:00,4.095834764659502,4.134835423937949,4.045972941783936,4.134588718414307,699596000,0.0,0.0
2017-07-21 00:00:00-04:00,4.114102031003843,4.179021383909583,4.099785102754026,4.149400234222412,648332000,0.0,0.0
2017-07-24 00:00:00-04:00,4.1565575915708735,4.166184285556099,4.090650966759321,4.101264953613281,652524000,0.0,0.0
2017-07-25 00:00:00-04:00,4.078311023749548,4.0958370126004215,4.037829167487233,4.081520080566406,496556000,0.0,0.0
2017-07-26 00:00:00-04:00,4.139033209410651,4.1945725743035975,4.093861129856091,4.128665924072266,640404000,0.0,0.0
2017-07-27 00:00:00-04:00,4.153596739212222,4.1651984939285285,3.8892297927330466,3.9924094676971436,782856000,0.0,0.0
2017-07-28 00:00:00-04:00,3.956615979704422,4.0822582965710845,3.931685304474503,4.057820796966553,513348000,0.0,0.0
2017-07-31 00:00:00-04:00,4.07139740590661,4.107436187718886,3.9647622352872958,4.011415004730225,559672000,0.0,0.0
2017-08-01 00:00:00-04:00,4.00203580430133,4.062018217299158,3.974143007676133,4.060290336608887,431384000,0.0,0.0
2017-08-02 00:00:00-04:00,4.091391579584827,4.095340751084351,3.9808067737932467,4.057820796966553,478444000,0.0,0.0
2017-08-03 00:00:00-04:00,4.057329065229124,4.113115137651735,4.040296961354836,4.109412670135498,442420000,0.0,0.0
2017-08-04 00:00:00-04:00,4.132120675323932,4.1980273094375145,4.109411523701726,4.1274309158325195,589096000,0.0,0.0
2017-08-07 00:00:00-04:00,4.15655913132866,4.254801634935487,4.146931962965091,4.254308223724365,717412000,0.0,0.0
2017-08-08 00:00:00-04:00,4.292321593524357,4.308859814493777,4.164457939096253,4.203705787658691,755336000,0.0,0.0
2017-08-09 00:00:00-04:00,4.157546896455502,4.250852944480468,4.138786910434629,4.248384475708008,530784000,0.0,0.0
2017-08-10 00:00:00-04:00,4.249617379005804,4.261959719685869,4.056340984996345,4.066461563110352,1328088000,0.0,0.0
2017-08-11 00:00:00-04:00,3.8788625289497514,3.9247749598302843,3.774448854584803,3.8497352600097656,1497196000,0.0,0.0
2017-08-14 00:00:00-04:00,3.941312676917029,4.160507505073252,3.929711159719176,4.156805038452148,1279020000,0.0,0.0
2017-08-15 00:00:00-04:00,4.161988828211502,4.188153742673124,4.08744278633435,4.121753692626953,764532000,0.0,0.0
2017-08-16 00:00:00-04:00,4.136811062009823,4.16026080197758,4.044245629930377,4.0765814781188965,596632000,0.0,0.0
2017-08-17 00:00:00-04:00,4.0681885961934565,4.085220222403059,3.983521992934326,3.985743284225464,525444000,0.0,0.0
2017-08-18 00:00:00-04:00,4.040050019955298,4.057082122835572,3.940572812154021,3.986485242843628,601204000,0.0,0.0
2017-08-21 00:00:00-04:00,4.010921897836621,4.022276473737112,3.884539210971077,3.9284768104553223,623672000,0.0,0.0
2017-08-22 00:00:00-04:00,3.9650424698054114,4.021865821113382,3.9457718866526093,4.015936374664307,450456000,0.0035,0.0
2017-08-23 00:00:00-04:00,3.9825842701649643,4.107348637994316,3.973936786872095,4.096230983734131,579520000,0.0,0.0
2017-08-24 00:00:00-04:00,4.128345837235838,4.132793273171503,4.05472281877003,4.081157684326172,469700000,0.0,0.0
2017-08-25 00:00:00-04:00,4.105370593112831,4.115500080497786,4.040641019929581,4.047064781188965,357200000,0.0,0.0
2017-08-28 00:00:00-04:00,4.066087049622783,4.078934097280987,4.010498817329933,4.0757222175598145,389496000,0.0,0.0
2017-08-29 00:00:00-04:00,4.016924193418326,4.090794629376174,4.008771029495037,4.0690531730651855,324096000,0.0,0.0
2017-08-30 00:00:00-04:00,4.088817143169276,4.1043822288289435,4.058429153737076,4.093264579772949,384400000,0.0,0.0
2017-08-31 00:00:00-04:00,4.113523782958517,4.190111783263288,4.106112329809888,4.186159133911133,612684000,0.0,0.0
2017-09-01 00:00:00-04:00,4.198758889491126,4.246935215567035,4.190111409544542,4.211358547210693,445432000,0.0,0.0
2017-09-05 00:00:00-04:00,4.159970911175108,4.164912194329234,4.040889097256875,4.098947525024414,695364000,0.0,0.0
2017-09-06 00:00:00-04:00,4.1318067834343974,4.145641999785319,4.061642068031826,4.096477031707764,397672000,0.0,0.0
2017-09-07 00:00:00-04:00,4.113275778364218,4.147863807232091,4.075228946609559,4.115499496459961,352868000,0.0,0.0
2017-09-08 00:00:00-04:00,4.103888098373841,4.118711474045685,4.019888184189037,4.044099807739258,498856000,0.0,0.0
2017-09-11 00:00:00-04:00,4.089806739083767,4.18591248330027,4.08437113903112,4.175288677215576,567444000,0.0,0.0
2017-09-12 00:00:00-04:00,4.199993809354431,4.199993809354431,4.125135220567999,4.190358638763428,411488000,0.0,0.0
2017-09-13 00:00:00-04:00,4.165159247485521,4.238041526996603,4.132794925634419,4.209136009216309,580960000,0.0,0.0
2017-09-14 00:00:00-04:00,4.170100355230046,4.263241609649804,4.145641804966695,4.185171127319336,513712000,0.0,0.0
2017-09-15 00:00:00-04:00,4.270652033139304,4.449769496917725,4.265463828502738,4.449769496917725,1364792000,0.0,0.0
2017-09-18 00:00:00-04:00,4.574040265522203,4.723757913135313,4.567122658873056,4.633581161499023,1684460000,0.0,0.0
2017-09-19 00:00:00-04:00,4.583183305272318,4.6904067196766155,4.5611949209242955,4.6286420822143555,874280000,0.0,0.0
2017-09-20 00:00:00-04:00,4.632345656809842,4.679780736852511,4.55106331482083,4.591333866119385,724920000,0.0,0.0
2017-09-21 00:00:00-04:00,4.487571316005897,4.513759744276348,4.388006752219894,4.465830326080322,1075600000,0.0,0.0
2017-09-22 00:00:00-04:00,4.454465418068465,4.504124234846626,4.412465449567007,4.422347545623779,491232000,0.0,0.0
2017-09-25 00:00:00-04:00,4.39146524582877,4.392700802357119,4.203948101834877,4.224700927734375,874580000,0.0,0.0
2017-09-26 00:00:00-04:00,4.359347447608947,4.414441388843439,4.208641608289688,4.248417854309082,1125620000,0.0,0.0
2017-09-27 00:00:00-04:00,4.3388413689716705,4.354900303134278,4.26793541860981,4.341558933258057,713720000,0.0,0.0
2017-09-28 00:00:00-04:00,4.348723063048724,4.3526761833361896,4.292887889638134,4.340323448181152,435244000,0.0,0.0
2017-09-29 00:00:00-04:00,4.424323924764225,4.440382388246096,4.379112079034777,4.416665077209473,619092000,0.0,0.0
2017-10-02 00:00:00-04:00,4.466818155946116,4.49597106971505,4.372936122886428,4.422347545623779,503480000,0.0,0.0
2017-10-03 00:00:00-04:00,4.428523078993048,4.461382184906847,4.387264357945185,4.431488037109375,390332000,0.0,0.0
2017-10-04 00:00:00-04:00,4.437665029765094,4.490782648304624,4.401100192283727,4.468547344207764,427848000,0.0,0.0
2017-10-05 00:00:00-04:00,4.49300651648571,4.496465320738952,4.436182697890911,4.466076850891113,437364000,0.0,0.0
2017-10-06 00:00:00-04:00,4.438406388138381,4.492512170561095,4.42234745225509,4.479170799255371,318800000,0.0,0.0
2017-10-09 00:00:00-04:00,4.515983036054143,4.613324352839281,4.497206533616128,4.580218315124512,563492000,0.0,0.0
2017-10-10 00:00:00-04:00,4.729441560872815,4.7669945646375025,4.62641819457424,4.66767692565918,974876000,0.0,0.0
2017-10-11 00:00:00-04:00,4.684228717582172,4.718817226419681,4.638276106360156,4.717334747314453,529508000,0.0,0.0
2017-10-12 00:00:00-04:00,4.720793800988939,4.770452612602905,4.6923821298435735,4.7195587158203125,528292000,0.0,0.0
2017-10-13 00:00:00-04:00,4.78181817124255,4.817641774454721,4.7348773855439745,4.807512283325195,628728000,0.0,0.0
2017-10-16 00:00:00-04:00,4.837405180822676,4.892993434921235,4.774158079660464,4.890028476715088,576640000,0.0,0.0
2017-10-17 00:00:00-04:00,4.869277062718551,4.913994601707833,4.850994876323264,4.88558292388916,478596000,0.0,0.0
2017-10-18 00:00:00-04:00,4.89447691473918,4.8952176832155025,4.776135852059215,4.881382465362549,567316000,0.0,0.0
2017-10-19 00:00:00-04:00,4.803805218585961,4.891757789997568,4.7546407273400355,4.88681697845459,570772000,0.0,0.0
2017-10-20 00:00:00-04:00,4.903864942493903,4.931041060085757,4.855688133799093,4.864582538604736,451620000,0.0,0.0
2017-10-23 00:00:00-04:00,4.886322700359099,4.912758045036561,4.837405131496506,4.857664108276367,428696000,0.0,0.0
2017-10-24 00:00:00-04:00,4.866804381351077,4.910286816662209,4.840863356546116,4.908557415008545,407244000,0.0,0.0
2017-10-25 00:00:00-04:00,4.869029179432835,4.921899874191827,4.723017697464773,4.784534931182861,828160000,0.0,0.0
2017-10-26 00:00:00-04:00,4.812204061101296,4.846297772454646,4.7882393642127115,4.834686279296875,322744000,0.0,0.0
2017-10-27 00:00:00-04:00,4.886817696309636,4.987370412186639,4.860876193571652,4.987123489379883,572192000,0.0,0.0
2017-10-30 00:00:00-04:00,4.9871236822129195,5.091629051945757,4.971311668661291,5.036041259765625,504056000,0.0,0.0
2017-10-31 00:00:00-04:00,5.067910840166804,5.136098752293261,5.0622283178118215,5.109416484832764,411908000,0.0,0.0
2017-11-01 00:00:00-04:00,5.1721709936646985,5.1874886927507715,5.0548180795165925,5.119053363800049,502576000,0.0,0.0
2017-11-02 00:00:00-04:00,5.089404575245795,5.134122097990003,5.031345684014674,5.087922096252441,342308000,0.0,0.0
2017-11-03 00:00:00-04:00,5.119052476984032,5.155864238739014,5.07309985891339,5.155864238739014,353640000,0.0,0.0
2017-11-06 00:00:00-05:00,5.119052410419844,5.187734649433972,5.106699672800351,5.1790876388549805,389944000,0.0,0.0
2017-11-07 00:00:00-05:00,5.201816546741778,5.259875442286922,5.189710733592025,5.2383809089660645,427700000,0.0,0.0
2017-11-08 00:00:00-05:00,5.233934214766832,5.237640412718127,5.1200406076421014,5.167475700378418,522988000,0.0,0.0
2017-11-09 00:00:00-05:00,5.071371001311025,5.097558959009352,4.950312367405639,5.072606086730957,978564000,0.0,0.0
2017-11-10 00:00:00-05:00,5.264323998698677,5.4024297391543135,5.228500393977329,5.339923858642578,1253256000,0.0,0.0
2017-11-13 00:00:00-05:00,5.33992279625022,5.365369510276178,5.237887603665737,5.253205299377441,582376000,0.0,0.0
2017-11-14 00:00:00-05:00,5.262345751113217,5.3068163555765615,5.218616386221153,5.29149866104126,529292000,0.0,0.0
2017-11-15 00:00:00-05:00,5.236404294110901,5.237639850370907,5.133875272182704,5.1877336502075195,501948000,0.0,0.0
2017-11-16 00:00:00-05:00,5.261851724539295,5.291992795783281,5.219110523470367,5.228004455566406,441768000,0.0,0.0
2017-11-17 00:00:00-05:00,5.28507556588273,5.320404845244386,5.206758159608101,5.221828460693359,515664000,0.0,0.0
2017-11-20 00:00:00-05:00,5.237392092528621,5.301133502525279,5.200580340900146,5.289027690887451,396100000,0.0,0.0
2017-11-21 00:00:00-05:00,5.328803099441614,5.349308993455259,5.29693263501876,5.3376970291137695,399176000,0.0,0.0
2017-11-22 00:00:00-05:00,5.364893703494278,5.364893703494278,5.281082520674756,5.313716888427734,356640000,0.00375,0.0
2017-11-24 00:00:00-05:00,5.330033690903596,5.3648933195992035,5.305557681063277,5.363903999328613,180752000,0.0,0.0
2017-11-27 00:00:00-05:00,5.372557917822222,5.373793860928678,5.290971526175311,5.294185638427734,422896000,0.0,0.0
2017-11-28 00:00:00-05:00,5.299378203743134,5.308772975975196,5.148320564993011,5.209386348724365,512752000,0.0,0.0
2017-11-29 00:00:00-05:00,5.192079928942459,5.194799381206175,4.727781671315532,4.8560943603515625,1396788000,0.0,0.0
2017-11-30 00:00:00-05:00,4.92482524524282,5.010861242967123,4.861781756304604,4.962156772613525,823768000,0.0,0.0
2017-12-01 00:00:00-05:00,4.927543235505427,4.947816285492952,4.758437837403999,4.887244701385498,811548000,0.0,0.0
2017-12-04 00:00:00-05:00,4.945838430681996,4.952019561034658,4.561395983380852,4.614797592163086,1240844000,0.0,0.0
2017-12-05 00:00:00-05:00,4.509478502911166,4.764125762379137,4.464482805556391,4.6414995193481445,981488000,0.0,0.0
2017-12-06 00:00:00-05:00,4.591065815049591,4.70083610994711,4.569803903463596,4.679080009460449,467032000,0.0,0.0
2017-12-07 00:00:00-05:00,4.7458288327199245,4.786374931652519,4.700338490122133,4.746570587158203,542600000,0.0,0.0
2017-12-08 00:00:00-05:00,4.796512221409745,4.815549332756158,4.725804567451477,4.73421049118042,466876000,0.0,0.0
2017-12-11 00:00:00-05:00,4.748303531620054,4.815550465718777,4.732481000981666,4.8125834465026855,372748000,0.0,0.0
2017-12-12 00:00:00-05:00,4.769068889448816,4.792308485063112,4.694652481691829,4.718139171600342,455016000,0.0,0.0
2017-12-13 00:00:00-05:00,4.75918047269627,4.760416415984596,4.595513948251795,4.602931022644043,554280000,0.0,0.0
2017-12-14 00:00:00-05:00,4.596503011578501,4.681055965999012,4.563868637217065,4.610100746154785,438164000,0.0,0.0
2017-12-15 00:00:00-05:00,4.654106499933219,4.756212550593718,4.589084867402659,4.7359395027160645,670036000,0.0,0.0
2017-12-18 00:00:00-05:00,4.776485997726457,4.895651006193768,4.746818646435386,4.892684459686279,477704000,0.0,0.0
2017-12-19 00:00:00-05:00,4.883289790334076,4.888481600496074,4.819998747979577,4.848430156707764,373100000,0.0,0.0
2017-12-20 00:00:00-05:00,4.8877407133752815,4.896887920586472,4.809863075570586,4.865489959716797,288820000,0.0,0.0
2017-12-21 00:00:00-05:00,4.868951841605756,4.893922051449796,4.834586857325464,4.842992782592773,300904000,0.0,0.0
2017-12-22 00:00:00-05:00,4.806153949486824,4.837057716317147,4.7282763250392765,4.827662944793701,466276000,0.0,0.0
2017-12-26 00:00:00-05:00,4.77228340242291,4.88897606197102,4.7423684829636255,4.881311893463135,355080000,0.0,0.0
2017-12-27 00:00:00-05:00,4.867962754307378,4.943862229295616,4.853376168782072,4.874637603759766,329488000,0.0,0.0
2017-12-28 00:00:00-05:00,4.898369286394942,4.9292730450022875,4.874140845274865,4.880321502685547,240248000,0.0,0.0
2017-12-29 00:00:00-05:00,4.906529827475546,4.906529827475546,4.7839035987854,4.7839035987854,279964000,0.0,0.0
2018-01-02 00:00:00-05:00,4.840271355599246,4.93224137307798,4.808626305798373,4.928532600402832,355616000,0.0,0.0
2018-01-03 00:00:00-05:00,5.045967551442448,5.283308751359066,5.037314533526364,5.252899169921875,914704000,0.0,0.0
2018-01-04 00:00:00-05:00,5.334238289141166,5.390854021644087,5.258338350305627,5.2805891036987305,583268000,0.0,0.0
2018-01-05 00:00:00-05:00,5.295422491536533,5.362668930770624,5.218533714746807,5.3253374099731445,580124000,0.0,0.0
2018-01-08 00:00:00-05:00,5.448952867740209,5.562678513220074,5.4039567039345675,5.488509654998779,881216000,0.0,0.0
2018-01-09 00:00:00-05:00,5.493947674001484,5.533504454880867,5.405439341417313,5.487025260925293,497000000,0.0,0.0
2018-01-10 00:00:00-05:00,5.394561871769428,5.533505285884792,5.340171407780598,5.530044078826904,582664000,0.0,0.0
2018-01-11 00:00:00-05:00,5.562678622408826,5.594077052794254,5.518424212334311,5.539933681488037,406032000,0.0,0.0
2018-01-12 00:00:00-05:00,5.528067043934403,5.562432024288863,5.472193064061473,5.5127387046813965,359916000,0.0,0.0
2018-01-16 00:00:00-05:00,5.539191397623721,5.624732719588088,5.357230001426734,5.441782474517822,702348000,0.0,0.0
2018-01-17 00:00:00-05:00,5.456369463798318,5.565645053096745,5.362422212065364,5.555756092071533,538408000,0.0,0.0
2018-01-18 00:00:00-05:00,5.536472055944906,5.603224313227922,5.505321191167811,5.548833847045898,408632000,0.0,0.0
2018-01-19 00:00:00-05:00,5.639071650799622,5.7132404960728875,5.612123753333659,5.689012050628662,609380000,0.0,0.0
2018-01-22 00:00:00-05:00,5.696924523479651,5.77925221387393,5.639319943950275,5.77752161026001,550944000,0.0,0.0
2018-01-23 00:00:00-05:00,5.830923313653374,5.929321098289492,5.812381333897702,5.906576156616211,475228000,0.0,0.0
2018-01-24 00:00:00-05:00,5.909789542758876,5.94563802891413,5.77406023855731,5.829687118530273,579972000,0.0,0.0
2018-01-25 00:00:00-05:00,5.8840778163280145,5.927343378708648,5.828451405709394,5.843285083770752,409884000,0.0,0.0
2018-01-26 00:00:00-05:00,5.887046940723728,6.0161009762850135,5.874190956057415,6.0158538818359375,516356000,0.0,0.0
2018-01-29 00:00:00-05:00,6.001264767159597,6.134027521352492,5.948604906857678,6.10287618637085,455116000,0.0,0.0
2018-01-30 00:00:00-05:00,5.960965263714578,6.092244487539131,5.894213020097887,6.000769138336182,570832000,0.0,0.0
2018-01-31 00:00:00-05:00,6.076174463326391,6.162705098029106,6.043540095637736,6.076916217803955,478576000,0.0,0.0
2018-02-01 00:00:00-05:00,5.896933620882777,6.104112805070538,5.885561150426025,5.945885181427002,519224000,0.0,0.0
2018-02-02 00:00:00-05:00,5.859355716800514,5.883337075513033,5.715220470141936,5.773319244384766,718464000,0.0,0.0
2018-02-05 00:00:00-05:00,5.61212407970193,5.7661482491085225,5.068217610887506,5.283308029174805,1165204000,0.0,0.0
2018-02-06 00:00:00-05:00,5.053384758372647,5.579984807938679,5.043495325321507,5.5770182609558105,1114800000,0.0,0.0
2018-02-07 00:00:00-05:00,5.675909474090779,5.809166407208525,5.604707168935576,5.656625270843506,802932000,0.0,0.0
2018-02-08 00:00:00-05:00,5.782219353651922,5.815347917369131,5.377503307648409,5.377750873565674,1144000000,0.0,0.0
2018-02-09 00:00:00-05:00,5.890260249889759,5.906082780445748,5.37775200907658,5.7377190589904785,1674604000,0.0,0.0
2018-02-12 00:00:00-05:00,5.818809120625277,5.82177613919737,5.563420592106352,5.637589454650879,1093172000,0.0,0.0
2018-02-13 00:00:00-05:00,5.60124725742038,5.7975481843109264,5.568859974043135,5.751316070556641,625524000,0.0,0.0
2018-02-14 00:00:00-05:00,5.711015631040773,5.997555426399767,5.699890257236931,5.968629360198975,744988000,0.0,0.0
2018-02-15 00:00:00-05:00,6.051945837257789,6.140454166893206,5.97110167492339,6.094222068786621,698900000,0.0,0.0
2018-02-16 00:00:00-05:00,6.067026522553288,6.180752135500596,6.019310919900774,6.028458595275879,637656000,0.0,0.0
2018-02-20 00:00:00-05:00,6.050957784988621,6.226985618674039,6.047249012223165,6.158008575439453,686240000,0.0,0.0
2018-02-21 00:00:00-05:00,6.222536912199871,6.229459327457682,5.967147887712291,5.970856189727783,892292000,0.0,0.0
2018-02-22 00:00:00-05:00,6.0047468062161995,6.07648785869084,5.924841854779317,5.990398406982422,534364000,0.00375,0.0
2018-02-23 00:00:00-05:00,6.050267767159849,6.083911895751953,5.999554090358722,6.083911895751953,415300000,0.0,0.0
2018-02-26 00:00:00-05:00,6.130170170872084,6.134622992043262,6.037648502277265,6.099989414215088,469312000,0.0,0.0
2018-02-27 00:00:00-05:00,6.07327092296106,6.157629156097321,6.064118033668582,6.087124824523926,455436000,0.0,0.0
2018-02-28 00:00:00-05:00,6.098011049432822,6.137592422760437,5.97506135545111,5.986688613891602,523116000,0.0,0.0
2018-03-01 00:00:00-05:00,5.984461315186211,6.038391083821471,5.643319137357673,5.744499206542969,1040120000,0.0,0.0
2018-03-02 00:00:00-05:00,5.6368872313838905,5.858048603142345,5.488209605460676,5.851616382598877,913428000,0.0,0.0
2018-03-05 00:00:00-05:00,5.8013984970769155,5.869181710904236,5.677953824761273,5.8296003341674805,620776000,0.0,0.0
2018-03-06 00:00:00-05:00,5.9149469753565045,6.009942552773209,5.871902244419192,5.9906463623046875,636808000,0.0,0.0
2018-03-07 00:00:00-05:00,5.887732930882715,6.034926560855363,5.8864962197728055,5.982728481292725,581208000,0.0,0.0
2018-03-08 00:00:00-05:00,6.01018947484931,6.01018947484931,5.92212061882495,5.966402530670166,411912000,0.0,0.0
2018-03-09 00:00:00-05:00,6.013899102766499,6.081929542728346,5.997819498018098,6.069066047668457,505524000,0.0,0.0
2018-03-12 00:00:00-04:00,6.110379364013688,6.258809249903008,6.102215465492341,6.178657054901123,605060000,0.0,0.0
2018-03-13 00:00:00-04:00,6.221455615856943,6.295918291518715,6.086631417571857,6.127944469451904,619772000,0.0,0.0
2018-03-14 00:00:00-04:00,6.170989256342004,6.198201627277066,6.091084294558158,6.153425216674805,505496000,0.0,0.0
2018-03-15 00:00:00-04:00,6.16703006201702,6.249408428850852,6.126211514484495,6.168266773223877,401952000,0.0,0.0
2018-03-16 00:00:00-04:00,6.184595277804472,6.215518254193494,6.146992832821653,6.196469783782959,399456000,0.0,0.0
2018-03-19 00:00:00-04:00,6.139570518015361,6.168514090312586,5.862995459305732,5.961948871612549,713772000,0.0,0.0
2018-03-20 00:00:00-04:00,5.964917968832188,6.213043980411077,5.964917968832188,6.1742048263549805,554696000,0.0,0.0
2018-03-21 00:00:00-04:00,6.167773741085662,6.234072995646785,6.118544503834749,6.148972988128662,438688000,0.0,0.0
2018-03-22 00:00:00-04:00,6.085640929217947,6.1321490107415375,5.9456217170364525,5.98297643661499,551196000,0.0,0.0
2018-03-23 00:00:00-04:00,5.996582562919416,5.999056457255399,5.752167653428224,5.763299942016602,735620000,0.0,0.0
2018-03-26 00:00:00-04:00,5.887734548434682,6.049276147790006,5.835784174299207,6.048039436340332,611424000,0.0,0.0
2018-03-27 00:00:00-04:00,6.1289325583447045,6.184593998702441,5.4387321134499915,5.578998565673828,1409000000,0.0,0.0
2018-03-28 00:00:00-04:00,5.544612753160743,5.674736392718821,5.368228278249378,5.475840091705322,945904000,0.0,0.0
2018-03-29 00:00:00-04:00,5.544117916720432,5.825888037042334,5.459760142890479,5.729161262512207,916628000,0.0,0.0
2018-04-02 00:00:00-04:00,5.65865796983592,5.804861717973978,5.380598403789468,5.468419551849365,922092000,0.0,0.0
2018-04-03 00:00:00-04:00,5.635403535381037,5.698486201262858,5.475840859769062,5.574794292449951,667432000,0.0,0.0
2018-04-04 00:00:00-04:00,5.318998105686757,5.607200413538835,5.294012387365597,5.596810340881348,789168000,0.0,0.0
2018-04-05 00:00:00-04:00,5.655192671027782,5.668303885198652,5.405087779267592,5.476581573486328,701240000,0.0,0.0
2018-04-06 00:00:00-04:00,5.3739190219646025,5.482025827414019,5.2710072544788105,5.300198554992676,662988000,0.0,0.0
2018-04-09 00:00:00-04:00,5.363280948847103,5.491178424649962,5.308856209958216,5.32889461517334,499524000,0.0,0.0
2018-04-10 00:00:00-04:00,5.559208970692893,5.665089116084822,5.502063088259853,5.638124465942383,761676000,0.0,0.0
2018-04-11 00:00:00-04:00,5.623280490109885,5.664593532870965,5.564155692001507,5.596810340881348,460244000,0.0,0.0
2018-04-12 00:00:00-04:00,5.689827823160644,5.821435912629541,5.645545908279811,5.803624153137207,593920000,0.0,0.0
2018-04-13 00:00:00-04:00,5.867200897075143,5.875612043769235,5.678694671207499,5.726934432983398,503036000,0.0,0.0
2018-04-16 00:00:00-04:00,5.733614147299692,5.760084299811818,5.632434078425284,5.726687431335449,350792000,0.0,0.0
2018-04-17 00:00:00-04:00,5.778885700195328,5.897629810565798,5.723224251006935,5.876354694366455,447224000,0.0,0.0
2018-04-18 00:00:00-04:00,5.82588831463755,5.918657239850551,5.75835283151511,5.847410678863525,391364000,0.0,0.0
2018-04-19 00:00:00-04:00,5.733117626850625,5.766514486281524,5.610662947451001,5.66607666015625,471996000,0.0,0.0
2018-04-20 00:00:00-04:00,5.657420147679795,5.74177792762923,5.626744891600924,5.657915115356445,386200000,0.0,0.0
2018-04-23 00:00:00-04:00,5.675726382928785,5.72693453583259,5.5124531223641,5.53842830657959,427508000,0.0,0.0
2018-04-24 00:00:00-04:00,5.56415653050257,5.66014109311447,5.406820514175754,5.472129821777344,414596000,0.0,0.0
2018-04-25 00:00:00-04:00,5.4424416667899145,5.481528527342055,5.2024796358918195,5.35981559753418,588492000,0.0,0.0
2018-04-26 00:00:00-04:00,5.5216061065432,5.579741448070981,5.455554585669828,5.571577548980713,375824000,0.0,0.0
2018-04-27 00:00:00-04:00,5.677459130979078,5.697249818657661,5.556735605846674,5.599038124084473,400848000,0.0,0.0
2018-04-30 00:00:00-04:00,5.61536517991178,5.665089380551641,5.544366333142125,5.563662052154541,327844000,0.0,0.0
2018-05-01 00:00:00-04:00,5.555497203570768,5.621795963524663,5.496866902197965,5.619074821472168,253788000,0.0,0.0
2018-05-02 00:00:00-04:00,5.615611275633379,5.660139953979695,5.572318836568911,5.598541736602783,268248000,0.0,0.0
2018-05-03 00:00:00-04:00,5.630454679177173,5.790017324562317,5.585183309460886,5.763794422149658,443144000,0.0,0.0
2018-05-04 00:00:00-04:00,5.735098738424546,5.91717322916036,5.71778194803073,5.913957118988037,400660000,0.0,0.0
2018-05-07 00:00:00-04:00,6.018601053538705,6.209086707540831,6.008705474285364,6.151940822601318,687616000,0.0,0.0
2018-05-08 00:00:00-04:00,6.1521874491055275,6.1972115752049115,6.103205469182334,6.194490432739258,506616000,0.0,0.0
2018-05-09 00:00:00-04:00,6.214528257984125,6.329809005936761,6.18731589010323,6.327582359313965,596760000,0.0,0.0
2018-05-10 00:00:00-04:00,6.380523928358041,6.4443488153601525,6.36271216738749,6.4351959228515625,994080000,0.0,0.0
2018-05-11 00:00:00-04:00,6.253367020973104,6.42678309972674,6.19795329707649,6.296658992767334,1214456000,0.0,0.0
2018-05-14 00:00:00-04:00,6.334755630276051,6.394622639868074,6.293442590254619,6.317191123962402,523140000,0.0,0.0
2018-05-15 00:00:00-04:00,6.2536145157913055,6.256336129994786,5.974318295101601,6.074756145477295,963528000,0.0,0.0
2018-05-16 00:00:00-04:00,6.036164192692246,6.147981579227148,5.999303967613462,6.085888385772705,553828000,0.0,0.0
2018-05-17 00:00:00-04:00,6.087620881112819,6.221702863780388,6.071540800992437,6.127944469451904,519784000,0.0,0.0
2018-05-18 00:00:00-04:00,6.179896227947224,6.243226150538267,6.079210630280666,6.084158420562744,483716000,0.0,0.0
2018-05-21 00:00:00-04:00,6.181627078681152,6.185337684971658,5.949333404843383,6.042102336883545,640624000,0.0,0.0
2018-05-22 00:00:00-04:00,6.05546131205039,6.080694284307306,5.943396188540577,6.004005432128906,518264000,0.0,0.0
2018-05-23 00:00:00-04:00,5.947814596051334,6.128764231744381,5.947071921391003,6.12752628326416,442956000,0.00375,0.0
2018-05-24 00:00:00-04:00,6.123811706572926,6.17356664595064,6.070591267821197,6.131237506866455,437372000,0.0,0.0
2018-05-25 00:00:00-04:00,6.143861252680375,6.186932588644933,6.108216188210637,6.170595169067383,292112000,0.0,0.0
2018-05-29 00:00:00-04:00,6.152525740510823,6.221588798949953,6.106731574461571,6.153515815734863,352684000,0.0,0.0
2018-05-30 00:00:00-04:00,6.187182130269262,6.271096801740902,6.162428357415675,6.262433052062988,390996000,0.0,0.0
2018-05-31 00:00:00-04:00,6.230500755573351,6.317138722779872,6.219856855361887,6.2426300048828125,493868000,0.0,0.0
2018-06-01 00:00:00-04:00,6.287434570439075,6.383231568042655,6.278770820286163,6.377042770385742,421968000,0.0,0.0
2018-06-04 00:00:00-04:00,6.411201950716572,6.578041673065869,6.379022379852716,6.556011199951172,642024000,0.0,0.0
2018-06-05 00:00:00-04:00,6.559230563597277,6.599084290661841,6.514426458877288,6.561458587646484,391712000,0.0,0.0
2018-06-06 00:00:00-04:00,6.471355255871544,6.566656992020134,6.455017828878615,6.563438892364502,371356000,0.0,0.0
2018-06-07 00:00:00-04:00,6.559724903965108,6.571606752925351,6.417391061532925,6.507742404937744,369448000,0.0,0.0
2018-06-08 00:00:00-04:00,6.434967248687056,6.534971957839424,6.416154397475202,6.492395877838135,360456000,0.0,0.0
2018-06-11 00:00:00-04:00,6.479771112335918,6.521357115279061,6.438432510227722,6.4513044357299805,265372000,0.0,0.0
2018-06-12 00:00:00-04:00,6.47778975869628,6.511949480997829,6.4275395423305595,6.499820232391357,319160000,0.0,0.0
2018-06-13 00:00:00-04:00,6.501306067174895,6.576309587935781,6.48620611941635,6.495365142822266,338208000,0.0,0.0
2018-06-14 00:00:00-04:00,6.540417466967992,6.663690591641108,6.525564919213471,6.607004642486572,430016000,0.0,0.0
2018-06-15 00:00:00-04:00,6.54982325445653,6.621113876608781,6.518881155622992,6.566160678863525,432260000,0.0,0.0
2018-06-18 00:00:00-04:00,6.5220998194765984,6.579528446757594,6.4948710912000145,6.561953544616699,356268000,0.0,0.0
2018-06-19 00:00:00-04:00,6.458729541578607,6.526059860406424,6.312683273213872,6.440164566040039,594932000,0.0,0.0
2018-06-20 00:00:00-04:00,6.481256939231565,6.546111373191917,6.442888560732347,6.493138790130615,369780000,0.0,0.0
2018-06-21 00:00:00-04:00,6.525070413486416,6.543387989980937,6.356745308413323,6.364418983459473,359516000,0.0,0.0
2018-06-22 00:00:00-04:00,6.385209990081891,6.398577185063734,6.19658721650139,6.2119340896606445,434160000,0.0,0.0
2018-06-25 00:00:00-04:00,6.1054945805374725,6.1092074809555,5.830481217478698,5.9190993309021,665816000,0.0,0.0
2018-06-26 00:00:00-04:00,6.032472930148606,6.0807425378591065,5.938656068478329,5.990143775939941,478884000,0.0,0.0
2018-06-27 00:00:00-04:00,6.03371048433643,6.100050270685497,5.829492402164806,5.8349385261535645,453892000,0.0,0.0
2018-06-28 00:00:00-04:00,5.825035488132369,5.974052926434342,5.817361813848821,5.9621710777282715,338012000,0.0,0.0
2018-06-29 00:00:00-04:00,6.027273062771362,6.039897113250916,5.862908284353152,5.8641462326049805,392300000,0.0,0.0
2018-07-02 00:00:00-04:00,5.794589066932784,6.000044592668702,5.774043467145295,5.996331691741943,357572000,0.0,0.0
2018-07-03 00:00:00-04:00,6.030987926696361,6.036928852678069,5.854246441053468,5.8626627922058105,222732000,0.0,0.0
2018-07-05 00:00:00-04:00,5.917860840162393,6.013409944080932,5.878997673314478,6.008459568023682,306216000,0.0,0.0
2018-07-06 00:00:00-04:00,5.983954725536616,6.130744154216776,5.962666450577031,6.12232780456543,296352000,0.0,0.0
2018-07-09 00:00:00-04:00,6.196589038786397,6.2062428645906875,6.091138213143959,6.169854640960693,303880000,0.0,0.0
2018-07-10 00:00:00-04:00,6.182231429035553,6.290899875958122,6.14188290579733,6.268869400024414,360016000,0.0,0.0
2018-07-11 00:00:00-04:00,6.176043201019297,6.210698201105286,6.11663395495908,6.1272783279418945,367508000,0.0,0.0
2018-07-12 00:00:00-04:00,6.1725769010871625,6.266888063690376,6.162675203980663,6.218865871429443,345508000,0.0,0.0
2018-07-13 00:00:00-04:00,6.237431478994067,6.237431478994067,6.129505244004502,6.171586513519287,246988000,0.0,0.0
2018-07-16 00:00:00-04:00,6.143862247467041,6.196835287335185,6.131485598443854,6.143862247467041,197036000,0.0,0.0
2018-07-17 00:00:00-04:00,6.0946035146802195,6.294860786046719,6.069107066101221,6.279760837554932,362136000,0.0,0.0
2018-07-18 00:00:00-04:00,6.272335528356,6.286197529560713,6.1795092227410064,6.230501651763916,277640000,0.0,0.0
2018-07-19 00:00:00-04:00,6.211688545639296,6.272335270556275,6.196589068721484,6.2386698722839355,235752000,0.0,0.0
2018-07-20 00:00:00-04:00,6.236194497881875,6.275057671624511,6.199558875725473,6.210450649261475,222352000,0.0,0.0
2018-07-23 00:00:00-04:00,6.183963394482679,6.185696144239851,6.022074048300648,6.173814296722412,301584000,0.0,0.0
2018-07-24 00:00:00-04:00,6.221838124975976,6.30847610776311,6.138913043462612,6.156488418579102,354620000,0.0,0.0
2018-07-25 00:00:00-04:00,6.165893121577728,6.247332830971745,6.107969233912311,6.234708309173584,319112000,0.0,0.0
2018-07-26 00:00:00-04:00,6.21465809835322,6.345109604051441,6.197825402320469,6.308226585388184,325124000,0.0,0.0
2018-07-27 00:00:00-04:00,6.3448642640258255,6.351795265316582,6.184460214467215,6.2384233474731445,295420000,0.0,0.0
2018-07-30 00:00:00-04:00,6.252531410768498,6.258472334744185,6.008212269667775,6.043115139007568,340340000,0.0,0.0
2018-07-31 00:00:00-04:00,6.032717738891407,6.1359405103233575,5.993854574132647,6.061184406280518,283988000,0.0,0.0
2018-08-01 00:00:00-04:00,6.092623532290582,6.147824133462338,6.037175058153491,6.101039409637451,283556000,0.0,0.0
2018-08-02 00:00:00-04:00,6.029748677586334,6.207727601359724,5.970835176504149,6.2037672996521,269668000,0.0,0.0
2018-08-03 00:00:00-04:00,6.228272971902883,6.264165919607523,6.211440745986463,6.2404022216796875,214288000,0.0,0.0
2018-08-06 00:00:00-04:00,6.227778165373638,6.291642513330718,6.181241317084065,6.288177013397217,207508000,0.0,0.0
2018-08-07 00:00:00-04:00,6.336941121389724,6.37902238928245,6.310207200534674,6.360456943511963,258132000,0.0,0.0
2018-08-08 00:00:00-04:00,6.361694591987965,6.441896350774601,6.326791725553819,6.396844387054443,262100000,0.0,0.0
2018-08-09 00:00:00-04:00,6.414668846070261,6.417391671686915,6.340655392052926,6.348329067230225,204280000,0.0,0.0
2018-08-10 00:00:00-04:00,6.26639469476189,6.339418075131001,6.2552555190398555,6.306990623474121,256396000,0.0,0.0
2018-08-13 00:00:00-04:00,6.315652963831781,6.460709616664197,6.3139202140428745,6.339911460876465,375208000,0.0,0.0
2018-08-14 00:00:00-04:00,6.445361809069151,6.485462924276458,6.362189353002345,6.471353054046631,466220000,0.0,0.0
2018-08-15 00:00:00-04:00,6.492146551694704,6.526059345309651,6.334465847841366,6.413182735443115,591136000,0.0,0.0
2018-08-16 00:00:00-04:00,6.482989361687553,6.485464786511278,6.3124362268032534,6.37258768081665,801260000,0.0,0.0
2018-08-17 00:00:00-04:00,6.261195869069054,6.261938543667501,6.033214125043516,6.0601959228515625,1143188000,0.0,0.0
2018-08-20 00:00:00-04:00,6.019600019258192,6.267631617628296,5.909198347296482,6.134952068328857,854388000,0.0,0.0
2018-08-21 00:00:00-04:00,6.151290340597147,6.2750587560130295,6.131487413016168,6.270603179931641,673988000,0.0,0.0
2018-08-22 00:00:00-04:00,6.237926658031839,6.510711995151746,6.2344611584351854,6.50576114654541,749856000,0.0,0.0
2018-08-23 00:00:00-04:00,6.467145678553846,6.670621033220095,6.453283679521441,6.605271339416504,720684000,0.0,0.0
2018-08-24 00:00:00-04:00,6.613687770666964,6.753050909411109,6.609232195513568,6.738446235656738,531512000,0.0,0.0
2018-08-27 00:00:00-04:00,6.768150382655216,6.9038006207522615,6.736713483649078,6.829539775848389,505776000,0.0,0.0
2018-08-28 00:00:00-04:00,6.823599236780025,6.846372859709812,6.671858967270715,6.791914463043213,475384000,0.0,0.0
2018-08-29 00:00:00-04:00,6.784237360576688,6.922438596338944,6.763432985222582,6.89742374420166,420108000,0.00375,0.0
2018-08-30 00:00:00-04:00,6.866214348231026,6.9774194595139925,6.843676282679127,6.880579471588135,346608000,0.0,0.0
2018-08-31 00:00:00-04:00,6.860520117109178,6.964542459825396,6.850613002375618,6.951663494110107,306592000,0.0,0.0
2018-09-04 00:00:00-04:00,6.93853665598784,7.064106456076372,6.91005440916586,7.026460647583008,391720000,0.0,0.0
2018-09-05 00:00:00-04:00,7.0088753850000565,7.044292421921538,6.814700286094051,6.895689010620117,393156000,0.0,0.0
2018-09-06 00:00:00-04:00,6.879342356904184,6.881819135433522,6.721575391002667,6.754515647888184,322796000,0.0,0.0
2018-09-07 00:00:00-04:00,6.662382685248515,6.85878704852495,6.617554073480022,6.733217239379883,295420000,0.0,0.0
2018-09-10 00:00:00-04:00,6.755753439893386,6.834017836655623,6.711915457366518,6.804296970367432,220140000,0.0,0.0
2018-09-11 00:00:00-04:00,6.757982118439867,6.845658082310702,6.737177748517391,6.756496429443359,243112000,0.0,0.0
2018-09-12 00:00:00-04:00,6.716622043892023,6.736188264207356,6.487029910654714,6.642568111419678,419092000,0.0,0.0
2018-09-13 00:00:00-04:00,6.70844951864075,6.810985702899143,6.691112539707839,6.720337867736816,305536000,0.0,0.0
2018-09-14 00:00:00-04:00,6.810737122016542,6.912530209792336,6.773833927206966,6.846401691436768,386936000,0.0,0.0
2018-09-17 00:00:00-04:00,6.820891554180493,6.869930630817947,6.765165223365851,6.784483432769775,205528000,0.0,0.0
2018-09-18 00:00:00-04:00,6.788447522834709,6.891231241623151,6.705725097580059,6.712411880493164,299520000,0.0,0.0
2018-09-19 00:00:00-04:00,6.6938356354449295,6.7540199784345045,6.643805941808614,6.73618745803833,224860000,0.0,0.0
2018-09-20 00:00:00-04:00,6.614085724206859,6.65643755096063,6.541022410264526,6.595015048980713,430584000,0.0,0.0
2018-09-21 00:00:00-04:00,6.606903132517118,6.652474816805509,6.491735532568908,6.524923324584961,435128000,0.0,0.0
2018-09-24 00:00:00-04:00,6.493964964436302,6.5841177253000955,6.406784526979716,6.580650329589844,293912000,0.0,0.0
2018-09-25 00:00:00-04:00,6.646779310907488,6.672784780511723,6.561084556900463,6.647769927978516,280388000,0.0,0.0
2018-09-26 00:00:00-04:00,6.6527223457164295,6.69309293692581,6.595014777741767,6.610865592956543,268548000,0.0,0.0
2018-09-27 00:00:00-04:00,6.64603620513164,6.66733612546946,6.591300951083376,6.62275505065918,214428000,0.0,0.0
2018-09-28 00:00:00-04:00,6.7547622125930795,6.982372583740441,6.7267750463512765,6.960082054138184,709396000,0.0,0.0
2018-10-01 00:00:00-04:00,7.037853482459887,7.233514279165872,6.999216584387794,7.166643142700195,622060000,0.0,0.0
2018-10-02 00:00:00-04:00,7.139150101577554,7.250849824693952,7.073021586648799,7.095312118530273,383964000,0.0,0.0
2018-10-03 00:00:00-04:00,7.165652582685162,7.173082919462411,6.997483403483076,7.101505756378174,320552000,0.0,0.0
2018-10-04 00:00:00-04:00,7.065343694646041,7.089615460098587,6.840209606754958,6.917235851287842,391220000,0.0,0.0
2018-10-05 00:00:00-04:00,6.892469238547144,6.954634819894774,6.626221455154507,6.683681488037109,426636000,0.0,0.0
2018-10-08 00:00:00-04:00,6.600463690978605,6.715878831895351,6.441458097749331,6.582383632659912,408612000,0.0,0.0
2018-10-09 00:00:00-04:00,6.561825713394717,6.656436465691452,6.508824172659155,6.576686382293701,273500000,0.0,0.0
2018-10-10 00:00:00-04:00,6.47068362292545,6.516503319072675,6.082828969789823,6.085058212280273,684940000,0.0,0.0
2018-10-11 00:00:00-04:00,5.9978772367144995,6.131372910944792,5.8019689146256965,5.823516368865967,725436000,0.0,0.0
2018-10-12 00:00:00-04:00,6.0806011233936115,6.180413002790353,5.935465085650344,6.1061110496521,608236000,0.0,0.0
2018-10-15 00:00:00-04:00,6.092736036089197,6.092736036089197,5.828717482398618,5.829708099365234,449760000,0.0,0.0
2018-10-16 00:00:00-04:00,5.942400531662192,6.099672473183197,5.893113899393736,6.088527202606201,408712000,0.0,0.0
2018-10-17 00:00:00-04:00,6.150690264280355,6.188832082621582,5.970880319634186,6.019919395446777,329668000,0.0,0.0
2018-10-18 00:00:00-04:00,6.089268605216968,6.127657492536262,5.8720598931390695,5.932491779327393,524020000,0.0,0.0
2018-10-19 00:00:00-04:00,5.987723291616021,6.007289040294297,5.639496142249984,5.675903797149658,613608000,0.0,0.0
2018-10-22 00:00:00-04:00,5.728162625752078,5.828222026869173,5.623892748164543,5.7266764640808105,368844000,0.0,0.0
2018-10-23 00:00:00-04:00,5.459438588836769,5.5525636803262675,5.367304586824653,5.475042343139648,626436000,0.0,0.0
2018-10-24 00:00:00-04:00,5.436651982419131,5.483214283431702,4.924961271134348,4.938830852508545,884288000,0.0,0.0
2018-10-25 00:00:00-04:00,4.8412492968345715,5.194925116403321,4.796915756050437,5.147619724273682,951720000,0.0,0.0
2018-10-26 00:00:00-04:00,4.911588307422328,5.073318258830104,4.783046630743357,4.911093235015869,664784000,0.0,0.0
2018-10-29 00:00:00-04:00,5.052264228953305,5.055731623936277,4.359277470175553,4.597290515899658,758016000,0.0,0.0
2018-10-30 00:00:00-04:00,4.620324416876345,5.037651883419425,4.597290803449994,5.027744770050049,807192000,0.0,0.0
2018-10-31 00:00:00-04:00,5.192447684767903,5.265263466149252,5.052760296346371,5.221673011779785,745772000,0.0,0.0
2018-11-01 00:00:00-04:00,5.258082021237218,5.411391495680653,5.13152157442065,5.401979923248291,566528000,0.0,0.0
2018-11-02 00:00:00-04:00,5.392566303698036,5.498322331011077,5.206316632643831,5.322970390319824,452960000,0.0,0.0
2018-11-05 00:00:00-05:00,5.309843043696832,5.333124664286265,5.084213887872453,5.244953155517578,379332000,0.0,0.0
2018-11-06 00:00:00-05:00,5.237028413996088,5.321236993864527,5.190218103167157,5.22736930847168,299012000,0.0,0.0
2018-11-07 00:00:00-05:00,5.293992293344317,5.384640108997582,5.230340557305503,5.29498291015625,483812000,0.0,0.0
2018-11-08 00:00:00-05:00,5.235790245681568,5.236533326540202,5.048302394658351,5.101799964904785,511352000,0.0,0.0
2018-11-09 00:00:00-05:00,5.012884782463779,5.184273788320614,4.979201445911259,5.093873500823975,413240000,0.0,0.0
2018-11-12 00:00:00-05:00,5.002482423626299,5.024525420357445,4.672582915392841,4.69437837600708,617116000,0.0,0.0
2018-11-13 00:00:00-05:00,4.792209242510594,5.05771347185057,4.786017060091339,4.936354160308838,644712000,0.0,0.0
2018-11-14 00:00:00-05:00,5.109477395863765,5.123842523624307,4.775863376941356,4.883848190307617,526580000,0.0,0.0
2018-11-15 00:00:00-05:00,4.877903322661585,5.084709830686116,4.84199074456194,5.012637138366699,840708000,0.0,0.0
2018-11-16 00:00:00-05:00,4.044981427488468,4.226772586579474,4.002629137817667,4.072473049163818,1963520000,0.0,0.0
2018-11-19 00:00:00-05:00,4.007088431515515,4.007831039907984,3.582082830610161,3.5838165283203125,1697820000,0.0,0.0
2018-11-20 00:00:00-05:00,3.3202936052318517,3.82059133515084,3.301718237146986,3.6922972202301025,1692032000,0.0,0.0
2018-11-21 00:00:00-05:00,3.829507687394422,3.846349358005493,3.55682062555396,3.584064483642578,1025496000,0.0,0.0
2018-11-23 00:00:00-05:00,3.5493900878109654,3.704928044678346,3.536511123131653,3.5912466049194336,411968000,0.0,0.0
2018-11-26 00:00:00-05:00,3.712358774710127,3.80102537531958,3.6298838847705808,3.790623188018799,814832000,0.0,0.0
2018-11-27 00:00:00-05:00,3.7646172277455934,3.8887010946548317,3.728704883143022,3.807464599609375,738060000,0.0,0.0
2018-11-28 00:00:00-05:00,3.9251082960972727,3.9696893605970573,3.792603727943556,3.9644882678985596,804524000,0.0,0.0
2018-11-29 00:00:00-05:00,3.9667203057963714,4.003908214089231,3.8710232578611787,3.9012694358825684,549172000,0.004,0.0
2018-11-30 00:00:00-05:00,3.910937174746628,4.0624162815776605,3.860609407126036,4.051755905151367,729564000,0.0,0.0
2018-12-03 00:00:00-05:00,4.279098647735979,4.33066604579233,4.148692504186223,4.215631008148193,890804000,0.0,0.0
2018-12-04 00:00:00-05:00,4.171006228867709,4.175964742708844,3.879948181145754,3.895071506500244,812112000,0.0,0.0
2018-12-06 00:00:00-05:00,3.7545010888577104,3.9292846976707407,3.738882194473177,3.9243264198303223,692308000,0.0,0.0
2018-12-07 00:00:00-05:00,3.928540815547839,3.938705627802129,3.6102116278008056,3.6595475673675537,681676000,0.0,0.0
2018-12-10 00:00:00-05:00,3.6146731177826097,3.789704696681949,3.6109542331426923,3.7649126052856445,629472000,0.0,0.0
2018-12-11 00:00:00-05:00,3.8566430128201854,3.864824369981192,3.5948395836679783,3.6739261150360107,671912000,0.0,0.0
2018-12-12 00:00:00-05:00,3.679629029508132,3.787722128739641,3.590377905222886,3.6915292739868164,654136000,0.0,0.0
2018-12-13 00:00:00-05:00,3.7383857739369306,3.802597010032099,3.6553325649979467,3.6912808418273926,471384000,0.0,0.0
2018-12-14 00:00:00-05:00,3.649629822162487,3.733426846106509,3.6072356244041646,3.6307880878448486,471820000,0.0,0.0
2018-12-17 00:00:00-05:00,3.6007899714280147,3.672934542775032,3.501621833703234,3.5596351623535156,662868000,0.0,0.0
2018-12-18 00:00:00-05:00,3.603517326389618,3.7269815279542295,3.576246210263398,3.6429367065429688,564372000,0.0,0.0
2018-12-19 00:00:00-05:00,3.6092193217512043,3.662770180692982,3.382372527549566,3.4339399337768555,745364000,0.0,0.0
2018-12-20 00:00:00-05:00,3.4255105657409715,3.515505500449428,3.2896503292870305,3.3493990898132324,749588000,0.0,0.0
2018-12-21 00:00:00-05:00,3.375926256584158,3.4088997064269937,3.184779975743349,3.212299108505249,863740000,0.0,0.0
2018-12-24 00:00:00-05:00,3.135940009905203,3.222464081148635,3.0866038427631026,3.1505672931671143,463840000,0.0,0.0
2018-12-26 00:00:00-05:00,3.1966806020349923,3.300807024493587,3.085612449603817,3.2998154163360596,695100000,0.0,0.0
2018-12-27 00:00:00-05:00,3.2475044797285704,3.2819653488986655,3.1034628604134817,3.251966953277588,637044000,0.0,0.0
2018-12-28 00:00:00-05:00,3.27254378641105,3.4061727863495057,3.2306453898738328,3.313450574874878,628728000,0.0,0.0
2018-12-31 00:00:00-05:00,3.356837137977789,3.389314553524895,3.2789902177654224,3.309732437133789,465140000,0.0,0.0
2019-01-02 00:00:00-05:00,3.2388272324145833,3.4331963935560545,3.224199947185259,3.377166509628296,508752000,0.0,0.0
2019-01-03 00:00:00-05:00,3.3169212152689522,3.350886272052419,3.16569011829728,3.1731276512145996,705552000,0.0,0.0
2019-01-04 00:00:00-05:00,3.246264728875429,3.4146023989573466,3.2155227464445826,3.376422882080078,585620000,0.0,0.0
2019-01-07 00:00:00-05:00,3.433692174155903,3.592113042695753,3.3823725513844485,3.555172920227051,709160000,0.0,0.0
2019-01-08 00:00:00-05:00,3.636738853916229,3.638970327126475,3.394025120835378,3.466665744781494,786016000,0.0,0.0
2019-01-09 00:00:00-05:00,3.517984925429318,3.582196402548422,3.4674093612937327,3.534843683242798,617260000,0.0,0.0
2019-01-10 00:00:00-05:00,3.515505876340789,3.609219469565768,3.4550132850732562,3.6005423069000244,523156000,0.0,0.0
2019-01-11 00:00:00-05:00,3.578229393529933,3.712602229451064,3.5504624735758616,3.689793586730957,874764000,0.0,0.0
2019-01-14 00:00:00-05:00,3.6374820240857297,3.754996091985834,3.6139295591717535,3.729708194732666,730168000,0.0,0.0
2019-01-15 00:00:00-05:00,3.762433559468091,3.8018529349791064,3.6972307195557197,3.7155768871307373,617012000,0.0,0.0
2019-01-16 00:00:00-05:00,3.7428483383631446,3.7758215552106362,3.6845872224196863,3.6900413036346436,470104000,0.0,0.0
2019-01-17 00:00:00-05:00,3.6570679827890755,3.8013573664582143,3.6297966317500565,3.761442184448242,493436000,0.0,0.0
2019-01-18 00:00:00-05:00,3.8112742241891566,3.9166402722571694,3.7597068184114057,3.890608549118042,651336000,0.0,0.0
2019-01-22 00:00:00-05:00,3.8603623976914765,3.872014620828446,3.6580596786916066,3.6883058547973633,661552000,0.0,0.0
2019-01-23 00:00:00-05:00,3.7435925453112997,3.832347866819182,3.669960313469122,3.701198101043701,591020000,0.0,0.0
2019-01-24 00:00:00-05:00,3.7857382882961006,3.930771252691351,3.7810277953359455,3.9131691455841064,708972000,0.0,0.0
2019-01-25 00:00:00-05:00,3.853668466718467,3.9885368677664954,3.7510296946117756,3.9704387187957764,1154572000,0.0,0.0
2019-01-28 00:00:00-05:00,3.385348011025998,3.511539265310974,3.2477525524051147,3.421544313430786,2511528000,0.0,0.0
2019-01-29 00:00:00-05:00,3.375430457917276,3.423775014606278,3.24799960382134,3.262626886367798,1153932000,0.0,0.0
2019-01-30 00:00:00-05:00,3.3387382052306096,3.420551775615729,3.259155871049647,3.406172513961792,974228000,0.0,0.0
2019-01-31 00:00:00-05:00,3.402950263032487,3.5995509001077153,3.3811332267987457,3.5638504028320312,842852000,0.0,0.0
2019-02-01 00:00:00-05:00,3.5824438700656303,3.6392175714536084,3.5348433711332614,3.5881459712982178,625048000,0.0,0.0
2019-02-04 00:00:00-05:00,3.604013176778542,3.735658738515899,3.58194835790834,3.6984708309173584,528592000,0.0,0.0
2019-02-05 00:00:00-05:00,3.7103705414609145,3.7542523918614923,3.676653501631688,3.717560291290283,542424000,0.0,0.0
2019-02-06 00:00:00-05:00,3.7507812620747845,3.8576349481240015,3.745327181462258,3.79317569732666,702464000,0.0,0.0
2019-02-07 00:00:00-05:00,3.7468150492407886,3.7490462858022933,3.6119466466132097,3.654836654663086,637120000,0.0,0.0
2019-02-08 00:00:00-05:00,3.587650661770558,3.6840915377072583,3.5732713965857013,3.673431158065796,461604000,0.0,0.0
2019-02-11 00:00:00-05:00,3.629300439398643,3.6835948789869755,3.582443532736612,3.6307880878448486,495180000,0.0,0.0
2019-02-12 00:00:00-05:00,3.669215815585946,3.7634254380090555,3.6548363165244897,3.7478063106536865,591060000,0.0,0.0
2019-02-13 00:00:00-05:00,3.777309335102418,3.863337609920423,3.7636736587213666,3.790201187133789,605372000,0.0,0.0
2019-02-14 00:00:00-05:00,3.7892089837033995,3.8593703345044776,3.7460707247228227,3.8311073780059814,827264000,0.0,0.0
2019-02-15 00:00:00-05:00,4.039856620006,4.062665026597872,3.877964882211216,3.900773525238037,1516748000,0.0,0.0
2019-02-19 00:00:00-05:00,3.8901129832475814,3.9639932315440696,3.8710232251622934,3.8834190368652344,551892000,0.0,0.0
2019-02-20 00:00:00-05:00,3.9126734401548853,3.997957888337971,3.9015172573833543,3.930771589279175,540988000,0.0,0.0
2019-02-21 00:00:00-05:00,3.9434153392615996,3.967959175815402,3.8472222634462367,3.861849546432495,448548000,0.0,0.0
2019-02-22 00:00:00-05:00,3.9136646570598947,3.9654798393133603,3.9000289832311283,3.9466378688812256,401740000,0.0,0.0
2019-02-25 00:00:00-05:00,4.030187789533239,4.097621873006747,3.925565326463569,3.9342427253723145,656020000,0.0,0.0
2019-02-26 00:00:00-05:00,3.929533160969583,3.985563054562411,3.861355000606451,3.894824266433716,488464000,0.0,0.0
2019-02-27 00:00:00-05:00,3.8804437188639986,3.9069710078849105,3.795902865732788,3.8529245853424072,500256000,0.0,0.0
2019-02-28 00:00:00-05:00,3.8467208681267953,3.869056704584501,3.8060201894055035,3.8283557891845703,324944000,0.004,0.0
2019-03-01 00:00:00-05:00,3.878238856325306,3.924895786418245,3.8199176937091317,3.8827061653137207,357188000,0.0,0.0
2019-03-04 00:00:00-05:00,3.921173432292454,3.9440055830096816,3.83431190187829,3.8908960819244385,409992000,0.0,0.0
2019-03-05 00:00:00-05:00,3.8752606261527087,3.9226621459293805,3.8209102222217957,3.8844432830810547,362924000,0.0,0.0
2019-03-06 00:00:00-05:00,3.875508989020271,3.8839468185347172,3.770778935941451,3.7735087871551514,403524000,0.0,0.0
2019-03-07 00:00:00-05:00,3.749932281292625,3.7596112541016375,3.6581073609446326,3.704267978668213,450104000,0.0,0.0
2019-03-08 00:00:00-05:00,3.614924185404804,3.749187216448156,3.5935809834350056,3.738515615463257,422416000,0.0,0.0
2019-03-11 00:00:00-04:00,3.7620941875212472,4.021933798650863,3.714940688867183,3.9991018772125244,859728000,0.0,0.0
2019-03-12 00:00:00-04:00,4.0268957547605755,4.079756975177056,3.9507058339743053,4.033348560333252,579576000,0.0,0.0
2019-03-13 00:00:00-04:00,4.070821903061282,4.214019055350413,4.063376469103331,4.184734344482422,768900000,0.0,0.0
2019-03-14 00:00:00-04:00,4.19391949891591,4.205832011006532,4.10110168834699,4.108795166015625,519384000,0.0,0.0
2019-03-15 00:00:00-04:00,4.151975352911792,4.256953656326466,4.148500911601883,4.214267730712891,661484000,0.0,0.0
2019-03-18 00:00:00-04:00,4.245786192369545,4.299640511747437,4.165873560400984,4.192924976348877,486992000,0.0,0.0
2019-03-19 00:00:00-04:00,4.287479755137556,4.405115174456572,4.270604097388697,4.360691547393799,854972000,0.0,0.0
2019-03-20 00:00:00-04:00,4.389728112353983,4.443085881950919,4.293435898567081,4.32818078994751,719148000,0.0,0.0
2019-03-21 00:00:00-04:00,4.351262235040726,4.591247761633879,4.346298610341314,4.564940929412842,824312000,0.0,0.0
2019-03-22 00:00:00-04:00,4.537641434281475,4.586283625511089,4.391217835477888,4.405115604400635,747644000,0.0,0.0
2019-03-25 00:00:00-04:00,4.364415244165796,4.4286924300929424,4.246531765619962,4.3127946853637695,525212000,0.0,0.0
2019-03-26 00:00:00-04:00,4.454500910995126,4.51058851986409,4.333143038964824,4.389479160308838,703508000,0.0,0.0
2019-03-27 00:00:00-04:00,4.4150435153812095,4.461451940703796,4.310809759458087,4.380298614501953,474372000,0.0,0.0
2019-03-28 00:00:00-04:00,4.406355483988158,4.464676873856275,4.345800795004741,4.3989105224609375,480264000,0.0,0.0
2019-03-29 00:00:00-04:00,4.465669441355142,4.480560310915573,4.415290038744782,4.456238746643066,456896000,0.0,0.0
2019-04-01 00:00:00-04:00,4.548065204278134,4.554021459162338,4.4763425798006855,4.523744106292725,483824000,0.0,0.0
2019-04-02 00:00:00-04:00,4.547816915410112,4.586035781574947,4.504882464098707,4.541612148284912,440920000,0.0,0.0
2019-04-03 00:00:00-04:00,4.591246187729545,4.740151564165175,4.5862825647316905,4.681085586547852,783504000,0.0,0.0
2019-04-04 00:00:00-04:00,4.665699236993605,4.714589935735879,4.609363576157914,4.672152042388916,457376000,0.0,0.0
2019-04-05 00:00:00-04:00,4.715335123514189,4.756284313640403,4.678853479238198,4.7389116287231445,481744000,0.0,0.0
2019-04-08 00:00:00-04:00,4.708386430130973,4.78482463745691,4.684313372175127,4.759758949279785,424192000,0.0,0.0
2019-04-09 00:00:00-04:00,4.726255184373802,4.737423102715258,4.654780601659932,4.696970462799072,439972000,0.0,0.0
2019-04-10 00:00:00-04:00,4.696225695683008,4.793262041313991,4.691758623185401,4.767451763153076,444772000,0.0,0.0
2019-04-11 00:00:00-04:00,4.769932491339652,4.801450977581173,4.704166141494313,4.7535529136657715,374600000,0.0,0.0
2019-04-12 00:00:00-04:00,4.792270539672612,4.796241534692991,4.706898170272149,4.7155842781066895,471708000,0.0,0.0
2019-04-15 00:00:00-04:00,4.7078890183114295,4.712852641868364,4.544093227790168,4.58380126953125,440092000,0.0,0.0
2019-04-16 00:00:00-04:00,4.623013240598129,4.689772226127988,4.590254082439547,4.670910835266113,394964000,0.0,0.0
2019-04-17 00:00:00-04:00,4.705903760183431,4.726750411102566,4.625743085798759,4.648078918457031,351004000,0.0,0.0
2019-04-18 00:00:00-04:00,4.654779857414121,4.688779685433278,4.595713871920384,4.623509407043457,380988000,0.0,0.0
2019-04-22 00:00:00-04:00,4.599933045157507,4.69299886151223,4.5684150280058,4.677363872528076,279936000,0.0,0.0
2019-04-23 00:00:00-04:00,4.6905183581543355,4.76323409454024,4.680839620372172,4.731963634490967,346856000,0.0,0.0
2019-04-24 00:00:00-04:00,4.742385680628854,4.785072088397006,4.681582945174319,4.74437141418457,318204000,0.0,0.0
2019-04-25 00:00:00-04:00,4.704166830267816,4.726502664307757,4.5589843823654235,4.638648509979248,499296000,0.0,0.0
2019-04-26 00:00:00-04:00,4.484779613458914,4.48924715908201,4.300881746120929,4.419757843017578,868988000,0.0,0.0
2019-04-29 00:00:00-04:00,4.427698623215064,4.47832653833318,4.355479467927879,4.450531005859375,391920000,0.0,0.0
2019-04-30 00:00:00-04:00,4.4182679242945175,4.517538021147229,4.39915849573698,4.491976261138916,362920000,0.0,0.0
2019-05-01 00:00:00-04:00,4.544341013864703,4.58653086063983,4.478574195641726,4.478822708129883,354280000,0.0,0.0
2019-05-02 00:00:00-04:00,4.488503212501073,4.588021379389225,4.4453207188032415,4.546328067779541,394684000,0.0,0.0
2019-05-03 00:00:00-04:00,4.554765719530355,4.564692494711842,4.48031277556151,4.541860580444336,336824000,0.0,0.0
2019-05-06 00:00:00-04:00,4.355480848791321,4.475598106533134,4.318254609803516,4.463437557220459,422176000,0.0,0.0
2019-05-07 00:00:00-04:00,4.415042510939338,4.415042510939338,4.248020310880359,4.29616641998291,555220000,0.0,0.0
2019-05-08 00:00:00-04:00,4.268619358657053,4.396429606729053,4.256706849757391,4.3162689208984375,419168000,0.0,0.0
2019-05-09 00:00:00-04:00,4.247275591504085,4.256954326196563,4.104823002024501,4.223698616027832,660248000,0.0,0.0
2019-05-10 00:00:00-04:00,4.19292605315742,4.25844438355847,4.070078946976801,4.189699649810791,569500000,0.0,0.0
2019-05-13 00:00:00-04:00,4.057669516159789,4.080749939884971,3.9164575961922776,3.9323408603668213,656912000,0.0,0.0
2019-05-14 00:00:00-04:00,3.972048960653704,4.0566771872618155,3.9333337824100374,4.0214362144470215,524880000,0.0,0.0
2019-05-15 00:00:00-04:00,3.965845025416278,3.996866967993108,3.906531228363994,3.960385322570801,502320000,0.0,0.0
2019-05-16 00:00:00-04:00,3.9549248575161338,4.018209640365021,3.912486963102783,3.9755232334136963,781088000,0.0,0.0
2019-05-17 00:00:00-04:00,3.9335821803930817,4.062881606672626,3.8452317064220436,3.8846914768218994,1022068000,0.0,0.0
2019-05-20 00:00:00-04:00,3.785917473844507,3.8410124679471944,3.741245805830737,3.7660634517669678,572064000,0.0,0.0
2019-05-21 00:00:00-04:00,3.82686593973897,3.864092167254353,3.7881505305829655,3.8482089042663574,361848000,0.0,0.0
2019-05-22 00:00:00-04:00,3.8094938197201165,3.835552132246649,3.7663111013240815,3.777230978012085,325868000,0.0,0.0
2019-05-23 00:00:00-04:00,3.714939448237951,3.714939448237951,3.5963116233667836,3.6561219692230225,591844000,0.0,0.0
2019-05-24 00:00:00-04:00,3.674982987427909,3.7102239603420277,3.5955668971144394,3.6022677421569824,357584000,0.0,0.0
2019-05-28 00:00:00-04:00,3.619887563043373,3.652646717942279,3.5551136073633915,3.5570991039276123,428356000,0.0,0.0
2019-05-29 00:00:00-04:00,3.5094497653355536,3.5444424604204987,3.4481504799727127,3.4828951358795166,559800000,0.0,0.0
2019-05-30 00:00:00-04:00,3.486124577001715,3.5219026484402454,3.4180468412819622,3.4563095569610596,394300000,0.004,0.0
2019-05-31 00:00:00-04:00,3.407364133260645,3.4746964495150117,3.3638837931577723,3.3656229972839355,389720000,0.0,0.0
2019-06-03 00:00:00-04:00,3.3768031832936085,3.415562787127336,3.2945634824817485,3.3238816261291504,478644000,0.0,0.0
2019-06-04 00:00:00-04:00,3.387983648434124,3.5581780071440128,3.365870880848056,3.5529603958129883,641836000,0.0,0.0
2019-06-05 00:00:00-04:00,3.6267524160339892,3.6322185862711898,3.4739503411480155,3.510225296020508,511616000,0.0,0.0
2019-06-06 00:00:00-04:00,3.514449875154334,3.596938142613541,3.511965230261587,3.572340726852417,408140000,0.0,0.0
2019-06-07 00:00:00-04:00,3.578303272594242,3.649362305643528,3.559171793970496,3.61507511138916,348856000,0.0,0.0
2019-06-10 00:00:00-04:00,3.671227242439449,3.756448713385929,3.671227242439449,3.6878740787506104,402780000,0.0,0.0
2019-06-11 00:00:00-04:00,3.7477516700828355,3.7855175059947364,3.7060107823259685,3.7455155849456787,383872000,0.0,0.0
2019-06-12 00:00:00-04:00,3.702035660701794,3.7082472722594373,3.617311316814816,3.632467269897461,358892000,0.0,0.0
2019-06-13 00:00:00-04:00,3.6545799582012313,3.702035579496407,3.6369393608824816,3.683649778366089,308080000,0.0,0.0
2019-06-14 00:00:00-04:00,3.590478427749487,3.6148272857316397,3.5489858506867122,3.5937082767486572,394428000,0.0,0.0
2019-06-17 00:00:00-04:00,3.5919688602794255,3.6404184879933794,3.56911064850605,3.603398084640503,276040000,0.0,0.0
2019-06-18 00:00:00-04:00,3.6647674444173437,3.8538445190535073,3.6538353382969215,3.798438310623169,581920000,0.0,0.0
2019-06-19 00:00:00-04:00,3.8337190645925183,3.84514805098579,3.7783126256635913,3.80440092086792,331644000,0.0,0.0
2019-06-20 00:00:00-04:00,3.895088198399658,3.909001829038441,3.8143391445083283,3.828749656677246,350168000,0.0,0.0
2019-06-21 00:00:00-04:00,3.813842343809536,3.8630371705668067,3.764150398562844,3.7706103324890137,434428000,0.0,0.0
2019-06-24 00:00:00-04:00,3.791978563022909,3.8225390341516334,3.744771254141531,3.7929723262786865,282948000,0.0,0.0
2019-06-25 00:00:00-04:00,3.797940949509374,3.8729755119662834,3.760920549821552,3.763653516769409,311868000,0.0,0.0
2019-06-26 00:00:00-04:00,3.891113287983365,4.018075890767459,3.8781934191471903,3.9569547176361084,584072000,0.0,0.0
2019-06-27 00:00:00-04:00,4.042674570639902,4.074725695371441,4.006647917906163,4.055594444274902,445440000,0.0,0.0
2019-06-28 00:00:00-04:00,4.099569377409736,4.108762514185865,4.033727960268221,4.080438137054443,397668000,0.0,0.0
2019-07-01 00:00:00-04:00,4.2876536610419675,4.32194109801543,4.0911226520561925,4.128640174865723,709756000,0.0,0.0
2019-07-02 00:00:00-04:00,4.111993366040826,4.13311261260208,4.017579221013296,4.030747413635254,400228000,0.0,0.0
2019-07-03 00:00:00-04:00,4.05410206361352,4.0598167941486585,3.983788462677283,4.043666839599609,246636000,0.0,0.0
2019-07-05 00:00:00-04:00,3.9852793469740724,3.9897515181404555,3.917698239257167,3.981055498123169,396552000,0.0,0.0
2019-07-08 00:00:00-04:00,3.921424676121789,3.9403075952902618,3.875956818917564,3.906020164489746,329788000,0.0,0.0
2019-07-09 00:00:00-04:00,3.8637827791311223,3.9365812638112705,3.8511114691961863,3.908505439758301,342860000,0.0,0.0
2019-07-10 00:00:00-04:00,3.951984752124742,4.0342244396173115,3.9380711233451486,3.9768307209014893,452076000,0.0,0.0
2019-07-11 00:00:00-04:00,4.049878189437848,4.1721200612613805,4.012609464778736,4.131372928619385,682560000,0.0,0.0
2019-07-12 00:00:00-04:00,4.159200608024408,4.235477742852399,4.159200608024408,4.1644182205200195,506392000,0.0,0.0
2019-07-15 00:00:00-04:00,4.185536077808372,4.201685554613306,4.1276452409924245,4.155969142913818,289840000,0.0,0.0
2019-07-16 00:00:00-04:00,4.141062031922187,4.178330750463174,4.095593939397551,4.151248931884766,341444000,0.0,0.0
2019-07-17 00:00:00-04:00,4.15298958045273,4.223551990126137,4.12367142952488,4.21659517288208,348204000,0.0,0.0
2019-07-18 00:00:00-04:00,4.227030352368349,4.2911325888131415,4.170381577804617,4.228272438049316,442192000,0.0,0.0
2019-07-19 00:00:00-04:00,4.266533279220589,4.272992974556765,4.179075515718905,4.1850385665893555,344896000,0.0,0.0
2019-07-22 00:00:00-04:00,4.206407494988965,4.2695159571838275,4.198953560500736,4.256596088409424,315940000,0.0,0.0
2019-07-23 00:00:00-04:00,4.295851756406252,4.36641366183239,4.280198450442191,4.364426136016846,428176000,0.0,0.0
2019-07-24 00:00:00-04:00,4.407658697138014,4.444679097034165,4.331630371171994,4.438964366912842,366236000,0.0,0.0
2019-07-25 00:00:00-04:00,4.397471510474665,4.4101430552782395,4.284422791957234,4.3077778816223145,392700000,0.0,0.0
2019-07-26 00:00:00-04:00,4.334860291406818,4.396477865521099,4.334860291406818,4.349767684936523,274160000,0.0,0.0
2019-07-29 00:00:00-04:00,4.342563117771423,4.359706835836158,4.255354119627276,4.343556880950928,248160000,0.0,0.0
2019-07-30 00:00:00-04:00,4.2970948393221455,4.371383965273635,4.282684089069796,4.3592095375061035,197772000,0.0,0.0
2019-07-31 00:00:00-04:00,4.327654461810294,4.328648698706648,4.1497580897786355,4.191996097564697,359416000,0.0,0.0
2019-08-01 00:00:00-04:00,4.20243315841524,4.292872265444196,4.045407162355461,4.097583770751953,421212000,0.0,0.0
2019-08-02 00:00:00-04:00,4.00490665435791,4.074226956016899,3.9574512715726557,4.00490665435791,428348000,0.0,0.0
2019-08-05 00:00:00-04:00,3.8212962750592467,3.822538597461443,3.6995515230292635,3.7465102672576904,589156000,0.0,0.0
2019-08-06 00:00:00-04:00,3.8212966177100736,3.8667644843534026,3.73756602327395,3.7852699756622314,361272000,0.0,0.0
2019-08-07 00:00:00-04:00,3.7243967785187824,3.8354579700331706,3.707004741035037,3.8235318660736084,372560000,0.0,0.0
2019-08-08 00:00:00-04:00,3.881174610564575,3.93335096298419,3.823780646597873,3.9321086406707764,309300000,0.0,0.0
2019-08-09 00:00:00-04:00,3.8911135673013577,3.8945919755493454,3.7803009110823407,3.830738067626953,341816000,0.0,0.0
2019-08-12 00:00:00-04:00,3.7785612941154443,3.830737649083299,3.741044011433552,3.762908458709717,279200000,0.0,0.0
2019-08-13 00:00:00-04:00,3.7614170167257113,3.923163669335043,3.722409095175362,3.8771986961364746,351956000,0.0,0.0
2019-08-14 00:00:00-04:00,3.7889960142298094,3.800176677162124,3.684891877381991,3.7286205291748047,419880000,0.0,0.0
2019-08-15 00:00:00-04:00,3.7475031142459496,3.7673797939242863,3.66203334423936,3.6963205337524414,477200000,0.0,0.0
2019-08-16 00:00:00-04:00,3.9591910241168424,4.0136032294484005,3.897821528919343,3.9644086360931396,1007960000,0.0,0.0
2019-08-19 00:00:00-04:00,4.077704762637184,4.2590795183704895,4.061554812801438,4.243177890777588,815112000,0.0,0.0
2019-08-20 00:00:00-04:00,4.237712156381874,4.238209274788241,4.149757740762352,4.170876979827881,463188000,0.0,0.0
2019-08-21 00:00:00-04:00,4.2369657828567115,4.309515672571972,4.215349904041475,4.254357814788818,427244000,0.0,0.0
2019-08-22 00:00:00-04:00,4.264049410442258,4.306535740958399,4.22131428375063,4.260571002960205,303488000,0.0,0.0
2019-08-23 00:00:00-04:00,4.184046590182954,4.238459037947564,4.016088279064714,4.0359649658203125,568056000,0.0,0.0
2019-08-26 00:00:00-04:00,4.114726201585745,4.138826734402694,4.072488188579572,4.110750675201416,318208000,0.0,0.0
2019-08-27 00:00:00-04:00,4.149012799746123,4.151745766566678,3.9907447813609203,4.0200629234313965,290968000,0.0,0.0
2019-08-28 00:00:00-04:00,3.9937018567305915,4.062344150691334,3.9544062626715877,4.009618759155273,255612000,0.004,0.0
2019-08-29 00:00:00-04:00,4.101141183663465,4.1857008348207865,4.0976593324169865,4.153369426727295,357976000,0.0,0.0
2019-08-30 00:00:00-04:00,4.199627052594965,4.249368177225957,4.14789643477602,4.166051864624023,290616000,0.0,0.0
2019-09-03 00:00:00-04:00,4.093182385897935,4.126259969924031,4.060104801871839,4.0829854011535645,296140000,0.0,0.0
2019-09-04 00:00:00-04:00,4.14366914122656,4.204602005993086,4.14366914122656,4.197140693664551,227728000,0.0,0.0
2019-09-05 00:00:00-04:00,4.299359372760523,4.476437136282169,4.297618447020891,4.470219612121582,695676000,0.0,0.0
2019-09-06 00:00:00-04:00,4.446841362831437,4.503794781567796,4.40505914096025,4.443110942840576,376976000,0.0,0.0
2019-09-09 00:00:00-04:00,4.474198806687141,4.575670589296728,4.472706449022284,4.489120960235596,417524000,0.0,0.0
2019-09-10 00:00:00-04:00,4.456290990717848,4.582384276165567,4.446591616691087,4.5557732582092285,352812000,0.0,0.0
2019-09-11 00:00:00-04:00,4.5704465482479675,4.632622724271211,4.54134795366165,4.584373950958252,361512000,0.0,0.0
2019-09-12 00:00:00-04:00,4.630882618044122,4.685597491850589,4.574923954851905,4.582882404327393,327840000,0.0,0.0
2019-09-13 00:00:00-04:00,4.51622918760056,4.553286233268547,4.481161635519684,4.524933815002441,324592000,0.0,0.0
2019-09-16 00:00:00-04:00,4.449825006992703,4.516477786278243,4.439379454039742,4.481907844543457,231832000,0.0,0.0
2019-09-17 00:00:00-04:00,4.488621842683926,4.507523450206749,4.442114002379941,4.503295421600342,223048000,0.0,0.0
2019-09-18 00:00:00-04:00,4.496332629709562,4.512000958339772,4.389638095180129,4.476187229156494,258152000,0.0,0.0
2019-09-19 00:00:00-04:00,4.482157258963519,4.500561738527124,4.389887716090269,4.400582313537598,245476000,0.0,0.0
2019-09-20 00:00:00-04:00,4.399586870249028,4.423213649169267,4.284685309889253,4.294881820678711,350244000,0.0,0.0
2019-09-23 00:00:00-04:00,4.295131343617743,4.393866974515341,4.291400449627056,4.348353862762451,249712000,0.0,0.0
2019-09-24 00:00:00-04:00,4.379689313838557,4.409285040022844,4.255336981015125,4.2909016609191895,317268000,0.0,0.0
2019-09-25 00:00:00-04:00,4.290403317355096,4.452310269901807,4.245636409289344,4.432662487030029,308432000,0.0,0.0
2019-09-26 00:00:00-04:00,4.42296417858329,4.431668804533935,4.359544218809693,4.410528659820557,234564000,0.0,0.0
2019-09-27 00:00:00-04:00,4.368746557430835,4.419482431562982,4.2110675912707505,4.271751880645752,362056000,0.0,0.0
2019-09-30 00:00:00-04:00,4.297617901367833,4.339400113814063,4.266280767666534,4.329203128814697,186184000,0.0,0.0
2019-10-01 00:00:00-04:00,4.352332764161488,4.501555696663208,4.322737030392912,4.327462196350098,366008000,0.0,0.0
2019-10-02 00:00:00-04:00,4.305577407632553,4.317515321082256,4.231214728295258,4.303587913513184,293372000,0.0,0.0
2019-10-03 00:00:00-04:00,4.3080619331732315,4.515481513485148,4.277720031368588,4.50926399230957,450588000,0.0,0.0
2019-10-04 00:00:00-04:00,4.5115026679278225,4.555026270819616,4.446342259169057,4.525679111480713,265524000,0.0,0.0
2019-10-07 00:00:00-04:00,4.590591473687261,4.684104305808644,4.581886846993333,4.584373950958252,480984000,0.0,0.0
2019-10-08 00:00:00-04:00,4.492602702362428,4.492602702362428,4.389639038964574,4.40779447555542,444436000,0.0,0.0
2019-10-09 00:00:00-04:00,4.484643905690134,4.543835851922609,4.455794348513797,4.494343280792236,292412000,0.0,0.0
2019-10-10 00:00:00-04:00,4.492105309291985,4.603027416423513,4.486882532257541,4.5520429611206055,309124000,0.0,0.0
2019-10-11 00:00:00-04:00,4.636104540908654,4.708974836516087,4.617202930407315,4.625658988952637,446404000,0.0,0.0
2019-10-14 00:00:00-04:00,4.616954687448954,4.659980691880222,4.585866594282239,4.639089584350586,200040000,0.0,0.0
2019-10-15 00:00:00-04:00,4.729368183618213,4.956435573554086,4.715440308471386,4.883813381195068,664124000,0.0,0.0
2019-10-16 00:00:00-04:00,4.849742128344207,4.954695742202176,4.818654037777898,4.830094337463379,428944000,0.0,0.0
2019-10-17 00:00:00-04:00,4.874612568063043,4.919628061305716,4.777617405465998,4.8320841789245605,263436000,0.0,0.0
2019-10-18 00:00:00-04:00,4.832581686678378,4.865162136271647,4.663213821403918,4.737576484680176,307440000,0.0,0.0
2019-10-21 00:00:00-04:00,4.799005754453119,4.888291029812565,4.780104144199307,4.874860763549805,261868000,0.0,0.0
2019-10-22 00:00:00-04:00,4.931813845755606,5.03701601017104,4.857202630589509,4.864912509918213,328720000,0.0,0.0
2019-10-23 00:00:00-04:00,4.782840332775047,4.866156179982779,4.751006066506949,4.851980209350586,279916000,0.0,0.0
2019-10-24 00:00:00-04:00,4.893264239215366,4.929575098612403,4.859191915411235,4.896000385284424,232020000,0.0,0.0
2019-10-25 00:00:00-04:00,4.976582543129671,5.107898632346243,4.968872661045614,5.087007522583008,423092000,0.0,0.0
2019-10-28 00:00:00-04:00,5.130778839489692,5.1954421321158195,5.101431671081168,5.142965793609619,330792000,0.0,0.0
2019-10-29 00:00:00-04:00,5.1290378058828265,5.135504372192702,5.027317939867172,5.046716690063477,211236000,0.0,0.0
2019-10-30 00:00:00-04:00,5.073576144485224,5.0792965313522265,4.980560443479402,5.048705577850342,205960000,0.0,0.0
2019-10-31 00:00:00-04:00,5.027813106974649,5.0487042065014505,4.919626717020518,4.999460697174072,209732000,0.0,0.0
2019-11-01 00:00:00-04:00,4.964147172245847,5.070841735191751,4.939028031254941,5.038510322570801,283640000,0.0,0.0
2019-11-04 00:00:00-05:00,5.119587924637606,5.247671215312498,5.096458750844412,5.235235691070557,376716000,0.0,0.0
2019-11-05 00:00:00-05:00,5.234984373057126,5.261098248697957,5.165098328937499,5.213098526000977,300868000,0.0,0.0
2019-11-06 00:00:00-05:00,5.188976601016082,5.214592878334135,5.076313081602189,5.163857460021973,269012000,0.0,0.0
2019-11-07 00:00:00-05:00,5.25040509656934,5.265078678110565,5.136746863055693,5.181513786315918,280340000,0.0,0.0
2019-11-08 00:00:00-05:00,5.164601609890532,5.1991715454922485,5.1270469600508495,5.167585849761963,189100000,0.0,0.0
2019-11-11 00:00:00-05:00,5.16683951019615,5.200663266184377,5.08053895791327,5.177534103393555,243436000,0.0,0.0
2019-11-12 00:00:00-05:00,5.215834197587183,5.269057169778827,5.180766654321998,5.213098526000977,283504000,0.0,0.0
2019-11-13 00:00:00-05:00,5.181762582915754,5.209368821852523,5.120830192520741,5.187234401702881,300188000,0.0,0.0
2019-11-14 00:00:00-05:00,5.196187787124285,5.219815039843929,5.136250141306643,5.217576503753662,518080000,0.0,0.0
2019-11-15 00:00:00-05:00,5.215338372624223,5.267069005527581,4.9900118377394005,5.078302383422852,1053628000,0.0,0.0
2019-11-18 00:00:00-05:00,5.070841766918,5.306116277333899,5.067857525855879,5.279505252838135,574588000,0.0,0.0
2019-11-19 00:00:00-05:00,5.248415567089709,5.2720423433741646,5.1146124087740565,5.17280912399292,414564000,0.0,0.0
2019-11-20 00:00:00-05:00,5.14993111726889,5.3359621297107305,5.137247022886441,5.252148628234863,472588000,0.0,0.0
2019-11-21 00:00:00-05:00,5.247669818095416,5.3033794338927756,5.205638563772144,5.227275848388672,288388000,0.0,0.0
2019-11-22 00:00:00-05:00,5.249909247844546,5.2964171120754715,5.2213082538004105,5.244935512542725,224100000,0.0,0.0
2019-11-25 00:00:00-05:00,5.373017475427545,5.506572090196298,5.360084816961732,5.501597881317139,506476000,0.0,0.0
2019-11-26 00:00:00-05:00,5.483939303575425,5.48866494408061,5.390426458356778,5.39689302444458,385244000,0.0,0.0
2019-11-27 00:00:00-05:00,5.442439433136044,5.476785657980302,5.405355042614716,5.431736946105957,215784000,0.004,0.0
2019-11-29 00:00:00-05:00,5.4008752721022475,5.429248137938559,5.370510495125373,5.39440393447876,141556000,0.0,0.0
2019-12-02 00:00:00-05:00,5.387434947196444,5.400875125146189,5.192804441469207,5.207986354827881,372036000,0.0,0.0
2019-12-03 00:00:00-05:00,5.024307223097743,5.172395562482075,4.986974080154775,5.1684136390686035,465232000,0.0,0.0
2019-12-04 00:00:00-05:00,5.252038450007932,5.274438425269168,5.183594292139287,5.212216377258301,273424000,0.0,0.0
2019-12-05 00:00:00-05:00,5.234118586186783,5.249798473137313,5.164678476484615,5.195291996002197,184884000,0.0,0.0
2019-12-06 00:00:00-05:00,5.2644837136734965,5.3135148181328224,5.254527957051325,5.280661106109619,232236000,0.0,0.0
2019-12-09 00:00:00-05:00,5.257763625425191,5.335416818098354,5.249052575739093,5.280661106109619,211880000,0.0,0.0
2019-12-10 00:00:00-05:00,5.310776186172465,5.377478610360905,5.258011914973825,5.325709819793701,256388000,0.0,0.0
2019-12-11 00:00:00-05:00,5.336163746826029,5.414812423158617,5.333674807577428,5.409336566925049,233796000,0.0,0.0
2019-12-12 00:00:00-05:00,5.380465789086191,5.595007322829574,5.3715059874596935,5.576838493347168,404348000,0.0,0.0
2019-12-13 00:00:00-05:00,5.579825099652761,5.699042578532204,5.52083823896037,5.574847221374512,454704000,0.0,0.0
2019-12-16 00:00:00-05:00,5.622386522986587,5.676146295018501,5.5942619296761755,5.603719711303711,320976000,0.0,0.0
2019-12-17 00:00:00-05:00,5.6223846684104695,5.704517758232914,5.612926889902637,5.681869029998779,321196000,0.0,0.0
2019-12-18 00:00:00-05:00,5.716713921182411,5.772713869839721,5.708251622324569,5.712234020233154,343548000,0.0,0.0
2019-12-19 00:00:00-05:00,5.746827721467284,5.873760741559287,5.74184984427548,5.860320568084717,445360000,0.0,0.0
2019-12-20 00:00:00-05:00,5.9267745600795525,5.983023250762696,5.907610252482404,5.957636833190918,603044000,0.0,0.0
2019-12-23 00:00:00-05:00,5.986260724595596,6.0183672395001535,5.933247686005904,5.9439496994018555,355060000,0.0,0.0
2019-12-24 00:00:00-05:00,5.928518258156674,5.9561448701186555,5.894171556859793,5.938971519470215,138864000,0.0,0.0
2019-12-26 00:00:00-05:00,5.942454463178205,5.981281056144188,5.9235389070114515,5.9531569480896,182852000,0.0,0.0
2019-12-27 00:00:00-05:00,5.968338406425459,5.981778580737299,5.869031981430112,5.895414352416992,254644000,0.0,0.0
2019-12-30 00:00:00-05:00,5.873514824105978,5.878741455264291,5.7508128929512505,5.782172679901123,258056000,0.0,0.0
2019-12-31 00:00:00-05:00,5.746829450735264,5.865798187948946,5.727665139968271,5.856340408325195,231004000,0.0,0.0
2020-01-02 00:00:00-05:00,5.942207075173676,5.971077919006348,5.891682979787332,5.971077919006348,237536000,0.0,0.0
2020-01-03 00:00:00-05:00,5.85136325493848,5.91930993079676,5.8264743331215865,5.875505447387695,205384000,0.0,0.0
2020-01-06 00:00:00-05:00,5.782172259318857,5.905371684641664,5.756039105428163,5.900145053863525,262636000,0.0,0.0
2020-01-07 00:00:00-05:00,5.9285175131814745,6.017370697897998,5.883468804691061,5.9715752601623535,314856000,0.0,0.0
2020-01-08 00:00:00-05:00,5.967344548549254,6.02409122818226,5.92727371561059,5.982775688171387,277108000,0.0,0.0
2020-01-09 00:00:00-05:00,6.069140188913055,6.120908991813925,5.9947226534222215,6.048482418060303,255112000,0.0,0.0
2020-01-10 00:00:00-05:00,6.1557532404195285,6.186117543357126,6.06665129335838,6.080837726593018,316296000,0.0,0.0
2020-01-13 00:00:00-05:00,6.163966284249934,6.296623475757499,6.141317078631593,6.271485805511475,319840000,0.0,0.0
2020-01-14 00:00:00-05:00,6.228675930275971,6.254062823179271,6.141316212886955,6.154507637023926,359088000,0.0,0.0
2020-01-15 00:00:00-05:00,6.167202673709066,6.189602657433724,6.086065039278277,6.111949443817139,263104000,0.0,0.0
2020-01-16 00:00:00-05:00,6.165458737258032,6.201547642568613,6.14206327909564,6.1955742835998535,284192000,0.0,0.0
2020-01-17 00:00:00-05:00,6.214740314566898,6.222207134025752,6.156749393448318,6.204287052154541,253792000,0.0,0.0
2020-01-21 00:00:00-05:00,6.167700915087865,6.204536561495266,6.136838629576711,6.170936584472656,217916000,0.0,0.0
2020-01-22 00:00:00-05:00,6.216232587499454,6.311556638293385,6.19731702825236,6.2249436378479,239240000,0.0,0.0
2020-01-23 00:00:00-05:00,6.265014075965637,6.3018492338440035,6.176160900008067,6.293386936187744,244516000,0.0,0.0
2020-01-24 00:00:00-05:00,6.408871766709822,6.458649601386447,6.179894581687254,6.234152317047119,373512000,0.0,0.0
2020-01-27 00:00:00-05:00,5.9295134446454965,6.029317874683954,5.77993165006869,5.978295803070068,470536000,0.0,0.0
2020-01-28 00:00:00-05:00,6.044249910391118,6.204036184462177,5.990987660795241,6.171680927276611,310976000,0.0,0.0
2020-01-29 00:00:00-05:00,6.1572454719838525,6.193334376160934,6.071378736202756,6.111201286315918,258848000,0.0,0.0
2020-01-30 00:00:00-05:00,6.013388278054281,6.131361529317974,5.958384287501794,6.117921352386475,290504000,0.0,0.0
2020-01-31 00:00:00-05:00,6.072125914926748,6.084072633373489,5.842651224069046,5.884464263916016,370420000,0.0,0.0
2020-02-03 00:00:00-05:00,5.866295112166753,6.000943726722339,5.860073001776893,5.981530666351318,255564000,0.0,0.0
2020-02-04 00:00:00-05:00,6.1233985213907545,6.169940698178717,6.073371923868579,6.150775909423828,271544000,0.0,0.0
2020-02-05 00:00:00-05:00,6.271734343043309,6.281938851591867,6.157743488432498,6.241121292114258,208220000,0.0,0.0
2020-02-06 00:00:00-05:00,6.275467851868339,6.3279829025268555,6.1943302377118075,6.3279829025268555,218284000,0.0,0.0
2020-02-07 00:00:00-05:00,6.287913417155617,6.310064648512183,6.23639336150722,6.261780261993408,189752000,0.0,0.0
2020-02-10 00:00:00-05:00,6.284428169326887,6.545760635986493,6.279450290508295,6.545014381408691,529608000,0.0,0.0
2020-02-11 00:00:00-05:00,6.653281636403491,6.782205679027587,6.591308317517079,6.667468070983887,638556000,0.0,0.0
2020-02-12 00:00:00-05:00,6.720231000027536,6.789671124211894,6.681404401745411,6.783199787139893,374644000,0.0,0.0
2020-02-13 00:00:00-05:00,6.725209661914307,6.806596039520202,6.697831801359208,6.739396095275879,528016000,0.0,0.0
2020-02-14 00:00:00-05:00,7.149563256675008,7.341456059311746,7.118203476398175,7.212532043457031,1041924000,0.0,0.0
2020-02-18 00:00:00-05:00,7.109243103654299,7.399696093409035,7.089830042236733,7.381278038024902,620164000,0.0,0.0
2020-02-19 00:00:00-05:00,7.503731241571927,7.85018370495676,7.503731241571927,7.832512378692627,694332000,0.0,0.0
2020-02-20 00:00:00-05:00,7.78447774536213,7.872832958406956,7.375803197693167,7.683180332183838,810052000,0.0,0.0
2020-02-21 00:00:00-05:00,7.570930686367929,7.596068354037517,7.234184775589799,7.319055557250977,768180000,0.0,0.0
2020-02-24 00:00:00-05:00,6.724711152192472,7.015412909789479,6.670204661652405,6.801617622375488,856916000,0.0,0.0
2020-02-25 00:00:00-05:00,6.876781729497486,6.938755036778845,6.420320797299767,6.522116184234619,1055496000,0.0,0.0
2020-02-26 00:00:00-05:00,6.522364310618723,6.855625800296119,6.520871326944372,6.661492824554443,747732000,0.0,0.0
2020-02-27 00:00:00-05:00,6.347955488412159,6.649290620071094,6.198284236261924,6.290677070617676,906416000,0.004,0.0
2020-02-28 00:00:00-05:00,6.038153822353874,6.785265150014575,6.021468476636293,6.72574520111084,1133252000,0.0,0.0
2020-03-02 00:00:00-05:00,6.89583734921365,6.913020969707429,6.499868326967326,6.884132385253906,890744000,0.0,0.0
2020-03-03 00:00:00-05:00,6.939915728910058,6.999684564875959,6.536226592135736,6.621646404266357,652792000,0.0,0.0
2020-03-04 00:00:00-05:00,6.7289832174965545,7.094818719160174,6.654271795151663,7.085355281829834,597408000,0.0,0.0
2020-03-05 00:00:00-05:00,6.885874636047277,7.052729485781537,6.7613561056485905,6.805933952331543,540328000,0.0,0.0
2020-03-06 00:00:00-05:00,6.626378499509414,6.683906288532201,6.425156400568952,6.625382423400879,515412000,0.0,0.0
2020-03-09 00:00:00-04:00,5.974398513304477,6.460020929736249,5.931564397163063,6.112365245819092,614160000,0.0,0.0
2020-03-10 00:00:00-04:00,6.388798124872372,6.501861095428467,6.126064361631653,6.501861095428467,580648000,0.0,0.0
2020-03-11 00:00:00-04:00,6.361902064085401,6.390292375183355,6.040893330926484,6.138017654418945,499964000,0.0,0.0
2020-03-12 00:00:00-04:00,5.614790095414471,5.880263628706934,5.374220366042612,5.386921405792236,816540000,0.0,0.0
2020-03-13 00:00:00-04:00,5.7403054069086545,6.002292467677353,5.469104284331,5.997809886932373,634836000,0.0,0.0
2020-03-16 00:00:00-04:00,5.289797871920905,5.63073007365907,4.831320580815074,4.89108943939209,726972000,0.0,0.0
2020-03-17 00:00:00-04:00,5.003404438318646,5.500233677807778,4.756608858076544,5.410829067230225,833632000,0.0,0.0
2020-03-18 00:00:00-04:00,4.983232149697851,5.228284456212011,4.499602269107652,5.050970077514648,874268000,0.0,0.0
2020-03-19 00:00:00-04:00,5.029553080920315,5.397381175638423,4.816128672882115,5.303743362426758,765512000,0.0,0.0
2020-03-20 00:00:00-04:00,5.453912435431713,5.7358224271216045,5.108498191771292,5.12393856048584,804636000,0.0,0.0
2020-03-23 00:00:00-04:00,5.122942664733292,5.39115604913871,4.943884999796366,5.2967705726623535,643876000,0.0,0.0
2020-03-24 00:00:00-04:00,5.70294954037005,6.292171604857981,5.679291186682041,6.205506324768066,1101644000,0.0,0.0
2020-03-25 00:00:00-04:00,6.320561003595748,6.5202887570171155,6.068037414793704,6.116848945617676,793432000,0.0,0.0
2020-03-26 00:00:00-04:00,6.324048693944389,6.530251693453912,6.225928288320753,6.40623140335083,696108000,0.0,0.0
2020-03-27 00:00:00-04:00,6.225928431523711,6.552665224010168,6.193055537005276,6.293915748596191,638828000,0.0,0.0
2020-03-30 00:00:00-04:00,6.3594106856467905,6.62339033184806,6.3153311111868184,6.614175796508789,602252000,0.0,0.0
2020-03-31 00:00:00-04:00,6.654270660343303,6.8584814665930685,6.418930693842656,6.56461763381958,949960000,0.0,0.0
2020-04-01 00:00:00-04:00,6.366632732890536,6.513066364473172,6.008766400221248,6.053343772888184,656912000,0.0,0.0
2020-04-02 00:00:00-04:00,6.082481291487029,6.375349031455613,6.0344174147960805,6.362150192260742,675764000,0.0,0.0
2020-04-03 00:00:00-04:00,6.32454562778288,6.366134774325188,5.936795093852247,6.074263572692871,663212000,0.0,0.0
2020-04-06 00:00:00-04:00,6.356424021308141,6.721014570109314,6.298896217603588,6.684156894683838,727884000,0.0,0.0
2020-04-07 00:00:00-04:00,6.905799262273358,6.929458092806241,6.407725019484068,6.450808525085449,784520000,0.0,0.0
2020-04-08 00:00:00-04:00,6.5598868511017985,6.672949824346146,6.489907384347088,6.648046016693115,542444000,0.0,0.0
2020-04-09 00:00:00-04:00,6.773809185156452,6.7967203623339065,6.485423993071213,6.548430442810059,525564000,0.0,0.0
2020-04-13 00:00:00-04:00,6.488662221958455,6.728983080179184,6.400254158571719,6.720266819000244,398408000,0.0,0.0
2020-04-14 00:00:00-04:00,6.848519962641627,7.1055261364577325,6.820876830501493,7.071408271789551,530948000,0.0,0.0
2020-04-15 00:00:00-04:00,6.903307468636154,7.076886433315747,6.857982919107444,6.993957042694092,366148000,0.0,0.0
2020-04-16 00:00:00-04:00,7.149356264291328,7.446208311676407,7.136157424957222,7.339122295379639,745620000,0.0,0.0
2020-04-17 00:00:00-04:00,7.421305181719066,7.442722481918117,7.145870407649511,7.279852390289307,539120000,0.0,0.0
2020-04-20 00:00:00-04:00,7.153343025175355,7.309240137666798,7.104282583304815,7.148611068725586,449388000,0.0,0.0
2020-04-21 00:00:00-04:00,7.030567812660139,7.091830547076158,6.652031241061634,6.7118000984191895,735160000,0.0,0.0
2020-04-22 00:00:00-04:00,6.904057095179103,7.169032903791321,6.8584836292012366,7.1261982917785645,483356000,0.0,0.0
2020-04-23 00:00:00-04:00,7.168284222501299,7.300273585870351,7.047749973310746,7.072902679443359,424160000,0.0,0.0
2020-04-24 00:00:00-04:00,7.0626905746716115,7.213855669672141,6.987979178006971,7.2118635177612305,352328000,0.0,0.0
2020-04-27 00:00:00-04:00,7.34634497237191,7.558275486016847,7.32169006960919,7.398393630981445,479388000,0.0,0.0
2020-04-28 00:00:00-04:00,7.545825285241224,7.575709951569203,7.250467501786271,7.255946159362793,442904000,0.0,0.0
2020-04-29 00:00:00-04:00,7.390673293965086,7.485556548840239,7.315464085835799,7.432760715484619,379160000,0.0,0.0
2020-04-30 00:00:00-04:00,7.378720886218428,7.432762181610397,7.264911212974627,7.278857231140137,375916000,0.0,0.0
2020-05-01 00:00:00-04:00,7.0813708186054525,7.194682696316542,6.993958825799791,7.042272090911865,342096000,0.0,0.0
2020-05-04 00:00:00-04:00,6.994954166898053,7.267899006058061,6.994954166898053,7.254201889038086,317556000,0.0,0.0
2020-05-05 00:00:00-04:00,7.358299567249931,7.477837263737754,7.254201764682971,7.315216064453125,368896000,0.0,0.0
2020-05-06 00:00:00-04:00,7.3946588804721864,7.520920683811323,7.356805134500558,7.416075706481934,323464000,0.0,0.0
2020-05-07 00:00:00-04:00,7.5552877802756075,7.6556497065405225,7.503986290733421,7.5923943519592285,373732000,0.0,0.0
2020-05-08 00:00:00-04:00,7.664116006837052,7.7886345462657625,7.630247043912532,7.782408714294434,339216000,0.0,0.0
2020-05-11 00:00:00-04:00,7.777427686453684,8.0812532199306,7.748788480019479,8.03443431854248,469060000,0.0,0.0
2020-05-12 00:00:00-04:00,8.092212807458,8.141023874758188,7.762736678179775,7.772449016571045,493060000,0.0,0.0
2020-05-13 00:00:00-04:00,7.887005024962632,8.047384694158001,7.565498035666604,7.750034809112549,625852000,0.0,0.0
2020-05-14 00:00:00-04:00,7.811546622111351,8.005048549316195,7.657890591692506,7.999569892883301,602312000,0.0,0.0
2020-05-15 00:00:00-04:00,7.859362333253121,8.467759729126763,7.843673063373936,8.458047866821289,987660000,0.0,0.0
2020-05-18 00:00:00-04:00,8.726756669383285,8.882155932664498,8.647064885649483,8.716546058654785,774460000,0.0,0.0
2020-05-19 00:00:00-04:00,8.756392090923336,9.052496956794625,8.72899786170041,8.771583557128906,717320000,0.0,0.0
2020-05-20 00:00:00-04:00,8.956371488894293,9.008171257365323,8.854515204256534,8.935452461242676,587536000,0.0,0.0
2020-05-21 00:00:00-04:00,9.016639099197258,9.017634700566356,8.703848319064196,8.741453170776367,761068000,0.0,0.0
2020-05-22 00:00:00-04:00,8.791256730151972,9.057976152602318,8.679688616186626,8.991482734680176,1038764000,0.0,0.0
2020-05-26 00:00:00-04:00,9.121479919777565,9.14638419522325,8.63859727639723,8.684170722961426,770780000,0.0,0.0
2020-05-27 00:00:00-04:00,8.591777913283181,8.599497620752661,7.965947707738697,8.492412567138672,1175892000,0.0,0.0
2020-05-28 00:00:00-04:00,8.379848386112114,8.726757430888176,8.346975498703378,8.45431137084961,734896000,0.0,0.0
2020-05-29 00:00:00-04:00,8.52155059993802,8.841314315795898,8.452318320725862,8.841314315795898,745256000,0.0,0.0
2020-06-01 00:00:00-04:00,8.79922862608752,8.80669943570371,8.656032091769491,8.772332191467285,389876000,0.0,0.0
2020-06-02 00:00:00-04:00,8.762372126142258,8.80321363196318,8.62465423791366,8.791259765625,391320000,0.0,0.0
2020-06-03 00:00:00-04:00,8.78827378895418,8.832104007724556,8.666494047879652,8.735726356506348,365440000,0.0,0.0
2020-06-04 00:00:00-04:00,8.698350089058458,8.912868885632555,8.64802172457108,8.736720085144043,424280000,0.004,0.0
2020-06-05 00:00:00-04:00,8.764625577406946,8.96643707994783,8.678419249212652,8.88969898223877,481748000,0.0,0.0
2020-06-08 00:00:00-04:00,8.847095164462296,8.859552513936833,8.6562459473122,8.775091171264648,387736000,0.0,0.0
2020-06-09 00:00:00-04:00,8.770108413045627,9.078805861080788,8.72152408273164,9.01527214050293,468488000,0.0,0.0
2020-06-10 00:00:00-04:00,9.136608893327915,9.467729932825609,9.122406545684292,9.334932327270508,632180000,0.0,0.0
2020-06-11 00:00:00-04:00,9.118917422183276,9.229789434182623,8.756154547254663,8.766369819641113,583652000,0.0,0.0
2020-06-12 00:00:00-04:00,9.131377008933855,9.156042694305949,8.67368655031409,8.9021577835083,570908000,0.0,0.0
2020-06-15 00:00:00-04:00,8.785305003482147,9.151057932425964,8.714047113327261,9.142586708068848,400004000,0.0,0.0
2020-06-16 00:00:00-04:00,9.19366219211201,9.23527031783515,8.808723825272349,9.03769302368164,535716000,0.0,0.0
2020-06-17 00:00:00-04:00,9.082790811495686,9.2674108433434,9.039437684911618,9.204625129699707,408304000,0.0,0.0
2020-06-18 00:00:00-04:00,9.1956557675876,9.250967262401565,9.08353774425731,9.186686515808105,254408000,0.0,0.0
2020-06-19 00:00:00-04:00,9.211104186655707,9.412915700228654,9.195905784531032,9.229789733886719,524160000,0.0,0.0
2020-06-22 00:00:00-04:00,9.26840846511835,9.498872728106782,9.241748771132274,9.49438762664795,398468000,0.0,0.0
2020-06-23 00:00:00-04:00,9.518553950151457,9.609743396922207,9.375542057342088,9.41789722442627,375108000,0.0,0.0
2020-06-24 00:00:00-04:00,9.444059823033964,9.524037959353112,9.113436828219283,9.20412826538086,449372000,0.0,0.0
2020-06-25 00:00:00-04:00,9.323970010638464,9.47271306129178,9.151059303167177,9.457763671875,376072000,0.0,0.0
2020-06-26 00:00:00-04:00,9.467726743497437,9.467726743497437,9.094000687833063,9.12389850616455,592084000,0.0,0.0
2020-06-29 00:00:00-04:00,9.138599161455831,9.173231095152873,8.869764950633526,9.168745994567871,342248000,0.0,0.0
2020-06-30 00:00:00-04:00,9.282360571198074,9.49388931691423,9.23502227034489,9.465486526489258,367892000,0.0,0.0
2020-07-01 00:00:00-04:00,9.488407085889033,9.543220549413103,9.381023184467141,9.497625350952148,326648000,0.0,0.0
2020-07-02 00:00:00-04:00,9.60625621550432,9.704421861503496,9.545712575907153,9.579597473144531,364056000,0.0,0.0
2020-07-06 00:00:00-04:00,9.708658485901832,9.875091029212872,9.679507699342986,9.805827140808105,315892000,0.0,0.0
2020-07-07 00:00:00-04:00,9.912464758969064,10.035794141571895,9.81728915886992,9.838217735290527,357800000,0.0,0.0
2020-07-08 00:00:00-04:00,9.959799470385146,10.190264642534341,9.931645698056236,10.181294441223145,365480000,0.0,0.0
2020-07-09 00:00:00-04:00,10.344989389421626,10.534094547843514,10.198737434711537,10.473301887512207,494548000,0.0,0.0
2020-07-10 00:00:00-04:00,10.552780115287433,10.619053927193539,10.343493443043974,10.443652153015137,497676000,0.0,0.0
2020-07-13 00:00:00-04:00,10.559008288759605,10.755587630848778,9.990943973478354,10.018101692199707,457076000,0.0,0.0
2020-07-14 00:00:00-04:00,10.04077503952507,10.367411878218995,9.752258235184744,10.34174919128418,542676000,0.0,0.0
2020-07-15 00:00:00-04:00,10.37887374260071,10.397559289542265,10.021591068209313,10.192508697509766,403984000,0.0,0.0
2020-07-16 00:00:00-04:00,9.980977605285556,10.172075770624692,9.861883408374021,10.100320816040039,344964000,0.0,0.0
2020-07-17 00:00:00-04:00,10.190763004726778,10.21368463559378,10.053481282951243,10.166844367980957,266284000,0.0,0.0
2020-07-20 00:00:00-04:00,10.239347866244826,10.495474793400428,10.12224671574614,10.475044250488281,284852000,0.0,0.0
2020-07-21 00:00:00-04:00,10.477286144387909,10.524127364124078,10.251805035504514,10.293413162231445,277036000,0.0,0.0
2020-07-22 00:00:00-04:00,10.332282816609865,10.566484200079644,10.256540769041845,10.403290748596191,367292000,0.0,0.0
2020-07-23 00:00:00-04:00,10.414503421490442,10.51117405513874,9.99717601470201,10.095341682434082,411660000,0.0,0.0
2020-07-24 00:00:00-04:00,9.841455491581248,10.329541762567553,9.743788814776028,10.159870147705078,473292000,0.0,0.0
2020-07-27 00:00:00-04:00,10.197491742615112,10.406279442311487,10.183040382548999,10.386098861694336,292132000,0.0,0.0
2020-07-28 00:00:00-04:00,10.33900883154469,10.346732063604907,10.174569378566787,10.180797576904297,271636000,0.0,0.0
2020-07-29 00:00:00-04:00,10.355450890355183,10.480524273038641,10.311849706196062,10.429946899414062,284508000,0.0,0.0
2020-07-30 00:00:00-04:00,10.339756314835071,10.586914007838889,10.260277163298035,10.5779447555542,308880000,0.0,0.0
2020-07-31 00:00:00-04:00,10.527366109282356,10.729926548729097,10.397558592820966,10.578691482543945,386080000,0.0,0.0
2020-08-03 00:00:00-04:00,10.696043307725434,11.061049246847574,10.67885184268175,10.97284984588623,412720000,0.0,0.0
2020-08-04 00:00:00-04:00,11.012462764883185,11.189608573913574,10.868951887154713,11.189608573913574,310336000,0.0,0.0
2020-08-05 00:00:00-04:00,11.205804134027222,11.333119607322317,11.128318048466182,11.248408317565918,249924000,0.0,0.0
2020-08-06 00:00:00-04:00,11.311196560653512,11.319418772634045,11.140777887508058,11.296995162963867,244316000,0.0,0.0
2020-08-07 00:00:00-04:00,11.274070244186436,11.465667401571428,11.000004828368997,11.161454200744629,342516000,0.0,0.0
2020-08-10 00:00:00-04:00,11.295744972408942,11.36949298156222,10.81961724127756,11.127069473266602,427796000,0.0,0.0
2020-08-11 00:00:00-04:00,11.036131858187444,11.098918523004569,10.759076349780809,10.813142776489258,354512000,0.0,0.0
2020-08-12 00:00:00-04:00,10.953414108119377,11.428045955610024,10.921024246348408,11.401387214660645,464412000,0.0,0.0
2020-08-13 00:00:00-04:00,11.506777872851407,11.681931581652819,11.317174705404247,11.404128074645996,374460000,0.0,0.0
2020-08-14 00:00:00-04:00,11.490830531488667,11.664987205522486,11.401635101541704,11.524715423583984,366436000,0.0,0.0
2020-08-17 00:00:00-04:00,11.81098783893795,12.367590754420675,11.777103901059299,12.295087814331055,621300000,0.0,0.0
2020-08-18 00:00:00-04:00,12.407707107828923,12.453551324655562,12.045193262326693,12.219099998474121,503448000,0.0,0.0
2020-08-19 00:00:00-04:00,12.254731401878821,12.27316793751499,12.056905036432966,12.097268104553223,622624000,0.0,0.0
2020-08-20 00:00:00-04:00,11.934319795564626,12.332960564965441,11.838396236704872,12.09975528717041,921388000,0.0,0.0
2020-08-21 00:00:00-04:00,12.160300263755312,12.765238624874097,12.153822101047279,12.640414237976074,999868000,0.0,0.0
2020-08-24 00:00:00-04:00,12.839982599940852,12.868635351563046,12.46501049196165,12.677038192749023,490564000,0.0,0.0
2020-08-25 00:00:00-04:00,12.587841781224544,12.717898299986915,12.531035256257917,12.706686973571777,289076000,0.0,0.0
2020-08-26 00:00:00-04:00,12.755771158963569,12.82478602619739,12.634683873931435,12.729610443115234,321244000,0.0,0.0
2020-08-27 00:00:00-04:00,12.73808302554578,12.80635085836099,12.523813196214713,12.58535385131836,317604000,0.0,0.0
2020-08-28 00:00:00-04:00,12.63194271103962,13.103335485435085,12.599552848710347,13.103086471557617,537160000,0.0,0.0
2020-08-31 00:00:00-04:00,13.137969018429313,13.52888663787732,12.993462065874187,13.329068183898926,500840000,0.0,0.0
2020-09-01 00:00:00-04:00,13.438227675991252,13.95038574188467,13.394862527172423,13.77817153930664,511316000,0.004,0.0
2020-09-02 00:00:00-04:00,14.658187119451874,14.681116564248631,13.856927663087648,14.302044868469238,874012000,0.0,0.0
2020-09-03 00:00:00-04:00,13.785898768535327,13.841475910571585,12.83884270592642,12.97516918182373,945128000,0.0,0.0
2020-09-04 00:00:00-04:00,12.744134944953624,13.134173137133722,11.668479059045653,12.583385467529297,1463684000,0.0,0.0
2020-09-08 00:00:00-04:00,11.698138224569675,12.511111492493251,11.667982363380093,11.87608528137207,795728000,0.0,0.0
2020-09-09 00:00:00-04:00,12.3615756131912,12.769557724636103,12.193846887519623,12.675600051879883,736200000,0.0,0.0
2020-09-10 00:00:00-04:00,12.94899900089753,13.024763704510125,12.129296630055405,12.273598670959473,698684000,0.0,0.0
2020-09-11 00:00:00-04:00,12.446809721859445,12.613292032426472,11.858886975902417,12.12680435180664,636928000,0.0,0.0
2020-09-14 00:00:00-04:00,13.040462164292796,13.273736250357643,12.592105997725609,12.832358360290527,1201744000,0.0,0.0
2020-09-15 00:00:00-04:00,13.238846706255323,13.2575387925387,12.787998642925388,12.950742721557617,727556000,0.0,0.0
2020-09-16 00:00:00-04:00,12.917097425451121,13.0521774893758,12.474972186731756,12.475719451904297,556384000,0.0,0.0
2020-09-17 00:00:00-04:00,12.094654408006981,12.55073716303664,11.99745669318927,12.424878120422363,792512000,0.0,0.0
2020-09-18 00:00:00-04:00,12.554726323030696,12.593355945948336,11.951601465197568,12.151479721069336,698460000,0.0,0.0
2020-09-21 00:00:00-04:00,11.888047583846728,12.483695927978,11.867610925705225,12.478462219238281,721044000,0.0,0.0
2020-09-22 00:00:00-04:00,12.536033524473098,12.60880727296717,12.117834034410564,12.598588943481445,646452000,0.0,0.0
2020-09-23 00:00:00-04:00,12.536531596615704,12.687562840432774,12.04182013447022,12.086181640625,647012000,0.0,0.0
2020-09-24 00:00:00-04:00,12.034837792677719,12.530546391846205,11.976767886736814,12.309732437133789,731240000,0.0,0.0
2020-09-25 00:00:00-04:00,12.408927939676413,12.843576734436919,12.20780331992882,12.833856582641602,588016000,0.0,0.0
2020-09-28 00:00:00-04:00,12.999839726157738,13.011304446570705,12.710489349429492,12.994606018066406,573808000,0.0,0.0
2020-09-29 00:00:00-04:00,12.897409079611174,13.401093380463369,12.893172675497496,13.184765815734863,621460000,0.0,0.0
2020-09-30 00:00:00-04:00,13.116728755297382,13.580287998989844,13.109501388400432,13.48857307434082,689184000,0.0,0.0
2020-10-01 00:00:00-04:00,13.715368014007055,13.720102595299453,13.419038366812762,13.572312355041504,525004000,0.0,0.0
2020-10-02 00:00:00-04:00,13.184018292696402,13.477605085052133,13.01055675215891,13.021772384643555,552496000,0.0,0.0
2020-10-05 00:00:00-04:00,13.194985220785789,13.601970018218562,13.18177592914348,13.600225448608398,479820000,0.0,0.0
2020-10-06 00:00:00-04:00,13.787142928368265,14.098176363229637,13.622654275454853,13.69393253326416,784420000,0.0,0.0
2020-10-07 00:00:00-04:00,13.95636829074398,14.075498148808256,13.820540002233665,13.92072868347168,418084000,0.0,0.0
2020-10-08 00:00:00-04:00,14.0313848089131,14.040855872703876,13.71536767762151,13.795866966247559,378900000,0.0,0.0
2020-10-09 00:00:00-04:00,13.724337757339686,13.78141036861387,13.618417204714074,13.720100402832031,346892000,0.0,0.0
2020-10-12 00:00:00-04:00,13.946149317152287,14.3025415705262,13.869388259768023,14.181916236877441,434744000,0.0,0.0
2020-10-13 00:00:00-04:00,14.252197472284319,14.304036377631371,13.975308163127476,14.204096794128418,344604000,0.0,0.0
2020-10-14 00:00:00-04:00,14.246216365246953,14.298304361964878,13.916740866696482,14.0515718460083,276100000,0.0,0.0
2020-10-15 00:00:00-04:00,13.767953352964803,13.962348784110764,13.725086380494536,13.92671012878418,267224000,0.0,0.0
2020-10-16 00:00:00-04:00,13.993253808870179,14.077741366839037,13.749760375883875,13.768701553344727,242392000,0.0,0.0
2020-10-19 00:00:00-04:00,13.859916877432626,13.940167071941861,13.36520451854094,13.455923080444336,298068000,0.0,0.0
2020-10-20 00:00:00-04:00,13.541407070698842,13.756987368926554,13.465144191368136,13.603215217590332,229212000,0.0,0.0
2020-10-21 00:00:00-04:00,13.582780136172405,13.748764292958706,13.435737157219936,13.482840538024902,219596000,0.0,0.0
2020-10-22 00:00:00-04:00,13.480595803068136,13.569568842575757,13.190746292496502,13.319596290588379,290480000,0.0,0.0
2020-10-23 00:00:00-04:00,13.408320166954695,13.551126719467236,13.250062529011627,13.548135757446289,233484000,0.0,0.0
2020-10-26 00:00:00-04:00,13.385392673750909,13.650319103468638,12.998096338348244,13.1005277633667,336896000,0.0,0.0
2020-10-27 00:00:00-04:00,13.264766581144487,13.400345770075305,13.150621352779737,13.355236053466797,250520000,0.0,0.0
2020-10-28 00:00:00-04:00,13.157103243405235,13.218911397491217,12.569928631745872,12.587872505187988,376520000,0.0,0.0
2020-10-29 00:00:00-04:00,12.798716304089377,13.151868514765228,12.710490523520622,12.983641624450684,320080000,0.0,0.0
2020-10-30 00:00:00-04:00,12.810180868510429,12.896412039377154,12.261885015446573,12.495160102844238,416820000,0.0,0.0
2020-11-02 00:00:00-05:00,12.61852723013102,12.796972459300246,12.356591747437816,12.541766166687012,299652000,0.0,0.0
2020-11-03 00:00:00-05:00,12.669119382527171,13.064390361146998,12.563696992190879,12.979155540466309,272900000,0.0,0.0
2020-11-04 00:00:00-05:00,13.347756446687036,13.784648847660259,13.295668460978487,13.751501083374023,410228000,0.0,0.0
2020-11-05 00:00:00-05:00,14.118612169911342,14.294564582296335,13.947643426379841,14.116119384765625,319028000,0.0,0.0
2020-11-06 00:00:00-05:00,14.066025304842766,14.543541030292754,13.851941452053909,14.516874313354492,383348000,0.0,0.0
2020-11-09 00:00:00-05:00,14.507403229682708,14.645972423648024,13.56857203173021,13.588509559631348,582976000,0.0,0.0
2020-11-10 00:00:00-05:00,13.56433576054012,13.56433576054012,12.589117616865419,12.730428695678711,644068000,0.0,0.0
2020-11-11 00:00:00-05:00,13.01329673445137,13.393365628806619,12.908123456221261,13.376418113708496,404744000,0.0,0.0
2020-11-12 00:00:00-05:00,13.437230778580004,13.723341113846628,13.27473578360391,13.41504955291748,365812000,0.0,0.0
2020-11-13 00:00:00-05:00,13.585020917023794,13.626392406024213,13.018781223457097,13.255794525146484,346312000,0.0,0.0
2020-11-16 00:00:00-05:00,13.131679294091388,13.6072013508254,13.115230905233268,13.473367691040039,413776000,0.0,0.0
2020-11-17 00:00:00-05:00,13.510503557144846,13.554117795380119,13.262524644847927,13.380657196044922,312028000,0.0,0.0
2020-11-18 00:00:00-05:00,13.423522372522545,13.563587043651735,13.144141246087537,13.38713550567627,510924000,0.0,0.0
2020-11-19 00:00:00-05:00,13.17180655068119,13.445704907564874,13.059405888959795,13.398601531982422,565936000,0.0,0.0
2020-11-20 00:00:00-05:00,13.412309593696861,13.452683781596887,13.024514126113623,13.047194480895996,341088000,0.0,0.0
2020-11-23 00:00:00-05:00,13.130435427576792,13.341030162070899,12.975167790038975,13.099282264709473,361356000,0.0,0.0
2020-11-24 00:00:00-05:00,13.101773917836427,13.121213270629385,12.845072163597615,12.917596817016602,346500000,0.0,0.0
2020-11-25 00:00:00-05:00,12.992114247965226,13.228379329098729,12.979653173979193,13.193737030029297,259916000,0.0,0.0
2020-11-27 00:00:00-05:00,13.333552723080512,13.365952276272498,13.129686242574325,13.220154762268066,167276000,0.0,0.0
2020-11-30 00:00:00-05:00,13.223894627264986,13.370937590814925,12.932051446429709,13.359971046447754,286952000,0.0,0.0
2020-12-01 00:00:00-05:00,13.450441131335312,13.486828003601703,13.187258315377758,13.34850788116455,296948000,0.0,0.0
2020-12-02 00:00:00-05:00,13.309128181040682,13.631127189230591,13.193238390667995,13.502527236938477,283360000,0.0,0.0
2020-12-03 00:00:00-05:00,13.549395446698242,13.621692359204236,13.29162122454906,13.35843276977539,199520000,0.004,0.0
2020-12-04 00:00:00-05:00,13.410785417444142,13.521973470709733,13.351203372803964,13.520228385925293,202244000,0.0,0.0
2020-12-07 00:00:00-05:00,13.563106701684722,13.692742247164368,13.462140948888017,13.568591117858887,223244000,0.0,0.0
2020-12-08 00:00:00-05:00,13.546903589065858,13.56061510598697,13.24425451987971,13.312562942504883,271920000,0.0,0.0
2020-12-09 00:00:00-05:00,13.26320049071074,13.376381837972524,12.832162653647892,12.894487380981445,401300000,0.0,0.0
2020-12-10 00:00:00-05:00,12.83291301548905,13.032102820669692,12.813466967276163,12.935873031616211,207764000,0.0,0.0
2020-12-11 00:00:00-05:00,12.930883668310736,12.983486318583273,12.787038296114813,12.976755142211914,209264000,0.0,0.0
2020-12-14 00:00:00-05:00,13.051301058662624,13.351207523861621,13.04083054670057,13.271431922912598,270156000,0.0,0.0
2020-12-15 00:00:00-05:00,13.40206047490147,13.426242500782983,13.149770658003526,13.323033332824707,193016000,0.0,0.0
2020-12-16 00:00:00-05:00,13.384857838152648,13.399566952819773,13.175446720365391,13.205363273620605,223116000,0.0,0.0
2020-12-17 00:00:00-05:00,13.329265612676407,13.341980481922512,13.141543929806868,13.303837776184082,231384000,0.0,0.0
2020-12-18 00:00:00-05:00,13.34147963972401,13.367406748141065,13.03384545910226,13.234780311584473,342064000,0.0,0.0
2020-12-21 00:00:00-05:00,13.038082338831583,13.332504261276176,12.931132904097742,13.294859886169434,302332000,0.0,0.0
2020-12-22 00:00:00-05:00,13.281898915745092,13.299848088352803,13.017392551262413,13.241013526916504,185580000,0.0,0.0
2020-12-23 00:00:00-05:00,13.218823803267174,13.237770572010604,12.968528267498415,12.972765922546387,179144000,0.0,0.0
2020-12-24 00:00:00-05:00,13.0006905480948,13.095673577659898,12.902467461442201,12.95731258392334,97884000,0.0,0.0
2020-12-28 00:00:00-05:00,13.0258676033868,13.0258676033868,12.72745716825897,12.863822937011719,212564000,0.0,0.0
2020-12-29 00:00:00-05:00,12.888756428143463,13.035842852651292,12.80623815280939,12.906954765319824,170372000,0.0,0.0
2020-12-30 00:00:00-05:00,12.953823303585795,13.176696831913157,12.860586303663698,13.108887672424316,225396000,0.0,0.0
2020-12-31 00:00:00-05:00,13.099659282484375,13.114118282746443,12.878780079585926,13.018387794494629,192424000,0.0,0.0
2021-01-04 00:00:00-05:00,13.067501258122682,13.61421397971434,12.926148437741286,13.076725006103516,560640000,0.0,0.0
2021-01-05 00:00:00-05:00,13.063013897871317,13.405799918708546,13.050299979878782,13.367158889770508,322760000,0.0,0.0
2021-01-06 00:00:00-05:00,13.185421201480683,13.207858144830338,12.550706673589335,12.579126358032227,580424000,0.0,0.0
2021-01-07 00:00:00-05:00,12.931133417291425,13.340233565879808,12.850361199167793,13.306577682495117,461480000,0.0,0.0
2021-01-08 00:00:00-05:00,13.325026358914794,13.383361639460059,13.005424797193161,13.239516258239746,292528000,0.0,0.0
2021-01-11 00:00:00-05:00,13.381120845591191,13.921850895343624,13.32502896268327,13.58330249786377,518344000,0.0,0.0
2021-01-12 00:00:00-05:00,13.713932666822668,13.715927864557273,13.307576126874734,13.44693374633789,291476000,0.0,0.0
2021-01-13 00:00:00-05:00,13.452169197546132,13.586790839609762,13.347464109941011,13.493802070617676,210028000,0.0,0.0
2021-01-14 00:00:00-05:00,13.536932045657988,13.561612396886156,13.143538544960627,13.163232803344727,283120000,0.0,0.0
2021-01-15 00:00:00-05:00,13.190904052844246,13.287881316844615,12.812468857865895,12.823437690734863,277780000,0.0,0.0
2021-01-19 00:00:00-05:00,12.979747264530975,13.057279430107188,12.807980522839523,12.988722801208496,226188000,0.0,0.0
2021-01-20 00:00:00-05:00,13.074978758976377,13.392835229598887,13.020133648911958,13.328267097473145,258572000,0.0,0.0
2021-01-21 00:00:00-05:00,13.380871079540578,13.959992973771397,13.215835495319384,13.828612327575684,337780000,0.0,0.0
2021-01-22 00:00:00-05:00,13.701470507641192,13.802935556370324,13.589036624292714,13.674047470092773,246820000,0.0,0.0
2021-01-25 00:00:00-05:00,13.743099328178776,13.789718288039488,13.199378522097208,13.614959716796875,251112000,0.0,0.0
2021-01-26 00:00:00-05:00,13.542413583397934,13.606483388773166,13.349955005333001,13.397571563720703,163980000,0.0,0.0
2021-01-27 00:00:00-05:00,13.19289858121172,13.19564126498745,12.75787222578399,12.881525039672852,371272000,0.0,0.0
2021-01-28 00:00:00-05:00,12.959805478023089,13.302342356675961,12.924155341787754,13.01440143585205,228316000,0.0,0.0
2021-01-29 00:00:00-05:00,13.038333242858723,13.297355184274961,12.875291917591868,12.953322410583496,271552000,0.0,0.0
2021-02-01 00:00:00-05:00,13.01664572884835,13.2335355380806,12.866567471839382,13.199880599975586,217204000,0.0,0.0
2021-02-02 00:00:00-05:00,13.361176112515281,13.533939513350386,13.248242969774687,13.518733024597168,220440000,0.0,0.0
2021-02-03 00:00:00-05:00,13.597759985933012,13.89268122482267,13.478595893291107,13.49255657196045,245408000,0.0,0.0
2021-02-04 00:00:00-05:00,13.493055176707028,13.635155488119919,13.300347404064619,13.625931739807129,201340000,0.0,0.0
2021-02-05 00:00:00-05:00,13.68651004246619,13.698725635356672,13.507762015334324,13.552885055541992,169152000,0.0,0.0
2021-02-08 00:00:00-05:00,13.688754280440907,14.433160858990226,13.688754280440907,14.398259162902832,434624000,0.0,0.0
2021-02-09 00:00:00-05:00,14.300534356614135,14.542354624618508,14.182616068463537,14.223252296447754,287560000,0.0,0.0
2021-02-10 00:00:00-05:00,14.422691425140114,14.863202216590143,14.301282965701423,14.722846984863281,485352000,0.0,0.0
2021-02-11 00:00:00-05:00,14.938243265667598,15.22942426691182,14.883148028404765,15.20798397064209,450828000,0.0,0.0
2021-02-12 00:00:00-05:00,15.007796320212169,15.248369834422629,14.733566916671759,14.919295310974121,374756000,0.0,0.0
2021-02-16 00:00:00-05:00,15.02200431508525,15.329390295174722,14.908074531360281,15.28725814819336,321960000,0.0,0.0
2021-02-17 00:00:00-05:00,15.128456867917356,15.180810369685322,14.738553519197914,14.864200592041016,274756000,0.0,0.0
2021-02-18 00:00:00-05:00,14.687694606829579,14.831539993564954,14.534126197463962,14.78741455078125,233868000,0.0,0.0
2021-02-19 00:00:00-05:00,14.98236639799842,15.134438891463464,14.805115230939935,14.884641647338867,271724000,0.0,0.0
2021-02-22 00:00:00-05:00,14.733315349118197,15.09081044863144,14.284826684273357,14.31549072265625,325884000,0.0,0.0
2021-02-23 00:00:00-05:00,14.035778314628121,14.198820593637908,13.35195136230545,14.102341651916504,391780000,0.0,0.0
2021-02-24 00:00:00-05:00,14.083145503096832,14.466068467380678,13.717423274073871,14.45833969116211,448320000,0.0,0.0
2021-02-25 00:00:00-05:00,14.006113004928865,14.334440047309721,13.17918902800684,13.270182609558105,824436000,0.0,0.0
2021-02-26 00:00:00-05:00,13.71393515359349,13.815649363507847,13.323533467731098,13.676042556762695,500932000,0.0,0.0
2021-03-01 00:00:00-05:00,13.836090305328044,13.885950280412095,13.515242901527062,13.802933692932129,353184000,0.0,0.0
2021-03-02 00:00:00-05:00,13.861019225401146,13.881461918922543,13.358432904337935,13.368654251098633,264116000,0.0,0.0
2021-03-03 00:00:00-05:00,13.388597869897936,13.413776541433187,12.762857098855966,12.768840789794922,377592000,0.0,0.0
2021-03-04 00:00:00-05:00,12.764853610702268,12.938615575725441,12.04986423160692,12.33556079864502,573344000,0.0,0.0
2021-03-05 00:00:00-05:00,12.514806524253467,12.514806524253467,11.646497921681421,12.426554679870605,542840000,0.0,0.0
2021-03-08 00:00:00-05:00,12.41508648345778,12.436276664198935,11.534063968796627,11.560739517211914,543112000,0.0,0.0
2021-03-09 00:00:00-05:00,12.100408589821392,12.5857115477266,12.029583156574535,12.489449501037598,521824000,0.004,0.0
2021-03-10 00:00:00-05:00,12.808911083089319,12.948067565563633,12.42685387625009,12.437577247619629,384376000,0.0,0.0
2021-03-11 00:00:00-05:00,12.918141567568973,13.014155316080448,12.703171840009764,12.96153450012207,299916000,0.0,0.0
2021-03-12 00:00:00-05:00,12.617134005807182,12.857042807221505,12.559027830206189,12.824373245239258,243964000,0.0,0.0
2021-03-15 00:00:00-04:00,12.83310149724649,13.174260154911902,12.735841507996014,13.158798217773438,221988000,0.0,0.0
2021-03-16 00:00:00-04:00,13.323644349861006,13.479260746323742,13.084484196263661,13.25855541229248,272128000,0.0,0.0
2021-03-17 00:00:00-04:00,13.007671116067991,13.420153700648893,12.957544682409727,13.308429718017578,243864000,0.0,0.0
2021-03-18 00:00:00-04:00,13.104185207444301,13.151568017279345,12.685716806925916,12.691203117370605,293896000,0.0,0.0
2021-03-19 00:00:00-04:00,12.718634595532432,12.889712905578849,12.581473040159986,12.814148902893066,299208000,0.0,0.0
2021-03-22 00:00:00-04:00,12.880983842945088,13.36154823506086,12.874998085903743,13.153810501098633,297804000,0.0,0.0
2021-03-23 00:00:00-04:00,13.221644080605948,13.311672080567098,12.989217459153739,13.038596153259277,222048000,0.0,0.0
2021-03-24 00:00:00-04:00,13.118896401350066,13.126877093413306,12.605662461359328,12.611896514892578,245840000,0.0,0.0
2021-03-25 00:00:00-04:00,12.468752111186024,12.68347262186374,12.241811788187613,12.504413604736328,295144000,0.0,0.0
2021-03-26 00:00:00-04:00,12.523614443030619,12.82462229390924,12.343059962632033,12.807663917541504,363968000,0.0,0.0
2021-03-29 00:00:00-04:00,12.78871077199155,13.03036526004874,12.66875684725543,12.916396141052246,273520000,0.0,0.0
2021-03-30 00:00:00-04:00,12.81040644183664,12.943328859463614,12.673743402077953,12.840083122253418,200204000,0.0,0.0
2021-03-31 00:00:00-04:00,12.983481725827332,13.437362342286544,12.950562913977166,13.315413475036621,314776000,0.0,0.0
2021-04-01 00:00:00-04:00,13.538862975364015,13.835880038464394,13.47801221186553,13.7777738571167,308276000,0.0,0.0
2021-04-05 00:00:00-04:00,13.833385038729487,13.979524270576526,13.699215418219154,13.953089714050293,255672000,0.0,0.0
2021-04-06 00:00:00-04:00,13.965309496536149,14.019675048728104,13.739616396250584,13.827399253845215,191744000,0.0,0.0
2021-04-07 00:00:00-04:00,13.84660129493534,14.208458937130143,13.677768135683046,14.108705520629883,251284000,0.0,0.0
2021-04-08 00:00:00-04:00,14.217685458806418,14.435897285123659,14.213943885525405,14.281777381896973,244416000,0.0,0.0
2021-04-09 00:00:00-04:00,14.179030254374938,14.372553216225883,14.14012664417195,14.364572525024414,195172000,0.0,0.0
2021-04-12 00:00:00-04:00,14.254595135072282,15.314730471035531,14.104465091205773,15.17158317565918,869324000,0.0,0.0
2021-04-13 00:00:00-04:00,15.194029461631905,15.661377066442782,15.088539527921586,15.6409273147583,676212000,0.0,0.0
2021-04-14 00:00:00-04:00,15.586561501348141,15.681826557633755,15.190039338700716,15.239418029785156,385500000,0.0,0.0
2021-04-15 00:00:00-04:00,15.623965067235979,16.174357748910218,15.593041201255907,16.09754753112793,598480000,0.0,0.0
2021-04-16 00:00:00-04:00,16.01350839262557,16.125982027135557,15.826220403097025,15.8733549118042,335208000,0.0,0.0
2021-04-19 00:00:00-04:00,15.498276894788122,15.768610086032313,15.195523394059228,15.323956489562988,404420000,0.0,0.0
2021-04-20 00:00:00-04:00,15.285551919658973,15.458874387907025,14.926188677668558,15.133926391601562,334132000,0.0,0.0
2021-04-21 00:00:00-04:00,15.081556897402692,15.32470783357352,15.065097967523737,15.322712898254395,216776000,0.0,0.0
2021-04-22 00:00:00-04:00,15.337175698398932,15.400519884321316,14.747130576116172,14.813716888427734,277788000,0.0,0.0
2021-04-23 00:00:00-04:00,14.897510379080412,15.29727466051768,14.863594577488568,15.227696418762207,227500000,0.0,0.0
2021-04-26 00:00:00-04:00,15.147642935688191,15.440919322295558,15.087790126519275,15.439921379089355,197796000,0.0,0.0
2021-04-27 00:00:00-04:00,15.540175890217878,15.631949573137733,15.31672696447076,15.343910217285156,164572000,0.0,0.0
2021-04-28 00:00:00-04:00,15.32670177309296,15.494039448295446,15.178068161200418,15.239167213439941,209416000,0.0,0.0
2021-04-29 00:00:00-04:00,15.362115759293001,15.398525946792525,15.034424071797295,15.2870512008667,173196000,0.0,0.0
2021-04-30 00:00:00-04:00,15.137169225880765,15.327199878603071,14.960105175895864,14.972574234008789,201912000,0.0,0.0
2021-05-03 00:00:00-04:00,15.087789925219155,15.209240277723236,14.75112061320419,14.800249099731445,203912000,0.0,0.0
2021-05-04 00:00:00-04:00,14.601240371190695,14.601489619166298,13.975783018917165,14.315943717956543,405324000,0.0,0.0
2021-05-05 00:00:00-04:00,14.672814191288305,14.777057880701475,14.35210528482162,14.422930717468262,292024000,0.0,0.0
2021-05-06 00:00:00-04:00,14.459588610408613,14.53540184870253,14.18302136153679,14.48727035522461,193380000,0.0,0.0
2021-05-07 00:00:00-04:00,14.771820371378341,14.933920031269896,14.63565581990065,14.775810241699219,229328000,0.0,0.0
2021-05-10 00:00:00-04:00,14.750873384517554,14.769577450358023,14.214945436853133,14.230656623840332,268904000,0.0,0.0
2021-05-11 00:00:00-04:00,13.790989321233113,14.319435968974824,13.716174016861329,14.271055221557617,285584000,0.0,0.0
2021-05-12 00:00:00-04:00,13.975035218815083,14.225168896948256,13.675524752489777,13.724653244018555,303408000,0.0,0.0
2021-05-13 00:00:00-04:00,13.999224078927785,14.046109333462992,13.42588811866728,13.631630897521973,285404000,0.0,0.0
2021-05-14 00:00:00-04:00,13.855830733479957,14.292752972906976,13.714678353750243,14.207962036132812,258616000,0.0,0.0
2021-05-17 00:00:00-04:00,14.122171332609264,14.134391142572785,13.819418762550056,14.130650520324707,216980000,0.0,0.0
2021-05-18 00:00:00-04:00,14.231902974365962,14.368815282209768,13.969549474724266,13.981270790100098,186256000,0.0,0.0
2021-05-19 00:00:00-04:00,13.533123876129947,14.044862298330735,13.509931447897435,14.031146049499512,344000000,0.0,0.0
2021-05-20 00:00:00-04:00,14.267315528168957,14.647628031207587,14.235394659351991,14.576553344726562,321592000,0.0,0.0
2021-05-21 00:00:00-04:00,15.126445108164015,15.184552232588912,14.832919461611446,14.95486831665039,672992000,0.0,0.0
2021-05-24 00:00:00-04:00,15.175076040317867,15.706266327666086,15.138665855139163,15.573594093322754,554816000,0.0,0.0
2021-05-25 00:00:00-04:00,15.72721286252232,15.779583475638967,15.444410600364295,15.609253883361816,435408000,0.0,0.0
2021-05-26 00:00:00-04:00,15.695541043507959,15.754894404271841,15.547905385492475,15.661375045776367,370440000,0.0,0.0
2021-05-27 00:00:00-04:00,15.661127835434264,15.711254271384014,15.42196772285293,15.449898719787598,581476000,0.0,0.0
2021-05-28 00:00:00-04:00,15.462863062278457,16.237452376617053,15.462863062278457,16.204532623291016,644536000,0.0,0.0
2021-06-01 00:00:00-04:00,16.229970749633473,16.34792970805996,15.864122363370912,16.224483489990234,472804000,0.0,0.0
2021-06-02 00:00:00-04:00,16.212265926193794,16.87712625493025,16.195556800663763,16.736970901489258,594168000,0.0,0.0
2021-06-03 00:00:00-04:00,16.659665958022718,17.21654307093119,16.54220545944608,16.928003311157227,580008000,0.0,0.0
2021-06-04 00:00:00-04:00,17.070401602049834,17.617552324507795,17.053445127711075,17.53500747680664,617120000,0.0,0.0
2021-06-07 00:00:00-04:00,17.528023884085115,17.76867947172536,17.150455047093143,17.575654983520508,575756000,0.0,0.0
2021-06-08 00:00:00-04:00,17.484131607589486,17.57814946975256,17.208560371373252,17.41405487060547,323848000,0.0,0.0
2021-06-09 00:00:00-04:00,17.4766611402099,17.53577879071623,17.217241151516543,17.31951141357422,381656000,0.004,0.0
2021-06-10 00:00:00-04:00,17.311284529275444,17.452967859710565,17.137673016665815,17.38611602783203,287772000,0.0,0.0
2021-06-11 00:00:00-04:00,17.440489877133697,17.899214954964485,17.40482022564648,17.78546905517578,416308000,0.0,0.0
2021-06-14 00:00:00-04:00,17.866042920276705,17.999244162607233,17.62333583892256,17.978540420532227,321376000,0.0,0.0
2021-06-15 00:00:00-04:00,17.875026725443956,17.976050499289112,17.688443709180554,17.748807907104492,243032000,0.0,0.0
2021-06-16 00:00:00-04:00,17.751050591544338,17.91468418538893,17.545259694850984,17.770505905151367,307124000,0.0,0.0
2021-06-17 00:00:00-04:00,17.73483614068346,18.7929688306479,17.716627352704926,18.615615844726562,809656000,0.0,0.0
2021-06-18 00:00:00-04:00,18.742080787588076,19.331761477324207,18.542526359488548,18.59715461730957,968856000,0.0,0.0
2021-06-21 00:00:00-04:00,18.394109040503217,18.4951346885807,17.782976662910134,18.386127471923828,672384000,0.0,0.0
2021-06-22 00:00:00-04:00,18.430284092496997,18.921436154060395,18.344974156997278,18.844606399536133,580144000,0.0,0.0
2021-06-23 00:00:00-04:00,18.965331868127812,19.11000874290461,18.86555464748546,19.014720916748047,332356000,0.0,0.0
2021-06-24 00:00:00-04:00,19.18484872848157,19.37666906902316,19.04565842065698,19.162647247314453,320924000,0.0,0.0
2021-06-25 00:00:00-04:00,19.23747460979559,19.30233009055786,18.852336315853158,18.9885311126709,278364000,0.0,0.0
2021-06-28 00:00:00-04:00,19.31804607968373,20.033945692644743,19.275890678564842,19.940404891967773,495436000,0.0,0.0
2021-06-29 00:00:00-04:00,19.838132408460762,20.053899319285392,19.61313549933401,19.9820613861084,367632000,0.0,0.0
2021-06-30 00:00:00-04:00,19.954619984922232,20.117505644957735,19.819422413072925,19.957862854003906,326568000,0.0,0.0
2021-07-01 00:00:00-04:00,20.08008916798285,20.410349886109096,19.974324818701906,20.166894912719727,480136000,0.0,0.0
2021-07-02 00:00:00-04:00,20.39463747913961,20.45949296291919,20.24247763436387,20.441282272338867,342764000,0.0,0.0
2021-07-06 00:00:00-04:00,20.691227677595457,20.795494324162348,20.304842752931734,20.652315139770508,446708000,0.0,0.0
2021-07-07 00:00:00-04:00,20.80696363579524,20.82841529094071,20.28662778206436,20.3262882232666,418428000,0.0,0.0
2021-07-08 00:00:00-04:00,19.81219121733982,20.088073010027667,19.656788496494755,19.85833740234375,503300000,0.0,0.0
2021-07-09 00:00:00-04:00,19.917956647255515,20.035444075342934,19.710171276544106,20.005510330200195,296624000,0.0,0.0
2021-07-12 00:00:00-04:00,20.19483717208179,20.48693334951167,20.142703851662763,20.46673011779785,321984000,0.0,0.0
2021-07-13 00:00:00-04:00,20.35497651465563,20.41559191282485,20.069116801359257,20.20481300354004,290708000,0.0,0.0
2021-07-14 00:00:00-04:00,20.312320711528482,20.37218628598519,19.708671252768255,19.797222137451172,380100000,0.0,0.0
2021-07-15 00:00:00-04:00,19.76753957121302,19.802710619931563,18.816415909806356,18.923925399780273,550564000,0.0,0.0
2021-07-16 00:00:00-04:00,18.988032725090143,19.114249610724638,18.032668986212673,18.120471954345703,688224000,0.0,0.0
2021-07-19 00:00:00-04:00,17.875275342534227,18.999510194615794,17.825635073987275,18.73784637451172,749060000,0.0,0.0
2021-07-20 00:00:00-04:00,18.688205629147088,18.79596444122418,18.123468610489642,18.57046890258789,434687000,0.0,4.0
2021-07-21 00:00:00-04:00,18.839869802881065,19.483431113478787,18.700182784677363,19.36669158935547,371017000,0.0,0.0
2021-07-22 00:00:00-04:00,19.598165201393325,19.84261736984623,19.2329808759404,19.55027198791504,323826000,0.0,0.0
2021-07-23 00:00:00-04:00,19.612137498497777,19.656039936097546,19.207043356145515,19.51435661315918,195672000,0.0,0.0
2021-07-26 00:00:00-04:00,19.267910216356587,19.398616517231275,18.87179481933325,19.250947952270508,203943000,0.0,0.0
2021-07-27 00:00:00-04:00,19.222012172569684,19.578215925957867,18.69918123958821,19.16514015197754,248863000,0.0,0.0
2021-07-28 00:00:00-04:00,19.27588707854818,19.60215699543012,18.95261072554939,19.459476470947266,202191000,0.0,0.0
2021-07-29 00:00:00-04:00,19.475437779300627,19.80869391602063,19.284864056761442,19.618120193481445,190781000,0.0,0.0
2021-07-30 00:00:00-04:00,19.37467147777708,19.58619833114908,19.22001855051348,19.45549201965332,183497000,0.0,0.0
2021-08-02 00:00:00-04:00,19.656037331339196,19.916454551964733,19.31779315905893,19.70592498779297,217444000,0.0,0.0
2021-08-03 00:00:00-04:00,19.69595097546281,20.176875767387045,19.177110872013746,19.770784378051758,301811000,0.0,0.0
2021-08-04 00:00:00-04:00,19.945394981995584,20.272664117561018,19.783755806867507,20.228761672973633,231309000,0.0,0.0
2021-08-05 00:00:00-04:00,20.454250895886414,20.686730720342474,20.29660255480396,20.590944290161133,211435000,0.0,0.0
2021-08-06 00:00:00-04:00,20.47820503972447,20.524101928122093,20.16490458584402,20.320556640625,178497000,0.0,0.0
2021-08-09 00:00:00-04:00,20.400372185145788,20.46223410099579,20.098048857451968,20.249710083007812,146443000,0.0,0.0
2021-08-10 00:00:00-04:00,20.276652149351023,20.38441095043881,19.79073746939865,19.89151382446289,179238000,0.0,0.0
2021-08-11 00:00:00-04:00,19.998274902544892,20.00426203166139,19.386643798764577,19.65504264831543,185925000,0.0,0.0
2021-08-12 00:00:00-04:00,19.82566441499477,19.98430812711342,19.57622224617703,19.860586166381836,151652000,0.0,0.0
2021-08-13 00:00:00-04:00,19.860582533688213,20.168893013178696,19.806702182493282,20.1429500579834,183063000,0.0,0.0
2021-08-16 00:00:00-04:00,20.09007374399027,20.241735018277804,19.409594354081335,19.905487060546875,210876000,0.0,0.0
2021-08-17 00:00:00-04:00,19.6410682631344,19.72587955742397,19.224001848545644,19.414575576782227,204585000,0.0,0.0
2021-08-18 00:00:00-04:00,19.456485405778384,19.590187158874645,18.95760116460458,18.997512817382812,285913000,0.0,0.0
2021-08-19 00:00:00-04:00,19.45049607508558,20.44926356783825,18.72012927852923,19.75381851196289,766555000,0.0,0.0
2021-08-20 00:00:00-04:00,19.946386836987667,20.818436946088394,19.88851761093091,20.769546508789062,675741000,0.0,0.0
2021-08-23 00:00:00-04:00,20.92419975406919,21.947909104334563,20.903246711052635,21.90899658203125,575807000,0.0,0.0
2021-08-24 00:00:00-04:00,21.70445785017865,21.909997531385216,21.48694391201485,21.744367599487305,297299000,0.0,0.0
2021-08-25 00:00:00-04:00,21.68849725920362,22.419861502010125,21.67353133802832,22.163434982299805,347701000,0.0,0.0
2021-08-26 00:00:00-04:00,22.150456526618736,22.290143476510096,21.74137168500093,22.01875114440918,237940000,0.0,0.0
2021-08-27 00:00:00-04:00,22.134500078800222,22.67129972712439,22.11753781357418,22.585491180419922,304722000,0.0,0.0
2021-08-30 00:00:00-04:00,22.77905630499496,22.991580355069562,22.50067954473319,22.637372970581055,262580000,0.0,0.0
2021-08-31 00:00:00-04:00,22.648349605435055,22.648349605435055,22.07453267310366,22.338987350463867,259850000,0.004,0.0
2021-09-01 00:00:00-04:00,22.438784759124236,22.650348906025947,22.31104759248821,22.394874572753906,201767000,0.0,0.0
2021-09-02 00:00:00-04:00,22.471715025421343,22.546561628038457,22.249173817151615,22.349966049194336,187834000,0.0,0.0
2021-09-03 00:00:00-04:00,22.279110432537877,22.938751008342507,22.154367377268184,22.796045303344727,280532000,0.0,0.0
2021-09-07 00:00:00-04:00,22.786067428844145,22.85193175199729,22.475705860557778,22.615419387817383,198107000,0.0,0.0
2021-09-08 00:00:00-04:00,22.466723400904264,22.563524132265776,21.931823984385463,22.293081283569336,254434000,0.0,0.0
2021-09-09 00:00:00-04:00,22.26613522548103,22.491670487300535,22.085507536787368,22.131412506103516,196856000,0.0,0.0
2021-09-10 00:00:00-04:00,22.302061280830465,22.579489705395595,22.224222499927517,22.431795120239258,248376000,0.0,0.0
2021-09-13 00:00:00-04:00,22.63737624576519,22.91680143040649,21.81307375933028,22.106470108032227,297500000,0.0,0.0
2021-09-14 00:00:00-04:00,22.22921073103916,22.363933451036715,22.040600065099298,22.196279525756836,199755000,0.0,0.0
2021-09-15 00:00:00-04:00,22.2631425592537,22.321023900271747,21.920847204700245,22.295076370239258,166538000,0.0,0.0
2021-09-16 00:00:00-04:00,22.13740079198433,22.231207426856813,21.881926512429214,22.196279525756836,156033000,0.0,0.0
2021-09-17 00:00:00-04:00,22.25416170484627,22.275118448091163,21.78512847263095,21.854984283447266,294503000,0.0,0.0
2021-09-20 00:00:00-04:00,21.10253608560718,21.388946836044816,20.619531653010185,21.069604873657227,349440000,0.0,0.0
2021-09-21 00:00:00-04:00,21.37297767708859,21.380960654634446,20.90693852871404,21.202329635620117,204688000,0.0,0.0
2021-09-22 00:00:00-04:00,21.32208186520741,21.91486077380473,21.15243122045159,21.89590072631836,268726000,0.0,0.0
2021-09-23 00:00:00-04:00,22.094489243871266,22.488677753626337,21.845003134420406,22.435787200927734,248555000,0.0,0.0
2021-09-24 00:00:00-04:00,22.024638849283473,22.1034769512908,21.816068775994523,22.035615921020508,217655000,0.0,0.0
2021-09-27 00:00:00-04:00,21.66537306934412,21.754190825746935,21.28116613158087,21.615476608276367,245215000,0.0,0.0
2021-09-28 00:00:00-04:00,21.170398789629807,21.374977369487745,20.6085543148062,20.656455993652344,343069000,0.0,0.0
2021-09-29 00:00:00-04:00,20.8969576569864,20.973799045887088,20.424928447373038,20.47482681274414,218394000,0.0,0.0
2021-09-30 00:00:00-04:00,20.72531311731177,21.022700943326686,20.64547762539211,20.673419952392578,221009000,0.0,0.0
2021-10-01 00:00:00-04:00,20.707348593286746,20.816123798789594,20.161472062841753,20.699365615844727,240978000,0.0,0.0
2021-10-04 00:00:00-04:00,20.46185505357973,20.49977705360861,19.514806256090917,19.691442489624023,345635000,0.0,0.0
2021-10-05 00:00:00-04:00,19.90899634754412,20.60556166121766,19.813192992009895,20.408966064453125,279282000,0.0,0.0
2021-10-06 00:00:00-04:00,20.078642049763726,20.6774071635698,20.038723360348456,20.65744972229004,297202000,0.0,0.0
2021-10-07 00:00:00-04:00,21.048642502901718,21.27817116327567,20.928890239898514,21.031679153442383,256919000,0.0,0.0
2021-10-08 00:00:00-04:00,21.057628709469974,21.162412435012104,20.732298558657803,20.788183212280273,151258000,0.0,0.0
2021-10-11 00:00:00-04:00,20.532711622705843,21.019707569030924,20.46884208493034,20.652463912963867,163388000,0.0,0.0
2021-10-12 00:00:00-04:00,20.78519023469679,21.01371965033618,20.485807601821623,20.62851333618164,162134000,0.0,0.0
2021-10-13 00:00:00-04:00,20.87499739389011,20.946849883438986,20.670418895804758,20.895954132080078,180652000,0.0,0.0
2021-10-14 00:00:00-04:00,21.24424280701027,21.710281948455567,21.078583653114016,21.70130157470703,243589000,0.0,0.0
2021-10-15 00:00:00-04:00,21.765169217756938,21.885920792719308,21.6174746181001,21.817062377929688,226994000,0.0,0.0
2021-10-18 00:00:00-04:00,21.70429561198073,22.245181351573397,21.599509992231866,22.17632293701172,189494000,0.0,0.0
2021-10-19 00:00:00-04:00,22.23020952192543,22.332998439284385,21.99170238328711,22.244182586669922,161473000,0.0,0.0
2021-10-20 00:00:00-04:00,22.259153972227175,22.38689113624754,21.93681792130958,22.05756950378418,146276000,0.0,0.0
2021-10-21 00:00:00-04:00,22.05158081081339,22.66431908339026,22.037609648043592,22.645357131958008,187590000,0.0,0.0
2021-10-22 00:00:00-04:00,22.776087696887597,23.082455872198555,22.51462710104004,22.67928695678711,249384000,0.0,0.0
2021-10-25 00:00:00-04:00,22.92577932097551,23.306994101972588,22.72319746404904,23.118383407592773,230235000,0.0,0.0
2021-10-26 00:00:00-04:00,23.939690683779567,25.207080642552555,23.874823758987613,24.66619300842285,485898000,0.0,0.0
2021-10-27 00:00:00-04:00,24.42369310756561,25.038426104852544,24.23208643543216,24.400739669799805,245990000,0.0,0.0
2021-10-28 00:00:00-04:00,24.82686213496586,24.89871463743383,24.472592314193292,24.889732360839844,234204000,0.0,0.0
2021-10-29 00:00:00-04:00,24.94961155653505,25.656156492279774,24.948614160155966,25.514448165893555,292503000,0.0,0.0
2021-11-01 00:00:00-04:00,25.59627881018903,25.84077414831852,25.17514534532995,25.77391242980957,265740000,0.0,0.0
2021-11-02 00:00:00-04:00,25.768920900082524,26.62316030481337,25.74696485932054,26.346729278564453,294112000,0.0,0.0
2021-11-03 00:00:00-04:00,26.61518366292788,26.728949671826232,26.18107827686817,26.543331146240234,239910000,0.0,0.0
2021-11-04 00:00:00-04:00,27.17302872617055,31.30052653095148,27.062256834548624,29.739742279052734,1153631000,0.0,0.0
2021-11-05 00:00:00-04:00,30.124946942378365,31.335452807247698,29.34954374126454,29.690841674804688,851260000,0.0,0.0
2021-11-08 00:00:00-05:00,30.08703201614871,31.036077547189436,29.845528843477773,30.740686416625977,503101000,0.0,0.0
2021-11-09 00:00:00-05:00,32.21564634517442,32.24358866979207,29.902410166166877,30.593984603881836,646746000,0.0,0.0
2021-11-10 00:00:00-05:00,29.29566001580233,30.786588600174127,28.7188470671738,29.398447036743164,636206000,0.0,0.0
2021-11-11 00:00:00-05:00,30.405372503422235,30.527121469817228,29.715792890325954,30.327531814575195,332172000,0.0,0.0
2021-11-12 00:00:00-05:00,29.948313753728954,30.61693662433334,29.56909378945469,30.327531814575195,413054000,0.0,0.0
2021-11-15 00:00:00-05:00,30.4892007220748,30.581010672915156,29.186882831682748,29.96328353881836,384909000,0.0,0.0
2021-11-16 00:00:00-05:00,29.69782548858273,30.327526962300034,29.644933039246503,30.140911102294922,264484000,0.0,0.0
2021-11-17 00:00:00-05:00,30.35547074388643,30.446285187958786,28.74079674255149,29.200849533081055,428508000,0.0,0.0
2021-11-18 00:00:00-05:00,32.30046694089971,32.69265683604596,31.256615668173605,31.609888076782227,781711000,0.0,0.0
2021-11-19 00:00:00-05:00,32.17672282311157,33.01998709870693,31.839418254930216,32.917198181152344,533867000,0.0,0.0
2021-11-22 00:00:00-05:00,33.44810439942293,34.57578276040281,31.834429453313092,31.89031410217285,754335000,0.0,0.0
2021-11-23 00:00:00-05:00,31.470179349441892,32.29348431531338,30.816525023059096,31.68074607849121,532163000,0.0,0.0
2021-11-24 00:00:00-05:00,31.396324862137504,32.787458264671194,30.864419626497114,32.60683059692383,435162000,0.0,0.0
2021-11-26 00:00:00-05:00,32.532983184503145,32.64275766837907,31.285554692714413,31.43824005126953,283069000,0.0,0.0
2021-11-29 00:00:00-05:00,32.29946994005568,33.34331741870342,31.97014645706555,33.30739212036133,454964000,0.0,0.0
2021-11-30 00:00:00-05:00,33.100816111812016,33.284439797778,31.798500284928068,32.608829498291016,622066000,0.0,0.0
2021-12-01 00:00:00-05:00,33.15478089240637,33.2246452598097,31.31933354836932,31.37422752380371,484368000,0.004,0.0
2021-12-02 00:00:00-05:00,31.153649310235703,32.41520534090074,30.965013655135916,32.06388473510742,472890000,0.0,0.0
2021-12-03 00:00:00-05:00,31.938133623399295,32.06688583887325,30.07174810217101,30.6336612701416,544325000,0.0,0.0
2021-12-06 00:00:00-05:00,29.82223155843537,30.18253369080409,27.983793678236385,29.97892951965332,658938000,0.0,0.0
2021-12-07 00:00:00-05:00,30.897148284520917,32.38626422162918,30.591738246734344,32.36430358886719,593053000,0.0,0.0
2021-12-08 00:00:00-05:00,31.937136928475184,32.227574704104825,31.36025335466527,31.76447105407715,475551000,0.0,0.0
2021-12-09 00:00:00-05:00,31.6726436363354,32.142735562331445,30.369168945749347,30.431049346923828,488507000,0.0,0.0
2021-12-10 00:00:00-05:00,31.089777075680235,31.244478098261293,29.803269551316273,30.139617919921875,488825000,0.0,0.0
2021-12-13 00:00:00-05:00,30.190518430638814,30.235431505717692,28.06164095629319,28.10655403137207,598344000,0.0,0.0
2021-12-14 00:00:00-05:00,27.64544809567348,28.62255545688328,27.197316754829743,28.282215118408203,667035000,0.0,0.0
2021-12-15 00:00:00-05:00,28.345094654187285,30.44103516074104,27.784180879721173,30.400114059448242,698297000,0.0,0.0
2021-12-16 00:00:00-05:00,31.091770564933462,31.099754518870387,28.038684877718026,28.332115173339844,707366000,0.0,0.0
2021-12-17 00:00:00-05:00,27.930895789317223,28.866084513821278,27.706330412496648,27.747251510620117,713758000,0.0,0.0
2021-12-20 00:00:00-05:00,27.25220806149929,28.089584712553346,27.09251756222263,27.665407180786133,461847000,0.0,0.0
2021-12-21 00:00:00-05:00,28.319140617374146,29.063698547231173,27.348020394547447,29.01878547668457,524385000,0.0,0.0
2021-12-22 00:00:00-05:00,28.835143931093477,29.497859735844237,28.393997137740122,29.343158721923828,395184000,0.0,0.0
2021-12-23 00:00:00-05:00,29.697468614565754,30.00088169101399,29.374095654399202,29.582691192626953,343022000,0.0,0.0
2021-12-27 00:00:00-05:00,29.60265640931932,31.02689755121152,29.582694619627713,30.88517189025879,403686000,0.0,0.0
2021-12-28 00:00:00-05:00,31.251465890177478,31.269430741139406,29.953977992076766,30.26338005065918,420591000,0.0,0.0
2021-12-29 00:00:00-05:00,30.214472371231356,30.488940318885827,29.309224428409372,29.942996978759766,343139000,0.0,0.0
2021-12-30 00:00:00-05:00,29.769338101098654,30.398121250991505,29.48289417837225,29.528804779052734,308864000,0.0,0.0
2021-12-31 00:00:00-05:00,29.616629435851035,29.97194206030295,29.274292165132447,29.354137420654297,266530000,0.0,0.0
2022-01-03 00:00:00-05:00,29.757355089698684,30.651622638194823,29.72741240751005,30.062763214111328,391547000,0.0,0.0
2022-01-04 00:00:00-05:00,30.218464956704405,30.409095675209777,28.29419292188651,29.233373641967773,527154000,0.0,0.0
2022-01-05 00:00:00-05:00,28.893025463090652,29.359123461073573,27.479764888679558,27.550626754760742,498064000,0.0,0.0
2022-01-06 00:00:00-05:00,27.586558093988483,28.38301551460159,27.0126709853052,28.123517990112305,454186000,0.0,0.0
2022-01-07 00:00:00-05:00,28.086591263743465,28.367048098700508,27.004685595633504,27.194318771362305,409939000,0.0,0.0
2022-01-10 00:00:00-05:00,26.529609965171062,27.415893669977173,25.594421205944393,27.347026824951172,594681000,0.0,0.0
2022-01-11 00:00:00-05:00,27.27017541907624,28.010741462593767,26.787111899859354,27.763219833374023,404089000,0.0,0.0
2022-01-12 00:00:00-05:00,28.01273741876915,28.539716512904818,27.55462517038909,27.944869995117188,383413000,0.0,0.0
2022-01-13 00:00:00-05:00,28.32413577123768,28.42494034461968,26.446771712443983,26.523624420166016,540171000,0.0,0.0
2022-01-14 00:00:00-05:00,26.24915265168228,27.1444197184354,26.159326499116265,26.889911651611328,395832000,0.0,0.0
2022-01-18 00:00:00-05:00,26.209232613206122,26.586502096835268,25.720180142919816,25.852922439575195,424270000,0.0,0.0
2022-01-19 00:00:00-05:00,26.028586030738563,26.491687849182274,25.003570942379152,25.01854133605957,488315000,0.0,0.0
2022-01-20 00:00:00-05:00,25.255075801849063,25.52954371114921,24.031444525420937,24.10330581665039,435181000,0.0,0.0
2022-01-21 00:00:00-05:00,23.461552019986037,24.775007677466373,23.218024282355426,23.32880973815918,718958000,0.0,0.0
2022-01-24 00:00:00-05:00,22.286827510617645,23.334796698374127,20.847616010504623,23.326812744140625,913982000,0.0,0.0
2022-01-25 00:00:00-05:00,22.502406991705346,22.89864065896213,21.957463151064083,22.28083610534668,664616000,0.0,0.0
2022-01-26 00:00:00-05:00,23.195069558309832,24.010489477432596,22.256886340278513,22.72797393798828,755959000,0.0,0.0
2022-01-27 00:00:00-05:00,23.52243589687238,23.948610407504805,21.633094151119476,21.901575088500977,573353000,0.0,0.0
2022-01-28 00:00:00-05:00,21.969441054751794,22.81380606550494,21.2548257675977,22.795841217041016,543774000,0.0,0.0
2022-01-31 00:00:00-05:00,23.137185341342278,24.461621643754658,23.00743748611731,24.43866539001465,564680000,0.0,0.0
2022-02-01 00:00:00-05:00,25.0554611349535,25.09638222634812,23.843807721416248,24.590362548828125,518925000,0.0,0.0
2022-02-02 00:00:00-05:00,25.744128100451583,25.76708244222334,24.505526438562356,25.193195343017578,543419000,0.0,0.0
2022-02-03 00:00:00-05:00,24.410715212297134,25.02851797372646,23.734026501108175,23.901700973510742,410178000,0.0,0.0
2022-02-04 00:00:00-05:00,23.925656716888817,24.587375091578327,23.58631386301413,24.27198600769043,354829000,0.0,0.0
2022-02-07 00:00:00-05:00,24.32487655899554,25.13330989362577,24.155205177291837,24.68018913269043,376868000,0.0,0.0
2022-02-08 00:00:00-05:00,24.311901593153753,25.18121782066889,23.933634671761467,25.0594539642334,410359000,0.0,0.0
2022-02-09 00:00:00-05:00,25.572463535153865,26.673331693511606,25.303984503910602,26.653369903564453,524282000,0.0,0.0
2022-02-10 00:00:00-05:00,25.944743476270883,26.87294386426825,25.55050669154954,25.774072647094727,513200000,0.0,0.0
2022-02-11 00:00:00-05:00,25.865896651576726,26.10144045086066,23.727040089477473,23.902698516845703,605472000,0.0,0.0
2022-02-14 00:00:00-05:00,23.887726864389506,24.826907552973196,23.709072083831487,24.220083236694336,440424000,0.0,0.0
2022-02-15 00:00:00-05:00,24.900762795130042,26.49367774510804,24.73608279745119,26.443775177001953,699869000,0.0,0.0
2022-02-16 00:00:00-05:00,26.208233700505765,26.530609192134296,25.502599827448215,26.459745407104492,732676000,0.0,0.0
2022-02-17 00:00:00-05:00,25.580449565020423,25.735150594170214,24.118283550495068,24.45962142944336,810595000,0.0,0.0
2022-02-18 00:00:00-05:00,24.620309963998448,24.937695983788053,23.055342404998548,23.596294403076172,761255000,0.0,0.0
2022-02-22 00:00:00-05:00,22.990466739591504,24.01747672423465,22.955534556689436,23.34477996826172,633422000,0.0,0.0
2022-02-23 00:00:00-05:00,23.755986876487462,24.108305109230553,22.25788910388529,22.343721389770508,566511000,0.0,0.0
2022-02-24 00:00:00-05:00,20.97436959630377,23.753985005383658,20.84961126769638,23.702085494995117,735801000,0.0,0.0
2022-02-25 00:00:00-05:00,23.675142133426366,24.170181628932145,23.33579928489238,24.11029815673828,528866000,0.0,0.0
2022-02-28 00:00:00-05:00,23.94561268337216,24.617311790775407,23.661163875602178,24.337852478027344,477319000,0.0,0.0
2022-03-01 00:00:00-05:00,24.244037444614957,24.329871618461585,23.087277797297364,23.431610107421875,412056000,0.0,0.0
2022-03-02 00:00:00-05:00,23.714107509120137,24.365955840930578,23.37370924864072,24.177288055419922,389642000,0.004,0.0
2022-03-03 00:00:00-05:00,24.219216091275733,24.28310431664372,23.42761517996613,23.672183990478516,365095000,0.0,0.0
2022-03-04 00:00:00-05:00,23.342767392238667,23.63824497847324,22.44235747690305,22.895557403564453,431415000,0.0,0.0
2022-03-07 00:00:00-05:00,22.776767102643568,22.99238774615269,21.29238955966222,21.314350128173828,450821000,0.0,0.0
2022-03-08 00:00:00-05:00,21.271422452705348,22.333545309074008,20.613584176611923,21.47606086730957,557467000,0.0,0.0
2022-03-09 00:00:00-05:00,22.34752397571556,23.179055323683137,22.207771447985007,22.973419189453125,492742000,0.0,0.0
2022-03-10 00:00:00-05:00,22.491272744824204,22.74781956359875,21.843416915189174,22.61804962158203,428066000,0.0,0.0
2022-03-11 00:00:00-05:00,22.98140654078104,23.10419076158427,22.00712760972228,22.061033248901367,367209000,0.0,0.0
2022-03-14 00:00:00-04:00,21.83043806016922,22.22274473627401,21.12169091105155,21.292388916015625,385354000,0.0,0.0
2022-03-15 00:00:00-04:00,21.480055192344064,22.99737530841706,21.284401668232853,22.9324893951416,491996000,0.0,0.0
2022-03-16 00:00:00-04:00,23.458556941589553,24.5536224662073,23.131136264321917,24.452800750732422,671422000,0.0,0.0
2022-03-17 00:00:00-04:00,24.077471154131192,24.798196302698308,23.863847789795177,24.722332000732422,471941000,0.0,0.0
2022-03-18 00:00:00-04:00,24.755270261820684,26.5221495744112,24.5805796111346,26.406352996826172,730719000,0.0,0.0
2022-03-21 00:00:00-04:00,26.46026011637226,27.10412324336721,25.92121138568289,26.686859130859375,591727000,0.0,0.0
2022-03-22 00:00:00-04:00,26.679871236174723,27.189971767703643,26.026027424283942,26.477230072021484,547007000,0.0,0.0
2022-03-23 00:00:00-04:00,26.079931563168326,26.56507466192013,25.529904449568786,25.58880043029785,502120000,0.0,0.0
2022-03-24 00:00:00-04:00,26.119860134581526,28.27006117432525,25.861316069512192,28.100360870361328,877379000,0.0,0.0
2022-03-25 00:00:00-04:00,27.836827561473978,28.307995393290817,27.2229122356588,27.643169403076172,579016000,0.0,0.0
2022-03-28 00:00:00-04:00,27.707059896183978,28.20018833538596,27.158028538413475,28.16924285888672,425494000,0.0,0.0
2022-03-29 00:00:00-04:00,28.644397626552063,28.894954453382205,27.93065833777043,28.605466842651367,488984000,0.0,0.0
2022-03-30 00:00:00-04:00,28.25409196032564,28.44575284009706,27.454503782301863,27.64117431640625,463487000,0.0,0.0
2022-03-31 00:00:00-04:00,27.733010189112925,28.198188071817484,27.22191389271316,27.237884521484375,523440000,0.0,0.0
2022-04-01 00:00:00-04:00,27.326730894613775,27.447517830165626,26.220684779158603,26.664899826049805,517235000,0.0,0.0
2022-04-04 00:00:00-04:00,26.680870583661918,27.509406950687776,26.566073594108467,27.311756134033203,397120000,0.0,0.0
2022-04-05 00:00:00-04:00,27.20593995323083,27.270825865218463,25.774468656427768,25.885272979736328,436615000,0.0,0.0
2022-04-06 00:00:00-04:00,24.89003332893193,25.25538717602562,23.960675226004746,24.363962173461914,703833000,0.0,0.0
2022-04-07 00:00:00-04:00,24.397906520431153,24.678411208744393,23.436605101270906,24.16531753540039,557992000,0.0,0.0
2022-04-08 00:00:00-04:00,23.874828912703954,23.880818851275105,23.021336921751427,23.078235626220703,524781000,0.0,0.0
2022-04-11 00:00:00-04:00,22.17483029611759,22.280642378826183,21.621806322763018,21.878353118896484,575207000,0.0,0.0
2022-04-12 00:00:00-04:00,22.497257072559588,22.684925263865026,21.244469175601868,21.46607780456543,662258000,0.0,0.0
2022-04-13 00:00:00-04:00,21.689687961003017,22.46032606445315,21.41716862218913,22.163848876953125,516943000,0.0,0.0
2022-04-14 00:00:00-04:00,22.465315151100608,22.736836786329683,21.125682500407688,21.22051429748535,569097000,0.0,0.0
2022-04-18 00:00:00-04:00,21.162614873714208,22.049047482223045,21.04182796602704,21.744586944580078,525701000,0.0,0.0
2022-04-19 00:00:00-04:00,21.681695849537252,22.333544154815574,21.276411698030508,22.15885353088379,512781000,0.0,0.0
2022-04-20 00:00:00-04:00,22.477293204743273,22.630023279185664,21.16261619627235,21.44411849975586,468974000,0.0,0.0
2022-04-21 00:00:00-04:00,21.670719581173074,22.352515792807566,19.964733471590826,20.147411346435547,656209000,0.0,0.0
2022-04-22 00:00:00-04:00,20.267193599081075,20.44987142811975,19.46561025384402,19.48058319091797,624713000,0.0,0.0
2022-04-25 00:00:00-04:00,19.168140672030763,19.909830566482615,19.062328587721677,19.866907119750977,641566000,0.0,0.0
2022-04-26 00:00:00-04:00,19.683233812845796,19.753110084844213,18.637081301820754,18.754873275756836,653143000,0.0,0.0
2022-04-27 00:00:00-04:00,18.56520811905012,19.13320511845519,18.257752516127315,18.382532119750977,499460000,0.0,0.0
2022-04-28 00:00:00-04:00,18.933558209802335,20.001673284922614,18.457399927623086,19.747121810913086,570327000,0.0,0.0
2022-04-29 00:00:00-04:00,19.367789431189383,20.092509128467537,18.484349698064364,18.514297485351562,500435000,0.0,0.0
2022-05-02 00:00:00-04:00,18.508306677557925,19.53948420995558,18.35857155612756,19.498558044433594,572049000,0.0,0.0
2022-05-03 00:00:00-04:00,19.36579084051425,19.79004256378469,19.099261454041525,19.567434310913086,475751000,0.0,0.0
2022-05-04 00:00:00-04:00,19.887870698989126,20.364028903111393,18.717936368444736,20.298145294189453,648855000,0.0,0.0
2022-05-05 00:00:00-04:00,19.831970796985615,19.889867190140663,18.46738053235109,18.810773849487305,626331000,0.0,0.0
2022-05-06 00:00:00-04:00,18.702965948851222,19.477596826336676,17.958280958741344,18.642072677612305,633297000,0.0,0.0
2022-05-09 00:00:00-04:00,18.002198783908664,18.22280783313179,16.797326507132865,16.92011070251465,644455000,0.0,0.0
2022-05-10 00:00:00-04:00,17.657806577427667,18.16590978890649,16.99497790989981,17.56397247314453,761474000,0.0,0.0
2022-05-11 00:00:00-04:00,17.316412260690328,17.72169650040984,16.538786536925784,16.600675582885742,670167000,0.0,0.0
2022-05-12 00:00:00-04:00,16.190399781878746,16.75839666865511,15.539550023935458,16.14647674560547,708728000,0.0,0.0
2022-05-13 00:00:00-04:00,16.758399254402644,17.896388580108713,16.5637433859514,17.674779891967773,670437000,0.0,0.0
2022-05-16 00:00:00-04:00,17.478127488678094,17.756634863058387,17.075838212801916,17.233558654785156,521446000,0.0,0.0
2022-05-17 00:00:00-04:00,18.042129937144267,18.33860712731935,17.60290714990144,18.144948959350586,585830000,0.0,0.0
2022-05-18 00:00:00-04:00,17.67378227574179,18.08605417628394,16.834265532095618,16.90813446044922,545161000,0.0,0.0
2022-05-19 00:00:00-04:00,16.907136667863853,17.65581425511469,16.704493580378365,17.093807220458984,621310000,0.0,0.0
2022-05-20 00:00:00-04:00,17.301439650730654,17.379301231839957,15.727219718341468,16.66456413269043,739105000,0.0,0.0
2022-05-23 00:00:00-04:00,16.245303880807757,16.885174338377944,16.150472081742095,16.86820411682129,639889000,0.0,0.0
2022-05-24 00:00:00-04:00,16.48089009745048,16.56773659401327,15.75217672510654,16.125516891479492,588550000,0.0,0.0
2022-05-25 00:00:00-04:00,15.991752387255069,17.08082823067403,15.971787196303193,16.945068359375,781132000,0.0,0.0
2022-05-26 00:00:00-04:00,16.00772445863074,18.060099054501247,15.993749204502766,17.81952476501465,996575000,0.0,0.0
2022-05-27 00:00:00-04:00,18.153937760271816,18.84771212690518,18.068088941958155,18.777835845947266,738379000,0.0,0.0
2022-05-31 00:00:00-04:00,18.946531790942434,19.166145079805915,18.317643518254673,18.639076232910156,664100000,0.0,0.0
2022-06-01 00:00:00-04:00,18.690983767171357,19.01940218977042,18.09004412210462,18.287694931030273,544514000,0.0,0.0
2022-06-02 00:00:00-04:00,18.259744381633755,19.584404063861257,18.165910274840577,19.557451248168945,648656000,0.0,0.0
2022-06-03 00:00:00-04:00,19.04835968029969,19.2979189370491,18.489345574311066,18.686996459960938,598779000,0.0,0.0
2022-06-06 00:00:00-04:00,19.105254520476123,19.302905366003518,18.53126758487554,18.75287628173828,422406000,0.0,0.0
2022-06-07 00:00:00-04:00,18.439431521150134,18.966500464844408,18.15593185501501,18.89263153076172,388914000,0.0,0.0
2022-06-08 00:00:00-04:00,18.76982140154583,19.15023056017206,18.50623122330773,18.619056701660156,363252000,0.004,0.0
2022-06-09 00:00:00-04:00,18.45231168223878,18.90360967908765,18.012994188635677,18.019983291625977,395574000,0.0,0.0
2022-06-10 00:00:00-04:00,17.572682529347194,17.669532092614485,16.842816252604898,16.947654724121094,465248000,0.0,0.0
2022-06-13 00:00:00-04:00,15.975163876009786,16.28667984582384,15.581775412240182,15.622712135314941,604153000,0.0,0.0
2022-06-14 00:00:00-04:00,15.706580080249356,16.041060084311727,15.388075033067116,15.811417579650879,469680000,0.0,0.0
2022-06-15 00:00:00-04:00,16.070016042814906,16.841816878842977,15.901278698602091,16.501346588134766,563936000,0.0,0.0
2022-06-16 00:00:00-04:00,15.835380002777606,15.917253444550337,15.37709287922616,15.5767822265625,545749000,0.0,0.0
2022-06-17 00:00:00-04:00,15.62370932462703,15.970170797325055,15.304206366327632,15.85534954071045,630334000,0.0,0.0
2022-06-21 00:00:00-04:00,16.44942676298862,16.98159844424935,16.381531524997932,16.540285110473633,483089000,0.0,0.0
2022-06-22 00:00:00-04:00,16.200811500397187,16.63613550115512,16.154883380504458,16.334604263305664,437135000,0.0,0.0
2022-06-23 00:00:00-04:00,16.493356178297404,16.559253709347978,15.828390615966093,16.199813842773438,463680000,0.0,0.0
2022-06-24 00:00:00-04:00,16.474388949004762,17.113394941258946,16.284683330908774,17.099416732788086,472153000,0.0,0.0
2022-06-27 00:00:00-04:00,17.285128566242904,17.30310027621306,16.600192553602746,16.842815399169922,427968000,0.0,0.0
2022-06-28 00:00:00-04:00,16.8737677400976,17.175299026781286,15.92025015026535,15.957193374633789,461149000,0.0,0.0
2022-06-29 00:00:00-04:00,15.789453787872143,15.795444040528261,15.146453345274413,15.517875671386719,482352000,0.0,0.0
2022-06-30 00:00:00-04:00,15.337155541620188,15.542836100215856,14.838930531324044,15.135469436645508,686070000,0.0,0.0
2022-07-01 00:00:00-04:00,14.875873577381968,15.039618570774806,14.369660585584475,14.500456809997559,577610000,0.0,0.0
2022-07-05 00:00:00-04:00,14.152997214317173,14.94776116044216,14.033183597161376,14.94077205657959,651397000,0.0,0.0
2022-07-06 00:00:00-04:00,14.986700366030874,15.295220723870164,14.766042751623154,15.106513977050781,529066000,0.0,0.0
2022-07-07 00:00:00-04:00,15.432009966052165,15.920250321969826,15.365113573042285,15.833385467529297,492903000,0.0,0.0
2022-07-08 00:00:00-04:00,15.406048858995538,16.012106984675512,15.365112136209438,15.81341552734375,467972000,0.0,0.0
2022-07-11 00:00:00-04:00,15.501899970385464,15.502898821877375,15.014657546488467,15.128480911254883,437321000,0.0,0.0
2022-07-12 00:00:00-04:00,15.244299171117744,15.40704625326835,14.853906325120404,15.058588027954102,458483000,0.0,0.0
2022-07-13 00:00:00-04:00,14.567351646375842,15.351132914368169,14.442545687722442,15.140460014343262,521918000,0.0,0.0
2022-07-14 00:00:00-04:00,15.084548659761676,15.44898186604473,14.705138394189763,15.348138809204102,456235000,0.0,0.0
2022-07-15 00:00:00-04:00,15.634694710520902,15.757502984142945,15.421026177578668,15.737534523010254,385935000,0.0,0.0
2022-07-18 00:00:00-04:00,16.276694132734946,16.870769817035264,15.977160590348932,16.076005935668945,670517000,0.0,0.0
2022-07-19 00:00:00-04:00,16.46040880264038,17.083440714371143,16.146897048307313,16.96562385559082,702366000,0.0,0.0
2022-07-20 00:00:00-04:00,16.920697789046987,17.90516752156825,16.77492448081178,17.779361724853516,760538000,0.0,0.0
2022-07-21 00:00:00-04:00,17.857239294768945,18.11583614993519,17.517766887314608,18.021982192993164,557049000,0.0,0.0
2022-07-22 00:00:00-04:00,17.865224557589684,17.93910909409701,17.110397569443286,17.292116165161133,536671000,0.0,0.0
2022-07-25 00:00:00-04:00,16.992576733993427,17.097415166547382,16.623152233486422,16.997570037841797,480748000,0.0,0.0
2022-07-26 00:00:00-04:00,16.862787859970076,16.892741984926257,16.452426441328896,16.507341384887695,397865000,0.0,0.0
2022-07-27 00:00:00-04:00,17.005557952659736,17.908155755576903,16.886743214352247,17.76238250732422,569776000,0.0,0.0
2022-07-28 00:00:00-04:00,17.947098395523145,18.11184128131467,17.412929010303365,17.956083297729492,474646000,0.0,0.0
2022-07-29 00:00:00-04:00,17.785344862302253,18.215675486662043,17.664532426564627,18.134801864624023,435460000,0.0,0.0
2022-08-01 00:00:00-04:00,18.153773877924205,18.816744561755613,17.962072498125625,18.412372589111328,476469000,0.0,0.0
2022-08-02 00:00:00-04:00,18.093873487201435,18.908606998999648,18.063919363127766,18.49724578857422,489527000,0.0,0.0
2022-08-03 00:00:00-04:00,18.155775030673695,18.93855851148196,18.108847099868385,18.86367416381836,418146000,0.0,0.0
2022-08-04 00:00:00-04:00,18.819741947233144,19.24408146520657,18.73087939960465,19.18517303466797,409652000,0.0,0.0
2022-08-05 00:00:00-04:00,18.78080304823543,19.199153311398565,18.63702746035856,18.95952606201172,386068000,0.0,0.0
2022-08-08 00:00:00-04:00,17.474830337887887,18.210685716204278,17.215233738780228,17.765377044677734,981859000,0.0,0.0
2022-08-09 00:00:00-04:00,17.225223378384737,17.419920407402213,16.69804302742487,17.059480667114258,668263000,0.0,0.0
2022-08-10 00:00:00-04:00,17.670526014260716,18.089874092763363,17.290116951299066,18.068906784057617,597422000,0.0,0.0
2022-08-11 00:00:00-04:00,18.10285603043002,18.677962127300052,17.848250796763534,17.914148330688477,509327000,0.0,0.0
2022-08-12 00:00:00-04:00,18.131808897875185,18.68894324186174,17.925129506160957,18.679956436157227,478094000,0.0,0.0
2022-08-15 00:00:00-04:00,18.671972967328774,19.134253654667226,18.584110213938448,19.002458572387695,457666000,0.0,0.0
2022-08-16 00:00:00-04:00,18.890631929999405,19.112287457353222,18.47228168872419,18.849695205688477,451240000,0.0,0.0
2022-08-17 00:00:00-04:00,18.49424742554819,18.65899030543156,18.11683393671878,18.306537628173828,446799000,0.0,0.0
2022-08-18 00:00:00-04:00,18.272590927539937,18.83571457607667,18.154774075074336,18.743858337402344,415447000,0.0,0.0
2022-08-19 00:00:00-04:00,18.377431354862185,18.491254730260824,17.74241883906721,17.82129669189453,441588000,0.0,0.0
2022-08-22 00:00:00-04:00,17.4628523157582,17.530747560414262,16.939665485324408,17.00756072998047,409593000,0.0,0.0
2022-08-23 00:00:00-04:00,16.962631681651615,17.437892714146447,16.94366016604736,17.154333114624023,369986000,0.0,0.0
2022-08-24 00:00:00-04:00,16.985593596633255,17.37898304673185,16.868776526107535,17.195268630981445,522661000,0.0,0.0
2022-08-25 00:00:00-04:00,16.817853882408595,17.919142398294323,16.80687127701837,17.885194778442383,770691000,0.0,0.0
2022-08-26 00:00:00-04:00,17.82928142778485,17.89617686185633,16.21179527063193,16.234760284423828,769127000,0.0,0.0
2022-08-29 00:00:00-04:00,15.99513199090072,16.312637235028117,15.742524473597898,15.776471138000488,496132000,0.0,0.0
2022-08-30 00:00:00-04:00,15.935225659002597,16.014102549024937,15.158433454249854,15.443989753723145,530181000,0.0,0.0
2022-08-31 00:00:00-04:00,15.360118825458853,15.515876799554972,14.93577837401633,15.070569038391113,573710000,0.0,0.0
2022-09-01 00:00:00-04:00,14.186943313242518,14.357678353574007,13.249401725179203,13.915366172790527,1178865000,0.0,0.0
2022-09-02 00:00:00-04:00,14.07811421619894,14.149003156104582,13.569903514231424,13.62581729888916,743157000,0.0,0.0
2022-09-06 00:00:00-04:00,13.709685355906469,13.757611180820414,13.330275114521564,13.444098472595215,535751000,0.0,0.0
2022-09-07 00:00:00-04:00,13.545970723388965,13.820626019078334,13.329243169761526,13.696781158447266,512657000,0.004,0.0
2022-09-08 00:00:00-04:00,13.442100625906576,13.990412045199538,13.352214429237836,13.972434043884277,624873000,0.0,0.0
2022-09-09 00:00:00-04:00,14.139224819065335,14.455827199487729,14.108264556321975,14.368936538696289,486612000,0.0,0.0
2022-09-12 00:00:00-04:00,14.350959820887779,14.52873583484315,14.180174035313506,14.486788749694824,484159000,0.0,0.0
2022-09-13 00:00:00-04:00,13.784669421834586,13.904518628297684,13.082552082468736,13.114511489868164,714956000,0.0,0.0
2022-09-14 00:00:00-04:00,13.23735723747835,13.273312285293565,12.896785812619402,13.111515998840332,588507000,0.0,0.0
2022-09-15 00:00:00-04:00,12.998657958319333,13.21638368394048,12.773940100304305,12.912765502929688,523625000,0.0,0.0
2022-09-16 00:00:00-04:00,12.726000201955259,13.195410315643226,12.601157157541842,13.181427955627441,670751000,0.0,0.0
2022-09-19 00:00:00-04:00,12.995662804943986,13.446096763090381,12.99366546083005,13.365198135375977,569685000,0.0,0.0
2022-09-20 00:00:00-04:00,13.198407796353832,13.4660709531129,13.040606184015623,13.159456253051758,524818000,0.0,0.0
2022-09-21 00:00:00-04:00,13.196410364553508,14.013383142940281,13.09353904887106,13.244349479675293,807679000,0.0,0.0
2022-09-22 00:00:00-04:00,13.053590702318878,13.132491992617544,12.412397468420103,12.5452299118042,759162000,0.0,0.0
2022-09-23 00:00:00-04:00,12.404405964748552,12.595166136683892,12.241610515089357,12.500285148620605,663309000,0.0,0.0
2022-09-26 00:00:00-04:00,12.475317729313494,12.643107026349453,12.198665076002735,12.212647438049316,547343000,0.0,0.0
2022-09-27 00:00:00-04:00,12.491295081972565,12.720007620899862,12.242608152089579,12.39741325378418,553854000,0.0,0.0
2022-09-28 00:00:00-04:00,12.39441703024492,12.80689854678782,12.338487591385359,12.72000789642334,542414000,0.0,0.0
2022-09-29 00:00:00-04:00,12.432369035910718,12.48430378537677,11.930999540666457,12.204655647277832,532763000,0.0,0.0
2022-09-30 00:00:00-04:00,12.07182166189156,12.617136503289938,12.059836647054924,12.123756408691406,565638000,0.0,0.0
2022-10-03 00:00:00-04:00,12.331496475400929,12.66208117925796,12.089799766259942,12.496289253234863,547478000,0.0,0.0
2022-10-04 00:00:00-04:00,12.862831232545101,13.203403692591337,12.862831232545101,13.150469779968262,584182000,0.0,0.0
2022-10-05 00:00:00-04:00,12.89478814053337,13.30427315849744,12.605152326426335,13.192413330078125,507131000,0.0,0.0
2022-10-06 00:00:00-04:00,13.203401093971486,13.63885351819357,13.086547421310968,13.113513946533203,644157000,0.0,0.0
2022-10-07 00:00:00-04:00,12.48929899981872,12.654091789877265,12.006905646417971,12.060837745666504,672478000,0.0,0.0
2022-10-10 00:00:00-04:00,12.021886664391426,12.108777324986262,11.393676694010551,11.65534782409668,698699000,0.0,0.0
2022-10-11 00:00:00-04:00,11.546482961306186,11.831124940290422,11.268832162087126,11.571452140808105,667482000,0.0,0.0
2022-10-12 00:00:00-04:00,11.564460735722209,11.720264031385222,11.330754363512508,11.485559463500977,492590000,0.0,0.0
2022-10-13 00:00:00-04:00,10.95722491597618,12.062835356186497,10.799423302844042,11.94498348236084,850103000,0.0,0.0
2022-10-14 00:00:00-04:00,12.0418607547837,12.095792850477494,11.189932138993667,11.212903022766113,713432000,0.0,0.0
2022-10-17 00:00:00-04:00,11.503537321029368,11.932997705589505,11.502539125284484,11.873072624206543,580774000,0.0,0.0
2022-10-18 00:00:00-04:00,12.328501382530158,12.47631532526222,11.603413077767147,11.951974868774414,659362000,0.0,0.0
2022-10-19 00:00:00-04:00,11.864084673089435,12.334493965352559,11.819141098000895,12.035868644714355,523131000,0.0,0.0
2022-10-20 00:00:00-04:00,12.097790381957378,12.752966821066378,12.089800053684597,12.178689002990723,652398000,0.0,0.0
2022-10-21 00:00:00-04:00,12.08280991281554,12.48230826375368,11.872075344682253,12.450347900390625,609494000,0.0,0.0
2022-10-24 00:00:00-04:00,12.492294138366445,12.694040152673212,12.048851423181409,12.583179473876953,517457000,0.0,0.0
2022-10-25 00:00:00-04:00,12.678061955431058,13.283301022718456,12.648098936943423,13.244349479675293,505482000,0.0,0.0
2022-10-26 00:00:00-04:00,12.852842851331863,13.371190325371368,12.692044742302587,12.87980842590332,532953000,0.0,0.0
2022-10-27 00:00:00-04:00,13.612886696752097,13.820625721091393,13.105524152883197,13.159456253051758,583113000,0.0,0.0
2022-10-28 00:00:00-04:00,13.087545565034905,13.832609111860705,13.044599338614265,13.816628456115723,521040000,0.0,0.0
2022-10-31 00:00:00-04:00,13.76069928886386,13.820624367893192,13.280303318353992,13.48005199432373,486341000,0.0,0.0
2022-11-01 00:00:00-04:00,13.793658395771288,13.907515574241362,13.502025221946392,13.525995254516602,432817000,0.0,0.0
2022-11-02 00:00:00-04:00,13.832610350772429,14.19215799265486,13.194412738756908,13.202402114868164,672628000,0.0,0.0
2022-11-03 00:00:00-04:00,13.026624339335722,13.763697674159971,12.939733677148814,13.404149055480957,500065000,0.0,0.0
2022-11-04 00:00:00-04:00,13.968440819365393,14.211135766496513,13.679803144589222,14.138227462768555,612576000,0.0,0.0
2022-11-07 00:00:00-05:00,14.210135563074418,14.39390455505636,13.93648037167957,14.28304386138916,410061000,0.0,0.0
2022-11-08 00:00:00-05:00,14.78241442076382,14.872301562559512,14.198148951568628,14.583664894104004,595292000,0.0,0.0
2022-11-09 00:00:00-05:00,14.14421826011374,14.193157476096932,13.741724378458798,13.758703231811523,454414000,0.0,0.0
2022-11-10 00:00:00-05:00,14.78141849736078,15.753196449879484,14.528735884798065,15.730225563049316,700819000,0.0,0.0
2022-11-11 00:00:00-05:00,15.787156581766027,16.368425737488906,15.462564766373632,16.306503295898438,655487000,0.0,0.0
2022-11-14 00:00:00-05:00,16.19763886291601,16.519235097810885,15.902010008121769,16.2745418548584,527852000,0.0,0.0
2022-11-15 00:00:00-05:00,16.701002374204336,16.97665487250418,16.3614291584318,16.64507293701172,545876000,0.0,0.0
2022-11-16 00:00:00-05:00,16.14170859646812,16.34145634523152,15.853070937382359,15.890024185180664,649547000,0.0,0.0
2022-11-17 00:00:00-05:00,15.69526955824207,16.24557835765425,15.515495248164541,15.657317161560059,710894000,0.0,0.0
2022-11-18 00:00:00-05:00,15.945953056863983,15.98190906001259,15.101015557178844,15.389653205871582,492072000,0.0,0.0
2022-11-21 00:00:00-05:00,15.127981966089996,15.45756754683471,15.06106570167587,15.297768592834473,404739000,0.0,0.0
2022-11-22 00:00:00-05:00,15.308753778828079,16.037837664544167,15.103012110863446,16.01786231994629,472866000,0.0,0.0
2022-11-23 00:00:00-05:00,16.07778579296999,16.506247963835023,16.027849338465916,16.49825668334961,427241000,0.0,0.0
2022-11-25 00:00:00-05:00,16.29750899710752,16.46629549039378,16.1516924322223,16.249568939208984,167934000,0.0,0.0
2022-11-28 00:00:00-05:00,16.005876536577063,16.336462207153392,15.7052557881983,15.807126998901367,303741000,0.0,0.0
2022-11-29 00:00:00-05:00,15.807128424908809,15.91199708976901,15.500514664430007,15.619364738464355,298384000,0.0,0.0
2022-11-30 00:00:00-05:00,15.681305250068025,16.913073216688556,15.581405804501347,16.90608024597168,565298000,0.004,0.0
2022-12-01 00:00:00-05:00,16.981997149378614,17.247729922029077,16.61836092346877,17.117860794067383,470977000,0.0,0.0
2022-12-02 00:00:00-05:00,16.64234117792431,16.916067342010866,16.428554479527566,16.85912322998047,371389000,0.0,0.0
2022-12-05 00:00:00-05:00,16.662322665713035,16.978006665855066,16.455528923945028,16.59339141845703,352255000,0.0,0.0
2022-12-06 00:00:00-05:00,16.513468304609546,16.55642456672552,15.803178964975501,15.9710111618042,352694000,0.0,0.0
2022-12-07 00:00:00-05:00,15.75622742232806,16.169813909620327,15.651331932839504,16.103879928588867,372388000,0.0,0.0
2022-12-08 00:00:00-05:00,16.256728622158576,17.16182280977595,15.943041522391448,17.151832580566406,515456000,0.0,0.0
2022-12-09 00:00:00-05:00,17.142838730956267,17.565416038789124,16.95802427651782,16.983997344970703,465338000,0.0,0.0
2022-12-12 00:00:00-05:00,17.019962525032387,17.52046094302297,16.78020276960981,17.51746368408203,457328000,0.0,0.0
2022-12-13 00:00:00-05:00,18.512467050361487,18.77120879861469,17.69328744757466,18.053926467895508,656589000,0.0,0.0
2022-12-14 00:00:00-05:00,17.969011087419783,18.233747362128558,17.402578696343596,17.65632438659668,496888000,0.0,0.0
2022-12-15 00:00:00-05:00,17.128851458484657,17.302677220211773,16.68329837585279,16.93504524230957,478542000,0.0,0.0
2022-12-16 00:00:00-05:00,16.84713627352837,17.02395931877001,16.39358980223308,16.554428100585938,478232000,0.0,0.0
2022-12-19 00:00:00-05:00,16.55542806937623,16.592389818438555,16.128855034819484,16.23774528503418,354039000,0.0,0.0
2022-12-20 00:00:00-05:00,16.047933599626546,16.293687865100402,15.836146679866738,16.068912506103516,403260000,0.0,0.0
2022-12-21 00:00:00-05:00,16.09788497158055,16.610372416442008,16.085895936024823,16.4844970703125,325025000,0.0,0.0
2022-12-22 00:00:00-05:00,16.07790496925897,16.12186159180077,14.867117143254697,15.323659896850586,565045000,0.0,0.0
2022-12-23 00:00:00-05:00,15.180800903515912,15.323657522843318,14.868114243720173,15.190791130065918,349326000,0.0,0.0
2022-12-27 00:00:00-05:00,15.0589232450688,15.084897262564448,14.041940853191676,14.106876373291016,464902000,0.0,0.0
2022-12-28 00:00:00-05:00,13.913070976241796,14.247735964571142,13.870113761600244,14.02196216583252,351066000,0.0,0.0
2022-12-29 00:00:00-05:00,14.387597820165574,14.668315992800219,14.212772636992952,14.588396072387695,354923000,0.0,0.0
2022-12-30 00:00:00-05:00,14.319664595858889,14.614369650707939,14.218765770853738,14.599385261535645,310490000,0.0,0.0
2023-01-03 00:00:00-05:00,14.836149193445959,14.981004654277776,14.081904060760499,14.300684928894043,401277000,0.0,0.0
2023-01-04 00:00:00-05:00,14.552433809742093,14.83814711680598,14.226759586910239,14.734251022338867,431324000,0.0,0.0
2023-01-05 00:00:00-05:00,14.476507176700567,14.549434120901816,14.133849812431897,14.250733375549316,389168000,0.0,0.0
2023-01-06 00:00:00-05:00,14.459523925052371,14.994988100578038,14.019964406631336,14.844139099121094,405044000,0.0,0.0
2023-01-09 00:00:00-05:00,15.268715599821135,16.039942919360875,15.125858005154026,15.612371444702148,504231000,0.0,0.0
2023-01-10 00:00:00-05:00,15.491493709455568,15.946038654949005,15.456528860220795,15.893092155456543,384101000,0.0,0.0
2023-01-11 00:00:00-05:00,15.824159457593446,16.011971174963055,15.547436042925577,15.984997749328613,353285000,0.0,0.0
2023-01-12 00:00:00-05:00,16.083897626620722,16.620359284778843,15.476504976085742,16.49448585510254,551409000,0.0,0.0
2023-01-13 00:00:00-05:00,16.261723610585914,16.905080685202577,16.148837635119033,16.882102966308594,447287000,0.0,0.0
2023-01-17 00:00:00-05:00,16.882101069354157,17.71027253708016,16.882101069354157,17.684297561645508,511102000,0.0,0.0
2023-01-18 00:00:00-05:00,17.649328071904808,17.855121391590774,17.26471294665892,17.359619140625,439624000,0.0,0.0
2023-01-19 00:00:00-05:00,17.018960755905177,17.17980093611209,16.714267402001692,16.748231887817383,452932000,0.0,0.0
2023-01-20 00:00:00-05:00,16.99398826883285,17.838144467896704,16.80817535561797,17.8211612701416,564967000,0.0,0.0
2023-01-23 00:00:00-05:00,18.045932771346358,19.22575327562238,17.800180419919084,19.173805236816406,655163000,0.0,0.0
2023-01-24 00:00:00-05:00,18.808171561163764,19.475504695763046,18.801178592061103,19.2457332611084,496204000,0.0,0.0
2023-01-25 00:00:00-05:00,18.894084898187952,19.350628576512324,18.561417754150824,19.303674697875977,449537000,0.0,0.0
2023-01-26 00:00:00-05:00,19.681299120426033,20.14583427066666,19.258721787064815,19.782197952270508,489535000,0.0,0.0
2023-01-27 00:00:00-05:00,19.44253447559157,20.607368636676057,19.38559227826472,20.34463119506836,542142000,0.0,0.0
2023-01-30 00:00:00-05:00,19.93004958460622,20.11985820147362,19.13084848856238,19.142837524414062,488611000,0.0,0.0
2023-01-31 00:00:00-05:00,19.150831975809723,19.667315225206156,18.93105263996843,19.517465591430664,498017000,0.0,0.0
2023-02-01 00:00:00-05:00,19.671311072186494,21.17080968253937,19.591391139923406,20.922060012817383,660477000,0.0,0.0
2023-02-02 00:00:00-05:00,20.978999571946993,21.927049958105407,20.679300340238534,21.68729019165039,564276000,0.0,0.0
2023-02-03 00:00:00-05:00,20.978999007184377,21.723254810357187,20.76820957509745,21.078899383544922,429366000,0.0,0.0
2023-02-06 00:00:00-05:00,20.78519132864185,21.54842717853091,20.76521087366942,21.067909240722656,452197000,0.0,0.0
2023-02-07 00:00:00-05:00,21.360619878712374,22.236743764926906,21.128851507395858,22.150829315185547,664150000,0.0,0.0
2023-02-08 00:00:00-05:00,22.364613698348997,22.85512386074339,21.985992961443717,22.182796478271484,559651000,0.0,0.0
2023-02-09 00:00:00-05:00,22.58339687022351,22.99698246425479,22.097882766878527,22.314664840698242,523876000,0.0,0.0
2023-02-10 00:00:00-05:00,21.668308556927258,22.05591910392087,20.790187926657033,21.243732452392578,550737000,0.0,0.0
2023-02-13 00:00:00-05:00,21.516462459286352,22.02595269628812,20.94103823644768,21.766212463378906,474919000,0.0,0.0
2023-02-14 00:00:00-05:00,21.556420076698707,23.025949676572004,21.34463219361314,22.948028564453125,675474000,0.0,0.0
2023-02-15 00:00:00-05:00,22.526448693208266,22.832142420903672,22.08389284711268,22.741233825683594,420575000,0.0,0.0
2023-02-16 00:00:00-05:00,22.110863322037478,22.527446080733473,21.905069975862954,21.979995727539062,412026000,0.0,0.0
2023-02-17 00:00:00-05:00,21.609362712701003,21.718252931474506,20.954018781901016,21.366605758666992,465888000,0.0,0.0
2023-02-21 00:00:00-05:00,20.979002266932945,21.47250780197976,20.59738425618342,20.634347915649414,410015000,0.0,0.0
2023-02-22 00:00:00-05:00,20.686293870610594,21.082896233045748,20.400578664452947,20.733245849609375,513184000,0.0,0.0
2023-02-23 00:00:00-05:00,23.416558173795323,23.86411008296413,23.001972300962063,23.64033317565918,1117995000,0.0,0.0
2023-02-24 00:00:00-05:00,23.201774563076796,23.4505261030738,22.924052694816517,23.262712478637695,589716000,0.0,0.0
2023-02-27 00:00:00-05:00,23.646326795039013,23.856115851316737,23.43054322131306,23.477495193481445,452994000,0.0,0.0
2023-02-28 00:00:00-05:00,23.348625571073445,23.801173550334713,23.182791220639693,23.192781448364258,455963000,0.0,0.0
2023-03-01 00:00:00-05:00,23.168804101489602,23.2327411745783,22.485488184590242,22.6752986907959,460026000,0.0,0.0
2023-03-02 00:00:00-05:00,22.465513328824382,23.35661963979288,22.40956766613419,23.290685653686523,389415000,0.0,0.0
2023-03-03 00:00:00-05:00,23.29667828013058,23.87609816871999,23.106867758135774,23.866107940673828,412393000,0.0,0.0
2023-03-06 00:00:00-05:00,23.867107967065923,24.223749385629638,23.463510762437853,23.530445098876953,437429000,0.0,0.0
2023-03-07 00:00:00-05:00,23.580402685270712,24.104966338425466,23.22169964405819,23.268661499023438,515154000,0.004,0.0
2023-03-08 00:00:00-05:00,23.467497114785473,24.179906326422394,23.4045497011768,24.160921096801758,513573000,0.0,0.0
2023-03-09 00:00:00-05:00,24.154922945379216,24.43369248287704,23.363580850091193,23.41653823852539,501257000,0.0,0.0
2023-03-10 00:00:00-05:00,23.38956009205049,23.607379462799077,22.707126734055908,22.9459285736084,474866000,0.0,0.0
2023-03-13 00:00:00-04:00,22.733106940046454,23.27865305444534,22.278484860419933,22.946928024291992,421890000,0.0,0.0
2023-03-14 00:00:00-04:00,23.476487867060463,24.19888701960605,23.44051655907677,24.04301643371582,474910000,0.0,0.0
2023-03-15 00:00:00-04:00,23.741265018407983,24.265828599325392,23.340598998344493,24.20787811279297,524486000,0.0,0.0
2023-03-16 00:00:00-04:00,24.007047963864338,25.56675059825911,23.874157083100002,25.519790649414062,583253000,0.0,0.0
2023-03-17 00:00:00-04:00,25.960424630848856,26.377078166810012,25.646684297201393,25.703638076782227,848547000,0.0,0.0
2023-03-20 00:00:00-04:00,25.59372917074599,26.00238993506894,25.109131303094223,25.87849235534668,432747000,0.0,0.0
2023-03-21 00:00:00-04:00,26.158260863210074,26.370084715171625,25.359924553123577,26.177244186401367,547408000,0.0,0.0
2023-03-22 00:00:00-04:00,26.403058470135374,27.566093460595848,26.215214841606247,26.44602394104004,797295000,0.0,0.0
2023-03-23 00:00:00-04:00,27.09247988394922,27.476161737040666,26.667833622545924,27.16841697692871,564889000,0.0,0.0
2023-03-24 00:00:00-04:00,27.008555018771276,27.14444177136707,26.333115738961876,26.756763458251953,454920000,0.0,0.0
2023-03-27 00:00:00-04:00,26.814714001840976,26.977578750651066,26.343105836527318,26.508968353271484,361026000,0.0,0.0
2023-03-28 00:00:00-04:00,26.425039083852294,26.490984262629247,25.828534706856463,26.38806915283203,356104000,0.0,0.0
2023-03-29 00:00:00-04:00,26.80272526365729,27.055513525700643,26.57491395467883,26.961591720581055,393694000,0.0,0.0
2023-03-30 00:00:00-04:00,27.206388565387414,27.47616480917353,27.079493220776026,27.360260009765625,364516000,0.0,0.0
2023-03-31 00:00:00-04:00,27.117462777878853,27.81088673556325,27.082491993767807,27.753934860229492,433933000,0.0,0.0
2023-04-03 00:00:00-04:00,27.486157467758918,27.97674896673063,27.31330079051416,27.9417781829834,398716000,0.0,0.0
2023-04-04 00:00:00-04:00,27.942776983152683,27.976749146372356,27.284323812201485,27.43020248413086,368592000,0.0,0.0
2023-04-05 00:00:00-04:00,26.806721952265576,26.975580335763187,26.37308232607004,26.858678817749023,515015000,0.0,0.0
2023-04-06 00:00:00-04:00,26.561922527602437,27.057510906173512,26.405053322399837,27.01454734802246,397654000,0.0,0.0
2023-04-10 00:00:00-04:00,26.800728055248833,27.59806578859015,26.646856596653627,27.556100845336914,395279000,0.0,0.0
2023-04-11 00:00:00-04:00,27.700979959709233,27.766925140537275,27.103475037618352,27.146440505981445,314378000,0.0,0.0
2023-04-12 00:00:00-04:00,27.347269038093636,27.44518721856653,26.426033909025634,26.47299575805664,446259000,0.0,0.0
2023-04-13 00:00:00-04:00,26.71179965358217,26.864672482211642,26.307137180511106,26.441024780273438,353615000,0.0,0.0
2023-04-14 00:00:00-04:00,26.48199191641149,26.86067692126086,26.198227341528817,26.735780715942383,395660000,0.0,0.0
2023-04-17 00:00:00-04:00,26.542942510363897,26.983576314494652,26.41105214594061,26.97957992553711,321471000,0.0,0.0
2023-04-18 00:00:00-04:00,27.51014009932785,28.08666067670505,27.334285638782283,27.644027709960938,604812000,0.0,0.0
2023-04-19 00:00:00-04:00,27.33827814990457,27.976747432102734,27.2093855674829,27.907804489135742,358660000,0.0,0.0
2023-04-20 00:00:00-04:00,27.648020038897844,28.00672306467075,26.977577746060568,27.081491470336914,427713000,0.0,0.0
2023-04-21 00:00:00-04:00,26.929618278406625,27.160427351710336,26.69980973159089,27.096479415893555,345103000,0.0,0.0
2023-04-24 00:00:00-04:00,26.990571258678283,27.343276892968767,26.64885426501781,27.019546508789062,339282000,0.0,0.0
2023-04-25 00:00:00-04:00,27.055512582409374,27.224372863895415,26.203222209345313,26.219207763671875,378527000,0.0,0.0
2023-04-26 00:00:00-04:00,26.97957796491873,27.307304704799684,26.682823713649157,26.93361473083496,406337000,0.0,0.0
2023-04-27 00:00:00-04:00,27.340279304100545,27.47216966404172,26.60289125219407,27.203392028808594,377161000,0.0,0.0
2023-04-28 00:00:00-04:00,27.20239283065348,27.734949268700237,27.04851947681164,27.7259578704834,292216000,0.0,0.0
2023-05-01 00:00:00-04:00,27.81688091763852,29.033869862760206,27.756931277189757,28.8859920501709,570329000,0.0,0.0
2023-05-02 00:00:00-04:00,28.656183952378868,28.812054544580096,28.05967958921287,28.186573028564453,402730000,0.0,0.0
2023-05-03 00:00:00-04:00,27.81688013981046,28.34344291416342,27.44918571868085,27.778911590576172,383387000,0.0,0.0
2023-05-04 00:00:00-04:00,27.628036978765422,27.83586443324702,27.217378984903736,27.539112091064453,321850000,0.0,0.0
2023-05-05 00:00:00-04:00,27.802894198913098,28.731121728563178,27.707973770612693,28.656185150146484,361494000,0.0,0.0
2023-05-08 00:00:00-04:00,28.498315501122327,29.19573585601291,28.326459346526057,29.126792907714844,344979000,0.0,0.0
2023-05-09 00:00:00-04:00,28.875004213655114,28.94894217400301,28.426377630267304,28.54727554321289,314869000,0.0,0.0
2023-05-10 00:00:00-04:00,28.980916524833432,29.088828560798916,28.437369484677525,28.86101722717285,369350000,0.0,0.0
2023-05-11 00:00:00-04:00,28.872004608217654,28.92596062028458,28.22254475076314,28.55426788330078,322149000,0.0,0.0
2023-05-12 00:00:00-04:00,28.505305680587945,28.75609857922899,28.02270701560493,28.316463470458984,274222000,0.0,0.0
2023-05-15 00:00:00-04:00,28.484328689651942,28.94494635477983,28.128625289421656,28.928958892822266,293926000,0.0,0.0
2023-05-16 00:00:00-04:00,28.817050841568992,29.845197623603145,28.808059443130762,29.18874168395996,449405000,0.0,0.0
2023-05-17 00:00:00-04:00,29.55943412398546,30.173923220986072,29.405562670982768,30.15294075012207,432535000,0.0,0.0
2023-05-18 00:00:00-04:00,30.384746671659997,31.801568399451863,30.294821257305664,31.65169334411621,748725000,0.0,0.0
2023-05-19 00:00:00-04:00,31.509810589762786,31.553774675559076,30.89032652886848,31.238037109375,473908000,0.0,0.0
2023-05-22 00:00:00-04:00,30.875338986536004,31.49382635847514,30.654523739106693,31.15011215209961,372000000,0.0,0.0
2023-05-23 00:00:00-04:00,30.974258748799674,31.262019710995222,30.605565671093288,30.662517547607422,356253000,0.0,0.0
2023-05-24 00:00:00-04:00,30.184911363622657,30.58158294267241,29.781247533939762,30.51263999938965,721419000,0.0,0.0
2023-05-25 00:00:00-04:00,38.49101183651756,39.447217938255974,36.60457902009647,37.948463439941406,1543911000,0.0,0.0
2023-05-26 00:00:00-04:00,37.858535295090505,39.137471155324974,37.51881748077454,38.913658142089844,714397000,0.0,0.0
2023-05-30 00:00:00-04:00,40.56129320908205,41.903176556488546,39.91582970590061,40.077693939208984,923401000,0.0,0.0
2023-05-31 00:00:00-04:00,39.455203631645354,40.26153261415584,37.79058690184261,37.80257797241211,1002580000,0.0,0.0
2023-06-01 00:00:00-04:00,38.45704197696047,40.01674674166672,38.30816742592722,39.73698043823242,635873000,0.0,0.0
2023-06-02 00:00:00-04:00,40.0637069703337,40.46637223130838,39.02556820427834,39.29434585571289,482731000,0.0,0.0
2023-06-05 00:00:00-04:00,38.87669004097322,39.5321435245976,38.674858118858616,39.13847351074219,396094000,0.0,0.0
2023-06-06 00:00:00-04:00,38.79775882224138,39.12748282035394,38.116322111286685,38.62190246582031,388729000,0.0,0.0
2023-06-07 00:00:00-04:00,38.886701533947004,39.47027647730588,37.32883333327853,37.44774627685547,511998000,0.004,0.0
2023-06-08 00:00:00-04:00,37.6965706304561,38.83574114850908,37.477731904328415,38.481998443603516,417772000,0.0,0.0
2023-06-09 00:00:00-04:00,39.00862167695387,39.682131514283476,38.53896592503453,38.741817474365234,427717000,0.0,0.0
2023-06-12 00:00:00-04:00,39.17150398137998,39.501262102808724,38.58992633945342,39.45329666137695,388701000,0.0,0.0
2023-06-13 00:00:00-04:00,40.15678903495475,41.07112482299617,39.71111409271858,40.99217987060547,613208000,0.0,0.0
2023-06-14 00:00:00-04:00,40.79431977201554,42.968736375923285,40.5225143610938,42.96574020385742,740465000,0.0,0.0
2023-06-15 00:00:00-04:00,42.571032403423146,43.25753327513272,42.116361328067455,42.62199401855469,568622000,0.0,0.0
2023-06-16 00:00:00-04:00,43.41840556812391,43.68920841570231,42.62997783526068,42.66095733642578,655709000,0.0,0.0
2023-06-20 00:00:00-04:00,42.96674106849241,43.95802045275375,42.642975308832675,43.77614974975586,451153000,0.0,0.0
2023-06-21 00:00:00-04:00,43.46937213953319,43.58329148223386,42.04940765326737,43.013702392578125,551603000,0.0,0.0
2023-06-22 00:00:00-04:00,42.222282851099834,43.394430482977334,42.203299468583864,42.99372482299805,417737000,0.0,0.0
2023-06-23 00:00:00-04:00,42.43312605670876,42.77787262265415,41.984451203476524,42.17831039428711,358140000,0.0,0.0
2023-06-26 00:00:00-04:00,42.43012378131747,42.732904863087526,40.07084047914839,40.602455139160156,594322000,0.0,0.0
2023-06-27 00:00:00-04:00,40.76934141492228,41.90951081905212,40.418598644089215,41.845558166503906,462175000,0.0,0.0
2023-06-28 00:00:00-04:00,40.630436345854235,41.814576115847736,40.4885413004538,41.08710479736328,582639000,0.0,0.0
2023-06-29 00:00:00-04:00,41.527785226902004,41.56975450915622,40.57048152757147,40.792320251464844,380514000,0.0,0.0
2023-06-30 00:00:00-04:00,41.649698416136715,42.51906484775984,41.470827697536826,42.271244049072266,501148000,0.0,0.0
2023-07-03 00:00:00-04:00,42.48608848507777,42.8668120169638,42.171318861986485,42.382164001464844,198209000,0.0,0.0
2023-07-05 00:00:00-04:00,42.10437270548026,43.14561514993879,42.05440981011897,42.2862434387207,323618000,0.0,0.0
2023-07-06 00:00:00-04:00,41.81358472410437,42.14834029261051,41.31594563009927,42.07239532470703,303582000,0.0,0.0
2023-07-07 00:00:00-04:00,42.29123113247118,43.18258476591584,42.14933607210184,42.47209930419922,355881000,0.0,0.0
2023-07-10 00:00:00-04:00,42.62599220515189,42.77987958473674,41.618721733111734,42.14933776855469,353908000,0.0,0.0
2023-07-11 00:00:00-04:00,42.45011717550455,42.72691623562603,42.03642048343686,42.37417221069336,298244000,0.0,0.0
2023-07-12 00:00:00-04:00,43.001711413643235,43.90305599140233,42.74589703423399,43.870079040527344,481277000,0.0,0.0
2023-07-13 00:00:00-04:00,44.48564153669653,46.12144883056754,44.459659460176354,45.943580627441406,478204000,0.0,0.0
2023-07-14 00:00:00-04:00,46.54913208580055,48.05303894524698,45.027240569884796,45.435943603515625,772075000,0.0,0.0
2023-07-17 00:00:00-04:00,46.255343569249206,46.46218997431585,45.22908989980868,46.427215576171875,510488000,0.0,0.0
2023-07-18 00:00:00-04:00,46.66704987722195,47.86118084029625,45.70075380485252,47.45947265625,569164000,0.0,0.0
2023-07-19 00:00:00-04:00,47.42949388429487,47.7832366141332,46.70801866375325,47.04277420043945,427502000,0.0,0.0
2023-07-20 00:00:00-04:00,46.473182138979574,47.052762218392,45.029233183931915,45.486900329589844,537865000,0.0,0.0
2023-07-21 00:00:00-04:00,45.754707765315004,45.83265398251241,44.067935310129315,44.27678298950195,963769000,0.0,0.0
2023-07-24 00:00:00-04:00,44.69847610025229,45.07620343021659,44.00798043185595,44.57956314086914,382516000,0.0,0.0
2023-07-25 00:00:00-04:00,44.90832394413835,46.149417616243355,44.89033547721247,45.64578628540039,348081000,0.0,0.0
2023-07-26 00:00:00-04:00,45.98754334626847,46.01952157703273,44.59755574079193,45.4189567565918,364237000,0.0,0.0
2023-07-27 00:00:00-04:00,46.48518000024853,47.360542567448725,45.716738084889066,45.86663055419922,455976000,0.0,0.0
2023-07-28 00:00:00-04:00,46.63406993246034,46.9928100852104,46.34727984222391,46.71601104736328,331194000,0.0,0.0
2023-07-31 00:00:00-04:00,46.72000592982109,47.09573198444392,46.47218515731192,46.69502258300781,251055000,0.0,0.0
2023-08-01 00:00:00-04:00,46.42621978047181,46.86590231278374,45.99353594015361,46.47318649291992,237858000,0.0,0.0
2023-08-02 00:00:00-04:00,45.79767712081911,45.80666944850336,43.35545393271358,44.236812591552734,530142000,0.0,0.0
2023-08-03 00:00:00-04:00,43.76815517445485,45.08519773730657,43.76815517445485,44.482635498046875,324176000,0.0,0.0
2023-08-04 00:00:00-04:00,44.95229672936695,45.6088167758493,44.36072805590183,44.647518157958984,362666000,0.0,0.0
2023-08-07 00:00:00-04:00,45.07820630485827,45.506895294186684,44.53060434183165,45.38398361206055,322154000,0.0,0.0
2023-08-08 00:00:00-04:00,44.82039636629239,45.209113535751534,44.023974832392284,44.631534576416016,353843000,0.0,0.0
2023-08-09 00:00:00-04:00,44.24180267216037,44.27977705165341,42.103359467679276,42.52305603027344,586449000,0.0,0.0
2023-08-10 00:00:00-04:00,42.129350474246436,43.54232399177734,41.80458597956359,42.35718536376953,492705000,0.0,0.0
2023-08-11 00:00:00-04:00,41.72064293519623,41.98745090774671,40.6094519413775,40.825294494628906,533085000,0.0,0.0
2023-08-14 00:00:00-04:00,40.45657164204001,43.76816194200566,40.28169960823156,43.721195220947266,690286000,0.0,0.0
2023-08-15 00:00:00-04:00,44.52760635786077,45.23509182651046,43.67822201869262,43.90805435180664,676512000,0.0,0.0
2023-08-16 00:00:00-04:00,44.487632483624076,44.642518572075744,43.374440183849174,43.454383850097656,527451000,0.0,0.0
2023-08-17 00:00:00-04:00,43.93803287430319,44.02996504043604,42.9697356160732,43.3124885559082,452395000,0.0,0.0
2023-08-18 00:00:00-04:00,42.60400593276561,43.546321236640146,41.62971620809795,43.26752471923828,583768000,0.0,0.0
2023-08-21 00:00:00-04:00,44.46165201493228,47.030782025071126,44.18985040134457,46.93285369873047,692573000,0.0,0.0
2023-08-22 00:00:00-04:00,48.100005574504046,48.15196972371808,45.30004440741636,45.63479995727539,755293000,0.0,0.0
2023-08-23 00:00:00-04:00,45.832657681466124,47.165687530536545,45.175135085824124,47.081748962402344,779046000,0.0,0.0
2023-08-24 00:00:00-04:00,50.1794855137357,50.22944839432355,47.12470917527502,47.12870407104492,1156044000,0.0,0.0
2023-08-25 00:00:00-04:00,46.97782740620056,47.77025023235798,44.99126973402356,45.98455047607422,925341000,0.0,0.0
2023-08-28 00:00:00-04:00,46.448201308441945,46.94584030968212,44.85536235157386,46.80094528198242,685192000,0.0,0.0
2023-08-29 00:00:00-04:00,46.632074880156104,49.04532012604733,46.357273276283756,48.74853515625,701397000,0.0,0.0
2023-08-30 00:00:00-04:00,49.00834626983168,49.890703795125454,48.3897967692124,49.228187561035156,735206000,0.0,0.0
2023-08-31 00:00:00-04:00,49.34410948280614,49.707843325624495,48.922415326845325,49.31912612915039,528570000,0.0,0.0
2023-09-01 00:00:00-04:00,49.72582712049024,49.763797697596935,48.107002016363225,48.47373580932617,463830000,0.0,0.0
2023-09-05 00:00:00-04:00,48.187938474576626,48.81548404497399,47.825203434833014,48.51270294189453,382653000,0.0,0.0
2023-09-06 00:00:00-04:00,48.40977397493204,48.51770224742843,46.54997362392489,47.030662536621094,468670000,0.004,0.0
2023-09-07 00:00:00-04:00,45.495655031746296,46.314127328933516,45.122894378455285,46.2111930847168,433330000,0.0,0.0
2023-09-08 00:00:00-04:00,45.912385845022,46.575955463730146,45.241816956969146,45.54262161254883,473069000,0.0,0.0
2023-09-11 00:00:00-04:00,46.1182482612765,46.133237981165,44.28343335195331,45.14887619018555,473966000,0.0,0.0
2023-09-12 00:00:00-04:00,44.7091572109494,45.64355580633702,44.50228992802937,44.84107208251953,349256000,0.0,0.0
2023-09-13 00:00:00-04:00,44.57125292635342,45.90039754591766,44.47431532270772,45.455684661865234,398355000,0.0,0.0
2023-09-14 00:00:00-04:00,45.92038211332298,45.95735701328926,45.101909783891045,45.55162048339844,370097000,0.0,0.0
2023-09-15 00:00:00-04:00,45.31176544872774,45.56959852066616,43.779752923471165,43.87169647216797,506831000,0.0,0.0
2023-09-18 00:00:00-04:00,42.720443095064276,44.213479451862526,41.972924204170205,43.93765640258789,500271000,0.0,0.0
2023-09-19 00:00:00-04:00,43.80474129556245,43.93765497175379,42.97427575565499,43.491943359375,373064000,0.0,0.0
2023-09-20 00:00:00-04:00,43.571891798323115,43.874697872716084,42.1957805773011,42.211769104003906,367108000,0.0,0.0
2023-09-21 00:00:00-04:00,41.5561956700247,42.07286070255986,40.95358372498065,40.99055862426758,450736000,0.0,0.0
2023-09-22 00:00:00-04:00,41.54519433277662,42.087847304445255,41.20441459488325,41.58317184448242,479236000,0.0,0.0
2023-09-25 00:00:00-04:00,41.56418098921053,42.508571331474215,41.15044647985263,42.19477462768555,419091000,0.0,0.0
2023-09-26 00:00:00-04:00,41.97392575085955,42.79239807025896,41.62814811031587,41.88398361206055,402282000,0.0,0.0
2023-09-27 00:00:00-04:00,42.30271271186717,42.844363114706354,41.60216441597511,42.44062042236328,444935000,0.0,0.0
2023-09-28 00:00:00-04:00,42.43262972288275,43.417994216494925,42.08785469932994,43.06122589111328,424663000,0.0,0.0
2023-09-29 00:00:00-04:00,43.7987463785024,44.11554336483788,43.27908114153103,43.4709587097168,397830000,0.0,0.0
2023-10-02 00:00:00-04:00,44.00161019361143,45.14587240598545,43.83272043820974,44.75312805175781,433298000,0.0,0.0
2023-10-03 00:00:00-04:00,44.77910920077743,45.10090400420974,43.2181160083425,43.48894119262695,470850000,0.0,0.0
2023-10-04 00:00:00-04:00,43.713800550252934,44.11454300550294,43.26408989829739,44.01260757446289,361821000,0.0,0.0
2023-10-05 00:00:00-04:00,44.02160569733858,44.87106009571042,43.859711368944936,44.65919494628906,393483000,0.0,0.0
2023-10-06 00:00:00-04:00,44.16451314682261,45.75948500590108,43.99762098117797,45.73250198364258,434436000,0.0,0.0
2023-10-09 00:00:00-04:00,44.81309065878453,45.575599261777526,44.339397209393,45.243812561035156,409675000,0.0,0.0
2023-10-10 00:00:00-04:00,45.280790227106074,46.22917591041197,45.05893322747722,45.76847457885742,368582000,0.0,0.0
2023-10-11 00:00:00-04:00,46.16621437205222,46.82878891705578,46.020308596739376,46.775821685791016,378137000,0.0,0.0
2023-10-12 00:00:00-04:00,46.746842929581085,47.57830726462998,46.30013251687724,46.91473388671875,481325000,0.0,0.0
2023-10-13 00:00:00-04:00,46.92971649151523,47.08561793682091,45.25079955018957,45.43168258666992,474115000,0.0,0.0
2023-10-16 00:00:00-04:00,45.03395227290401,46.195202001343034,44.88304863104429,46.06528854370117,375099000,0.0,0.0
2023-10-17 00:00:00-04:00,43.97163208495719,44.72514757843825,42.45261161000831,43.909671783447266,812333000,0.0,0.0
2023-10-18 00:00:00-04:00,42.56354235108208,43.19113966201485,41.79803732924531,42.16879653930664,627294000,0.0,0.0
2023-10-19 00:00:00-04:00,42.783401532452814,43.26908828015481,41.85499958396407,42.07386016845703,501233000,0.0,0.0
2023-10-20 00:00:00-04:00,41.86299127969732,42.44261916103959,41.05151453316081,41.36031723022461,477266000,0.0,0.0
2023-10-23 00:00:00-04:00,41.20242325687503,43.22012278548461,40.91860593108143,42.947296142578125,478530000,0.0,0.0
2023-10-24 00:00:00-04:00,43.04922503107713,43.668824208033044,42.663476137534204,43.63484573364258,401463000,0.0,0.0
2023-10-25 00:00:00-04:00,43.37001943801499,43.62185968396837,41.52820914347359,41.7520637512207,398379000,0.0,0.0
2023-10-26 00:00:00-04:00,41.82601906009142,42.22875913409801,39.85429143072344,40.30000305175781,541001000,0.0,0.0
2023-10-27 00:00:00-04:00,41.10348715819275,41.17943837928563,39.98920425077625,40.47389221191406,416784000,0.0,0.0
2023-10-30 00:00:00-04:00,41.060522085594386,41.73908152597166,40.454909834136004,41.13447189331055,388028000,0.0,0.0
2023-10-31 00:00:00-04:00,40.42391883550711,40.85264307272008,39.20470426456185,40.75370407104492,517969000,0.0,0.0
2023-11-01 00:00:00-04:00,40.857648711306,42.353685526231295,40.84265898891911,42.29772186279297,437593000,0.0,0.0
2023-11-02 00:00:00-04:00,43.300068207297876,43.85570954416318,42.86634987139054,43.47795486450195,409172000,0.0,0.0
2023-11-03 00:00:00-04:00,43.99162089726106,45.27978753454021,43.694811487819166,44.97598648071289,424610000,0.0,0.0
2023-11-06 00:00:00-05:00,45.25580503371784,45.90538750972343,44.87005229839821,45.72150421142578,400733000,0.0,0.0
2023-11-07 00:00:00-05:00,45.68952896873558,46.18820402459903,45.128889794516326,45.925376892089844,343165000,0.0,0.0
2023-11-08 00:00:00-05:00,46.070282349544186,46.836790044608954,45.93836746742981,46.54397964477539,346719000,0.0,0.0
2023-11-09 00:00:00-05:00,47.43639611181253,48.198904678121394,46.719859321767146,46.91973114013672,540496000,0.0,0.0
2023-11-10 00:00:00-05:00,47.46937982263058,48.440753359097926,47.25252065392858,48.30384063720703,421245000,0.0,0.0
2023-11-13 00:00:00-05:00,48.28884773723465,49.08433598855006,48.06798954522677,48.588653564453125,384136000,0.0,0.0
2023-11-14 00:00:00-05:00,49.647968075180216,49.80186810947218,49.00838133866222,49.62398147583008,416954000,0.0,0.0
2023-11-15 00:00:00-05:00,49.902809365822506,49.927790961524366,48.168927272564574,48.856483459472656,475497000,0.0,0.0
2023-11-16 00:00:00-05:00,48.64761873945954,49.49307401570829,48.29884470682521,49.44810104370117,339756000,0.0,0.0
2023-11-17 00:00:00-05:00,49.49207615888525,49.68495254819164,48.975411113822275,49.2662239074707,325205000,0.0,0.0
2023-11-20 00:00:00-05:00,49.280206345168914,50.51540949473078,49.14929028900057,50.37649917602539,414120000,0.0,0.0
2023-11-21 00:00:00-05:00,50.09368608126626,50.48443286697379,49.19026950939756,49.91180419921875,565747000,0.0,0.0
2023-11-22 00:00:00-05:00,49.81985461878129,50.302541056638844,47.659246201339464,48.68458557128906,899420000,0.0,0.0
2023-11-24 00:00:00-05:00,48.43875395222816,48.88946341849403,47.71421905232239,47.745201110839844,294645000,0.0,0.0
2023-11-27 00:00:00-05:00,47.769182964937485,48.49871188238506,47.62127956875629,48.210899353027344,395662000,0.0,0.0
2023-11-28 00:00:00-05:00,48.20490597283938,48.29185168991899,47.442397333062274,47.7901725769043,401491000,0.0,0.0
2023-11-29 00:00:00-05:00,48.34781882043628,48.730571377443304,47.8291523366515,48.108970642089844,382005000,0.0,0.0
2023-11-30 00:00:00-05:00,47.99303847449865,48.078985380939635,46.39207386383031,46.73984909057617,526247000,0.0,0.0
2023-12-01 00:00:00-05:00,46.495004895434896,47.16956893202257,46.15722156787437,46.73484802246094,369317000,0.0,0.0
2023-12-04 00:00:00-05:00,46.0472875756037,46.0472875756037,44.980974273257665,45.48065185546875,437543000,0.0,0.0
2023-12-05 00:00:00-05:00,45.44068360016381,46.57405104711008,45.24579248346221,46.54007339477539,371718000,0.004,0.0
2023-12-06 00:00:00-05:00,47.188709647488736,47.36061475805966,45.38671220041947,45.4776611328125,380590000,0.0,0.0
2023-12-07 00:00:00-05:00,45.67455214099108,46.603035669637734,45.57860492878931,46.57005310058594,350823000,0.0,0.0
2023-12-08 00:00:00-05:00,46.5690536083124,47.71441533754204,46.52407668516983,47.47954559326172,359224000,0.0,0.0
2023-12-11 00:00:00-05:00,47.46455720613541,47.504532035793474,45.8044827851011,46.601036071777344,509728000,0.0,0.0
2023-12-12 00:00:00-05:00,46.02035970624614,47.63945650611494,46.02035970624614,47.630462646484375,372387000,0.0,0.0
2023-12-13 00:00:00-05:00,47.60248560623417,48.56694852407048,47.58149738885303,48.06122970581055,447792000,0.0,0.0
2023-12-14 00:00:00-05:00,48.36305298147659,48.64289584092454,47.395593515547255,48.32307434082031,391232000,0.0,0.0
2023-12-15 00:00:00-05:00,48.16716609290554,49.37649145661912,48.09320598416868,48.86277770996094,479948000,0.0,0.0
2023-12-18 00:00:00-05:00,49.37249683921415,50.40491882356695,49.12263603296827,50.04911804199219,412587000,0.0,0.0
2023-12-19 00:00:00-05:00,49.396473996646186,49.67232125952952,48.86776928450163,49.57637405395508,464444000,0.0,0.0
2023-12-20 00:00:00-05:00,49.62734444732078,49.97115463261809,48.07121237951516,48.084205627441406,397894000,0.0,0.0
2023-12-21 00:00:00-05:00,48.78381779537504,49.067660031222275,48.3920339970984,48.96271896362305,300425000,0.0,0.0
2023-12-22 00:00:00-05:00,49.16760912555352,49.35550417725914,48.440013817586234,48.80281448364258,252507000,0.0,0.0
2023-12-26 00:00:00-05:00,48.940732556066926,49.57238062064836,48.93273759007069,49.25156021118164,244200000,0.0,0.0
2023-12-27 00:00:00-05:00,49.483430013348695,49.65233461998989,49.05766474220859,49.38948059082031,233648000,0.0,0.0
2023-12-28 00:00:00-05:00,49.615361553511725,49.85622468658464,49.38448736257904,49.49442672729492,246587000,0.0,0.0
2023-12-29 00:00:00-05:00,49.78526507165566,49.96916454651592,48.72385609264306,49.49442672729492,389293000,0.0,0.0
2024-01-02 00:00:00-05:00,49.216575301212856,49.26754558758411,47.568495374432075,48.14117431640625,411254000,0.0,0.0
2024-01-03 00:00:00-05:00,47.458561936508566,48.15717024660548,47.2936528901048,47.54251480102539,320896000,0.0,0.0
2024-01-04 00:00:00-05:00,47.74040114665584,48.47299471292731,47.48154648897857,47.971275329589844,306535000,0.0,0.0
2024-01-05 00:00:00-05:00,48.43501546755193,49.5194103643003,48.27910029347317,49.06966018676758,415039000,0.0,0.0
2024-01-08 00:00:00-05:00,49.48443254074205,52.24589457837139,49.45144996976697,52.22390365600586,642510000,0.0,0.0
2024-01-09 00:00:00-05:00,52.37182563719699,54.29475419696261,51.66121915258384,53.11041259765625,773100000,0.0,0.0
2024-01-10 00:00:00-05:00,53.58614782430592,54.569597281107285,53.45921582315341,54.31973648071289,533796000,0.0,0.0
2024-01-11 00:00:00-05:00,54.9683767860804,55.315183696465496,53.530178853161665,54.791473388671875,596759000,0.0,0.0
2024-01-12 00:00:00-05:00,54.58958106589039,54.93938843850723,54.29974546438518,54.67953109741211,352994000,0.0,0.0
2024-01-16 00:00:00-05:00,54.98736982997111,56.803355729677996,54.86943549694436,56.350608825683594,449580000,0.0,0.0
2024-01-17 00:00:00-05:00,56.31562839717504,56.43955990801359,54.70952466514394,56.021793365478516,474394000,0.0,0.0
2024-01-18 00:00:00-05:00,57.22811763397988,57.567928484455464,56.0757597125632,57.07520294189453,491650000,0.0,0.0
2024-01-19 00:00:00-05:00,57.95670795373914,59.46686815803494,57.1931334387279,59.4578742980957,543501000,0.0,0.0
2024-01-22 00:00:00-05:00,60.01556144622368,60.297405908795795,59.03710651176245,59.62078094482422,452955000,0.0,0.0
2024-01-23 00:00:00-05:00,59.536831763324194,59.876642607504685,58.55237959065836,59.839664459228516,294654000,0.0,0.0
2024-01-24 00:00:00-05:00,60.27042173718701,62.81400277309229,59.90462440869122,61.32783126831055,560271000,0.0,0.0
2024-01-25 00:00:00-05:00,62.31527708122234,62.6840748870048,60.816112399436015,61.58268737792969,482777000,0.0,0.0
2024-01-26 00:00:00-05:00,60.926057292697806,61.748600916766215,60.53927554518053,60.99701690673828,390309000,0.0,0.0
2024-01-29 00:00:00-05:00,61.19790260674366,62.4542026404575,60.87308662667512,62.43021774291992,348733000,0.0,0.0
2024-01-30 00:00:00-05:00,62.86497347083293,63.45764174361534,62.22532667454649,62.73904037475586,410735000,0.0,0.0
2024-01-31 00:00:00-05:00,61.40579108468123,62.23433190687522,60.666205224632265,61.49274444580078,453795000,0.0,0.0
2024-02-01 00:00:00-05:00,62.06542319875055,63.15581918121957,61.6156767942891,62.99190902709961,369146000,0.0,0.0
2024-02-02 00:00:00-05:00,63.938381369175765,66.56291878931643,63.654539090246594,66.1231689453125,476578000,0.0,0.0
2024-02-05 00:00:00-05:00,68.18701012748092,69.45830503749701,67.16758142852466,69.29339599609375,680078000,0.0,0.0
2024-02-06 00:00:00-05:00,69.59122707783612,69.71515858330277,66.26308702618283,68.18501281738281,683111000,0.0,0.0
2024-02-07 00:00:00-05:00,68.28095938687078,70.18090186277372,67.56235796585537,70.05996704101562,495575000,0.0,0.0
2024-02-08 00:00:00-05:00,70.0349761659854,70.75457644757603,69.41632519274872,69.60221862792969,414422000,0.0,0.0
2024-02-09 00:00:00-05:00,70.49373428612587,72.14481511205457,70.17291382776136,72.09284973144531,436637000,0.0,0.0
2024-02-12 00:00:00-05:00,72.55956500777188,74.56944659789941,71.21031839479434,72.207763671875,613710000,0.0,0.0
2024-02-13 00:00:00-05:00,70.36081744123659,73.40911526024477,69.58125280309775,72.08785247802734,602580000,0.0,0.0
2024-02-14 00:00:00-05:00,73.16124677886643,74.19466766232887,71.89795059750436,73.85885620117188,504917000,0.0,0.0
2024-02-15 00:00:00-05:00,73.82787028335872,73.93380643951798,72.35968650824275,72.61753845214844,420122000,0.0,0.0
2024-02-16 00:00:00-05:00,74.05872683634956,74.36056058278803,72.46061841088577,72.57255554199219,495327000,0.0,0.0
2024-02-20 00:00:00-05:00,71.90693589131082,71.91593356383504,67.6962844049487,69.413330078125,704833000,0.0,0.0
2024-02-21 00:00:00-05:00,67.96813224619191,68.84964494727922,66.21111545956025,67.43443298339844,673755000,0.0,0.0
2024-02-22 00:00:00-05:00,74.98323324060954,78.53125229218321,74.17868109913526,78.49427795410156,865100000,0.0,0.0
2024-02-23 00:00:00-05:00,80.7450180977802,82.34812129044985,77.52680973171769,78.77311706542969,829388000,0.0,0.0
2024-02-26 00:00:00-05:00,79.6556292519544,80.60110940022084,78.4612947940882,79.0479736328125,503973000,0.0,0.0
2024-02-27 00:00:00-05:00,79.3367948159067,79.43574633865495,77.11903628247967,78.65717315673828,391705000,0.0,0.0
2024-02-28 00:00:00-05:00,77.57679090590065,78.88905585844033,77.08206373235477,77.61976623535156,393110000,0.0,0.0
2024-02-29 00:00:00-05:00,79.04996729538055,79.94546455588929,78.30637821286784,79.06795501708984,507289000,0.0,0.0
2024-03-01 00:00:00-05:00,79.95544705800646,82.2541692109824,79.39075927311268,82.2331771850586,479135000,0.0,0.0
2024-03-04 00:00:00-05:00,84.08315120139147,87.64616854479111,83.67238457234258,85.18953704833984,615616000,0.0,0.0
2024-03-05 00:00:00-05:00,85.22652719248794,86.05310907669562,83.37447499815761,85.92017364501953,520639000,0.004,0.0
2024-03-06 00:00:00-05:00,87.97712182383515,89.67824984643924,86.9856232402923,88.65476989746094,582520000,0.0,0.0
2024-03-07 00:00:00-05:00,90.11202114454544,92.71969184649807,89.55630492024456,92.62174224853516,608119000,0.0,0.0
2024-03-08 00:00:00-05:00,95.08948806655721,97.35033567284756,86.46188588221935,87.48336791992188,1142269000,0.0,0.0
2024-03-11 00:00:00-04:00,86.38491984001777,88.75170831683343,84.12307354021831,85.73025512695312,678364000,0.0,0.0
2024-03-12 00:00:00-04:00,88.00410652239347,91.91310774958505,86.10607276758905,91.86613464355469,668075000,0.0,0.0
2024-03-13 00:00:00-04:00,91.00856657140831,91.45733510152752,88.38989990202793,90.8416519165039,635713000,0.0,0.0
2024-03-14 00:00:00-04:00,89.53132517509458,90.59978030033041,86.55583824442805,87.89915466308594,602318000,0.0,0.0
2024-03-15 00:00:00-04:00,86.88567820084742,89.500341723681,86.21302481365912,87.7922134399414,642086000,0.0,0.0
2024-03-18 00:00:00-04:00,90.3419098330075,92.35787961611925,87.04059269589636,88.40989685058594,668976000,0.0,0.0
2024-03-19 00:00:00-04:00,86.65578707702176,90.49782872213696,84.96665402343716,89.3524169921875,672171000,0.0,0.0
2024-03-20 00:00:00-04:00,89.75120114679406,90.3638951089495,88.17800637840647,90.32591247558594,479063000,0.0,0.0
2024-03-21 00:00:00-04:00,92.25293104894116,92.60075314567852,90.35889320815413,91.38836669921875,480372000,0.0,0.0
2024-03-22 00:00:00-04:00,91.09452364541656,94.72967008042832,90.78768098585184,94.24092102050781,586719000,0.0,0.0
2024-03-25 00:00:00-04:00,93.89308875236317,96.71664485506633,93.46230882119279,94.95354461669922,552136000,0.0,0.0
2024-03-26 00:00:00-04:00,95.80213286973698,96.32586780749175,92.45484117355997,92.51380920410156,513648000,0.0,0.0
2024-03-27 00:00:00-04:00,93.06452747722804,93.19246057085654,89.07756280706721,90.20398712158203,586067000,0.0,0.0
2024-03-28 00:00:00-04:00,89.95410001839039,91.25344006885744,89.14751238127785,90.30992126464844,435212000,0.0,0.0
2024-04-01 00:00:00-04:00,90.25295469319977,92.17796738530402,89.15851187965868,90.3169174194336,452441000,0.0,0.0
2024-04-02 00:00:00-04:00,88.40290143443588,90.04806591651656,87.57532830065864,89.4063949584961,433064000,0.0,0.0
2024-04-03 00:00:00-04:00,88.43888153844358,90.32791718260744,88.35492473761427,88.91863250732422,370067000,0.0,0.0
2024-04-04 00:00:00-04:00,90.35988689456467,90.58777505707383,85.83619439258581,85.8611831665039,434965000,0.0,0.0
2024-04-05 00:00:00-04:00,86.82170353525082,88.43588552210704,85.88218803532831,87.96312713623047,399678000,0.0,0.0
2024-04-08 00:00:00-04:00,88.65476426391245,88.78470285055779,86.68777315554529,87.08856964111328,283220000,0.0,0.0
2024-04-09 00:00:00-04:00,87.39739525078261,87.59029759028141,82.97965182031417,85.31045532226562,501700000,0.0,0.0
2024-04-10 00:00:00-04:00,83.8832095968993,87.35543726810234,83.66631737551937,86.99462127685547,431929000,0.0,0.0
2024-04-11 00:00:00-04:00,87.37541678298889,90.69272444380793,86.8816730383785,90.56978607177734,431637000,0.0,0.0
2024-04-12 00:00:00-04:00,89.65325833959419,90.1290211698629,87.48536563341473,88.14102935791016,426805000,0.0,0.0
2024-04-15 00:00:00-04:00,89.05255868186178,90.56678540632922,85.88517618535235,85.95713806152344,443077000,0.0,0.0
2024-04-16 00:00:00-04:00,86.38892089132743,88.0730591608871,86.02011339953525,87.37042236328125,370453000,0.0,0.0
2024-04-17 00:00:00-04:00,88.2949386437983,88.72972195798647,83.90717836732355,83.99214172363281,495400000,0.0,0.0
2024-04-18 00:00:00-04:00,84.92666635523963,86.14604537295341,82.35997524716916,84.62781524658203,447260000,0.0,0.0
2024-04-19 00:00:00-04:00,83.10760101811651,84.28099833646611,75.56744919546927,76.16114044189453,875198000,0.0,0.0
2024-04-22 00:00:00-04:00,78.0641671154843,80.03216479233348,76.36104131725212,79.47744750976562,596341000,0.0,0.0
2024-04-23 00:00:00-04:00,80.72781776562408,82.72679808163171,80.22307798101387,82.38097381591797,438559000,0.0,0.0
2024-04-24 00:00:00-04:00,83.90718362535628,84.0391200894545,79.14261643671647,79.63636779785156,512208000,0.0,0.0
2024-04-25 00:00:00-04:00,78.82777847791279,83.28050853708768,78.18311074273281,82.5898666381836,424641000,0.0,0.0
2024-04-26 00:00:00-04:00,83.77526671112514,88.28596627439501,83.34448669778978,87.69026947021484,551011000,0.0,0.0
2024-04-29 00:00:00-04:00,87.55032980991761,87.94712289586843,85.2225151665247,87.71224975585938,388971000,0.0,0.0
2024-04-30 00:00:00-04:00,87.195526189522,88.77372365378562,86.25601055156,86.35795593261719,363709000,0.0,0.0
2024-05-01 00:00:00-04:00,85.0336065353816,85.95613224492045,81.21354987762143,82.99864196777344,559863000,0.0,0.0
2024-05-02 00:00:00-04:00,84.40593290133356,86.19302312746696,83.15756927733226,85.77323913574219,377898000,0.0,0.0
2024-05-03 00:00:00-04:00,87.7442309865165,89.23546686580507,86.99561241116382,88.74372100830078,398341000,0.0,0.0
2024-05-06 00:00:00-04:00,89.34441239026923,92.17297098055205,89.00958414820802,92.09300994873047,376203000,0.0,0.0
2024-05-07 00:00:00-04:00,91.05154909444323,91.73419949359099,88.96561525990342,90.50782775878906,437342000,0.0,0.0
2024-05-08 00:00:00-04:00,89.4373785608014,91.14750473877004,89.37440714328605,90.36590576171875,325721000,0.0,0.0
2024-05-09 00:00:00-04:00,90.48283300975697,91.02555536852674,88.18600837888344,88.70174407958984,378013000,0.0,0.0
2024-05-10 00:00:00-04:00,90.25895279926722,91.3543946079418,89.18149955504683,89.83216857910156,335325000,0.0,0.0
2024-05-13 00:00:00-04:00,90.43186737899792,90.95160653164567,88.48386356145281,90.35291290283203,289680000,0.0,0.0
2024-05-14 00:00:00-04:00,89.55331737042562,91.60427311943869,88.8886555026712,91.3094253540039,296507000,0.0,0.0
2024-05-15 00:00:00-04:00,92.42485211295921,94.81363293144179,91.55229612488634,94.58174896240234,417735000,0.0,0.0
2024-05-16 00:00:00-04:00,94.8616117597436,95.77014487035822,94.05501639356171,94.3108901977539,323952000,0.0,0.0
2024-05-17 00:00:00-04:00,94.32089003310901,94.69169545244071,91.75919321941595,92.43184661865234,359691000,0.0,0.0
2024-05-20 00:00:00-04:00,93.70220057081201,95.15145822277206,93.39236106775267,94.73167419433594,318764000,0.0,0.0
2024-05-21 00:00:00-04:00,93.55126534071833,95.35134936664903,93.1324803037148,95.33735656738281,328946000,0.0,0.0
2024-05-22 00:00:00-04:00,95.41032394954395,95.97103489974472,93.20145177000462,94.90158081054688,548648000,0.0,0.0
2024-05-23 00:00:00-04:00,101.97597776870575,106.26578917767765,101.46823355489357,103.74607849121094,835065000,0.0,0.0
2024-05-24 00:00:00-04:00,104.39573676851408,106.42070464479184,102.94747814509458,106.41471099853516,429494000,0.0,0.0
2024-05-28 00:00:00-04:00,110.18777817721215,114.88038339336015,109.82696222842502,113.84291076660156,652728000,0.0,0.0
2024-05-29 00:00:00-04:00,112.99235261607853,115.43310102209165,110.84444643564275,114.76644134521484,557442000,0.0,0.0
2024-05-30 00:00:00-04:00,114.59153447828542,115.75993705260656,109.60707814261482,110.44364929199219,484553000,0.0,0.0
2024-05-31 00:00:00-04:00,112.46261619518734,112.6595219559155,106.88546755499186,109.57709503173828,613263000,0.0,0.0
2024-06-03 00:00:00-04:00,113.56305075836895,114.94134521484375,111.9458721624404,114.94134521484375,438392000,0.0,0.0
2024-06-04 00:00:00-04:00,115.65700669071254,116.54055105021374,113.98685338816156,116.37763214111328,403324000,0.0,0.0
2024-06-05 00:00:00-04:00,118.31063824188061,122.3865539456356,117.408098853795,122.3775634765625,528402000,0.0,0.0
2024-06-06 00:00:00-04:00,123.98474236351488,125.52295906565588,118.25966633915728,120.9363021850586,664696000,0.0,0.0
2024-06-07 00:00:00-04:00,119.70892124903274,121.62994584355768,117.9618191498612,120.82635498046875,412386000,0.0,0.0
2024-06-10 00:00:00-04:00,120.30862356189567,123.0372272074531,116.95033628620642,121.72789764404297,313434100,0.0,10.0
2024-06-11 00:00:00-04:00,121.71790911261488,122.81744468477636,118.68920642560704,120.85828399658203,222551200,0.01,0.0
2024-06-12 00:00:00-04:00,123.00734716397616,126.8257124975509,122.51755894250634,125.14643096923828,299595000,0.0,0.0
2024-06-13 00:00:00-04:00,129.33464307228707,129.74447132445016,127.10560139337456,129.55455017089844,260704500,0.0,0.0
2024-06-14 00:00:00-04:00,129.90441625095465,132.78317395786428,128.26511837192902,131.82359313964844,309320400,0.0,0.0
2024-06-17 00:00:00-04:00,132.9331153831068,133.67278906643185,129.52457044327446,130.92396545410156,288504400,0.0,0.0
2024-06-18 00:00:00-04:00,131.08390008465824,136.27168233747813,130.63409563692056,135.52200317382812,294335100,0.0,0.0
2024-06-20 00:00:00-04:00,139.74018988019657,140.69977060471427,129.46458937927747,130.7240447998047,517768400,0.0,0.0
2024-06-21 00:00:00-04:00,127.06562164590744,130.57412222632124,124.24682832839595,126.51585388183594,649445800,0.0,0.0
2024-06-24 00:00:00-04:00,123.18725776161229,124.40673688729653,117.9894861328688,118.05945587158203,476060900,0.0,0.0
2024-06-25 00:00:00-04:00,121.14813434618002,126.44586947750777,119.26894156101194,126.03604125976562,414192600,0.0,0.0
2024-06-26 00:00:00-04:00,126.07604323280044,128.06518984478126,122.54755446405669,126.34593200683594,362975900,0.0,0.0
2024-06-27 00:00:00-04:00,124.04690423190566,126.35592112032522,122.86740877139376,123.93695068359375,252571700,0.0,0.0
2024-06-28 00:00:00-04:00,124.52670042256338,127.65535851030685,122.69748155565787,123.48714447021484,315516700,0.0,0.0
2024-07-01 00:00:00-04:00,123.4171718460919,124.78658078052614,118.7791577829481,124.24681854248047,284885500,0.0,0.0
2024-07-02 00:00:00-04:00,121.07818104942778,123.35721213177682,120.97822535200487,122.61752319335938,218374000,0.0,0.0
2024-07-03 00:00:00-04:00,121.60795022813568,128.22511291503906,121.30807553564613,128.22511291503906,215749000,0.0,0.0
2024-07-05 00:00:00-04:00,127.32550112143423,128.7948810674807,125.62623147151251,125.77616882324219,214176700,0.0,0.0
2024-07-08 00:00:00-04:00,127.43544631776729,130.7140492483546,126.98564191819271,128.1451416015625,237677300,0.0,0.0
2024-07-09 00:00:00-04:00,130.29424856790877,133.76276548705792,128.59496354527897,131.3238067626953,285366600,0.0,0.0
2024-07-10 00:00:00-04:00,133.9726664675838,135.04221608834806,132.36335454676214,134.852294921875,248978600,0.0,0.0
2024-07-11 00:00:00-04:00,135.69192330087128,136.09174607157163,126.99564839391957,127.34549713134766,374782700,0.0,0.0
2024-07-12 00:00:00-04:00,128.20511597204649,131.86355363035963,127.16556766728102,129.18470764160156,252680500,0.0,0.0
2024-07-15 00:00:00-04:00,130.50412821022553,131.3337748661706,127.12557732818904,128.38504028320312,208326200,0.0,0.0
2024-07-16 00:00:00-04:00,128.38505064333017,128.9847847878456,124.52670149646414,126.30593872070312,214769500,0.0,0.0
2024-07-17 00:00:00-04:00,121.29807714631912,121.79786321418705,116.670060903269,117.93951416015625,390086200,0.0,0.0
2024-07-18 00:00:00-04:00,121.79786974825338,122.34763750285344,116.51013195140489,121.03819274902344,320979500,0.0,0.0
2024-07-19 00:00:00-04:00,120.29851774276338,121.54798304467437,117.31979673364096,117.87955474853516,217223800,0.0,0.0
2024-07-22 00:00:00-04:00,120.2985068676328,124.01691649015211,119.80871864887781,123.48714447021484,258068900,0.0,0.0
2024-07-23 00:00:00-04:00,122.72747303753543,124.63665959294896,122.04776363902835,122.53755187988281,173911000,0.0,0.0
2024-07-24 00:00:00-04:00,119.11901958919532,119.8986847003661,113.39147504105252,114.20112609863281,327776900,0.0,0.0
2024-07-25 00:00:00-04:00,112.99164110995024,116.5801016063377,106.25452669437287,112.23196411132812,460067000,0.0,0.0
2024-07-26 00:00:00-04:00,116.14029297278634,116.15028320368103,111.53226465502331,113.01162719726562,293399100,0.0,0.0
2024-07-29 00:00:00-04:00,113.6413514115726,116.23023941991447,111.25237476736449,111.54224395751953,248152100,0.0,0.0
2024-07-30 00:00:00-04:00,111.47227535621278,111.94207545546908,102.49612232025332,103.68561553955078,486833300,0.0,0.0
2024-07-31 00:00:00-04:00,112.85169271533529,118.28935980657482,110.83255278301941,116.96992492675781,473174200,0.0,0.0
2024-08-01 00:00:00-04:00,117.47971689042026,120.10859659996095,106.76430191931924,109.16327667236328,523462300,0.0,0.0
2024-08-02 00:00:00-04:00,103.71561292679569,108.67349009112934,101.3266359945612,107.22410583496094,482027500,0.0,0.0
2024-08-05 00:00:00-04:00,92.020610744235,103.36576087778293,90.65120176374947,100.40702056884766,552842400,0.0,0.0
2024-08-06 00:00:00-04:00,103.79558550874643,107.66393311244683,100.50699930403569,104.20541381835938,409012100,0.0,0.0
2024-08-07 00:00:00-04:00,107.76387761608842,108.75345959568735,98.64778393346153,98.86769104003906,411440400,0.0,0.0
2024-08-08 00:00:00-04:00,101.95636396303468,105.45486664804078,97.4782771707294,104.92509460449219,391910000,0.0,0.0
2024-08-09 00:00:00-04:00,105.59481125304626,106.55439969221393,103.38575750879603,104.70519256591797,290844200,0.0,0.0
2024-08-12 00:00:00-04:00,106.27450881772207,111.02247644689008,106.21453693013632,108.97335052490234,325559900,0.0,0.0
2024-08-13 00:00:00-04:00,112.3918952304853,116.18027460234957,111.53226256952769,116.0903091430664,312646700,0.0,0.0
2024-08-14 00:00:00-04:00,118.47929205094907,118.5492618001431,114.02120093884069,118.02948760986328,339246400,0.0,0.0
2024-08-15 00:00:00-04:00,118.70918982152592,123.18726875091167,117.4197408420992,122.80743408203125,318086700,0.0,0.0
2024-08-16 00:00:00-04:00,121.88783295977665,124.94652136236562,121.12815597457694,124.52670288085938,302589900,0.0,0.0
2024-08-19 00:00:00-04:00,124.22682769827617,129.9443817138672,123.36719502454015,129.9443817138672,318333600,0.0,0.0
2024-08-20 00:00:00-04:00,128.345066215563,129.82444407435935,125.83614544847738,127.19556427001953,300087400,0.0,0.0
2024-08-21 00:00:00-04:00,127.26552712895132,129.29466502006431,126.60581346882094,128.4450225830078,257883600,0.0,0.0
2024-08-22 00:00:00-04:00,129.96438511048203,130.6940685649148,123.04733950988674,123.68706512451172,376189100,0.0,0.0
2024-08-23 00:00:00-04:00,125.80614369005178,129.54454879248973,125.16641816339359,129.31463623046875,323230300,0.0,0.0
2024-08-26 00:00:00-04:00,129.51458463205307,131.2038489341108,124.31680432111911,126.4059066772461,331964700,0.0,0.0
2024-08-27 00:00:00-04:00,124.99650751528328,129.14472607274774,123.8270022374259,128.2451171875,303134600,0.0,0.0
2024-08-28 00:00:00-04:00,128.06518755846798,128.27510443502842,122.58753608006307,125.55626678466797,448101100,0.0,0.0
2024-08-29 00:00:00-04:00,121.30807947152184,124.37676573622443,116.66006734390899,117.53968811035156,453023300,0.0,0.0
2024-08-30 00:00:00-04:00,119.47885915972935,121.69791057687668,117.169849908653,119.31893157958984,333751600,0.0,0.0
2024-09-03 00:00:00-04:00,115.96037175405029,116.16028314135124,107.24410104783063,107.95379638671875,477155100,0.0,0.0
2024-09-04 00:00:00-04:00,105.36490525672457,113.22153543398687,104.07545625261184,106.16455841064453,372470300,0.0,0.0
2024-09-05 00:00:00-04:00,104.94507973247826,109.6030896936583,104.715182404582,107.16413116455078,306850700,0.0,0.0
2024-09-06 00:00:00-04:00,107.99378096807179,108.10373451971928,100.90681013303441,102.7860107421875,413638100,0.0,0.0
2024-09-09 00:00:00-04:00,104.83512996607128,106.50442134190934,103.64564422957986,106.42445373535156,273912000,0.0,0.0
2024-09-10 00:00:00-04:00,107.76387224263199,109.35319594429214,104.90509525193343,108.05374908447266,268283700,0.0,0.0
2024-09-11 00:00:00-04:00,109.34319840779227,117.13986433729632,107.37404002456883,116.8599853515625,441422400,0.0,0.0
2024-09-12 00:00:00-04:00,116.80000446674823,120.74865704096976,115.34050510922769,119.0992202758789,366052700,0.01,0.0
2024-09-13 00:00:00-04:00,119.03923719212747,119.91893319621943,117.5597404845181,119.0592269897461,238358300,0.0,0.0
2024-09-16 00:00:00-04:00,116.75001946408975,118.13954300655384,114.32085103611607,116.74002075195312,248772300,0.0,0.0
2024-09-17 00:00:00-04:00,118.12954900355818,118.75933823796504,114.79069593440207,115.55043029785156,231925900,0.0,0.0
2024-09-18 00:00:00-04:00,115.85032597194726,117.65970390167261,113.18124184177299,113.33119201660156,310318900,0.0,0.0
2024-09-19 00:00:00-04:00,117.30982462581498,119.6190390017094,117.20986038538442,117.82965087890625,293506400,0.0,0.0
2024-09-20 00:00:00-04:00,117.01992368452845,118.57939482627764,115.35049721640073,115.96028900146484,382462400,0.0,0.0
2024-09-23 00:00:00-04:00,116.51010886475667,116.94995306986277,114.82068489843978,116.22020721435547,206228500,0.0,0.0
2024-09-24 00:00:00-04:00,116.4801041033547,121.75830281490052,115.34049501127092,120.82862091064453,354966800,0.0,0.0
2024-09-25 00:00:00-04:00,121.9782246233193,124.8972307941946,121.56836894761845,123.46772003173828,284692900,0.0,0.0
2024-09-26 00:00:00-04:00,126.75659295249227,127.62629022604027,121.75830470715397,123.9975357055664,302582900,0.0,0.0
2024-09-27 00:00:00-04:00,123.9275641535197,123.9875411739155,119.21917738287792,121.35844421386719,271009200,0.0,0.0
2024-09-30 00:00:00-04:00,118.26949648274505,121.45840689022769,118.10955522149155,121.39842987060547,226553700,0.0,0.0
2024-10-01 00:00:00-04:00,121.72830933905863,122.39808576451375,115.7503608309228,116.95994567871094,302094500,0.0,0.0
2024-10-02 00:00:00-04:00,116.40014740227824,119.33913591399957,115.1005893150636,118.80931854248047,221845900,0.0,0.0
2024-10-03 00:00:00-04:00,120.87860561160097,124.31743049345978,120.2988023230489,122.80794525146484,277118000,0.0,0.0
2024-10-04 00:00:00-04:00,124.89723283717322,124.99719707970252,121.78829684578011,124.87723541259766,243678100,0.0,0.0
2024-10-07 00:00:00-04:00,124.94721586781675,130.5952834922112,124.90722864393703,127.67628479003906,346250200,0.0,0.0
2024-10-08 00:00:00-04:00,130.2153933149511,133.43429200303964,129.3756845929013,132.84449768066406,285722500,0.0,0.0
2024-10-09 00:00:00-04:00,134.06409064908044,134.473953954377,131.33502948270424,132.60458374023438,246191600,0.0,0.0
2024-10-10 00:00:00-04:00,131.86485368985453,134.9537923881041,130.95516150253064,134.76385498046875,242311300,0.0,0.0
2024-10-11 00:00:00-04:00,133.9641223517835,135.73352074472976,133.61425131031754,134.7538604736328,170209500,0.0,0.0
2024-10-14 00:00:00-04:00,136.42329237635488,139.5522259694365,136.25335239175735,138.0227508544922,232347700,0.0,0.0
2024-10-15 00:00:00-04:00,137.82280508502743,138.52257769243778,128.6959404665834,131.55496215820312,377831000,0.0,0.0
2024-10-16 00:00:00-04:00,133.9341283963689,136.57322399642072,131.53495612489098,135.6735382080078,264879700,0.0,0.0
2024-10-17 00:00:00-04:00,139.2923118529861,140.8417844676902,136.8231559081479,136.8831329345703,306435900,0.0,0.0
2024-10-18 00:00:00-04:00,138.62252759913224,138.85244459278235,137.23300404466042,137.9527587890625,176090200,0.0,0.0
2024-10-21 00:00:00-04:00,138.0827206747143,143.6608123779297,137.95276029474488,143.6608123779297,264554500,0.0,0.0
2024-10-22 00:00:00-04:00,142.86108785315807,144.37056551302095,141.73146975294682,143.5408477783203,226311600,0.0,0.0
2024-10-23 00:00:00-04:00,141.9813779606296,142.38123492807873,137.41295033058282,139.51222229003906,285930000,0.0,0.0
2024-10-24 00:00:00-04:00,140.7718017861216,141.30161913611144,138.41260905173522,140.3619384765625,172354900,0.0,0.0
2024-10-25 00:00:00-04:00,140.8817548130095,144.08067171203157,140.75180968215267,141.49154663085938,205122100,0.0,0.0
2024-10-28 00:00:00-04:00,142.95105547012693,143.09100694226274,140.00206821568727,140.47190856933594,173586700,0.0,0.0
2024-10-29 00:00:00-04:00,140.2419668294209,142.21129364579818,138.8524432880062,141.20164489746094,157593600,0.0,0.0
2024-10-30 00:00:00-04:00,139.49222584841445,140.28196395700422,136.76316465511044,139.29229736328125,179418100,0.0,0.0
2024-10-31 00:00:00-04:00,137.55290880572403,137.56289989167158,132.06478241439225,132.7145538330078,270039600,0.0,0.0
2024-11-01 00:00:00-04:00,134.65389558133728,137.26300291330367,134.52395044654537,135.35365295410156,207127800,0.0,0.0
2024-11-04 00:00:00-05:00,137.16303982117785,138.91244079735898,135.52360180221356,136.00343322753906,187528200,0.0,0.0
2024-11-05 00:00:00-05:00,137.40294177771256,140.3219403030432,137.28298774012364,139.8621063232422,160537400,0.0,0.0
2024-11-06 00:00:00-05:00,142.9110784725191,146.43986910531262,141.91142072377156,145.56016540527344,242043900,0.0,0.0
2024-11-07 00:00:00-05:00,146.3398874087156,148.8790112085744,146.1199614984642,148.82904052734375,207323300,0.0,0.0
2024-11-08 00:00:00-05:00,148.71907691535895,149.71873459260812,146.2099263831815,147.5794677734375,175665800,0.0,0.0
2024-11-11 00:00:00-05:00,148.62909347800425,148.79904870323992,143.52085748188875,145.21026611328125,182325600,0.0,0.0
2024-11-12 00:00:00-05:00,146.7297346202135,149.59874692031187,145.95999403229789,148.2392120361328,198634700,0.0,0.0
2024-11-13 00:00:00-05:00,149.01898487542564,149.27889039349282,145.85005645366056,146.21994018554688,191903300,0.0,0.0
2024-11-14 00:00:00-05:00,147.58946625444327,148.94900137376933,145.50018526515709,146.7097625732422,194463300,0.0,0.0
2024-11-15 00:00:00-05:00,144.8203910682193,145.1902747512061,140.03203789439084,141.93138122558594,250132900,0.0,0.0
2024-11-18 00:00:00-05:00,139.45223367342163,141.50153478170088,137.10303223771245,140.1020050048828,221205300,0.0,0.0
2024-11-19 00:00:00-05:00,141.27163159656618,147.0796403153284,140.94174272954967,146.9596710205078,227834900,0.0,0.0
2024-11-20 00:00:00-05:00,147.35954130772643,147.50948385732136,142.68113546401185,145.84005737304688,309871700,0.0,0.0
2024-11-21 00:00:00-05:00,149.29888738883682,152.83766902515802,140.65183891204953,146.6197967529297,400946600,0.0,0.0
2024-11-22 00:00:00-05:00,145.880046493066,147.10963649428794,141.05171303807552,141.9014129638672,236406200,0.0,0.0
2024-11-25 00:00:00-05:00,141.9413916908634,142.00136870780395,135.7735059739188,135.9734344482422,344941900,0.0,0.0
2024-11-26 00:00:00-05:00,137.6528702588759,139.25232877348597,135.6235662299349,136.87313842773438,190287700,0.0,0.0
2024-11-27 00:00:00-05:00,134.96376655836661,137.17301655731904,131.7548742168772,135.2936553955078,226370900,0.0,0.0
2024-11-29 00:00:00-05:00,136.7331843976686,139.30231211006736,136.0034385187834,138.2026824951172,141863200,0.0,0.0
2024-12-02 00:00:00-05:00,138.7824785355422,140.40191910756175,137.77282976281836,138.58255004882812,171682800,0.0,0.0
2024-12-03 00:00:00-05:00,138.21267485883047,140.49189330582607,137.90278339727084,140.2119903564453,164414000,0.0,0.0
2024-12-04 00:00:00-05:00,141.95139223046513,145.7400881706811,140.24197086598,145.09031677246094,231224300,0.0,0.0
2024-12-05 00:00:00-05:00,145.07032934736787,146.49993108099994,143.9106428157812,145.0203399658203,172621200,0.01,0.0
2024-12-06 00:00:00-05:00,144.5604751692698,145.66016529709515,141.27136605108353,142.40106201171875,188505600,0.0,0.0
2024-12-09 00:00:00-05:00,138.93199359328304,139.91172129670065,137.0925004855475,138.77203369140625,189308600,0.0,0.0
2024-12-10 00:00:00-05:00,138.97197539548316,141.7812196768295,133.7534018405272,135.03306579589844,210020900,0.0,0.0
2024-12-11 00:00:00-05:00,137.32243273699547,140.13166176303284,135.173026862483,139.2718963623047,184905200,0.0,0.0
2024-12-12 00:00:00-05:00,137.04252103958567,138.40214979482639,135.76287224107875,137.3024444580078,159211400,0.0,0.0
2024-12-13 00:00:00-05:00,138.9020072444441,139.56183041879834,132.50374826625531,134.21328735351562,231514900,0.0,0.0
2024-12-16 00:00:00-05:00,134.1432941479919,134.3632351978696,130.38432800805435,131.96389770507812,237951100,0.0,0.0
2024-12-17 00:00:00-05:00,129.0546920799943,131.5540083659402,126.82530622422306,130.35433959960938,259410300,0.0,0.0
2024-12-18 00:00:00-05:00,133.82339933223892,136.6626191312432,128.2449232385065,128.874755859375,277444500,0.0,0.0
2024-12-19 00:00:00-05:00,131.72394769790225,133.99333094415113,129.51456085077075,130.6442413330078,209719200,0.0,0.0
2024-12-20 00:00:00-05:00,129.7745000485284,135.24300545668208,128.1849385069714,134.6631622314453,306528600,0.0,0.0
2024-12-23 00:00:00-05:00,136.24273302531586,139.75176772445488,135.08304656610844,139.63180541992188,176053500,0.0,0.0
2024-12-24 00:00:00-05:00,139.96173006068474,141.8612045810897,138.61209299039524,140.18167114257812,105157000,0.0,0.0
2024-12-26 00:00:00-05:00,139.66180603983884,140.8115008078877,137.69234337416663,139.89173889160156,116205600,0.0,0.0
2024-12-27 00:00:00-05:00,138.51210623580144,138.98197889967045,134.6731602308685,136.97251892089844,170582600,0.0,0.0
2024-12-30 00:00:00-05:00,134.79311660884966,140.2316308377207,133.98334063995796,137.452392578125,167734700,0.0,0.0
2024-12-31 00:00:00-05:00,137.99226367763055,138.0322612848829,133.79341493856927,134.25328063964844,155659200,0.0,0.0
2025-01-02 00:00:00-05:00,135.96280522543205,138.84202245285945,134.5931847895647,138.2721710205078,198247200,0.0,0.0
2025-01-03 00:00:00-05:00,139.9717090810043,144.86037131104774,139.69178686675932,144.4304962158203,229322500,0.0,0.0
2025-01-06 00:00:00-05:00,148.54936300568127,152.11839407781596,147.77958455274808,149.38912963867188,265377400,0.0,0.0
2025-01-07 00:00:00-05:00,152.98814312185272,153.08812187242287,139.97169998670535,140.10166931152344,351782200,0.0,0.0
2025-01-08 00:00:00-05:00,142.54101155921632,143.91063203422854,137.5223800692543,140.07168579101562,227349900,0.0,0.0
2025-01-10 00:00:00-05:00,137.41242079266553,139.88174676307978,134.18330808313058,135.8728485107422,207602500,0.0,0.0
2025-01-13 00:00:00-05:00,129.95446851982027,133.4535116815908,129.4745887600242,133.19357299804688,204808900,0.0,0.0
2025-01-14 00:00:00-05:00,136.01278831507346,136.3426998783518,130.01442953826418,131.7239532470703,195590500,0.0,0.0
2025-01-15 00:00:00-05:00,133.61345527658474,136.4126928345012,131.25409986764885,136.2027587890625,185217300,0.0,0.0
2025-01-16 00:00:00-05:00,138.60208327625168,138.7120538029648,133.4534978315376,133.53347778320312,209235600,0.0,0.0
2025-01-17 00:00:00-05:00,136.65262268416788,138.46212527408701,135.4229633158422,137.67234802246094,201188800,0.0,0.0
2025-01-21 00:00:00-05:00,139.12194717769367,141.7912151745994,137.05250594430132,140.79148864746094,197749000,0.0,0.0
2025-01-22 00:00:00-05:00,144.62047062339892,147.74960487622204,143.63073568135124,147.02981567382812,237651400,0.0,0.0
2025-01-23 00:00:00-05:00,145.01034368405638,147.1897403093082,143.6807055002306,147.17974853515625,155915500,0.0,0.0
2025-01-24 00:00:00-05:00,148.32942123311412,148.92926325643236,141.84120577881646,142.58099365234375,234657600,0.0,0.0
2025-01-27 00:00:00-05:00,124.7658794397831,128.3648859520762,116.668088091544,118.38761901855469,818830900,0.0,0.0
2025-01-28 00:00:00-05:00,121.77668294561497,128.96471894622445,116.21820602712087,128.95472717285156,579666400,0.0,0.0
2025-01-29 00:00:00-05:00,126.46541333864903,126.8553060976507,120.01717989918284,123.66617584228516,467120600,0.0,0.0
2025-01-30 00:00:00-05:00,123.06634175444341,124.96582380169083,118.06770880237578,124.61592102050781,392925500,0.0,0.0
2025-01-31 00:00:00-05:00,123.74615511454752,127.81504199868698,119.15741376372098,120.03717041015625,388161100,0.0,0.0
2025-02-03 00:00:00-05:00,114.71862375628316,118.53757894355685,112.97910166242248,116.62810516357422,371235700,0.0,0.0
2025-02-04 00:00:00-05:00,116.92801344303115,121.16685177317855,116.66808241089754,118.6175537109375,256550000,0.0,0.0
2025-02-05 00:00:00-05:00,121.7267002537778,124.96581196424484,120.72697375806385,124.79586029052734,262230800,0.0,0.0
2025-02-06 00:00:00-05:00,127.38515593926263,128.7347928917548,125.17576116570511,128.64480590820312,251483600,0.0,0.0
2025-02-07 00:00:00-05:00,129.184663567943,130.3343429768511,124.96581638636985,129.8044891357422,228186300,0.0,0.0
2025-02-10 00:00:00-05:00,130.05441853152416,134.96307937585763,129.92446445785666,133.53347778320312,216989100,0.0,0.0
2025-02-11 00:00:00-05:00,132.54376130884148,134.4432358451655,130.9841901729766,132.76370239257812,178902400,0.0,0.0
2025-02-12 00:00:00-05:00,129.98445236307722,132.203846559633,129.04470695043977,131.10414123535156,160278600,0.0,0.0
2025-02-13 00:00:00-05:00,131.52403000773361,136.46268188823717,131.13413724109478,135.2530059814453,197430000,0.0,0.0
2025-02-14 00:00:00-05:00,136.44267986002885,139.21192676792597,135.46295207938218,138.81204223632812,195479600,0.0,0.0
2025-02-18 00:00:00-05:00,141.23139195970475,143.40079701868018,137.892293264338,139.3618927001953,219176600,0.0,0.0
2025-02-19 00:00:00-05:00,139.47184726600554,141.32134750878612,137.18248014952957,139.19192504882812,167536000,0.0,0.0
2025-02-20 00:00:00-05:00,139.991705837455,140.62153843760984,136.7525863640224,140.07168579101562,143903600,0.0,0.0
2025-02-21 00:00:00-05:00,140.0017008694862,141.42132600995674,133.99334973043614,134.3932342529297,228217600,0.0,0.0
2025-02-24 00:00:00-05:00,136.52266681200447,138.55211066034528,130.04444248958205,130.244384765625,251381100,0.0,0.0
2025-02-25 00:00:00-05:00,129.94444977330787,130.16439082972744,124.4059715229826,126.59536743164062,271428700,0.0,0.0
2025-02-26 00:00:00-05:00,129.95446947322534,133.69343728770713,128.4548795357506,131.24411010742188,322553800,0.0,0.0
2025-02-27 00:00:00-05:00,134.9630788743497,134.97307064778977,119.9771806223922,120.11714172363281,443175800,0.0,0.0
2025-02-28 00:00:00-05:00,117.98772650698133,125.05579305607802,116.36817434407594,124.8858413696289,389091100,0.0,0.0
2025-03-03 00:00:00-05:00,123.47622912906817,123.66617198823369,112.2492965435478,114.02880859375,411381400,0.0,0.0
2025-03-04 00:00:00-05:00,110.6197462594264,119.27737437091366,110.07989299750376,115.95828247070312,398163300,0.0,0.0
2025-03-05 00:00:00-05:00,117.54784364725772,118.24764914601728,114.4786835987416,117.2679214477539,284337900,0.0,0.0
2025-03-06 00:00:00-05:00,113.49895407905146,115.31845609620828,110.18986163701831,110.53976440429688,321181900,0.0,0.0
2025-03-07 00:00:00-05:00,111.21957864470976,113.44897220636766,107.5305852358904,112.65918731689453,341755500,0.0,0.0
2025-03-10 00:00:00-04:00,109.86995202425706,111.81941579292103,105.43116359430405,106.95075225830078,366487400,0.0,0.0
2025-03-11 00:00:00-04:00,106.96074247458567,112.20930691241836,104.74134829193281,108.73026275634766,354865700,0.0,0.0
2025-03-12 00:00:00-04:00,114.09930053195751,116.73882100614277,112.85951998498375,115.71900177001953,323857500,0.01,0.0
2025-03-13 00:00:00-04:00,117.00876245655117,117.73863334670654,113.76935252443205,115.55902862548828,299033100,0.0,0.0
2025-03-14 00:00:00-04:00,118.58847644066721,121.85787967708788,118.12856083227834,121.64791870117188,277593500,0.0,0.0
2025-03-17 00:00:00-04:00,122.71772499646224,122.86769930249316,118.00858060635532,119.50830841064453,255501500,0.0,0.0
2025-03-18 00:00:00-04:00,117.97858323274161,118.99839474842913,114.51921213127834,115.40904998779297,299686900,0.0,0.0
2025-03-19 00:00:00-04:00,117.24871784817985,120.42814113812437,115.65901001721268,117.49867248535156,273426200,0.0,0.0
2025-03-20 00:00:00-04:00,116.5288475567653,120.17817892707569,116.44886024718888,118.50848388671875,248829700,0.0,0.0
2025-03-21 00:00:00-04:00,116.91877807414131,117.96858292451893,115.39904967929496,117.67863464355469,266498500,0.0,0.0
2025-03-24 00:00:00-04:00,119.85824123014483,122.19782052957932,119.31833831489072,121.38796997070312,228452500,0.0,0.0
2025-03-25 00:00:00-04:00,120.52812446850508,121.26798803028822,118.89841541478116,120.66809844970703,167447200,0.0,0.0
2025-03-26 00:00:00-04:00,118.70845626054094,118.81842927999459,112.68954449720724,113.7393569946289,293463300,0.0,0.0
2025-03-27 00:00:00-04:00,111.32979509417153,114.42923110356094,110.63992547504299,111.40978240966797,236902100,0.0,0.0
2025-03-28 00:00:00-04:00,111.46977019973694,112.84952470784617,109.05021109179135,109.65010070800781,229872500,0.0,0.0
2025-03-31 00:00:00-04:00,105.11091847763528,110.93986229194257,103.63119133667838,108.3603286743164,299212700,0.0,0.0
2025-04-01 00:00:00-04:00,108.50029591126088,110.17999122900144,106.45067264528599,110.1300048828125,222614000,0.0,0.0
2025-04-02 00:00:00-04:00,107.2705266243207,111.95967777974947,106.77061737970816,110.39995574951172,220601200,0.0,0.0
2025-04-03 00:00:00-04:00,103.49121334940355,105.61082365222038,101.58155638472346,101.78152465820312,338769400,0.0,0.0
2025-04-04 00:00:00-04:00,98.89205625014841,100.11182847125419,92.09328707213024,94.29288482666016,532273800,0.0,0.0
2025-04-07 00:00:00-04:00,87.444123819458,101.73153089146867,86.60427995314998,97.62227630615234,611041300,0.0,0.0
2025-04-08 00:00:00-04:00,103.79115551332612,105.83078615825814,94.44285411172834,96.28252410888672,476243400,0.0,0.0
2025-04-09 00:00:00-04:00,98.87204993981901,115.07910675948129,97.51229618216108,114.30924987792969,612918300,0.0,0.0
2025-04-10 00:00:00-04:00,109.35015243101728,110.83987986480561,99.13200610877084,107.55047607421875,437812400,0.0,0.0
2025-04-11 00:00:00-04:00,108.4803070767672,111.52975654810143,107.46049556472005,110.90986633300781,313417300,0.0,0.0
2025-04-14 00:00:00-04:00,114.08928762467488,114.26925525660798,109.05020155855789,110.68990325927734,264705000,0.0,0.0
2025-04-15 00:00:00-04:00,110.94986159507806,113.59938217981927,110.4799456735416,112.17963409423828,228966900,0.0,0.0
2025-04-16 00:00:00-04:00,104.53103311878802,106.77062454919468,100.4317709352981,104.47103881835938,397016900,0.0,0.0
2025-04-17 00:00:00-04:00,104.43104243972901,104.45104308202083,100.03184700877077,101.4715805053711,292517500,0.0,0.0
2025-04-21 00:00:00-04:00,98.75207336541831,99.42195758129023,95.02275450080649,96.89241790771484,288501100,0.0,0.0
2025-04-22 00:00:00-04:00,98.76207440379943,99.79188628205247,97.26234659010818,98.87205505371094,241004800,0.0,0.0
2025-04-23 00:00:00-04:00,104.5010295750129,104.78098517141211,102.00148324580945,102.69136047363281,247526000,0.0,0.0
2025-04-24 00:00:00-04:00,103.46121375263034,106.52065568558213,103.09127819009328,106.41067504882812,220815000,0.0,0.0
2025-04-25 00:00:00-04:00,106.83061166162848,111.89969145813895,105.71081975581805,110.98986053466797,251064700,0.0,0.0
2025-04-28 00:00:00-04:00,109.67009093365705,110.3499678015911,106.00075133412535,108.71026611328125,207708500,0.0,0.0
2025-04-29 00:00:00-04:00,107.65046012276234,110.1799998026459,107.42050613077843,109.00021362304688,170444300,0.0,0.0
2025-04-30 00:00:00-04:00,104.45104108413872,108.90023040771484,104.06111247501677,108.90023040771484,235044600,0.0,0.0
2025-05-01 00:00:00-04:00,113.05947899879722,114.9191420385801,111.27980327057723,111.5897445678711,236121500,0.0,0.0
2025-05-02 00:00:00-04:00,114.15928352450368,115.37906338859757,113.34943293159324,114.4792251586914,190194800,0.0,0.0
2025-05-05 00:00:00-04:00,112.88951601094917,114.64919116473993,112.63956137373921,113.79934692382812,133163200,0.0,0.0
2025-05-06 00:00:00-04:00,111.45977773347964,114.71918078517231,110.79989381468877,113.51940155029297,158525600,0.0,0.0
2025-05-07 00:00:00-04:00,113.02949042053457,117.65864757290291,112.25962586336117,117.03875732421875,206758800,0.0,0.0
2025-05-08 00:00:00-04:00,118.22854670795566,118.658469001105,115.82898059800607,117.34870910644531,198428100,0.0,0.0
2025-05-09 00:00:00-04:00,117.32869985728382,118.20854502226882,115.18908887008638,116.62882995605469,132972200,0.0,0.0
2025-05-12 00:00:00-04:00,121.94787211512306,122.9776840209961,120.25817629208265,122.9776840209961,225023300,0.0,0.0
2025-05-13 00:00:00-04:00,124.95732666651305,131.19619232916256,124.44741706637032,129.9064178466797,330430100,0.0,0.0
2025-05-14 00:00:00-04:00,133.17581874633882,135.4154176381041,131.65609038206884,135.3154296875,281180800,0.0,0.0
2025-05-15 00:00:00-04:00,134.2656162138544,136.2752611112406,132.6359224746836,134.80552673339844,226632600,0.0,0.0
2025-05-16 00:00:00-04:00,136.19528579014883,136.32526708518697,133.43579205010155,135.37542724609375,226542500,0.0,0.0
2025-05-19 00:00:00-04:00,132.36596428610483,135.84532822832756,132.36596428610483,135.54539489746094,193154600,0.0,0.0
2025-05-20 00:00:00-04:00,134.26561082544316,134.55556671475182,132.59591587093482,134.35560607910156,161514200,0.0,0.0
2025-05-21 00:00:00-04:00,133.0358430493297,137.3750515435132,130.56629021032253,131.7760772705078,270608700,0.0,0.0
2025-05-22 00:00:00-04:00,132.20599574301846,134.22563338103308,131.52612648714359,132.80589294433594,187344000,0.0,0.0
2025-05-23 00:00:00-04:00,129.97641506418768,132.65592152877483,129.13657112060253,131.26617431640625,198821300,0.0,0.0
2025-05-27 00:00:00-04:00,134.1256417936587,135.63537744884945,133.2857979393918,135.47540283203125,192953600,0.0,0.0
2025-05-28 00:00:00-04:00,136.00531758419635,137.22509744866613,134.76553707682788,134.78553771972656,304021100,0.0,0.0
2025-05-29 00:00:00-04:00,142.22419152756274,143.46397204605128,137.88498259688382,139.1647491455078,369241900,0.0,0.0
2025-05-30 00:00:00-04:00,138.6948289010735,139.59465948344436,132.8958783257386,135.10548400878906,333170900,0.0,0.0
2025-06-02 00:00:00-04:00,135.46541564458173,138.09492795630163,135.37542038395227,137.35507202148438,197663100,0.0,0.0
2025-06-03 00:00:00-04:00,138.75480693174418,141.97422364617418,137.9249557656252,141.19436645507812,225578800,0.0,0.0
2025-06-04 00:00:00-04:00,142.1641966028205,142.36415725393297,139.5146683935161,141.8942413330078,167120800,0.0,0.0
2025-06-05 00:00:00-04:00,142.14419665233672,143.97386636815438,138.80480646885346,139.964599609375,231397900,0.0,0.0
2025-06-06 00:00:00-04:00,142.4841247816278,143.24399658328852,141.4843063108272,141.69427490234375,153986200,0.0,0.0
2025-06-09 00:00:00-04:00,143.16402192873528,144.97369107987248,141.91424872977086,142.6041259765625,185114500,0.0,0.0
2025-06-10 00:00:00-04:00,142.66410985007164,144.26381035974757,141.50431668274294,143.9338836669922,155881900,0.0,0.0
2025-06-11 00:00:00-04:00,144.59379466225064,144.97375695921582,141.85409623212945,142.81399536132812,167694000,0.01,0.0
2025-06-12 00:00:00-04:00,141.9540901919345,144.98374938964844,141.83410852298076,144.98374938964844,162365000,0.0,0.0
2025-06-13 00:00:00-04:00,142.4640236398758,143.5639064320885,140.83421673860605,141.95408630371094,180820600,0.0,0.0
2025-06-16 00:00:00-04:00,143.33393622751285,146.16360555156524,143.18394388862185,144.6737823486328,183133700,0.0,0.0
2025-06-17 00:00:00-04:00,144.4738049491523,145.20371882793046,143.7638778428329,144.1038360595703,139108000,0.0,0.0
2025-06-18 00:00:00-04:00,143.9938476821936,145.63366319028128,143.10394808189747,145.46368408203125,161494100,0.0,0.0
2025-06-20 00:00:00-04:00,145.43368901636921,146.1836049259659,142.63399990245927,143.83387756347656,242956200,0.0,0.0
2025-06-23 00:00:00-04:00,142.48402812138661,144.76377135076248,142.01407957999888,144.15383911132812,154308900,0.0,0.0
2025-06-24 00:00:00-04:00,145.54367367470394,147.94341367999496,145.4836828445603,147.88340759277344,187566100,0.0,0.0
2025-06-25 00:00:00-04:00,149.25328072295656,154.43269305532343,149.24327207878133,154.29270935058594,269146500,0.0,0.0
2025-06-26 00:00:00-04:00,155.9625083392563,156.70243086817015,153.98273459501658,155.00262451171875,198145700,0.0,0.0
2025-06-27 00:00:00-04:00,156.02250005395288,158.69221415352254,155.24258871826237,157.73231506347656,263234500,0.0,0.0
2025-06-30 00:00:00-04:00,158.38224776867892,158.6422284044636,155.94253394670602,157.97230529785156,194580300,0.0,0.0
2025-07-01 00:00:00-04:00,156.27249233706732,157.18239409932116,151.47304203431221,153.2828369140625,213143600,0.0,0.0
2025-07-02 00:00:00-04:00,152.962850389823,157.58234297497486,152.95285700312823,157.2323760986328,171224100,0.0,0.0
2025-07-03 00:00:00-04:00,158.35225101493015,160.96195919540767,157.7523273944205,159.3221435546875,143716100,0.0,0.0
2025-07-07 00:00:00-04:00,158.18227071828886,159.29214695363126,157.3223664705724,158.22227478027344,140139000,0.0,0.0
2025-07-08 00:00:00-04:00,159.31214783171163,160.20204749093682,158.3722507239072,159.98207092285156,138133000,0.0,0.0
2025-07-09 00:00:00-04:00,161.20193770023792,164.40157611225678,161.14194686393122,162.86175537109375,183656400,0.0,0.0
2025-07-10 00:00:00-04:00,164.30159583301895,164.48156834124046,161.5918927660757,164.0816192626953,167704100,0.0,0.0
2025-07-11 00:00:00-04:00,163.70165728031435,167.87118822352508,163.4516852914618,164.90151977539062,193633300,0.0,0.0
2025-07-14 00:00:00-04:00,165.35146259057728,165.4714595173457,162.00184716942397,164.05162048339844,136975800,0.0,0.0
2025-07-15 00:00:00-04:00,171.17081299302788,172.38066881478494,169.18103056842588,170.6808624267578,230627400,0.0,0.0
2025-07-16 00:00:00-04:00,171.04083672550954,171.73076187811773,168.88107501049606,171.35079956054688,158831500,0.0,0.0
2025-07-17 00:00:00-04:00,172.00073538495315,174.1404950617398,170.81086624213197,172.98062133789062,160841100,0.0,0.0
2025-07-18 00:00:00-04:00,173.62054394819432,174.23047621121117,171.24080573231237,172.39068603515625,146456400,0.0,0.0
2025-07-21 00:00:00-04:00,172.73065099594356,173.36058531454748,170.9808470061149,171.36080932617188,123126100,0.0,0.0
2025-07-22 00:00:00-04:00,171.32080634495316,171.37080379639445,164.5615689540832,167.01129150390625,193114300,0.0,0.0
2025-07-23 00:00:00-04:00,169.511004310231,171.24080620570157,167.95118153678195,170.7608642578125,154082200,0.0,0.0
2025-07-24 00:00:00-04:00,172.42067791171223,173.81052153075,171.28080627636527,173.7205352783203,128984600,0.0,0.0
2025-07-25 00:00:00-04:00,173.59054858813744,174.70042482917586,172.9406275198062,173.48056030273438,122316800,0.0,0.0
2025-07-28 00:00:00-04:00,174.00050427681666,176.98016607778243,173.9505068282037,176.73019409179688,140023500,0.0,0.0
2025-07-29 00:00:00-04:00,177.94006357342778,179.35990260986108,175.00039060425894,175.49032592773438,154077500,0.0,0.0
2025-07-30 00:00:00-04:00,176.49022309733303,179.869849375745,176.0202745228646,179.2499237060547,174312200,0.0,0.0
2025-07-31 00:00:00-04:00,182.87950237318685,183.2794667127293,175.9102820488597,177.85006713867188,221685400,0.0,0.0
2025-08-01 00:00:00-04:00,174.07048465468185,176.52020701181988,170.8708463561498,173.70053100585938,204529000,0.0,0.0
2025-08-04 00:00:00-04:00,175.14037394842856,180.17980241597786,174.500446281802,179.97982788085938,148174600,0.0,0.0
2025-08-05 00:00:00-04:00,179.59986897635343,180.23979665506658,175.8802845759961,178.24002075195312,156407600,0.0,0.0
2025-08-06 00:00:00-04:00,176.31023710297544,179.87982901005608,176.23024423927978,179.39988708496094,137192300,0.0,0.0
2025-08-07 00:00:00-04:00,181.54966930117607,183.85940811228025,178.7799753024853,180.749755859375,151878400,0.0,0.0
2025-08-08 00:00:00-04:00,181.52965464990967,183.27945850723472,180.3797743894202,182.6795196533203,123396700,0.0,0.0
2025-08-11 00:00:00-04:00,182.02960317073044,183.8193958765311,180.22980182096376,182.0395965576172,138323200,0.0,0.0
2025-08-12 00:00:00-04:00,182.9395060522284,184.4593247511904,179.43989822709233,183.1394805908203,145485700,0.0,0.0
2025-08-13 00:00:00-04:00,182.59953978080497,183.9493946696141,179.329917039869,181.5696563720703,179871700,0.0,0.0
2025-08-14 00:00:00-04:00,179.7298534235828,182.99949119039164,179.43989264021437,181.99960327148438,129554000,0.0,0.0
2025-08-15 00:00:00-04:00,181.85962676701382,181.87961354108583,178.02004541114613,180.42977905273438,156602200,0.0,0.0
2025-08-18 00:00:00-04:00,180.57976314427117,182.91949719839158,180.56975450061333,181.98959350585938,132008000,0.0,0.0
2025-08-19 00:00:00-04:00,182.4095478886331,182.47954736718557,175.47033846497254,175.6203155517578,185229200,0.0,0.0
2025-08-20 00:00:00-04:00,175.1503706193276,175.9802794498554,168.7810892510499,175.38034057617188,215142700,0.0,0.0
2025-08-21 00:00:00-04:00,174.83041312567687,176.88017120538285,173.79052111986658,174.96038818359375,140040900,0.0,0.0
2025-08-22 00:00:00-04:00,172.59066018618677,178.56998587344157,171.18081451068767,177.97006225585938,172789400,0.0,0.0
2025-08-25 00:00:00-04:00,178.33002804439553,181.88962682620624,176.5502286534902,179.78985595703125,163012800,0.0,0.0
2025-08-26 00:00:00-04:00,180.0398187111229,182.36955942503778,178.78995879531527,181.7496337890625,168688200,0.0,0.0
2025-08-27 00:00:00-04:00,181.95959791056248,182.46955051009175,179.07993109949993,181.57965087890625,235518900,0.0,0.0
2025-08-28 00:00:00-04:00,180.79974711518173,184.44933204343067,176.39023757757423,180.14981079101562,281787800,0.0,0.0
2025-08-29 00:00:00-04:00,178.09004428153852,178.130033086625,173.13059331145078,174.1604766845703,243257900,0.0,0.0
2025-09-02 00:00:00-04:00,169.980952871088,172.36069109354864,167.20126556823303,170.7608642578125,231164900,0.0,0.0
2025-09-03 00:00:00-04:00,171.0408442884315,172.3906992342715,168.86109570238054,170.60089111328125,164424900,0.0,0.0
2025-09-04 00:00:00-04:00,170.55090333056648,171.8407521362954,169.39102958990665,171.64077758789062,141670100,0.0,0.0
2025-09-05 00:00:00-04:00,168.01117837826322,169.0110663720669,164.05163046676552,167.0012969970703,224441400,0.0,0.0
2025-09-08 00:00:00-04:00,167.53122834914853,170.940849905597,167.33125381142952,168.2911376953125,163769100,0.0,0.0
2025-09-09 00:00:00-04:00,169.0710489481518,170.96083655380463,166.7213214317911,170.74085998535156,157548400,0.0,0.0
2025-09-10 00:00:00-04:00,176.62020974984335,179.26990675759993,175.45034266016896,177.3101348876953,226852000,0.0,0.0
2025-09-11 00:00:00-04:00,179.66999584989978,180.26996857097555,176.4701769393558,177.16014099121094,151159300,0.01,0.0
2025-09-12 00:00:00-04:00,177.76010410307373,178.59005971058946,176.44017029123495,177.8101043701172,124911000,0.0,0.0
2025-09-15 00:00:00-04:00,175.66021109761542,178.84004186496986,174.50027206258352,177.74009704589844,147061600,0.0,0.0
2025-09-16 00:00:00-04:00,176.99014687805604,177.49011904437822,174.37029760906842,174.87026977539062,140737800,0.0,0.0
2025-09-17 00:00:00-04:00,172.63039291663662,173.1903593144249,168.40063256525568,170.280517578125,211843800,0.0,0.0
2025-09-18 00:00:00-04:00,173.9703101424577,177.09014682532762,172.95037791227023,176.23019409179688,191763300,0.0,0.0
2025-09-19 00:00:00-04:00,175.7602124903078,178.07008136373162,175.17023376194967,176.66015625,237182100,0.0,0.0
2025-09-22 00:00:00-04:00,175.29024236301854,184.53972732383275,174.70027887607205,183.5997772216797,269637000,0.0,0.0
2025-09-23 00:00:00-04:00,181.9598706713119,182.409842567533,176.20019683221489,178.42005920410156,192559600,0.0,0.0
2025-09-24 00:00:00-04:00,179.75999113536878,179.76998508551358,175.39022416770254,176.96014404296875,143564100,0.0,0.0
2025-09-25 00:00:00-04:00,174.47028665549124,180.24996380236055,173.12037093203185,177.68011474609375,191586700,0.0,0.0
2025-09-26 00:00:00-04:00,178.16008106951017,179.75999811527313,174.920255917913,178.18008422851562,148573700,0.0,0.0
2025-09-29 00:00:00-04:00,180.4199550960203,183.98976381560166,180.30997586310093,181.8398895263672,193063500,0.0,0.0
2025-09-30 00:00:00-04:00,182.06986121505474,187.3395719841704,181.4698885277926,186.56961059570312,236981000,0.0,0.0
2025-10-01 00:00:00-04:00,185.22969505995906,188.12952754318238,183.88975804814035,187.22958374023438,173844900,0.0,0.0
2025-10-02 00:00:00-04:00,189.5894532800495,191.0393695238543,188.04953044946197,188.87948608398438,136805800,0.0,0.0
2025-10-03 00:00:00-04:00,189.1794627061203,190.34939569471342,185.36967740169,187.6095428466797,137596900,0.0,0.0
2025-10-06 00:00:00-04:00,185.48967202648717,187.21957143407985,183.31979467524326,185.5296630859375,157678100,0.0,0.0
2025-10-07 00:00:00-04:00,186.21962980709273,189.0494741147918,183.9897582054133,185.02969360351562,140088000,0.0,0.0
2025-10-08 00:00:00-04:00,186.55962017208088,189.58945025835604,186.52960780500513,189.09947204589844,130168900,0.0,0.0
2025-10-09 00:00:00-04:00,192.21928773885006,195.28912405123697,191.04935474353755,192.5592803955078,182997200,0.0,0.0
2025-10-10 00:00:00-04:00,193.49922565779727,195.6091088464203,182.0398719523004,183.14981079101562,268774400,0.0,0.0
2025-10-13 00:00:00-04:00,187.9595379156231,190.09941818271824,185.94965529464977,188.3095245361328,153482800,0.0,0.0
2025-10-14 00:00:00-04:00,184.75971529942103,184.78971240822688,179.68999030007896,180.0199737548828,205641400,0.0,0.0
2025-10-15 00:00:00-04:00,184.7897166440438,184.85970481354866,177.2801249034248,179.8199920654297,214450500,0.0,0.0
2025-10-16 00:00:00-04:00,182.21985578014733,183.26980040587233,179.76000120804414,181.7998809814453,179723300,0.0,0.0
2025-10-17 00:00:00-04:00,180.16996892604442,184.08976427610557,179.74000017155936,183.20980834960938,173135200,0.0,0.0
2025-10-20 00:00:00-04:00,183.1198152646831,185.18969215276272,181.71988400794234,182.6298370361328,128544700,0.0,0.0
2025-10-21 00:00:00-04:00,182.77981647710283,182.77981647710283,179.78999271004406,181.14991760253906,124240200,0.0,0.0
2025-10-22 00:00:00-04:00,181.1299112106735,183.42978616900905,176.7501502622395,180.26995849609375,162249600,0.0,0.0
2025-10-23 00:00:00-04:00,180.40994799999942,183.01980322210497,179.7799782111653,182.1498565673828,111363700,0.0,0.0
2025-10-24 00:00:00-04:00,183.8297551720498,187.45955783835475,183.48977777431884,186.24961853027344,131296700,0.0,0.0
2025-10-27 00:00:00-04:00,189.979423148828,191.98930570001696,188.41949722334647,191.47933959960938,153452700,0.0,0.0
2025-10-28 00:00:00-04:00,193.03926234185508,203.1386912540773,191.89932637827522,201.01881408691406,297986200,0.0,0.0
2025-10-29 00:00:00-04:00,207.96842303697136,212.1781954922272,204.76860414707738,207.02847290039062,308829600,0.0,0.0
2025-10-30 00:00:00-04:00,205.1385766163601,206.1485301715792,201.39879452489242,202.8787078857422,178864400,0.0,0.0
2025-10-31 00:00:00-04:00,206.43850017947892,207.95841980607935,202.05875446792163,202.47872924804688,179802200,0.0,0.0
2025-11-03 00:00:00-05:00,208.06841462190084,211.32822759164594,205.5485506791992,206.8684844970703,180267300,0.0,0.0
2025-11-04 00:00:00-05:00,202.98869740675082,203.9586446199207,197.9189723693821,198.67893981933594,188919300,0.0,0.0
2025-11-05 00:00:00-05:00,198.75894188581304,202.90870481768462,194.63916080574026,195.1991424560547,171350300,0.0,0.0
2025-11-06 00:00:00-05:00,196.40906647995496,197.60899664277025,186.3696319662745,188.0695343017578,223029800,0.0,0.0
2025-11-07 00:00:00-05:00,184.8897071775586,188.3095303364016,178.90005019006267,188.1395263671875,264942300,0.0,0.0
2025-11-10 00:00:00-05:00,195.09914200543773,199.9288750287355,193.7792081445882,199.03892517089844,198897100,0.0,0.0
2025-11-11 00:00:00-05:00,195.14913483203398,195.40911485928362,191.28934919242405,193.1492462158203,176483300,0.0,0.0
2025-11-12 00:00:00-05:00,195.70910637927892,195.87909508520013,191.1193655455878,193.78921508789062,154935300,0.0,0.0
2025-11-13 00:00:00-05:00,191.03936321053533,191.42934088057365,183.8397672401686,186.84959411621094,207423100,0.0,0.0
2025-11-14 00:00:00-05:00,182.8498180673128,190.99935813210442,180.56994624954729,190.15940856933594,186591900,0.0,0.0
2025-11-17 00:00:00-05:00,185.95964506857126,188.98947511566342,184.30974305565786,186.58961486816406,173628900,0.0,0.0
2025-11-18 00:00:00-05:00,183.36979105504545,184.7897101334883,179.63998782140993,181.3498992919922,213598900,0.0,0.0
2025-11-19 00:00:00-05:00,184.7796984316032,187.8495347223247,182.8198161698128,186.50961303710938,247246400,0.0,0.0
2025-11-20 00:00:00-05:00,195.9390891568929,195.9890894251709,179.83999453744622,180.62994384765625,343504800,0.0,0.0
2025-11-21 00:00:00-05:00,181.22991004695137,184.54971718190046,172.92036011460985,178.8700408935547,346926200,0.0,0.0
2025-11-24 00:00:00-05:00,179.48001348627363,183.4897847612219,176.47017128450955,182.5398406982422,256618300,0.0,0.0
2025-11-25 00:00:00-05:00,174.90026276869568,178.15008177330986,169.54056066153746,177.8101043701172,320600300,0.0,0.0
2025-11-26 00:00:00-05:00,181.61988829154,182.8998157763143,178.2300777211247,180.2499542236328,183852000,0.0,0.0
2025-11-28 00:00:00-05:00,179.0000253919654,179.28000857805475,176.49017066740046,176.99014282226562,121332800,0.0,0.0
2025-12-01 00:00:00-05:00,174.75027181562072,180.28997214473748,173.67033006996684,179.9099884033203,188131000,0.0,0.0
2025-12-02 00:00:00-05:00,181.74987648908228,185.6496685428864,179.98997995570696,181.4499053955078,182632200,0.0,0.0
2025-12-03 00:00:00-05:00,181.06992440272873,182.43984327721986,179.1000328161426,179.5800018310547,165138000,0.0,0.0
2025-12-04 00:00:00-05:00,181.6199951171875,184.52000427246094,179.9600067138672,183.3800048828125,167364900,0.01,0.0
2025-12-05 00:00:00-05:00,183.88999938964844,184.66000366210938,180.91000366210938,182.41000366210938,143971100,0.0,0.0
2025-12-08 00:00:00-05:00,182.63999938964844,188.0,182.39999389648438,185.5500030517578,204378100,0.0,0.0
2025-12-09 00:00:00-05:00,185.55999755859375,185.72000122070312,183.32000732421875,184.97000122070312,144719700,0.0,0.0
2025-12-10 00:00:00-05:00,184.97000122070312,185.47999572753906,182.0399932861328,183.77999877929688,162785400,0.0,0.0
2025-12-11 00:00:00-05:00,180.27999877929688,181.32000732421875,176.6199951171875,180.92999267578125,182136600,0.0,0.0
2025-12-12 00:00:00-05:00,181.11000061035156,182.82000732421875,174.6199951171875,175.02000427246094,204274900,0.0,0.0
2025-12-15 00:00:00-05:00,177.94000244140625,178.4199981689453,175.02999877929688,176.2899932861328,164775600,0.0,0.0
2025-12-16 00:00:00-05:00,176.25999450683594,178.49000549316406,174.89999389648438,177.72000122070312,148588100,0.0,0.0
2025-12-17 00:00:00-05:00,176.10000610351562,176.1300048828125,170.30999755859375,170.94000244140625,222775500,0.0,0.0
2025-12-18 00:00:00-05:00,174.52999877929688,176.14999389648438,171.82000732421875,174.13999938964844,176096000,0.0,0.0
2025-12-19 00:00:00-05:00,176.6699981689453,181.4499969482422,176.33999633789062,180.99000549316406,324925900,0.0,0.0
2025-12-22 00:00:00-05:00,183.9199981689453,184.16000366210938,182.35000610351562,183.69000244140625,129064400,0.0,0.0
2025-12-23 00:00:00-05:00,182.97000122070312,189.3300018310547,182.89999389648438,189.2100067138672,174873600,0.0,0.0
2025-12-24 00:00:00-05:00,187.94000244140625,188.91000366210938,186.58999633789062,188.61000061035156,65528500,0.0,0.0
2025-12-26 00:00:00-05:00,189.9199981689453,192.69000244140625,188.0,190.52999877929688,139740300,0.0,0.0
2025-12-29 00:00:00-05:00,187.7100067138672,188.75999450683594,185.91000366210938,188.22000122070312,120006100,0.0,0.0
2025-12-30 00:00:00-05:00,188.24000549316406,188.99000549316406,186.92999267578125,187.5399932861328,97687300,0.0,0.0
2025-12-31 00:00:00-05:00,189.57000732421875,190.55999755859375,186.49000549316406,186.5,120100500,0.0,0.0
2026-01-02 00:00:00-05:00,189.83999633789062,192.92999267578125,188.25999450683594,188.85000610351562,148240500,0.0,0.0
2026-01-05 00:00:00-05:00,191.75999450683594,193.6300048828125,186.14999389648438,188.1199951171875,183529700,0.0,0.0
2026-01-06 00:00:00-05:00,190.52000427246094,192.1699981689453,186.82000732421875,187.24000549316406,176862600,0.0,0.0
2026-01-07 00:00:00-05:00,188.57000732421875,191.3699951171875,186.55999755859375,189.11000061035156,153543200,0.0,0.0
2026-01-08 00:00:00-05:00,189.11000061035156,189.5500030517578,183.7100067138672,185.0399932861328,172457000,0.0,0.0
2026-01-09 00:00:00-05:00,185.0800018310547,186.33999633789062,183.6699981689453,184.86000061035156,131327500,0.0,0.0
2026-01-12 00:00:00-05:00,183.22000122070312,187.1199951171875,183.02000427246094,184.94000244140625,137968500,0.0,0.0
2026-01-13 00:00:00-05:00,185.0,188.11000061035156,183.39999389648438,185.80999755859375,160128900,0.0,0.0
2026-01-14 00:00:00-05:00,184.32000732421875,184.4600067138672,180.8000030517578,183.13999938964844,159586100,0.0,0.0
2026-01-15 00:00:00-05:00,186.5,189.6999969482422,186.3300018310547,187.0500030517578,206188600,0.0,0.0
2026-01-16 00:00:00-05:00,189.0800018310547,190.44000244140625,186.0800018310547,186.22999572753906,187967200,0.0,0.0
2026-01-20 00:00:00-05:00,181.89999389648438,182.3800048828125,177.61000061035156,178.07000732421875,223345300,0.0,0.0
2026-01-21 00:00:00-05:00,179.0500030517578,185.3800048828125,178.39999389648438,183.32000732421875,200381000,0.0,0.0
2026-01-22 00:00:00-05:00,184.75,186.1699981689453,183.92999267578125,184.83999633789062,139636600,0.0,0.0
2026-01-23 00:00:00-05:00,187.5,189.60000610351562,186.82000732421875,187.6699981689453,142748100,0.0,0.0
2026-01-26 00:00:00-05:00,187.16000366210938,189.1199951171875,185.99000549316406,186.47000122070312,124799600,0.0,0.0
2026-01-27 00:00:00-05:00,187.24000549316406,190.0,185.6999969482422,188.52000427246094,143711600,0.0,0.0
2026-01-28 00:00:00-05:00,191.27000427246094,192.35000610351562,189.83999633789062,191.52000427246094,148552700,0.0,0.0
2026-01-29 00:00:00-05:00,191.33999633789062,193.47999572753906,186.05999755859375,192.50999450683594,171764400,0.0,0.0
2026-01-30 00:00:00-05:00,191.2100067138672,194.49000549316406,189.47000122070312,191.1300048828125,179489500,0.0,0.0
2026-02-02 00:00:00-05:00,187.1999969482422,190.3000030517578,184.8800048828125,185.61000061035156,165794100,0.0,0.0
2026-02-03 00:00:00-05:00,186.24000549316406,186.27000427246094,176.22999572753906,180.33999633789062,204019600,0.0,0.0
2026-02-04 00:00:00-05:00,179.4600067138672,179.5800018310547,171.91000366210938,174.19000244140625,207014100,0.0,0.0
2026-02-05 00:00:00-05:00,174.92999267578125,176.82000732421875,171.02999877929688,171.8800048828125,206312900,0.0,0.0
2026-02-06 00:00:00-05:00,176.69000244140625,187.0,174.60000610351562,185.41000366210938,231346200,0.0,0.0
2026-02-09 00:00:00-05:00,184.25999450683594,193.66000366210938,183.9499969482422,190.0399932861328,196387400,0.0,0.0
2026-02-10 00:00:00-05:00,191.3800048828125,192.47999572753906,188.1199951171875,188.5399932861328,136764800,0.0,0.0
2026-02-11 00:00:00-05:00,192.4199981689453,193.25999450683594,188.77000427246094,190.0500030517578,143008331,0.0,0.0
