Date,Open,High,Low,Close,Volume,Dividends,Stock Splits
2012-05-18 00:00:00-04:00,41.7583025202686,44.687839417507796,37.73639773033992,37.96480178833008,573576400,0.0,0.0
2012-05-21 00:00:00-04:00,36.27659555082078,36.40569482064785,32.77108385384205,33.79393768310547,168192700,0.0,0.0
2012-05-22 00:00:00-04:00,32.383788169195476,33.35698954876293,30.72537272298183,30.784955978393555,101786600,0.0,0.0
2012-05-23 00:00:00-04:00,31.152391906519483,32.274552434682846,31.142461047707002,31.77802085876465,73600000,0.0,0.0
2012-05-24 00:00:00-04:00,32.721429725047805,32.97962446282299,31.549614970349158,32.800872802734375,50237200,0.0,0.0
2012-05-25 00:00:00-04:00,32.67177857725991,32.72143097624199,30.894194660760693,31.688644409179688,37149800,0.0,0.0
2012-05-29 00:00:00-04:00,31.261628349709188,31.47017260176927,28.451259635252747,28.639942169189453,78063400,0.0,0.0
2012-05-30 00:00:00-04:00,28.500913970985476,29.345016157131653,27.666740749797373,27.99445152282715,57267900,0.0,0.0
2012-05-31 00:00:00-04:00,28.351954851391515,29.464186517802418,26.643886754025367,29.394672393798828,111639200,0.0,0.0
2012-06-01 00:00:00-04:00,28.689593927470575,28.947790574935443,27.199999195716256,27.5277099609375,41855500,0.0,0.0
2012-06-04 00:00:00-04:00,27.01131805700868,27.458195331740786,26.25658984635005,26.713397979736328,35230300,0.0,0.0
2012-06-05 00:00:00-04:00,26.514786454464442,27.567432846906506,25.57137571884075,25.69054412841797,42473400,0.0,0.0
2012-06-06 00:00:00-04:00,25.889158763203977,26.981528722882516,25.342974730423627,26.624025344848633,61489200,0.0,0.0
2012-06-07 00:00:00-04:00,26.812705102509298,27.1602775845135,25.968601044532697,26.127490997314453,26159500,0.0,0.0
2012-06-08 00:00:00-04:00,26.365828092654517,27.567435590170728,26.25659242496599,26.91201400756836,38034000,0.0,0.0
2012-06-11 00:00:00-04:00,26.991456460274623,27.87528204915044,26.653814840994905,26.822635650634766,28219600,0.0,0.0
2012-06-12 00:00:00-04:00,27.289373484666633,27.57736269232864,26.77298021900082,27.209928512573242,15816800,0.0,0.0
2012-06-13 00:00:00-04:00,27.468127470025763,27.905075800576995,26.91201261830819,27.080833435058594,17102800,0.0,0.0
2012-06-14 00:00:00-04:00,27.45819592071798,28.123548311878448,27.19006841365682,28.09375762939453,16855000,0.0,0.0
2012-06-15 00:00:00-04:00,28.3122298841436,29.89120040236507,28.153339935880094,29.80182456970215,43563800,0.0,0.0
2012-06-18 00:00:00-04:00,29.75217334804142,31.857470115133854,29.205989331273653,31.192115783691406,42978900,0.0,0.0
2012-06-19 00:00:00-04:00,31.321212110830004,31.9567719095652,30.487038927931255,31.688644409179688,30849000,0.0,0.0
2012-06-20 00:00:00-04:00,31.698576342638027,31.7085072015947,30.933917250033105,31.380796432495117,15553600,0.0,0.0
2012-06-21 00:00:00-04:00,31.450310275706837,32.27455262071737,31.291420322026564,31.619131088256836,21875300,0.0,0.0
2012-06-22 00:00:00-04:00,32.18517612961737,33.21796270162605,31.83760554684292,32.820735931396484,74834000,0.0,0.0
2012-06-25 00:00:00-04:00,32.632052294430416,32.79094223024521,31.331138340535308,31.837602615356445,24352900,0.0,0.0
2012-06-26 00:00:00-04:00,32.463232299937594,33.20802964615285,32.274551669327735,32.87038803100586,24858700,0.0,0.0
2012-06-27 00:00:00-04:00,32.234828013543805,32.67177821145846,31.678713195876906,32.00642395019531,28568000,0.0,0.0
2012-06-28 00:00:00-04:00,31.738298166489294,31.966702242170232,30.68565173125383,31.1424617767334,17713300,0.0,0.0
2012-06-29 00:00:00-04:00,31.69857546298254,31.76808957963253,30.54662237362308,30.88426399230957,19526900,0.0,0.0
2012-07-02 00:00:00-04:00,31.033220796459684,31.50989061330511,30.338075892971993,30.556550979614258,14122000,0.0,0.0
2012-07-03 00:00:00-04:00,30.695582774546278,31.221906942382066,30.586345218513753,30.983572006225586,8763600,0.0,0.0
2012-07-05 00:00:00-04:00,31.102738442356667,31.4105874972872,30.804820246503596,31.251697540283203,10032100,0.0,0.0
2012-07-06 00:00:00-04:00,31.22190608768046,31.678714229279137,31.043154416927013,31.5098934173584,10945600,0.0,0.0
2012-07-09 00:00:00-04:00,31.87732426437699,32.65191606492963,31.76808861045283,31.94683837890625,17785200,0.0,0.0
2012-07-10 00:00:00-04:00,32.205039176424876,32.254691577694494,30.94384848535267,31.251697540283203,14269500,0.0,0.0
2012-07-11 00:00:00-04:00,31.26162559556983,31.34107056694657,30.338076619491744,30.755163192749023,13030300,0.0,0.0
2012-07-12 00:00:00-04:00,30.487037769806687,31.1821807997372,30.387731081497318,30.59627342224121,11300700,0.0,0.0
2012-07-13 00:00:00-04:00,30.824682602050288,30.854473285780987,30.348010827063998,30.506900787353516,8108300,0.0,0.0
2012-07-16 00:00:00-04:00,30.288427369784465,30.288427369784465,28.014311749892993,28.054035186767578,24672100,0.0,0.0
2012-07-17 00:00:00-04:00,28.282437523988904,28.391675074546267,26.961663635164157,27.895143508911133,30438600,0.0,0.0
2012-07-18 00:00:00-04:00,28.11361793466846,29.086821285032276,27.954727978306554,28.908069610595703,16841800,0.0,0.0
2012-07-19 00:00:00-04:00,29.205987688004953,29.29536352486446,28.431397733261765,28.798831939697266,13685100,0.0,0.0
2012-07-20 00:00:00-04:00,28.798830296574803,29.265569278119724,28.52077194286348,28.560495376586914,11869100,0.0,0.0
2012-07-23 00:00:00-04:00,27.924934899520746,28.798829584536346,27.815697353599724,28.55056381225586,12390700,0.0,0.0
2012-07-24 00:00:00-04:00,28.62008163717256,29.24571252516324,27.90507680215813,28.252649307250977,11539800,0.0,0.0
2012-07-25 00:00:00-04:00,28.19306380622847,29.28543371141978,27.885214742786886,29.136474609375,17230200,0.0,0.0
2012-07-26 00:00:00-04:00,27.55750233374935,28.034172189798944,26.544577469055735,26.663745880126953,64597400,0.0,0.0
2012-07-27 00:00:00-04:00,23.029135103256458,24.36977074182211,22.125447783404145,23.5455265045166,123102300,0.0,0.0
2012-07-30 00:00:00-04:00,23.833514414736037,23.87323784793702,22.87024388902277,22.989410400390625,29285900,0.0,0.0
2012-07-31 00:00:00-04:00,23.20788511366036,23.20788511366036,21.460093857986386,21.559398651123047,56179400,0.0,0.0
2012-08-01 00:00:00-04:00,21.350853049835056,21.430298008674406,20.695431665881127,20.735153198242188,44604400,0.0,0.0
2012-08-02 00:00:00-04:00,20.625921336552278,20.695435451487565,19.682510620413872,19.900985717773438,56374500,0.0,0.0
2012-08-03 00:00:00-04:00,20.218767028172223,22.006280001355112,19.76195697868558,20.943702697753906,80647000,0.0,0.0
2012-08-06 00:00:00-04:00,21.241620184260825,21.996348405976992,21.152244349181434,21.7679443359375,27778900,0.0,0.0
2012-08-07 00:00:00-04:00,22.046002105126295,22.294267886066375,20.357794037086702,20.57626724243164,36782900,0.0,0.0
2012-08-08 00:00:00-04:00,20.566336383899927,21.003284688707396,20.079735680551476,20.57626724243164,29537400,0.0,0.0
2012-08-09 00:00:00-04:00,20.606063040005026,21.023149692965024,20.467034787057656,20.864259719848633,15610700,0.0,0.0
2012-08-10 00:00:00-04:00,21.261481785808634,21.66863752378453,20.983423423288514,21.658706665039062,25794700,0.0,0.0
2012-08-13 00:00:00-04:00,21.99634682343607,22.29426688363921,21.251549514104482,21.450162887573242,24973100,0.0,0.0
2012-08-14 00:00:00-04:00,21.26148422622707,21.450166775812843,20.109530997177444,20.238628387451172,39308800,0.0,0.0
2012-08-15 00:00:00-04:00,20.49682176197079,21.261480802965398,20.258486845449912,21.05293846130371,47861100,0.0,0.0
2012-08-16 00:00:00-04:00,20.29821003977652,20.33793157833722,19.55341272411763,19.73216438293457,157565300,0.0,0.0
2012-08-17 00:00:00-04:00,19.871192014861307,19.94070612585197,18.86819809913928,18.917850494384766,129293400,0.0,0.0
2012-08-20 00:00:00-04:00,18.917853183487036,19.990361362652767,18.619934981431232,19.87119483947754,101186600,0.0,0.0
2012-08-21 00:00:00-04:00,19.444172779000663,19.84139758617854,18.957572153443103,19.02708625793457,70640600,0.0,0.0
2012-08-22 00:00:00-04:00,19.225704098380696,19.394524917620856,18.828477304320746,19.30514907836914,49892200,0.0,0.0
2012-08-23 00:00:00-04:00,19.36473233983104,19.5931364205331,19.225704098380696,19.30514907836914,32813700,0.0,0.0
2012-08-24 00:00:00-04:00,19.384591931166927,19.543481873707844,19.116464442835063,19.275354385375977,29622200,0.0,0.0
2012-08-27 00:00:00-04:00,19.354802064313084,19.39452550256424,18.967508011953257,19.017160415649414,20704000,0.0,0.0
2012-08-28 00:00:00-04:00,18.96750425713188,19.245560693374554,18.818545181413672,19.205839157104492,25417000,0.0,0.0
2012-08-29 00:00:00-04:00,19.18598154757059,19.245564811784774,18.93771573687404,18.96750831604004,16124700,0.0,0.0
2012-08-30 00:00:00-04:00,19.136328431825568,19.31508011194215,18.927784173650302,18.957576751708984,30647500,0.0,0.0
2012-08-31 00:00:00-04:00,18.550421014964595,18.570282733698363,17.90493030905909,17.934720993041992,58764200,0.0,0.0
2012-09-04 00:00:00-04:00,17.954582382694785,18.143264918971823,17.428258210603143,17.607009887695312,46622400,0.0,0.0
2012-09-05 00:00:00-04:00,18.143261833929742,18.61993162904512,18.053886010580932,18.45111083984375,60781800,0.0,0.0
2012-09-06 00:00:00-04:00,18.610000861182346,19.12639408876987,18.590139146094195,18.828474044799805,46066500,0.0,0.0
2012-09-07 00:00:00-04:00,18.96750749821855,19.285287419149576,18.649727577287525,18.848339080810547,36371700,0.0,0.0
2012-09-10 00:00:00-04:00,18.92778353911794,19.06681367127987,18.421321093805446,18.67951774597168,24797800,0.0,0.0
2012-09-11 00:00:00-04:00,18.788755074824284,19.444176609308577,18.719240956639233,19.295217514038086,50508200,0.0,0.0
2012-09-12 00:00:00-04:00,20.61599021685791,21.013215078681103,20.139320382670082,20.78481101989746,121584000,0.0,0.0
2012-09-13 00:00:00-04:00,20.81460338089376,21.330996690006653,20.467032782565564,20.56633758544922,65041600,0.0,0.0
2012-09-14 00:00:00-04:00,20.983421618474576,21.926832282855685,20.75501756932714,21.847387313842773,72819800,0.0,0.0
2012-09-17 00:00:00-04:00,22.5127441875793,22.592189172641458,21.3508600972216,21.3707218170166,50667600,0.0,0.0
2012-09-18 00:00:00-04:00,21.45016661118397,21.827529813341428,21.221762517927672,21.718294143676758,36760500,0.0,0.0
2012-09-19 00:00:00-04:00,21.83745767099614,23.207885830366855,21.618984467584067,23.128440856933594,78782800,0.0,0.0
2012-09-20 00:00:00-04:00,22.86031365153248,23.07878685771825,22.383643804881206,22.43329620361328,57248900,0.0,0.0
2012-09-21 00:00:00-04:00,22.810661217302805,23.078788738185363,22.44322889086471,22.701425552368164,51218100,0.0,0.0
2012-09-24 00:00:00-04:00,21.628916696894553,21.82752819600715,20.218766908489012,20.645784378051758,79106500,0.0,0.0
2012-09-25 00:00:00-04:00,21.052942490123467,21.062871456192386,20.07973902711146,20.139324188232422,46291700,0.0,0.0
2012-09-26 00:00:00-04:00,20.010224013056458,20.63585491827283,19.662651498393785,20.476964950561523,38271900,0.0,0.0
2012-09-27 00:00:00-04:00,20.844397169738134,20.854328029427236,20.02015475672072,20.179044723510742,30215900,0.0,0.0
2012-09-28 00:00:00-04:00,20.427307623146,21.797735759114953,20.357793509343633,21.509746551513672,65486000,0.0,0.0
2012-10-01 00:00:00-04:00,21.926833488679613,22.433295904282897,21.579261019839997,21.83745765686035,51262700,0.0,0.0
2012-10-02 00:00:00-04:00,21.926836026036145,22.333991798498495,21.668639359137472,22.11551856994629,29341400,0.0,0.0
2012-10-03 00:00:00-04:00,22.1453068720009,22.333989395610917,21.648775310798033,21.67856788635254,32000100,0.0,0.0
2012-10-04 00:00:00-04:00,22.16516749060901,22.244612460699752,21.261480245532777,21.7977352142334,46892100,0.0,0.0
2012-10-05 00:00:00-04:00,21.340926335495787,21.479954566920764,20.735157222942522,20.764949798583984,40529300,0.0,0.0
2012-10-08 00:00:00-04:00,20.258485794067383,20.606058239582627,20.0201508899157,20.258485794067383,32236700,0.0,0.0
2012-10-09 00:00:00-04:00,20.24855439105111,20.4074443228737,19.83146784648745,20.089664459228516,27161800,0.0,0.0
2012-10-10 00:00:00-04:00,19.7917486027604,19.801679461414125,19.315078752087377,19.503759384155273,39321800,0.0,0.0
2012-10-11 00:00:00-04:00,19.74209635000885,19.821541333332352,19.473970715115673,19.612998962402344,21817300,0.0,0.0
2012-10-12 00:00:00-04:00,19.612998043208872,19.662650445164843,19.344870526764094,19.384593963623047,18809400,0.0,0.0
2012-10-15 00:00:00-04:00,19.543483922823423,19.742095424765033,19.35480138597883,19.384593963623047,20189700,0.0,0.0
2012-10-16 00:00:00-04:00,19.54348300033184,19.553413859077825,19.166117944455046,19.34486961364746,21834700,0.0,0.0
2012-10-17 00:00:00-04:00,19.36473088681641,20.337932292181016,19.235633514316042,19.742094039916992,44074500,0.0,0.0
2012-10-18 00:00:00-04:00,19.563345797023093,19.65272163654966,18.75896324128398,18.848339080810547,52157400,0.0,0.0
2012-10-19 00:00:00-04:00,18.868200302124023,18.927783562198833,18.66958690971775,18.868200302124023,34835000,0.0,0.0
2012-10-22 00:00:00-04:00,19.066813325297716,19.29521739625946,18.917852336818825,19.18597984313965,32447300,0.0,0.0
2012-10-23 00:00:00-04:00,19.116465055025543,19.66264901323638,18.96750596588782,19.364730834960938,78381200,0.0,0.0
2012-10-24 00:00:00-04:00,23.9626116940018,24.081780099037623,22.691492142246588,23.06885528564453,228949900,0.0,0.0
2012-10-25 00:00:00-04:00,23.128440933840082,23.148300756676253,22.314127585794445,22.40350341796875,76142000,0.0,0.0
2012-10-26 00:00:00-04:00,22.244613686924716,22.721283533745385,21.728220405810195,21.787805557250977,73175800,0.0,0.0
2012-10-31 00:00:00-04:00,20.675572812271188,21.35085600286238,20.586196984450737,20.96356201171875,99378200,0.0,0.0
2012-11-01 00:00:00-04:00,20.933772640209934,21.291276006182976,20.864258517741348,21.062870025634766,37713900,0.0,0.0
2012-11-02 00:00:00-04:00,21.112522214034527,21.53953965981669,20.92383969038524,21.033077239990234,38344400,0.0,0.0
2012-11-05 00:00:00-05:00,20.953633370838702,21.330996543918186,20.77488169628401,21.10259246826172,31806700,0.0,0.0
2012-11-06 00:00:00-05:00,21.092659788849435,21.22175905116065,20.844394016531364,21.02314567565918,29062700,0.0,0.0
2012-11-07 00:00:00-05:00,20.7053660619213,20.80467275097549,20.228696227402224,20.328001022338867,33396800,0.0,0.0
2012-11-08 00:00:00-05:00,20.37765389286799,20.58619622063309,19.841398945842162,19.851329803466797,34254600,0.0,0.0
2012-11-09 00:00:00-05:00,19.82153953356673,19.86126296868056,18.997297196131193,19.07674217224121,42295500,0.0,0.0
2012-11-12 00:00:00-05:00,19.017156626287488,20.030081370442936,18.739100190406127,19.930774688720703,67349200,0.0,0.0
2012-11-13 00:00:00-05:00,19.473970822283874,19.970502444317688,19.4243165236098,19.72223663330078,71775100,0.0,0.0
2012-11-14 00:00:00-05:00,19.960570118175312,22.343921350020644,19.79174930332156,22.204893112182617,229751000,0.0,0.0
2012-11-15 00:00:00-05:00,22.185031370705453,22.343921326385892,21.49981725301,22.016210556030273,78857700,0.0,0.0
2012-11-16 00:00:00-05:00,22.095654244478222,23.764000575884154,22.026140129689235,23.39656639099121,107182200,0.0,0.0
2012-11-19 00:00:00-05:00,23.793793986435652,23.952685845188373,22.661702514882315,22.761009216308594,85021300,0.0,0.0
2012-11-20 00:00:00-05:00,22.572324115372794,23.734208033937954,22.5425334342029,22.93975830078125,46655300,0.0,0.0
2012-11-21 00:00:00-05:00,23.0589249004629,24.359838947813788,22.89010409476716,24.151294708251953,89862400,0.0,0.0
2012-11-23 00:00:00-05:00,24.40949561489894,24.508802322813914,23.714350553612046,23.833518981933594,29520900,0.0,0.0
2012-11-26 00:00:00-05:00,24.766994345293483,25.90901653612441,24.6378950810615,25.76005744934082,123865000,0.0,0.0
2012-11-27 00:00:00-05:00,25.859365567325987,26.31617371125046,25.28338711680227,25.96860122680664,85760600,0.0,0.0
2012-11-28 00:00:00-05:00,25.760060286223933,26.306244295952656,25.571377745322945,26.177146911621094,49205600,0.0,0.0
2012-11-29 00:00:00-05:00,26.31617218722624,27.32909700524731,25.978530581219214,27.130483627319336,88759700,0.0,0.0
2012-11-30 00:00:00-05:00,27.07090058576666,27.805767059326172,26.574369031135834,27.805767059326172,127049600,0.0,0.0
2012-12-03 00:00:00-05:00,27.805770124431923,28.679664923502248,26.79284518673935,26.85243034362793,123526100,0.0,0.0
2012-12-04 00:00:00-05:00,26.872289189662702,27.567434175100285,26.494926013702504,27.269514083862305,72869200,0.0,0.0
2012-12-05 00:00:00-05:00,27.557503741046613,27.7064628419044,27.07090300138172,27.517780303955078,58976300,0.0,0.0
2012-12-06 00:00:00-05:00,27.487985133660835,27.55749924310718,26.633950316765883,26.782909393310547,46001500,0.0,0.0
2012-12-07 00:00:00-05:00,26.882218375677965,27.58729417635251,26.653814312493395,27.299304962158203,51751900,0.0,0.0
2012-12-10 00:00:00-05:00,26.981524925626086,27.974588041189623,26.912010810595447,27.64687728881836,50608500,0.0,0.0
2012-12-11 00:00:00-05:00,27.87527975748555,28.044100553246423,27.468124054906536,27.785903930664062,77099100,0.0,0.0
2012-12-12 00:00:00-05:00,27.805766071227644,27.944794295466185,27.180137168036723,27.38867950439453,46704200,0.0,0.0
2012-12-13 00:00:00-05:00,27.39861107894864,28.550564123352775,27.239721134487212,28.04410171508789,81051600,0.0,0.0
2012-12-14 00:00:00-05:00,27.984522838052584,28.13348194752742,26.574372939729635,26.624025344848633,91631600,0.0,0.0
2012-12-17 00:00:00-05:00,26.584299582755193,26.812703640661507,26.13742043109715,26.564437866210938,57742500,0.0,0.0
2012-12-18 00:00:00-05:00,26.772982905548414,27.716393701177285,26.713399644028847,27.517780303955078,60512900,0.0,0.0
2012-12-19 00:00:00-05:00,27.636946664742773,28.024240676979364,26.763051949047558,27.219860076904297,61390300,0.0,0.0
2012-12-20 00:00:00-05:00,27.299305351421662,27.408542902379555,26.941802016735902,27.170207977294922,35574800,0.0,0.0
2012-12-21 00:00:00-05:00,26.47506378423434,26.822636270241567,25.93881066094925,26.077838897705078,54555200,0.0,0.0
2012-12-24 00:00:00-05:00,26.31617143359806,26.77297953798601,26.01825326935527,26.743188858032227,28230100,0.0,0.0
2012-12-26 00:00:00-05:00,26.842496481002755,26.991455568323087,26.197003945752055,26.32610321044922,33175400,0.0,0.0
2012-12-27 00:00:00-05:00,26.365826710985637,26.614092506358826,25.342972846283427,25.869295120239258,43481700,0.0,0.0
2012-12-28 00:00:00-05:00,25.303247229392905,25.92887804052683,24.97553648350479,25.73026466369629,56574800,0.0,0.0
2012-12-31 00:00:00-05:00,26.01825429844046,26.802773172172106,25.928878466809095,26.435340881347656,60374500,0.0,0.0
2013-01-02 00:00:00-05:00,27.249652248492566,27.98451872205208,27.229790531719118,27.805767059326172,69846400,0.0,0.0
2013-01-03 00:00:00-05:00,27.686599625753058,28.27250703233653,27.39861229888799,27.577363967895508,63140600,0.0,0.0
2013-01-04 00:00:00-05:00,27.81569804133067,28.729316181676367,27.636946377810357,28.560495376586914,72715400,0.0,0.0
2013-01-07 00:00:00-05:00,28.490981951338036,29.583351781645824,28.45125851665306,29.215917587280273,83781800,0.0,0.0
2013-01-08 00:00:00-05:00,29.305296731076773,29.394672575094862,28.65980599748222,28.858417510986328,45871300,0.0,0.0
2013-01-09 00:00:00-05:00,29.46418372182465,30.38773275393085,29.28543205185343,30.3778018951416,104787700,0.0,0.0
2013-01-10 00:00:00-05:00,30.387733128682857,31.231837195002484,30.069953219978448,31.082876205444336,95316400,0.0,0.0
2013-01-11 00:00:00-05:00,31.063015438880285,31.73829677732145,30.884263772130303,31.499961853027344,89598000,0.0,0.0
2013-01-14 00:00:00-05:00,31.85746822590782,31.986563710129683,30.40759501668265,30.735305786132812,98892800,0.0,0.0
2013-01-15 00:00:00-05:00,30.427454132214724,31.49003139345145,29.672725915327508,29.89120101928711,173242600,0.0,0.0
2013-01-16 00:00:00-05:00,30.000434307520457,30.139464424727148,29.325153013860376,29.642932891845703,75332700,0.0,0.0
2013-01-17 00:00:00-05:00,29.871342105371394,30.208983757618448,29.821689701148276,29.930925369262695,40256700,0.0,0.0
2013-01-18 00:00:00-05:00,30.09974289781495,30.2288421652401,29.06695822900174,29.454252243041992,49631500,0.0,0.0
2013-01-22 00:00:00-05:00,29.54362900237534,30.67572039836552,29.533698143483786,30.516830444335938,55243300,0.0,0.0
2013-01-23 00:00:00-05:00,30.884265266106784,31.28149015914541,30.58634517573954,30.6062068939209,48899800,0.0,0.0
2013-01-24 00:00:00-05:00,31.05308338172522,31.271556580366415,30.59627337387131,30.86440086364746,43845100,0.0,0.0
2013-01-25 00:00:00-05:00,31.1921134979021,31.708506792277163,30.914055133057605,31.321212768554688,54363600,0.0,0.0
2013-01-28 00:00:00-05:00,31.65885310328046,32.284482068492146,31.589338984270015,32.2447624206543,59682500,0.0,0.0
2013-01-29 00:00:00-05:00,31.77801956385833,31.847533678595457,30.49696724101386,30.576414108276367,72976500,0.0,0.0
2013-01-30 00:00:00-05:00,30.76509589551941,31.271558328706195,30.665789201814967,31.023292541503906,87682100,0.0,0.0
2013-01-31 00:00:00-05:00,28.947789337772054,31.25169545469615,28.540633613356206,30.765094757080078,190744900,0.0,0.0
2013-02-01 00:00:00-05:00,30.794887016238953,30.804817874551745,29.424458874954475,29.523765563964844,85856700,0.0,0.0
2013-02-04 00:00:00-05:00,28.858417495319337,28.997447638226348,27.81570184116482,27.915008544921875,92362200,0.0,0.0
2013-02-05 00:00:00-05:00,28.063964884602697,28.759107954081014,27.845491673186824,28.441328048706055,47948200,0.0,0.0
2013-02-06 00:00:00-05:00,28.540634990070753,29.08682086452154,28.46119001303834,28.84848403930664,38375900,0.0,0.0
2013-02-07 00:00:00-05:00,28.908071596902445,28.947793141663393,28.07389832162657,28.451261520385742,34540100,0.0,0.0
2013-02-08 00:00:00-05:00,28.68959321479415,28.96765157303008,28.312230058868877,28.351951599121094,37708800,0.0,0.0
2013-02-11 00:00:00-05:00,28.411537325042023,28.481051442476897,27.84549163265216,28.06396484375,37361800,0.0,0.0
2013-02-12 00:00:00-05:00,27.478055803932477,27.964656491231874,26.912010145117208,27.180137634277344,93498700,0.0,0.0
2013-02-13 00:00:00-05:00,27.170208539239212,28.123548259295074,27.120554244996104,27.716392517089844,50164000,0.0,0.0
2013-02-14 00:00:00-05:00,27.825627771514853,28.431394958294586,27.81569691348666,28.302297592163086,35615800,0.0,0.0
2013-02-15 00:00:00-05:00,28.32215997736311,28.55056403505534,27.895142542649563,28.123546600341797,33109300,0.0,0.0
2013-02-19 00:00:00-05:00,28.03417176138825,28.87827580240022,27.924936104869715,28.72931671142578,49396400,0.0,0.0
2013-02-20 00:00:00-05:00,28.719385164238606,28.848482534889868,28.13347777888487,28.262575149536133,42098200,0.0,0.0
2013-02-21 00:00:00-05:00,28.083826230243314,28.351951838028544,26.961663823368852,27.090763092041016,49642300,0.0,0.0
2013-02-22 00:00:00-05:00,27.42840559881668,27.438334563696742,26.633953926056286,26.941802978515625,36350200,0.0,0.0
2013-02-25 00:00:00-05:00,26.97159587889136,27.44826575179214,26.961665019774546,27.080833435058594,34652000,0.0,0.0
2013-02-26 00:00:00-05:00,27.17020817356355,27.26951297247795,26.514786651316854,27.19999885559082,31611700,0.0,0.0
2013-02-27 00:00:00-05:00,27.15034803075585,27.15034803075585,26.445272174042472,26.683609008789062,44319700,0.0,0.0
2013-02-28 00:00:00-05:00,26.65381457441681,27.110622705274942,26.157283009161826,27.060970306396484,83027800,0.0,0.0
2013-03-01 00:00:00-05:00,26.862357978919185,27.92493716140598,26.624023045519188,27.587295532226562,54064800,0.0,0.0
2013-03-04 00:00:00-05:00,27.56743339629409,27.865351584997892,27.24965348991199,27.5277099609375,32400700,0.0,0.0
2013-03-05 00:00:00-05:00,27.686599186022143,27.98451926100885,27.021246814238044,27.329097747802734,40622200,0.0,0.0
2013-03-06 00:00:00-05:00,27.90507314781976,27.934863828220482,27.160275831921282,27.25958251953125,33532600,0.0,0.0
2013-03-07 00:00:00-05:00,27.378748548978262,28.481049163284514,27.279441863110744,28.381742477416992,74540200,0.0,0.0
2013-03-08 00:00:00-05:00,28.232785506944573,28.272507047791496,27.53764054800593,27.76604461669922,44198900,0.0,0.0
2013-03-11 00:00:00-04:00,27.815698236249837,28.44132716883746,27.63694657147692,27.944795608520508,35642100,0.0,0.0
2013-03-12 00:00:00-04:00,27.90507513928268,28.123548352322068,27.40854355991508,27.636947631835938,27569600,0.0,0.0
2013-03-13 00:00:00-04:00,27.42840396070281,27.458194641799164,26.7332590253185,26.892148971557617,39619500,0.0,0.0
2013-03-14 00:00:00-04:00,26.912013606398737,27.23972439281483,26.643886082753447,26.85243034362793,27646400,0.0,0.0
2013-03-15 00:00:00-04:00,26.8424987403589,26.872289423859936,26.375757828253636,26.465133666992188,31597400,0.0,0.0
2013-03-18 00:00:00-04:00,26.18707547468223,26.604162063504713,25.601168078619278,26.306241989135742,26653700,0.0,0.0
2013-03-19 00:00:00-04:00,26.34596201794875,26.71339426649085,26.028180267540712,26.365821838378906,25254200,0.0,0.0
2013-03-20 00:00:00-04:00,26.494924009115298,26.50485486748364,25.601167591257745,25.680612564086914,44006500,0.0,0.0
2013-03-21 00:00:00-04:00,25.481998358604557,25.92887750010036,25.3826916722591,25.561443328857422,24336100,0.0,0.0
2013-03-22 00:00:00-04:00,25.621025874811455,25.829570099784167,25.452205080925907,25.551511764526367,18456300,0.0,0.0
2013-03-25 00:00:00-04:00,25.5713770412445,25.621029442900802,24.9060246308144,24.955677032470703,39199000,0.0,0.0
2013-03-26 00:00:00-04:00,24.906024537431634,25.303249431545833,24.856372135961497,25.03512191772461,26957200,0.0,0.0
2013-03-27 00:00:00-04:00,24.826574929704442,26.097696247987557,24.548516608609507,25.909013748168945,52297400,0.0,0.0
2013-03-28 00:00:00-04:00,25.909021793523973,25.988466782203854,25.342976012415082,25.402559280395508,28585700,0.0,0.0
2013-04-01 00:00:00-04:00,25.45221008243449,25.71040675288587,25.104639462709386,25.3529052734375,22249300,0.0,0.0
2013-04-02 00:00:00-04:00,25.591236247673443,25.93880870750509,25.12449538379872,25.243663787841797,35153300,0.0,0.0
2013-04-03 00:00:00-04:00,25.650818863444286,26.2069336488466,25.52172149855566,26.06790542602539,48195200,0.0,0.0
2013-04-04 00:00:00-04:00,26.435343906741668,27.041111186537634,25.92888143424099,26.882221221923828,82016800,0.0,0.0
2013-04-05 00:00:00-04:00,26.673676602521045,27.607154592316263,26.425410816999793,27.19999885559082,64566600,0.0,0.0
2013-04-08 00:00:00-04:00,27.00138750169149,27.011318360457228,26.445270775515993,26.663745880126953,27256000,0.0,0.0
2013-04-09 00:00:00-04:00,26.395617237365705,26.703466269355545,26.236727292202072,26.405548095703125,21311100,0.0,0.0
2013-04-10 00:00:00-04:00,26.822635031944802,27.64687734373508,26.713397482898205,27.37874984741211,45949400,0.0,0.0
2013-04-11 00:00:00-04:00,27.28937517260067,27.905075164995594,27.06097110046935,27.82563018798828,33368500,0.0,0.0
2013-04-12 00:00:00-04:00,27.805766750332445,27.805766750332445,27.05103856838646,27.209928512573242,28697400,0.0,0.0
2013-04-15 00:00:00-04:00,26.971592621201673,27.289372498086692,26.177142928989134,26.33603286743164,30275400,0.0,0.0
2013-04-16 00:00:00-04:00,26.624021651998248,26.92194172374315,26.216865925319375,26.733259201049805,27365900,0.0,0.0
2013-04-17 00:00:00-04:00,26.465130346902267,27.011316170020006,26.206933722284017,26.445268630981445,26440600,0.0,0.0
2013-04-18 00:00:00-04:00,26.63395168387649,26.63395168387649,24.97553625322059,25.511791229248047,39059000,0.0,0.0
2013-04-19 00:00:00-04:00,25.442276117271565,25.779915810925214,25.154286924241976,25.551511764526367,20380900,0.0,0.0
2013-04-22 00:00:00-04:00,25.630960276899874,26.1771461651717,25.52172461453967,25.78985023498535,25687600,0.0,0.0
2013-04-23 00:00:00-04:00,26.03811481799057,26.147352369378464,25.59123754199193,25.799779891967773,25191500,0.0,0.0
2013-04-24 00:00:00-04:00,25.750127118729026,26.216866105314296,25.62102785185128,25.928878784179688,19729900,0.0,0.0
2013-04-25 00:00:00-04:00,25.889153644058467,26.216864377750948,25.81963953298998,25.958667755126953,17150000,0.0,0.0
2013-04-26 00:00:00-04:00,26.415480093336416,27.428404958030033,26.415480093336416,26.663745880126953,33018000,0.0,0.0
2013-04-29 00:00:00-04:00,26.9715945319306,27.219860315099414,26.673676349775064,26.792842864990234,29201100,0.0,0.0
2013-04-30 00:00:00-04:00,26.941802267633488,27.65680894366356,26.82263575104023,27.577363967895508,36245700,0.0,0.0
2013-05-01 00:00:00-04:00,27.656805941912015,27.72632005139959,27.12055099309228,27.23971939086914,64567600,0.0,0.0
2013-05-02 00:00:00-04:00,27.81569942662246,28.818693448679934,27.785906849846135,28.769039154052734,104257000,0.0,0.0
2013-05-03 00:00:00-04:00,28.8385544745811,28.86834515652496,27.954726992600055,28.113616943359375,58506400,0.0,0.0
2013-05-06 00:00:00-04:00,28.133478044033673,28.262575415901633,27.289374015304453,27.37874984741211,43939400,0.0,0.0
2013-05-07 00:00:00-04:00,27.358889870482773,27.656809961161702,26.663746780467335,26.703468322753906,41259100,0.0,0.0
2013-05-08 00:00:00-04:00,26.69353649994755,27.110623096545996,26.46513243122207,26.931873321533203,34654900,0.0,0.0
2013-05-09 00:00:00-04:00,26.892151887435876,27.358890918356444,26.66374780171631,26.85243034362793,33457200,0.0,0.0
2013-05-10 00:00:00-04:00,26.951732674770764,27.11062262364453,26.38568699514327,26.494924545288086,30847100,0.0,0.0
2013-05-13 00:00:00-04:00,26.415477994003318,27.14041357923021,26.34596388228533,26.63395118713379,29068800,0.0,0.0
2013-05-14 00:00:00-04:00,26.703469538203848,27.090765484303066,26.633955415450032,26.882221221923828,24930300,0.0,0.0
2013-05-15 00:00:00-04:00,26.733259558854588,26.802773674956853,26.21686627621262,26.41547966003418,30299800,0.0,0.0
2013-05-16 00:00:00-04:00,26.296308630793227,26.36582273996921,25.720332148041262,25.9487361907959,35499100,0.0,0.0
2013-05-17 00:00:00-04:00,26.216864506779185,26.41547787719589,26.018253030479954,26.06790542602539,29462700,0.0,0.0
2013-05-20 00:00:00-04:00,25.998393047907474,26.00832390650214,25.51179234147447,25.58130645751953,42402900,0.0,0.0
2013-05-21 00:00:00-04:00,25.690544597994695,25.899086950919592,25.412486233310517,25.48200035095215,26261300,0.0,0.0
2013-05-22 00:00:00-04:00,25.472070556048685,25.670683952564175,24.74713487876728,24.985469818115234,45314500,0.0,0.0
2013-05-23 00:00:00-04:00,24.627963272466587,25.352900749979053,24.598172592729863,24.886159896850586,37663100,0.0,0.0
2013-05-24 00:00:00-04:00,24.796784630607075,24.796784630607075,23.912959088221857,24.1413631439209,58727900,0.0,0.0
2013-05-28 00:00:00-04:00,24.369771513705498,24.369771513705498,23.754071504466157,23.932823181152344,50079700,0.0,0.0
2013-05-29 00:00:00-04:00,23.624974561265,23.644834385839832,23.098650380618135,23.158233642578125,64237800,0.0,0.0
2013-05-30 00:00:00-04:00,23.962613106005243,24.608105672298993,23.764001611399028,24.37969970703125,60733200,0.0,0.0
2013-05-31 00:00:00-04:00,24.45914781546859,24.776929656939387,24.101646321755524,24.18109130859375,35925000,0.0,0.0
2013-06-03 00:00:00-04:00,24.101643567832205,24.15129596863846,23.545526829390237,23.68455696105957,35733800,0.0,0.0
2013-06-04 00:00:00-04:00,23.724278162286605,23.764001597655465,23.158232467103886,23.35684585571289,34760800,0.0,0.0
2013-06-05 00:00:00-04:00,23.188025269307154,23.545526720518023,22.631910427554285,22.741146087646484,53819700,0.0,0.0
2013-06-06 00:00:00-04:00,22.830523034762045,22.929829734864658,22.51274310972789,22.81066131591797,31260700,0.0,0.0
2013-06-07 00:00:00-04:00,22.870244219746105,23.237676511580844,22.701423414435727,23.128440856933594,38699200,0.0,0.0
2013-06-10 00:00:00-04:00,23.893098768506327,24.429353776659685,23.823584651327405,24.161226272583008,58393000,0.0,0.0
2013-06-11 00:00:00-04:00,23.86330795288086,24.181087854845742,23.833515376777545,23.86330795288086,29885900,0.0,0.0
2013-06-12 00:00:00-04:00,23.992404168498815,24.091710856593963,23.416427650488007,23.60511016845703,26445800,0.0,0.0
2013-06-13 00:00:00-04:00,23.5554568671915,23.664694418098264,23.108579593161085,23.565387725830078,31189300,0.0,0.0
2013-06-14 00:00:00-04:00,23.396565599476766,23.724276339622243,23.09864743356906,23.466079711914062,30677100,0.0,0.0
2013-06-17 00:00:00-04:00,23.74413694157288,24.08177852395358,23.585247007995775,23.853374481201172,33664500,0.0,0.0
2013-06-18 00:00:00-04:00,23.922888626699827,24.518726825577367,23.9129577690715,24.042055130004883,36709100,0.0,0.0
2013-06-19 00:00:00-04:00,24.03212749221822,25.015259722247485,23.93282080457417,24.1413631439209,31790600,0.0,0.0
2013-06-20 00:00:00-04:00,24.111572183156433,24.57831114730374,23.485941384155627,23.734207153320312,42765600,0.0,0.0
2013-06-21 00:00:00-04:00,24.419423653283005,24.52866120877817,23.883168628980567,24.359840393066406,45833900,0.0,0.0
2013-06-24 00:00:00-04:00,23.783864269885314,23.94275422950237,23.2178166578671,23.77393341064453,40626000,0.0,0.0
2013-06-25 00:00:00-04:00,23.97254193601554,24.26053113588036,23.87323714417559,24.08177947998047,24713200,0.0,0.0
2013-06-26 00:00:00-04:00,24.339979345142225,24.479007587514907,23.823586024732627,23.992406845092773,29890300,0.0,0.0
2013-06-27 00:00:00-04:00,24.07184890003588,24.667687128545772,24.042056325669257,24.488935470581055,34694100,0.0,0.0
2013-06-28 00:00:00-04:00,24.508799315039937,24.806717508105766,24.250602663794638,24.70741081237793,96778900,0.0,0.0
2013-07-01 00:00:00-04:00,24.796787452117893,24.88616329175544,24.449216846991575,24.637897491455078,20582200,0.0,0.0
2013-07-02 00:00:00-04:00,24.52866037834956,24.598174495268438,24.131433606040034,24.240671157836914,18394100,0.0,0.0
2013-07-03 00:00:00-04:00,24.051990632058306,24.538591385104013,23.982476509354317,24.349910736083984,10404400,0.0,0.0
2013-07-05 00:00:00-04:00,24.479007101786582,24.48893796091868,24.032129805548298,24.200950622558594,20229500,0.0,0.0
2013-07-08 00:00:00-04:00,24.300252660493513,24.86630020190587,24.250600264600713,24.53858757019043,27064600,0.0,0.0
2013-07-09 00:00:00-04:00,24.89608985374953,25.313176402025572,24.856368317499026,25.303245544433594,30387900,0.0,0.0
2013-07-10 00:00:00-04:00,25.40255379463761,25.65081956741324,25.293316248498723,25.62102699279785,26721800,0.0,0.0
2013-07-11 00:00:00-04:00,25.779919564508106,25.819643001379042,25.273459003227728,25.63096046447754,26777400,0.0,0.0
2013-07-12 00:00:00-04:00,25.56144386162559,25.75012638020285,25.37276134304833,25.73026466369629,16537900,0.0,0.0
2013-07-15 00:00:00-04:00,25.750127639624342,26.24665921186818,25.472069277285446,26.097700119018555,24234000,0.0,0.0
2013-07-16 00:00:00-04:00,26.206930943835147,26.56443421603767,25.829567851934815,26.13741683959961,30817600,0.0,0.0
2013-07-17 00:00:00-04:00,26.187077185688,26.59423294255575,26.117561171244233,26.465133666992188,21518500,0.0,0.0
2013-07-18 00:00:00-04:00,26.564439714524262,26.584301432450467,25.938810752790232,25.998394012451172,24806900,0.0,0.0
2013-07-19 00:00:00-04:00,25.64088862313852,25.92887782776796,25.422415425711634,25.700471878051758,46539700,0.0,0.0
2013-07-22 00:00:00-04:00,25.80971185970265,25.94874009899397,25.541584346111357,25.869295120239258,27526300,0.0,0.0
2013-07-23 00:00:00-04:00,25.918945512073286,26.117556981987892,25.789846257217246,25.9487361907959,28221600,0.0,0.0
2013-07-24 00:00:00-04:00,26.137420689647435,26.345964927189947,25.869293196000303,26.32610321044922,82635600,0.0,0.0
2013-07-25 00:00:00-04:00,33.30733548609803,34.63804011983002,32.52281477024998,34.121646881103516,365457900,0.0,0.0
2013-07-26 00:00:00-04:00,33.53574531829051,34.48908509816207,33.32720295173777,33.774078369140625,136028900,0.0,0.0
2013-07-29 00:00:00-04:00,33.8336605271821,35.382840373341125,33.774075375633025,35.184226989746094,124718800,0.0,0.0
2013-07-30 00:00:00-04:00,35.40270429868497,37.696677846995,35.074991627077566,37.36896896362305,173582800,0.0,0.0
2013-07-31 00:00:00-04:00,37.696672689251464,38.044247031724815,36.07798263581545,36.54471969604492,154828700,0.0,0.0
2013-08-01 00:00:00-04:00,37.04125788278425,38.02439215159256,36.663892793033675,37.229942321777344,106066500,0.0,0.0
2013-08-02 00:00:00-04:00,37.398754899686296,38.222999062502936,37.23986496071664,37.786048889160156,73058500,0.0,0.0
2013-08-05 00:00:00-04:00,38.16342162524135,39.04724732609065,37.98466993425658,38.918148040771484,79994800,0.0,0.0
2013-08-06 00:00:00-04:00,38.838701893150045,38.977730133367956,37.676815993177414,38.28258514404297,63950800,0.0,0.0
2013-08-07 00:00:00-04:00,38.34216613630803,38.669874982923176,37.43847888476897,38.60036087036133,68854800,0.0,0.0
2013-08-08 00:00:00-04:00,38.858562908983096,38.91814427472194,38.16341793222552,38.27265548706055,41301000,0.0,0.0
2013-08-09 00:00:00-04:00,38.32230888359935,38.47126987828743,37.74633041158993,38.232933044433594,43532300,0.0,0.0
2013-08-12 00:00:00-04:00,37.93500660245762,38.23292473887989,37.83569803149378,37.95486831665039,31161000,0.0,0.0
2013-08-13 00:00:00-04:00,37.974741067462865,38.054184159087896,36.51493685002504,36.76320266723633,65379200,0.0,0.0
2013-08-14 00:00:00-04:00,36.574518888107725,37.289521804646974,36.365972740391506,36.39576721191406,48423900,0.0,0.0
2013-08-15 00:00:00-04:00,36.107775474296155,36.81284937690208,35.77013386360336,36.30638885498047,56521100,0.0,0.0
2013-08-16 00:00:00-04:00,36.71355067161427,37.229944031771325,36.64403654507734,36.82278823852539,45840800,0.0,0.0
2013-08-19 00:00:00-04:00,37.17035677697115,38.01445900206766,36.88236753283777,37.54772186279297,57609600,0.0,0.0
2013-08-20 00:00:00-04:00,38.083969535910754,38.312377389551926,37.428548021369885,38.1435546875,57995200,0.0,0.0
2013-08-21 00:00:00-04:00,38.11375765753379,38.580494675085845,37.885353630171174,38.05417251586914,46116900,0.0,0.0
2013-08-22 00:00:00-04:00,38.103833467124105,38.48119853931231,38.0740427837161,38.28258514404297,21931200,0.0,0.0
2013-08-23 00:00:00-04:00,38.729460253723,40.34815414041774,38.659946140941784,40.268707275390625,86442300,0.0,0.0
2013-08-26 00:00:00-04:00,40.61628764268722,41.64907052334672,40.338227362147414,41.0532341003418,94162400,0.0,0.0
2013-08-27 00:00:00-04:00,40.39780728707288,40.91420055463276,39.1465456573068,39.365020751953125,72695100,0.0,0.0
2013-08-28 00:00:00-04:00,39.68279990463823,40.566625442772256,39.60335682784614,40.268707275390625,57918200,0.0,0.0
2013-08-29 00:00:00-04:00,40.60635447918441,41.490180139291205,40.516978637812066,40.993648529052734,58303400,0.0,0.0
2013-08-30 00:00:00-04:00,41.72850994550674,41.96684295683722,40.77517032371496,41.00357437133789,67735100,0.0,0.0
2013-09-03 00:00:00-04:00,41.54976101546771,41.867540910221045,41.22204836812105,41.579551696777344,48774900,0.0,0.0
2013-09-04 00:00:00-04:00,41.718577388534115,41.87746732624198,41.15253174868518,41.49017333984375,42581900,0.0,0.0
2013-09-05 00:00:00-04:00,41.50011080929956,42.47331226191688,41.48024909129895,42.36407470703125,50035400,0.0,0.0
2013-09-06 00:00:00-04:00,42.79109142486492,44.300547872385856,42.10587921289044,43.64512634277344,117535700,0.0,0.0
2013-09-09 00:00:00-04:00,44.0522807815937,44.479298227922456,43.396859271359936,43.734500885009766,75794700,0.0,0.0
2013-09-10 00:00:00-04:00,43.93311764639853,43.95297557675654,42.93012169272241,43.29755401611328,54540300,0.0,0.0
2013-09-11 00:00:00-04:00,43.089006356382335,44.777214346945904,42.8109499067254,44.727561950683594,72328300,0.0,0.0
2013-09-12 00:00:00-04:00,45.214163226705026,45.30353906019148,44.34027039732097,44.4395751953125,68072300,0.0,0.0
2013-09-13 00:00:00-04:00,44.72756395132984,44.767287385410505,43.62526327912006,44.002628326416016,52765300,0.0,0.0
2013-09-16 00:00:00-04:00,44.538882612576344,44.62825845131888,42.13567150808774,42.21511459350586,70424200,0.0,0.0
2013-09-17 00:00:00-04:00,42.20518640555979,45.1247908778502,42.13567228395065,44.75735855102539,91934600,0.0,0.0
2013-09-18 00:00:00-04:00,44.52895049577569,45.15458132269195,44.09200408631403,44.91624450683594,79317000,0.0,0.0
2013-09-19 00:00:00-04:00,45.19430416238731,45.73055919478452,44.91624768110081,45.66104507446289,63972400,0.0,0.0
2013-09-20 00:00:00-04:00,45.99868244161779,47.26980199607483,45.4227078140926,47.16056823730469,115508400,0.0,0.0
2013-09-23 00:00:00-04:00,46.952023843996955,47.22015134522611,45.96889346105864,46.862648010253906,75177000,0.0,0.0
2013-09-24 00:00:00-04:00,48.17348822052847,49.31551227489596,47.82591765871315,48.11390686035156,136716100,0.0,0.0
2013-09-25 00:00:00-04:00,48.888501129830004,49.19635208715906,48.12384200735627,49.116905212402344,87879700,0.0,0.0
2013-09-26 00:00:00-04:00,49.66308599566261,50.24899340015876,49.156625460769106,50.04045104980469,98220100,0.0,0.0
2013-09-27 00:00:00-04:00,49.941148841181096,50.92427927997375,49.51413136550818,50.884559631347656,81410500,0.0,0.0
2013-09-30 00:00:00-04:00,49.792185444788174,51.24205672616462,49.4545438242259,49.881561279296875,100095000,0.0,0.0
2013-10-01 00:00:00-04:00,49.623368433982584,50.67601298279694,49.10697512457528,50.07024383544922,98114000,0.0,0.0
2013-10-02 00:00:00-04:00,49.78225237779302,50.74552097230143,49.6035007235059,49.931209564208984,62834000,0.0,0.0
2013-10-03 00:00:00-04:00,50.11989662685747,50.3681624056103,48.719677786220885,48.838844299316406,82045000,0.0,0.0
2013-10-04 00:00:00-04:00,49.424756680190534,50.80511394334324,49.22614327948294,50.68594741821289,74447000,0.0,0.0
2013-10-07 00:00:00-04:00,50.37809420608153,50.93421094556033,50.050385329560974,50.169551849365234,57204000,0.0,0.0
2013-10-08 00:00:00-04:00,50.248989378309794,50.248989378309794,46.75341073674932,46.812992095947266,136081000,0.0,0.0
2013-10-09 00:00:00-04:00,47.051333401418624,47.50814154409373,44.946036782747136,46.44556427001953,147297000,0.0,0.0
2013-10-10 00:00:00-04:00,47.53793248081167,49.335378166910765,47.498212833410086,48.709747314453125,99774000,0.0,0.0
2013-10-11 00:00:00-04:00,48.83884700458468,49.52405922813294,48.45155297439499,48.76933288574219,58428000,0.0,0.0
2013-10-14 00:00:00-04:00,47.97487705941134,49.28571997552568,47.57765032618614,49.16654968261719,68781000,0.0,0.0
2013-10-15 00:00:00-04:00,49.64323028247843,50.64622243245443,48.83884773890411,49.1566276550293,81167000,0.0,0.0
2013-10-16 00:00:00-04:00,49.69288360894984,50.8845602107162,49.553855366586944,50.78525161743164,64678000,0.0,0.0
2013-10-17 00:00:00-04:00,50.76538141950947,51.85775303376957,50.59656252147651,51.84782028198242,71522000,0.0,0.0
2013-10-18 00:00:00-04:00,53.80416008047524,54.449652622999295,53.228181653209454,53.8438835144043,88260000,0.0,0.0
2013-10-21 00:00:00-04:00,54.300688402208905,54.429787660663216,53.13880265258999,53.476444244384766,58235000,0.0,0.0
2013-10-22 00:00:00-04:00,53.953123295026025,54.380136968601036,51.83789770376034,52.31456756591797,83204000,0.0,0.0
2013-10-23 00:00:00-04:00,51.39102084603368,51.887552448410815,50.775322719791966,51.539981842041016,57207000,0.0,0.0
2013-10-24 00:00:00-04:00,52.01664845024202,52.473456586487224,51.232127658710965,52.08616256713867,46775000,0.0,0.0
2013-10-25 00:00:00-04:00,52.81109731671998,52.87068246801417,51.5201160112275,51.589630126953125,45085000,0.0,0.0
2013-10-28 00:00:00-04:00,51.18247536198233,51.341365313527206,49.265863190589876,49.881561279296875,73472000,0.0,0.0
2013-10-29 00:00:00-04:00,50.37809553817277,50.43768069376813,48.90836246093989,49.05732345581055,102143000,0.0,0.0
2013-10-30 00:00:00-04:00,49.65315908860411,49.86170144759975,48.41183011138901,48.67002487182617,127073000,0.0,0.0
2013-10-31 00:00:00-04:00,46.83285640415066,51.639282037645536,46.177434899048414,49.861698150634766,248809000,0.0,0.0
2013-11-01 00:00:00-04:00,50.49725992312356,51.72865990230968,49.3751012853548,49.40489196777344,95033000,0.0,0.0
2013-11-04 00:00:00-05:00,49.027526010828176,49.404891063577445,47.68689229123122,47.88550567626953,80371000,0.0,0.0
2013-11-05 00:00:00-05:00,47.458484159374535,49.831904247292805,47.1804239288434,49.76239013671875,76835000,0.0,0.0
2013-11-06 00:00:00-05:00,49.91135006326062,50.10003447795624,48.372103005913004,48.779258728027344,67889000,0.0,0.0
2013-11-07 00:00:00-05:00,48.8984298142835,49.524056853872366,46.971884932337915,47.23008346557617,97128000,0.0,0.0
2013-11-08 00:00:00-05:00,47.47835477729696,48.312528048829876,46.92223800019647,47.200294494628906,70731000,0.0,0.0
2013-11-11 00:00:00-05:00,46.71368976843583,47.20028857264143,45.41277572598006,45.8795166015625,80910000,0.0,0.0
2013-11-12 00:00:00-05:00,45.680909130491294,47.04140471128038,45.51209019770997,46.286678314208984,68196000,0.0,0.0
2013-11-13 00:00:00-05:00,45.90930851193187,48.401899114978164,45.740489596468905,48.37210464477539,79245000,0.0,0.0
2013-11-14 00:00:00-05:00,48.36218012627931,49.22614407688156,47.696825791366344,48.650169372558594,75117000,0.0,0.0
2013-11-15 00:00:00-05:00,48.76933346294462,49.136765779494375,48.37210667494163,48.67002487182617,42453000,0.0,0.0
2013-11-18 00:00:00-05:00,48.13376697751351,48.50119924326025,45.482286678906526,45.512081146240234,85910000,0.0,0.0
2013-11-19 00:00:00-05:00,45.939093981690014,46.673962288805164,45.40284282594093,46.03840255737305,75602000,0.0,0.0
2013-11-20 00:00:00-05:00,46.286673267465034,47.22015124937009,45.98875508500471,46.1079216003418,53933000,0.0,0.0
2013-11-21 00:00:00-05:00,46.66404209771288,47.13077923234302,46.366120102892346,46.37605285644531,34886000,0.0,0.0
2013-11-22 00:00:00-05:00,46.71368802824818,46.942092081257485,45.641178087263626,45.909305572509766,40545000,0.0,0.0
2013-11-25 00:00:00-05:00,46.03840070402981,46.32638987956494,43.734494876218086,44.50908279418945,82565000,0.0,0.0
2013-11-26 00:00:00-05:00,44.35019951449962,45.84972318345095,43.24789882711704,45.5716667175293,82016000,0.0,0.0
2013-11-27 00:00:00-05:00,45.65111765486005,46.3462588816098,45.21416741149098,46.167510986328125,44993000,0.0,0.0
2013-11-29 00:00:00-05:00,46.42570036943571,46.88250849063234,46.17743459205905,46.683895111083984,22953900,0.0,0.0
2013-12-02 00:00:00-05:00,46.57466108032292,47.21022086059375,45.939097511816975,46.733551025390625,50774000,0.0,0.0
2013-12-03 00:00:00-05:00,46.425703545529714,46.87258273302681,45.968895393081745,46.40584182739258,32086000,0.0,0.0
2013-12-04 00:00:00-05:00,46.13771016884749,48.43168726636663,45.93909679355939,48.2827262878418,60890000,0.0,0.0
2013-12-05 00:00:00-05:00,47.81599236870124,48.36217634562061,47.537932109649226,48.00467300415039,43855000,0.0,0.0
2013-12-06 00:00:00-05:00,48.64023521795665,49.04739097957022,47.37904449582793,47.60744857788086,42938000,0.0,0.0
2013-12-09 00:00:00-05:00,47.75640430964314,48.63030089247705,47.40883374227258,48.50120162963867,36056000,0.0,0.0
2013-12-10 00:00:00-05:00,48.302588401966965,50.41781385796926,48.203283607622666,49.90142059326172,68479000,0.0,0.0
2013-12-11 00:00:00-05:00,50.199346321162366,50.41782144748953,48.67002801334355,49.0374641418457,65776000,0.0,0.0
2013-12-12 00:00:00-05:00,50.69587475472055,51.708799656372754,50.30858071931376,51.47046661376953,92723000,0.0,0.0
2013-12-13 00:00:00-05:00,51.301634585052604,53.128870662159045,50.983854727141455,52.95011901855469,82641000,0.0,0.0
2013-12-16 00:00:00-05:00,52.880605153747325,54.121933913224964,52.542963579640016,53.43672180175781,85119000,0.0,0.0
2013-12-17 00:00:00-05:00,54.380130205159716,54.79721865032001,53.86374075989055,54.47943878173828,78751000,0.0,0.0
2013-12-18 00:00:00-05:00,54.47944300542424,55.502296799956866,53.37714234346938,55.18451690673828,76003000,0.0,0.0
2013-12-19 00:00:00-05:00,53.953126031896545,54.807157210604174,53.57576095129098,54.668128967285156,89753200,0.0,0.0
2013-12-20 00:00:00-05:00,54.54895594246111,54.76743103491968,53.853811020467084,54.73763656616211,239824000,0.0,0.0
2013-12-23 00:00:00-05:00,55.115001400879386,57.915439006838234,55.065349004111184,57.36925506591797,98297000,0.0,0.0
2013-12-24 00:00:00-05:00,57.86578855354868,58.17363948502705,56.51522210197737,57.55793762207031,46617800,0.0,0.0
2013-12-26 00:00:00-05:00,57.91544771440537,57.97503287242684,56.97203688102795,57.32954025268555,55101000,0.0,0.0
2013-12-27 00:00:00-05:00,57.08126966623735,57.27988305478498,54.86673928628416,55.055419921875,60466000,0.0,0.0
2013-12-30 00:00:00-05:00,54.54895968473552,54.797225474748615,53.05936494465697,53.33742141723633,68307000,0.0,0.0
2013-12-31 00:00:00-05:00,53.74457469959855,54.479443071200755,53.536032354716156,54.27090072631836,43076200,0.0,0.0
2014-01-02 00:00:00-05:00,54.44964896198744,54.83694294616746,53.814085426561235,54.33047866821289,43195500,0.0,0.0
2014-01-03 00:00:00-05:00,54.638334318478634,55.26396515625195,54.151731713936,54.18152618408203,38246200,0.0,0.0
2014-01-06 00:00:00-05:00,54.04249679231693,56.862796393576275,53.67506447400874,56.80321502685547,68852600,0.0,0.0
2014-01-07 00:00:00-05:00,57.29974386491302,58.14384601757691,56.82307401288968,57.51821517944336,77207400,0.0,0.0
2014-01-08 00:00:00-05:00,57.20043046330756,58.00481290177122,56.83299819359524,57.8260612487793,56682400,0.0,0.0
2014-01-09 00:00:00-05:00,58.24315494052151,58.55100209084754,56.2570286515112,56.82307434082031,92253300,0.0,0.0
2014-01-10 00:00:00-05:00,56.73369957043913,57.89558165295065,56.66418545207871,57.53807830810547,42449500,0.0,0.0
2014-01-13 00:00:00-05:00,57.50828584105366,57.84592745757148,54.99583732852231,55.522159576416016,63010900,0.0,0.0
2014-01-14 00:00:00-05:00,56.068342728045465,57.3791857406284,55.71083939948009,57.3394660949707,37503600,0.0,0.0
2014-01-15 00:00:00-05:00,57.577800694244964,58.16370810134201,56.87272677045021,57.200435638427734,33663400,0.0,0.0
2014-01-16 00:00:00-05:00,56.86279185492796,57.61752193785781,56.435778203982146,56.793277740478516,34541800,0.0,0.0
2014-01-17 00:00:00-05:00,56.90251749141094,57.41891078176724,55.68105027677856,55.909454345703125,40849200,0.0,0.0
2014-01-21 00:00:00-05:00,56.207371732078705,58.17364006625216,56.10806693421489,58.104122161865234,48669200,0.0,0.0
2014-01-22 00:00:00-05:00,58.44176198859206,58.898573894189184,56.703901561543624,57.11105728149414,61352900,0.0,0.0
2014-01-23 00:00:00-05:00,55.97896502028393,56.28681594028602,55.30368181967194,56.23716354370117,47951800,0.0,0.0
2014-01-24 00:00:00-05:00,55.760492668244005,56.028616362403056,54.022632302835945,54.07228469848633,55200700,0.0,0.0
2014-01-27 00:00:00-05:00,54.35034258393824,54.55888492413312,51.49031981756906,53.17852783203125,73924100,0.0,0.0
2014-01-28 00:00:00-05:00,53.645270063889605,54.89652792516165,53.625408346950664,54.75749969482422,48191200,0.0,0.0
2014-01-29 00:00:00-05:00,54.23117852451433,54.56882014266624,52.82102689991449,53.158668518066406,92995600,0.0,0.0
2014-01-30 00:00:00-05:00,61.68907851807367,62.06644355559752,60.040593928766405,60.65629577636719,150178900,0.0,0.0
2014-01-31 00:00:00-05:00,60.05053225809157,62.930413233587274,59.75261027076837,62.135963439941406,87794600,0.0,0.0
2014-02-03 00:00:00-05:00,62.592763371117414,63.32763170130237,60.27892841446918,61.05351638793945,74866600,0.0,0.0
2014-02-04 00:00:00-05:00,61.619560019021755,62.70199886912599,61.39115597758038,62.31470489501953,45985500,0.0,0.0
2014-02-05 00:00:00-05:00,62.30478226345344,62.72186695849845,60.844978254325504,61.75859451293945,51685100,0.0,0.0
2014-02-06 00:00:00-05:00,61.03365680434583,62.34449978442808,61.03365680434583,61.72880172729492,42086500,0.0,0.0
2014-02-07 00:00:00-05:00,61.83804256654509,64.12208704508723,61.78839016688368,63.87382125854492,60704300,0.0,0.0
2014-02-10 00:00:00-05:00,63.85395865560379,64.04263548756614,63.029714486259344,63.10915756225586,43666100,0.0,0.0
2014-02-11 00:00:00-05:00,63.307770988511905,64.5490998314239,62.910544243486065,64.40013885498047,45675600,0.0,0.0
2014-02-12 00:00:00-05:00,64.46966298782242,64.6086912337205,63.60570282780874,64.00292205810547,47282100,0.0,0.0
2014-02-13 00:00:00-05:00,63.734795032351876,66.86294555664062,63.605699546811735,66.86294555664062,61911700,0.0,0.0
2014-02-14 00:00:00-05:00,67.03176280075782,67.11120967131907,66.25717475396213,66.62460327148438,36694900,0.0,0.0
2014-02-18 00:00:00-05:00,66.47564943224032,67.07148580467644,65.61168176750208,66.8331527709961,43809900,0.0,0.0
2014-02-19 00:00:00-05:00,66.58488704271275,68.6008040190623,66.53523085477022,67.58787536621094,62087100,0.0,0.0
2014-02-20 00:00:00-05:00,67.26016647427961,69.62365390288069,65.2740402926575,69.14698028564453,130928900,0.0,0.0
2014-02-21 00:00:00-05:00,69.20657228676993,69.47469599951151,67.97516854459323,68.11419677734375,70932400,0.0,0.0
2014-02-24 00:00:00-05:00,68.26315934322504,70.94443441506785,68.06454974226067,70.28900909423828,76620300,0.0,0.0
2014-02-25 00:00:00-05:00,70.45782351596998,70.50747970127725,68.9682288743937,69.3654556274414,52077000,0.0,0.0
2014-02-26 00:00:00-05:00,69.70309758028964,70.72595130480462,68.37238915970475,68.77954864501953,55322700,0.0,0.0
2014-02-27 00:00:00-05:00,68.85900361022223,69.52436176025637,68.3922702368457,68.46178436279297,41653700,0.0,0.0
2014-02-28 00:00:00-05:00,68.98808791585854,69.39523980664698,66.91258230327777,67.98509216308594,66783700,0.0,0.0
2014-03-03 00:00:00-05:00,66.49549990095868,67.57794254865374,66.04862456588705,66.9423828125,56824100,0.0,0.0
2014-03-04 00:00:00-05:00,68.18371043110231,68.42204343393574,67.15092398353137,68.32273864746094,42013500,0.0,0.0
2014-03-05 00:00:00-05:00,69.2065686084822,71.4707512231884,69.13705449580158,71.07352447509766,74567700,0.0,0.0
2014-03-06 00:00:00-05:00,71.38138132053,71.39131407411331,69.76269100412057,70.34859466552734,46026500,0.0,0.0
2014-03-07 00:00:00-05:00,70.58692301239446,70.68622780153783,68.98809090483616,69.31580352783203,38927000,0.0,0.0
2014-03-10 00:00:00-04:00,70.2790728348908,71.64950477317161,70.02088188181288,71.53033447265625,59871600,0.0,0.0
2014-03-11 00:00:00-04:00,71.99709255848867,72.08646462288917,69.47471075140083,69.61373901367188,59408300,0.0,0.0
2014-03-12 00:00:00-04:00,69.37539973444213,70.85506186583866,68.52136472737453,70.38832092285156,46340500,0.0,0.0
2014-03-13 00:00:00-04:00,70.79546562275651,70.85504698118442,67.67724825720006,68.35253143310547,57091000,0.0,0.0
2014-03-14 00:00:00-04:00,68.01489178922297,68.94837355777288,66.99203797549892,67.25023651123047,48227000,0.0,0.0
2014-03-17 00:00:00-04:00,67.7070477505912,68.47170306368211,66.15787161803412,68.2631607055664,52197000,0.0,0.0
2014-03-18 00:00:00-04:00,68.2830273840906,69.1171968308728,67.82621922373785,68.71004486083984,40827000,0.0,0.0
2014-03-19 00:00:00-04:00,68.69017344530232,68.80934374593612,67.00196919024326,67.7666244506836,43981000,0.0,0.0
2014-03-20 00:00:00-04:00,67.53821858613902,67.75669366430917,66.35647115956573,66.50543212890625,44439000,0.0,0.0
2014-03-21 00:00:00-04:00,67.06154877351925,67.4488427697183,65.72091512694789,66.7735595703125,59999900,0.0,0.0
2014-03-24 00:00:00-04:00,66.72391496673129,66.8927338825975,62.920481312735276,63.65534591674805,85696000,0.0,0.0
2014-03-25 00:00:00-04:00,64.43987274169922,65.73085797836201,63.33757194424115,64.43987274169922,68786000,0.0,0.0
2014-03-26 00:00:00-04:00,64.29089971623786,64.49944204749872,59.951215249749815,59.97107696533203,97503900,0.0,0.0
2014-03-27 00:00:00-04:00,60.09025377461009,61.47061483251035,57.577805040277504,60.54706573486328,112650000,0.0,0.0
2014-03-28 00:00:00-04:00,60.914491424670196,61.52026052893936,58.9283652012225,59.59371566772461,67052000,0.0,0.0
2014-03-31 00:00:00-04:00,60.3583795400085,61.09324796821183,59.45469218767905,59.82212829589844,53011000,0.0,0.0
2014-04-01 00:00:00-04:00,60.04059552989924,62.22533515896484,59.82212421875731,62.185611724853516,59291000,0.0,0.0
2014-04-02 00:00:00-04:00,62.771522387845856,63.46666736805132,61.77845921276245,62.2849235534668,66277000,0.0,0.0
2014-04-03 00:00:00-04:00,62.11610251606073,62.73180064048187,58.71982818419664,59.07733154296875,83859000,0.0,0.0
2014-04-04 00:00:00-04:00,59.52420482294155,59.78240336758564,55.92931722172091,56.3563346862793,125214400,0.0,0.0
2014-04-07 00:00:00-04:00,55.51222760981906,57.597658559614544,55.055415714597984,56.5549430847168,108488000,0.0,0.0
2014-04-08 00:00:00-04:00,57.27988586869376,58.30273975584474,56.77342151360516,57.786346435546875,78836000,0.0,0.0
2014-04-09 00:00:00-04:00,59.21635920754176,62.02672607139311,58.77940897853296,61.977073669433594,100215000,0.0,0.0
2014-04-10 00:00:00-04:00,62.642424161439784,62.74172895930849,58.27294486698302,58.74961471557617,114988000,0.0,0.0
2014-04-11 00:00:00-04:00,57.200436252673214,59.891640283662454,56.91245081658082,58.123985290527344,91452000,0.0,0.0
2014-04-14 00:00:00-04:00,59.673163790966996,60.030667124829634,57.379186590838515,58.48148727416992,72325000,0.0,0.0
2014-04-15 00:00:00-04:00,58.878712867513144,59.26600687539032,55.492367804370126,58.68009948730469,108623000,0.0,0.0
2014-04-16 00:00:00-04:00,59.37524302555406,59.77246598838074,57.33946444989159,59.305728912353516,78774000,0.0,0.0
2014-04-17 00:00:00-04:00,58.88863886781626,60.15976216423075,58.312664261260515,58.53113555908203,88040000,0.0,0.0
2014-04-21 00:00:00-04:00,59.04753066345367,60.815185546875,58.739683528766435,60.815185546875,60364000,0.0,0.0
2014-04-22 00:00:00-04:00,62.215412142073866,62.99992920547544,61.78839465514407,62.5927734375,60631000,0.0,0.0
2014-04-23 00:00:00-04:00,63.00985886533344,63.03964954818451,60.835048099557326,60.934356689453125,95908700,0.0,0.0
2014-04-24 00:00:00-04:00,63.158815897197975,63.20847208612941,59.35538593799475,60.44775390625,138769000,0.0,0.0
2014-04-25 00:00:00-04:00,59.55399814315892,59.59371778998367,57.170645074851365,57.30967330932617,92502000,0.0,0.0
2014-04-28 00:00:00-04:00,57.64731898261645,57.90551754041885,54.28083528348877,55.75056838989258,107758000,0.0,0.0
2014-04-29 00:00:00-04:00,55.70090884978679,57.87571565234743,55.452643077375235,57.746620178222656,75557000,0.0,0.0
2014-04-30 00:00:00-04:00,57.180578562559184,59.434828601773305,56.7634900655395,59.36531448364258,76093000,0.0,0.0
2014-05-01 00:00:00-04:00,60.010804349519894,61.84796959719047,59.79232925195912,60.72581100463867,82429000,0.0,0.0
2014-05-02 00:00:00-04:00,60.8747730578061,61.46068049401933,59.76254334080718,60.04059982299805,54189000,0.0,0.0
2014-05-05 00:00:00-04:00,59.256075345705746,60.9244217127099,58.76947653180007,60.795326232910156,46057000,0.0,0.0
2014-05-06 00:00:00-04:00,60.55699077962441,60.725813485974726,58.08426564335842,58.123985290527344,55901000,0.0,0.0
2014-05-07 00:00:00-04:00,58.362325887153276,58.888648181456254,55.86973508383328,56.99189758300781,78587000,0.0,0.0
2014-05-08 00:00:00-04:00,56.83300140309414,58.411971901534514,56.10806578645908,56.36626052856445,61251000,0.0,0.0
2014-05-09 00:00:00-04:00,56.45563965139273,57.25009321730818,55.98890253788806,56.84293746948242,52584000,0.0,0.0
2014-05-12 00:00:00-04:00,57.57780498450805,59.48448833491942,57.57780498450805,59.414974212646484,48575000,0.0,0.0
2014-05-13 00:00:00-04:00,59.246151495529666,60.46761880034272,59.09719049738163,59.414974212646484,48525000,0.0,0.0
2014-05-14 00:00:00-04:00,59.117044297303174,60.03066430630475,58.5410696773058,58.81912612915039,47429000,0.0,0.0
2014-05-15 00:00:00-04:00,58.848919936930066,58.968090241112336,57.12099219687486,57.51821517944336,56814000,0.0,0.0
2014-05-16 00:00:00-04:00,57.90552007744526,58.04454832778296,56.91245681704944,57.617530822753906,47933000,0.0,0.0
2014-05-19 00:00:00-04:00,57.48842379116857,59.14684118242707,57.17064389372416,58.79926681518555,43034000,0.0,0.0
2014-05-20 00:00:00-04:00,59.087256051711556,59.77246824552135,57.7764130272366,58.153778076171875,53931000,0.0,0.0
2014-05-21 00:00:00-04:00,58.15377300826101,60.08031394282848,57.84592210197949,60.07038497924805,58992000,0.0,0.0
2014-05-22 00:00:00-04:00,60.517266279288826,61.05352128310343,59.98101506370946,60.100181579589844,54200000,0.0,0.0
2014-05-23 00:00:00-04:00,59.99094521317493,61.02373180649794,59.73275045896183,60.92442321777344,38294000,0.0,0.0
2014-05-27 00:00:00-04:00,61.19254814681603,63.0694368299262,61.142895748663385,63.03964614868164,55682000,0.0,0.0
2014-05-28 00:00:00-04:00,62.95027241713663,63.69506977898299,62.185613337719474,63.06943893432617,47795000,0.0,0.0
2014-05-29 00:00:00-04:00,63.39714743935921,63.8539593370958,63.06943480325915,63.3872184753418,42700000,0.0,0.0
2014-05-30 00:00:00-04:00,63.506385777517494,63.72485708274315,62.12602867952846,62.86089324951172,45253500,0.0,0.0
2014-06-02 00:00:00-04:00,62.79138273718363,63.14888607853832,61.61956791307007,62.642425537109375,35996000,0.0,0.0
2014-06-03 00:00:00-04:00,62.18561026259247,62.98005998496204,61.88769209023327,62.433876037597656,32217000,0.0,0.0
2014-06-04 00:00:00-04:00,62.01679391740222,63.148885292103174,61.63942886309015,62.90061950683594,36514000,0.0,0.0
2014-06-05 00:00:00-04:00,63.21840413141162,63.9135491397351,62.38423087907053,62.75166320800781,47352000,0.0,0.0
2014-06-06 00:00:00-04:00,62.93041211007046,63.03964966504066,61.718877616978716,62.06644821166992,42442000,0.0,0.0
2014-06-09 00:00:00-04:00,61.96714345594248,62.900621473975974,61.3613743148281,62.44381332397461,37617000,0.0,0.0
2014-06-10 00:00:00-04:00,63.089292186546054,65.36340740208489,63.05950150830481,65.31375122070312,69338000,0.0,0.0
2014-06-11 00:00:00-04:00,64.86688418526141,65.34355782745702,64.44979948363431,65.32369232177734,44242000,0.0,0.0
2014-06-12 00:00:00-04:00,65.39320450541247,66.008906363281,63.61562062315988,63.84402847290039,55730000,0.0,0.0
2014-06-13 00:00:00-04:00,64.25117610712253,64.51930737262231,63.38721610521608,64.05256652832031,29419000,0.0,0.0
2014-06-16 00:00:00-04:00,63.714937405148945,64.42993653208053,63.307777863750594,63.744728088378906,31046000,0.0,0.0
2014-06-17 00:00:00-04:00,63.65535177245938,64.42993988260227,63.486532841063365,63.95327377319336,27715000,0.0,0.0
2014-06-18 00:00:00-04:00,64.0426424989403,65.29390422992948,63.605699850770584,65.14494323730469,35570000,0.0,0.0
2014-06-19 00:00:00-04:00,65.00591016675087,65.12508046728827,63.76458128124966,63.8936767578125,34245000,0.0,0.0
2014-06-20 00:00:00-04:00,64.0128430972659,64.3604136484047,62.91054250903304,64.05256652832031,46466000,0.0,0.0
2014-06-23 00:00:00-04:00,63.87382269569575,65.2045312812679,63.77451789413859,64.91654205322266,34560000,0.0,0.0
2014-06-24 00:00:00-04:00,64.90660343600533,66.70404518414962,64.81722381914958,65.26410675048828,57335000,0.0,0.0
2014-06-25 00:00:00-04:00,65.12507768919428,67.01189902996248,65.11514493712232,66.97217559814453,44308000,0.0,0.0
2014-06-26 00:00:00-04:00,67.52828950740567,67.52828950740567,66.4359216336093,66.66432189941406,47714000,0.0,0.0
2014-06-27 00:00:00-04:00,66.84307615479625,67.23037016531677,66.37633527635604,67.13106536865234,46461000,0.0,0.0
2014-06-30 00:00:00-04:00,66.99203821400442,67.448846347174,66.66432556092502,66.8232192993164,27102800,0.0,0.0
2014-07-01 00:00:00-04:00,67.11120929843311,67.96524421104482,66.92252487601617,67.58787536621094,33243000,0.0,0.0
2014-07-02 00:00:00-04:00,67.56801855931367,67.82621710325685,65.33362644125357,65.98904418945312,41895000,0.0,0.0
2014-07-03 00:00:00-04:00,66.39620778313471,66.53523602841969,65.3038397516937,65.83016204833984,25203200,0.0,0.0
2014-07-07 00:00:00-04:00,65.84007762547547,66.1082012924417,64.66826302344283,64.83708190917969,28745000,0.0,0.0
2014-07-08 00:00:00-04:00,64.60868668906022,65.10521826847562,61.77845820168662,62.324642181396484,68926000,0.0,0.0
2014-07-09 00:00:00-04:00,62.97013766372768,64.66827862296469,62.71194289730785,64.51931762695312,51432000,0.0,0.0
2014-07-10 00:00:00-04:00,62.87082600401464,64.8867390894661,62.61262747750957,64.42000579833984,44422000,0.0,0.0
2014-07-11 00:00:00-04:00,64.82716199149415,66.12807230901015,64.34056316361324,65.87980651855469,39212000,0.0,0.0
2014-07-14 00:00:00-04:00,66.66432277052469,67.69710929742756,66.43592250173539,67.42898559570312,38537000,0.0,0.0
2014-07-15 00:00:00-04:00,67.48856893312214,67.61766441158898,65.80036465452977,66.70404815673828,44213200,0.0,0.0
2014-07-16 00:00:00-04:00,67.07148825989815,67.46871504821998,66.60474735185531,67.19065856933594,29541600,0.0,0.0
2014-07-17 00:00:00-04:00,66.56503524939829,67.37934689469895,65.5819046526691,65.9493408203125,38188000,0.0,0.0
2014-07-18 00:00:00-04:00,66.33662365698372,67.98510460104848,65.70106382596227,67.94538116455078,42456000,0.0,0.0
2014-07-21 00:00:00-04:00,68.33266794600705,69.47469200055478,68.02482081641776,68.9185791015625,49539000,0.0,0.0
2014-07-22 00:00:00-04:00,69.27608852268447,69.28601369927715,68.13406436746111,68.78948211669922,40398000,0.0,0.0
2014-07-23 00:00:00-04:00,69.25622031487258,70.83519462563936,69.12712483596778,70.79547119140625,78435000,0.0,0.0
2014-07-24 00:00:00-04:00,75.43308237037218,76.20767048091255,73.99314371118517,74.45988464355469,124168000,0.0,0.0
2014-07-25 00:00:00-04:00,74.46980932225334,75.14509262013406,74.14210421523727,74.66842651367188,45917000,0.0,0.0
2014-07-28 00:00:00-04:00,74.64854958240285,74.97626221573834,73.33770662553086,74.40028381347656,41725000,0.0,0.0
2014-07-29 00:00:00-04:00,74.20168060646282,74.40029020808609,72.91069546649962,73.19868469238281,41324000,0.0,0.0
2014-07-30 00:00:00-04:00,73.69520831021336,74.66841343654303,73.61576144755995,74.16194915771484,36853000,0.0,0.0
2014-07-31 00:00:00-04:00,73.48667565391472,73.65549457692882,71.93749951054609,72.14604187011719,43992000,0.0,0.0
2014-08-01 00:00:00-04:00,71.71902687023902,72.71209008898734,71.0536763320307,71.8580551147461,43535000,0.0,0.0
2014-08-04 00:00:00-04:00,71.85805212461207,73.36750482065138,71.85805212461207,73.00007629394531,30777000,0.0,0.0
2014-08-05 00:00:00-04:00,72.69223259919679,73.07952669110658,71.67931133800316,72.18577575683594,34986000,0.0,0.0
2014-08-06 00:00:00-04:00,71.52040220861804,73.2086140499994,71.29200193499152,71.96728515625,30986000,0.0,0.0
2014-08-07 00:00:00-04:00,72.49361089023368,73.4866740531136,72.19568891078144,72.66242980957031,38141000,0.0,0.0
2014-08-08 00:00:00-04:00,72.89082988837201,72.92062056784245,72.05665298085039,72.55318450927734,27202000,0.0,0.0
2014-08-11 00:00:00-04:00,72.9504151795373,73.39729812509168,72.55318842009017,72.93055725097656,24591000,0.0,0.0
2014-08-12 00:00:00-04:00,72.58297426162108,72.82131484727991,71.71901426213452,72.32478332519531,27419000,0.0,0.0
2014-08-13 00:00:00-04:00,72.61277767092938,73.73493626295753,72.5432635559625,73.25826263427734,29266000,0.0,0.0
2014-08-14 00:00:00-04:00,73.45687143654752,73.86402332741702,73.17881500834991,73.78458404541016,22207000,0.0,0.0
2014-08-15 00:00:00-04:00,73.80445583134038,74.13216850174332,72.49361272619943,73.1192398071289,38846600,0.0,0.0
2014-08-18 00:00:00-04:00,73.48666722582149,74.20167384890252,73.44694379382034,74.07257080078125,23974000,0.0,0.0
2014-08-19 00:00:00-04:00,74.29104945308102,75.05571229696996,73.99313506348311,74.7677230834961,26679000,0.0,0.0
2014-08-20 00:00:00-04:00,74.44994751683838,74.65848987462155,74.10237692053308,74.29105377197266,22917000,0.0,0.0
2014-08-21 00:00:00-04:00,74.40029737013998,74.66842869226043,73.89384056430599,74.05272674560547,20102000,0.0,0.0
2014-08-22 00:00:00-04:00,73.82431886292771,74.21162050337631,73.0596634889518,74.05272674560547,20897000,0.0,0.0
2014-08-25 00:00:00-04:00,74.42016396790702,74.75780184340738,74.27120296193331,74.49960327148438,19734000,0.0,0.0
2014-08-26 00:00:00-04:00,74.47972771618652,75.46285800062867,74.21160403005491,75.43306732177734,23993000,0.0,0.0
2014-08-27 00:00:00-04:00,74.7478568414131,74.96633193751327,73.94347814801725,74.11229705810547,36323000,0.0,0.0
2014-08-28 00:00:00-04:00,73.48666921875042,73.91368665375602,73.21854551605861,73.34764099121094,21947000,0.0,0.0
2014-08-29 00:00:00-04:00,73.78460529715717,74.30099487304688,73.49661603458482,74.30099487304688,26241000,0.0,0.0
2014-09-02 00:00:00-04:00,74.48966535747087,76.16793684683816,74.3009809437343,76.14807891845703,34979000,0.0,0.0
2014-09-03 00:00:00-04:00,76.60488822486357,76.94253362434466,75.07557011579459,75.3039779663086,32389000,0.0,0.0
2014-09-04 00:00:00-04:00,75.36356011633131,76.39634667778536,75.00605678442528,75.42314147949219,26676000,0.0,0.0
2014-09-05 00:00:00-04:00,75.57209566853525,76.84321514480604,75.07556414958762,76.72405242919922,29476000,0.0,0.0
2014-09-08 00:00:00-04:00,76.72405863202104,77.62774212980054,76.47579285247598,77.34968566894531,28183000,0.0,0.0
2014-09-09 00:00:00-04:00,77.0517693940255,77.62774786346532,75.67141216391794,76.13815307617188,28882000,0.0,0.0
2014-09-10 00:00:00-04:00,75.98917707941281,77.40925746598798,75.9792519045161,76.89286804199219,29909000,0.0,0.0
2014-09-11 00:00:00-04:00,76.59495766071593,77.81642866294253,76.5155183672186,77.37947845458984,32219000,0.0,0.0
2014-09-12 00:00:00-04:00,77.47877514598679,77.75683916177606,76.56515896637409,76.9425277709961,26676800,0.0,0.0
2014-09-15 00:00:00-04:00,76.61482461625727,76.71412941736101,72.92062843402088,74.06265258789062,49679000,0.0,0.0
2014-09-16 00:00:00-04:00,73.0099992836925,75.70120708119592,72.56312389782529,75.55224609375,37742000,0.0,0.0
2014-09-17 00:00:00-04:00,75.43306993558615,76.71412220587027,75.04577594415954,75.89981079101562,28693000,0.0,0.0
2014-09-18 00:00:00-04:00,76.23745822014935,76.79357876188678,75.98919242115952,76.46586608886719,23031000,0.0,0.0
2014-09-19 00:00:00-04:00,76.86308829120671,77.75684662947653,75.90974858920906,77.36955261230469,76671000,0.0,0.0
2014-09-22 00:00:00-04:00,76.4658673021846,76.99218959215908,75.42314789929368,76.26725769042969,31961000,0.0,0.0
2014-09-23 00:00:00-04:00,75.80050735124736,78.08454790854437,75.51251814645272,77.74691009521484,36814000,0.0,0.0
2014-09-24 00:00:00-04:00,77.55823561277403,78.0746327276413,76.97233195235388,77.99518585205078,30680000,0.0,0.0
2014-09-25 00:00:00-04:00,78.05475815186598,78.39240354566145,76.59495418249683,76.68433380126953,37533000,0.0,0.0
2014-09-26 00:00:00-04:00,77.05175851326733,78.29308732738599,76.79356757498891,78.24343872070312,28872000,0.0,0.0
2014-09-29 00:00:00-04:00,77.57810292716869,78.65060546674141,77.36956055623868,78.45199584960938,34031000,0.0,0.0
2014-09-30 00:00:00-04:00,78.79955397884973,79.15705729420353,78.054756667941,78.49170684814453,35899000,0.0,0.0
2014-10-01 00:00:00-04:00,78.2335162145768,78.27323965100733,75.37349697981612,76.01898956298828,55090000,0.0,0.0
2014-10-02 00:00:00-04:00,76.03884663592878,76.94253775747838,75.11529758462314,76.5453109741211,36488000,0.0,0.0
2014-10-03 00:00:00-04:00,77.22058903305964,77.51850341816382,76.72405748141581,76.9028091430664,23340000,0.0,0.0
2014-10-06 00:00:00-04:00,76.65454415320714,77.34968530204792,76.31689875486285,77.02197265625,25729000,0.0,0.0
2014-10-07 00:00:00-04:00,76.51551807271588,77.40926883876745,75.71113177621076,75.76078796386719,25317000,0.0,0.0
2014-10-08 00:00:00-04:00,75.65155300990455,77.17093845612911,74.57904296205048,76.98225402832031,32976000,0.0,0.0
2014-10-09 00:00:00-04:00,76.74391443687738,77.22058805405909,75.32383391412097,75.3834228515625,32487000,0.0,0.0
2014-10-10 00:00:00-04:00,75.06562982275555,75.96932080498428,72.25526724259652,72.40422821044922,52146000,0.0,0.0
2014-10-13 00:00:00-04:00,72.72201369327577,74.26125694279754,72.0169322293777,72.48367309570312,43938000,0.0,0.0
2014-10-14 00:00:00-04:00,73.48668074978944,73.66543243845588,71.55021043629569,73.07952117919922,50299000,0.0,0.0
2014-10-15 00:00:00-04:00,71.19270333438101,73.28806729549814,69.83220402090394,72.70215606689453,61528000,0.0,0.0
2014-10-16 00:00:00-04:00,70.29894977647459,72.84118932262503,70.09040739899864,72.12618255615234,53529000,0.0,0.0
2014-10-17 00:00:00-04:00,73.71507926496052,75.47279766643985,73.23840563026235,75.42314147949219,76342000,0.0,0.0
2014-10-20 00:00:00-04:00,75.07557262269334,76.55523459474192,74.8570975174639,76.41620635986328,34701000,0.0,0.0
2014-10-21 00:00:00-04:00,77.02198345576872,78.19379839702616,76.61483146192244,78.14414978027344,32252000,0.0,0.0
2014-10-22 00:00:00-04:00,78.27324567466744,79.29609961793898,77.46886686034155,77.82637023925781,41862000,0.0,0.0
2014-10-23 00:00:00-04:00,78.82935400985772,80.07068300861981,78.46192547516554,79.48477935791016,35056000,0.0,0.0
2014-10-24 00:00:00-04:00,79.64365647615604,80.25935831707905,78.76976368790055,80.11039733886719,32248000,0.0,0.0
2014-10-27 00:00:00-04:00,80.17990683904071,80.23949577277932,79.20670931345595,79.72309875488281,30169000,0.0,0.0
2014-10-28 00:00:00-04:00,79.62379795832105,80.59700310915615,79.01802887415766,80.20970153808594,74212000,0.0,0.0
2014-10-29 00:00:00-04:00,74.92659604966104,76.34667636179543,74.26124569592922,75.33375549316406,106120000,0.0,0.0
2014-10-30 00:00:00-04:00,74.52938315850143,74.82729752052603,72.3942961365451,73.59590148925781,83270000,0.0,0.0
2014-10-31 00:00:00-04:00,74.41022149242845,75.17487677770329,73.93354785088209,74.46980285644531,44544000,0.0,0.0
2014-11-03 00:00:00-05:00,74.94647459986727,74.99612320980039,73.18874864118185,73.36750030517578,40727000,0.0,0.0
2014-11-04 00:00:00-05:00,73.71508114168662,75.24439172920029,73.13910269489959,75.23446655273438,39326000,0.0,0.0
2014-11-05 00:00:00-05:00,75.97925938564929,76.26724859186699,73.90375358100106,74.3109130859375,35913000,0.0,0.0
2014-11-06 00:00:00-05:00,74.37050181879499,75.07557577571126,73.79452334926759,74.7379379272461,21383000,0.0,0.0
2014-11-07 00:00:00-05:00,74.86704202655628,75.33378299257019,74.49960587583915,75.0755844116211,20774000,0.0,0.0
2014-11-10 00:00:00-05:00,74.83723966861764,74.95640997427205,74.09244230533639,74.479736328125,21575100,0.0,0.0
2014-11-11 00:00:00-05:00,74.43007555800364,74.45987381493576,73.51645933364125,74.09243774414062,18715700,0.0,0.0
2014-11-12 00:00:00-05:00,73.76473281474118,74.61876776742858,73.02986817282559,74.2016830444336,26536600,0.0,0.0
2014-11-13 00:00:00-05:00,74.22154608156504,74.71807771257238,73.12917800864318,73.73494720458984,26448500,0.0,0.0
2014-11-14 00:00:00-05:00,73.7547960641117,74.41022137312831,73.52639578476628,74.36056518554688,19476900,0.0,0.0
2014-11-17 00:00:00-05:00,74.36057360829523,75.13516930936267,73.36751035594713,73.72501373291016,28701200,0.0,0.0
2014-11-18 00:00:00-05:00,73.9335478544175,74.28112601512046,73.38736767247237,73.82431030273438,20690500,0.0,0.0
2014-11-19 00:00:00-05:00,73.49660279705994,74.02292503244114,72.60284448392662,72.82131958007812,25441200,0.0,0.0
2014-11-20 00:00:00-05:00,72.29499349332627,73.47673337773692,72.0070042979659,73.08943939208984,19154900,0.0,0.0
2014-11-21 00:00:00-05:00,73.98320834919558,73.98320834919558,72.99014514987752,73.23841094970703,23060400,0.0,0.0
2014-11-24 00:00:00-05:00,73.02985645168238,73.834235084996,72.84117205069487,73.49659729003906,22103800,0.0,0.0
2014-11-25 00:00:00-05:00,73.6952215956719,75.21460712959495,73.61577471869614,75.1053695678711,32250200,0.0,0.0
2014-11-26 00:00:00-05:00,75.00605247129671,77.24044437898831,74.98619454354179,77.08155822753906,32695300,0.0,0.0
2014-11-28 00:00:00-05:00,77.13121243076439,77.72704880074737,76.69426980022781,77.16100311279297,15992000,0.0,0.0
2014-12-01 00:00:00-05:00,76.7240605530256,76.77370916429551,74.28112613031273,74.57904052734375,31789900,0.0,0.0
2014-12-02 00:00:00-05:00,74.8074432241269,75.3834216257181,74.51945402333129,74.93653869628906,16773900,0.0,0.0
2014-12-03 00:00:00-05:00,74.85709675547928,75.20467491560835,73.88389912123525,74.36056518554688,16689900,0.0,0.0
2014-12-04 00:00:00-05:00,74.31091902289164,75.02592571938818,74.14210010190516,74.71807098388672,14362800,0.0,0.0
2014-12-05 00:00:00-05:00,75.2741940360159,76.22753380448067,74.83724380095958,75.83030700683594,24306400,0.0,0.0
2014-12-08 00:00:00-05:00,75.65155131257274,76.71412858342019,74.87696326532496,75.98918914794922,25733900,0.0,0.0
2014-12-09 00:00:00-05:00,74.67834573165068,76.39634831208859,74.26126102766132,76.30696868896484,25358600,0.0,0.0
2014-12-10 00:00:00-05:00,76.1182911809097,77.01204952202316,75.5423127414732,75.65155029296875,32210500,0.0,0.0
2014-12-11 00:00:00-05:00,75.98919042499215,77.97531676473703,75.94947456549149,77.19080352783203,33462100,0.0,0.0
2014-12-12 00:00:00-05:00,76.62475722677561,78.3328195014065,76.48572141372419,77.29010772705078,28091600,0.0,0.0
2014-12-15 00:00:00-05:00,77.9157367137681,78.03490702369312,76.02891514387802,76.4559326171875,29396500,0.0,0.0
2014-12-16 00:00:00-05:00,75.66148500710179,76.8531577751637,74.07257788105834,74.17189025878906,31554600,0.0,0.0
2014-12-17 00:00:00-05:00,74.48967090184142,75.87996086257753,74.38043334643905,75.58203887939453,29203900,0.0,0.0
2014-12-18 00:00:00-05:00,76.35662037890144,77.85614776611328,75.97925913225578,77.85614776611328,34222100,0.0,0.0
2014-12-19 00:00:00-05:00,78.20372332230917,79.44505226393312,77.78663861627646,79.32588195800781,43335000,0.0,0.0
2014-12-22 00:00:00-05:00,79.52451027457022,81.32195240936194,79.4450633928242,80.88500213623047,31395800,0.0,0.0
2014-12-23 00:00:00-05:00,81.45102670559157,81.59998767596825,79.84226943963866,80.05081176757812,19865800,0.0,0.0
2014-12-24 00:00:00-05:00,80.46790005997606,80.86512680677549,80.18984361015747,80.20970153808594,7685500,0.0,0.0
2014-12-26 00:00:00-05:00,80.45796802939485,80.71616655360074,79.9515113097415,80.21963500976562,10647400,0.0,0.0
2014-12-29 00:00:00-05:00,79.931653321883,80.39839422921521,79.1570652528937,79.46491241455078,14134700,0.0,0.0
2014-12-30 00:00:00-05:00,79.2960829257879,80.03094746043647,78.55128563924048,78.67045593261719,14370800,0.0,0.0
2014-12-31 00:00:00-05:00,78.98824286562632,79.24644140278707,77.31989649157384,77.4787826538086,19935400,0.0,0.0
2015-01-02 00:00:00-05:00,78.03491056417782,78.38248117997341,77.16101007135327,77.90580749511719,18177500,0.0,0.0
2015-01-05 00:00:00-05:00,77.43907716728613,78.70026418717447,76.3268435767957,76.65455627441406,26452200,0.0,0.0
2015-01-06 00:00:00-05:00,76.69426748682473,77.05176323685461,74.83723673953054,75.62175750732422,27399300,0.0,0.0
2015-01-07 00:00:00-05:00,76.22752661186782,76.82336296387801,75.29404486195402,75.62175750732422,22045300,0.0,0.0
2015-01-08 00:00:00-05:00,76.20766664381,77.6873362435156,75.55224888191928,77.63768005371094,23961000,0.0,0.0
2015-01-09 00:00:00-05:00,77.65752984848196,78.0746221003231,76.66446676818694,77.20072174072266,21157000,0.0,0.0
2015-01-12 00:00:00-05:00,77.30003104163643,77.45892478045602,75.68134085388192,76.18780517578125,19190200,0.0,0.0
2015-01-13 00:00:00-05:00,76.69425797121083,77.53835999653498,75.32382619750237,75.91966247558594,25179600,0.0,0.0
2015-01-14 00:00:00-05:00,75.88987508114451,76.66446303380872,75.50258110481242,75.75084686279297,25918600,0.0,0.0
2015-01-15 00:00:00-05:00,75.87002812390118,76.0388470453841,73.02986683583829,73.53633117675781,34134000,0.0,0.0
2015-01-16 00:00:00-05:00,73.52640157944289,74.79752128641255,73.32778438993445,74.65849304199219,21791500,0.0,0.0
2015-01-20 00:00:00-05:00,75.19474633651272,75.78064998484794,74.30098794573189,75.71113586425781,22821600,0.0,0.0
2015-01-21 00:00:00-05:00,75.63170118896697,76.76379269431955,75.32384642770697,76.20767211914062,25096700,0.0,0.0
2015-01-22 00:00:00-05:00,76.63468497511127,77.2106634468297,76.1480861307489,77.11135864257812,19519500,0.0,0.0
2015-01-23 00:00:00-05:00,77.11135605480828,77.64761107153579,76.50558691979039,77.29010772705078,16746500,0.0,0.0
2015-01-26 00:00:00-05:00,77.43906836365275,77.92566718946722,76.75385236043499,76.96239471435547,19260800,0.0,0.0
2015-01-27 00:00:00-05:00,76.1778749185494,76.34669383922281,75.10536487579357,75.25432586669922,20110000,0.0,0.0
2015-01-28 00:00:00-05:00,76.36656120965407,77.10142585253124,75.47280281887322,75.71113586425781,53306400,0.0,0.0
2015-01-29 00:00:00-05:00,76.31689923684687,77.47878126859163,73.6952132068467,77.45892333984375,61293500,0.0,0.0
2015-01-30 00:00:00-05:00,77.45892107441489,77.61781480563216,75.22452912034522,75.3834228515625,42649500,0.0,0.0
2015-02-02 00:00:00-05:00,75.58203630240648,75.6118269844149,73.23840668245043,74.46980285644531,41955300,0.0,0.0
2015-02-03 00:00:00-05:00,74.66841840839577,75.0557124190321,73.34764264059986,74.87696075439453,26957700,0.0,0.0
2015-02-04 00:00:00-05:00,74.56911451299158,75.82037630771046,74.48967521248701,75.1053695678711,20277400,0.0,0.0
2015-02-05 00:00:00-05:00,75.1848150600613,75.4529463707981,74.68828345281497,75.08551025390625,15062600,0.0,0.0
2015-02-06 00:00:00-05:00,75.15501268097516,75.17487060852766,73.73493220217085,73.95340728759766,21211000,0.0,0.0
2015-02-09 00:00:00-05:00,73.53632811514285,74.31091614755246,72.94048417347045,73.92362213134766,16194300,0.0,0.0
2015-02-10 00:00:00-05:00,74.33078107649594,74.81737993664683,73.98321046210243,74.66842651367188,15811300,0.0,0.0
2015-02-11 00:00:00-05:00,74.56910039458829,76.21758868560124,74.50951903637281,75.97925567626953,20877400,0.0,0.0
2015-02-12 00:00:00-05:00,76.32682940933758,76.33676216161093,75.36355700351503,75.70120239257812,17235000,0.0,0.0
2015-02-13 00:00:00-05:00,75.92961397964673,75.9494794871551,74.97627418396753,75.21460723876953,18621900,0.0,0.0
2015-02-17 00:00:00-05:00,74.77766996573068,76.37650249436606,74.55919482619464,75.0755844116211,25254400,0.0,0.0
2015-02-18 00:00:00-05:00,75.41320887572964,76.36654847475988,74.92660253627437,76.17786407470703,22426400,0.0,0.0
2015-02-19 00:00:00-05:00,76.4559282516678,79.28615665666565,76.41620481729427,78.86907196044922,45851200,0.0,0.0
2015-02-20 00:00:00-05:00,78.99817830670982,79.7826915447347,78.65060013558173,79.34574890136719,36931700,0.0,0.0
2015-02-23 00:00:00-05:00,79.40532421491254,79.63373206054715,77.83628270551343,78.2930908203125,24139100,0.0,0.0
2015-02-24 00:00:00-05:00,77.95546368728992,78.92866898798876,77.5582368793216,77.90580749511719,18897100,0.0,0.0
2015-02-25 00:00:00-05:00,77.95545789410292,79.643662231922,77.95545789410292,79.00810241699219,25593800,0.0,0.0
2015-02-26 00:00:00-05:00,79.32587358918418,80.8055429865547,79.16698744118341,79.85220336914062,31111900,0.0,0.0
2015-02-27 00:00:00-05:00,80.12032465811072,80.66651234902675,78.07461726389721,78.42218780517578,30739200,0.0,0.0
2015-03-02 00:00:00-05:00,78.45198762229991,79.30602252405271,77.97531398411236,79.19678497314453,21662500,0.0,0.0
2015-03-03 00:00:00-05:00,79.05776142766162,79.14713347835591,77.97531860715962,79.0478286743164,18635000,0.0,0.0
2015-03-04 00:00:00-05:00,78.74990671066276,80.58707192687109,78.30302377063143,80.33880615234375,28126700,0.0,0.0
2015-03-05 00:00:00-05:00,80.6665253574763,81.42124791839801,80.48777368221153,80.64665985107422,27825700,0.0,0.0
2015-03-06 00:00:00-05:00,80.33881218988574,80.76582965722238,79.27623489811376,79.45498657226562,24488600,0.0,0.0
2015-03-09 00:00:00-04:00,79.1272795903674,79.35568747015031,78.08456015350788,78.88894653320312,18925100,0.0,0.0
2015-03-10 00:00:00-04:00,77.95545373301194,78.71018381413174,77.01204681396484,77.01204681396484,23067100,0.0,0.0
2015-03-11 00:00:00-04:00,77.26032163182349,77.8859487335841,76.72406658325535,77.03191375732422,20215700,0.0,0.0
2015-03-12 00:00:00-04:00,77.55823255197733,78.5016471153234,77.36955570048472,78.38247680664062,16093300,0.0,0.0
2015-03-13 00:00:00-04:00,78.05475558062915,78.82934356094893,77.14113937699403,77.50857543945312,18557300,0.0,0.0
2015-03-16 00:00:00-04:00,77.41919720793554,77.57809093826275,76.82336087214864,77.52843475341797,19305400,0.0,0.0
2015-03-17 00:00:00-04:00,77.8164308455149,79.22657873287842,77.7965653392305,78.80949401855469,22170000,0.0,0.0
2015-03-18 00:00:00-04:00,78.70025870256357,80.67645235172712,78.62081182810701,80.34874725341797,36912400,0.0,0.0
2015-03-19 00:00:00-04:00,80.55728185033423,82.4242377612526,80.43811155013807,82.17597198486328,42099500,0.0,0.0
2015-03-20 00:00:00-04:00,82.81152946616864,84.01313488134127,82.49374958427562,83.21868896484375,44466300,0.0,0.0
2015-03-23 00:00:00-04:00,83.33785787578994,84.37064446277752,82.7221635706514,83.84432220458984,27357300,0.0,0.0
2015-03-24 00:00:00-04:00,84.12238713609577,85.47295376442538,83.93370269381593,84.71822357177734,32576500,0.0,0.0
2015-03-25 00:00:00-04:00,84.90689999254727,84.92675792205634,82.34479522705078,82.34479522705078,37436100,0.0,0.0
2015-03-26 00:00:00-04:00,82.14618436347017,83.188896117259,81.57020592244177,82.43417358398438,32794800,0.0,0.0
2015-03-27 00:00:00-04:00,82.80160726699523,83.36765299052405,82.30507566472535,82.72216796875,18372600,0.0,0.0
2015-03-30 00:00:00-04:00,83.22862530507822,83.75494759477176,81.8383428705938,82.62285614013672,24527700,0.0,0.0
2015-03-31 00:00:00-04:00,82.32493379537134,82.92077014941438,81.63971782116316,81.64965057373047,19734300,0.0,0.0
2015-04-01 00:00:00-04:00,81.92769871037353,82.14617378583631,80.30900872398851,81.10345458984375,22058200,0.0,0.0
2015-04-02 00:00:00-04:00,81.67944821029141,81.9872953778595,80.87506944266077,80.99423217773438,19664100,0.0,0.0
2015-04-06 00:00:00-04:00,80.23951048488793,82.2355620840756,80.23951048488793,81.86813354492188,19062900,0.0,0.0
2015-04-07 00:00:00-04:00,82.07666741704409,82.84132267679522,81.64964997741235,81.74895477294922,17467000,0.0,0.0
2015-04-08 00:00:00-04:00,82.05681439992347,82.52355534409527,81.27229351579001,81.70924377441406,18966700,0.0,0.0
2015-04-09 00:00:00-04:00,81.9277034769873,82.2256254293098,81.14318274057673,81.59999084472656,15927300,0.0,0.0
2015-04-10 00:00:00-04:00,81.6397204058953,82.03694717999039,81.3418060076769,81.47090148925781,12529700,0.0,0.0
2015-04-13 00:00:00-04:00,81.361663571684,83.35772260960907,81.35173081884682,82.43417358398438,26883100,0.0,0.0
2015-04-14 00:00:00-04:00,82.59304228186987,83.10943924961869,81.86811058393062,82.94061279296875,19634200,0.0,0.0
2015-04-15 00:00:00-04:00,82.97043035417062,83.0796679082906,81.6993031404537,82.1362533569336,22390900,0.0,0.0
2015-04-16 00:00:00-04:00,81.89791503390667,82.49375137835561,81.58013514510256,81.73902130126953,13769700,0.0,0.0
2015-04-17 00:00:00-04:00,80.91478371701683,81.54041073471984,79.81248308358528,80.21963500976562,24215000,0.0,0.0
2015-04-20 00:00:00-04:00,80.97437503986258,82.57320741382922,80.67645304632094,82.51361846923828,28796800,0.0,0.0
2015-04-21 00:00:00-04:00,83.41730113416301,83.90389993603397,82.96049301331902,83.0399398803711,27171900,0.0,0.0
2015-04-22 00:00:00-04:00,83.73509105630674,84.15217579358618,83.0697405121032,84.04293823242188,45548000,0.0,0.0
2015-04-23 00:00:00-04:00,83.51659681918187,84.99625856838124,81.83832550048828,81.83832550048828,73728100,0.0,0.0
2015-04-24 00:00:00-04:00,82.19583560686549,82.36466210462187,80.91479077925506,80.96443939208984,29660400,0.0,0.0
2015-04-27 00:00:00-04:00,81.30208107007209,82.35472556197014,81.06374046413751,81.34180450439453,25446000,0.0,0.0
2015-04-28 00:00:00-04:00,81.26236262327494,81.33187674348807,79.67346303521,80.1203384399414,23775300,0.0,0.0
2015-04-29 00:00:00-04:00,79.45498840898095,80.82541289151074,78.96838198803128,79.91179656982422,26430300,0.0,0.0
2015-04-30 00:00:00-04:00,79.4549753933468,80.39838224412799,77.7766964430726,78.22357177734375,28999000,0.0,0.0
2015-05-01 00:00:00-04:00,78.69032053176704,79.2067176037128,77.56816191908827,78.44205474853516,24136400,0.0,0.0
2015-05-04 00:00:00-04:00,78.77969507331339,79.13719838423101,78.08454637920916,78.26329803466797,14692000,0.0,0.0
2015-05-05 00:00:00-04:00,78.00511059364374,78.2533763720112,76.68433483437599,77.02197265625,22311300,0.0,0.0
2015-05-06 00:00:00-04:00,77.42913967871532,78.2633091382237,76.51552334407154,77.55823516845703,28663000,0.0,0.0
2015-05-07 00:00:00-04:00,77.45892310848555,78.39240486272497,77.02197291263386,77.88594055175781,19749400,0.0,0.0
2015-05-08 00:00:00-04:00,78.55130439776325,78.68040747386938,77.48872698493119,77.96540069580078,19943600,0.0,0.0
2015-05-11 00:00:00-04:00,77.93559769436955,78.4817778694149,77.3894099428538,77.46885681152344,18874100,0.0,0.0
2015-05-12 00:00:00-04:00,77.32982797341872,77.34968590219526,76.25731798419694,76.92266845703125,21285300,0.0,0.0
2015-05-13 00:00:00-04:00,77.1808673605233,77.98524606806659,77.1113532447661,77.8958740234375,21512300,0.0,0.0
2015-05-14 00:00:00-04:00,78.39240591244544,81.28221568119372,78.12427462450226,80.80554962158203,49438000,0.0,0.0
2015-05-15 00:00:00-04:00,80.84526709273975,80.9544970586381,79.6237961991996,79.86212921142578,27069900,0.0,0.0
2015-05-18 00:00:00-04:00,79.77276663820238,80.81547842570524,79.67346183603127,80.3189468383789,21613700,0.0,0.0
2015-05-19 00:00:00-04:00,80.68638058880609,81.12333079738835,79.99123941739843,80.0706787109375,17955400,0.0,0.0
2015-05-20 00:00:00-04:00,79.91178696122766,80.53741397176066,78.90879113276397,79.9912338256836,23056900,0.0,0.0
2015-05-21 00:00:00-04:00,79.63374080298745,80.35867269953665,79.52450324436151,79.9217300415039,13402700,0.0,0.0
2015-05-22 00:00:00-04:00,79.79262355813192,80.74596328455581,79.69331875721768,79.98130798339844,19567900,0.0,0.0
2015-05-26 00:00:00-04:00,79.87206917880366,80.04088809536154,78.5314354462766,78.77970123291016,16321300,0.0,0.0
2015-05-27 00:00:00-04:00,79.04781935732684,80.100471370193,78.87900045271049,79.9912338256836,14160900,0.0,0.0
2015-05-28 00:00:00-04:00,79.69332183355621,80.50763335484025,79.44505603345168,79.5940170288086,11982000,0.0,0.0
2015-05-29 00:00:00-04:00,79.39539329134823,79.51456359309434,78.33281605764066,78.64067077636719,16134600,0.0,0.0
2015-06-01 00:00:00-04:00,78.74990947572081,79.82241190121921,78.11434967673272,79.73303985595703,18119000,0.0,0.0
2015-06-02 00:00:00-04:00,79.20670539601875,80.78567189731032,79.00808825416274,79.88198852539062,18923300,0.0,0.0
2015-06-03 00:00:00-04:00,80.78569070509275,81.9575055972119,80.68638589928015,81.86813354492188,31775000,0.0,0.0
2015-06-04 00:00:00-04:00,81.57019937048746,82.37457802686747,80.94457236846632,81.48082733154297,20863900,0.0,0.0
2015-06-05 00:00:00-04:00,81.30208197440578,81.88798559012032,80.94457863799774,81.57020568847656,16143100,0.0,0.0
2015-06-08 00:00:00-04:00,81.25242140319806,81.43117306175827,79.57414236318651,80.11039733886719,16915500,0.0,0.0
2015-06-09 00:00:00-04:00,80.04088322589766,80.62679438647231,78.76976368790055,80.11039733886719,16497500,0.0,0.0
2015-06-10 00:00:00-04:00,80.26928930852353,82.02700759874911,80.24942380441368,81.5900650024414,21531200,0.0,0.0
2015-06-11 00:00:00-04:00,81.73902568970313,82.32493688967148,80.79561872504819,81.26235961914062,18656800,0.0,0.0
2015-06-12 00:00:00-04:00,80.80555322395948,81.52055234525226,80.63672672620311,80.96443939208984,11417900,0.0,0.0
2015-06-15 00:00:00-04:00,79.99125266511793,80.36861399545427,79.51457894258675,80.15013885498047,18805100,0.0,0.0
2015-06-16 00:00:00-04:00,80.25935528320927,80.94457121120008,79.8919192277054,80.49768829345703,13693700,0.0,0.0
2015-06-17 00:00:00-04:00,81.19285030709636,81.64965847528549,80.77575800007932,81.22264099121094,18350300,0.0,0.0
2015-06-18 00:00:00-04:00,81.07366742919608,82.61291819930798,81.00415331821185,82.3348617553711,26782600,0.0,0.0
2015-06-19 00:00:00-04:00,82.25542487247601,82.40438586450708,81.55035092509779,81.9376449584961,23353200,0.0,0.0
2015-06-22 00:00:00-04:00,82.83140756687982,84.38058377963566,82.73209518280375,84.15217590332031,29383100,0.0,0.0
2015-06-23 00:00:00-04:00,84.37064320082747,87.35976536427206,84.17203360403806,87.2703857421875,50667900,0.0,0.0
2015-06-24 00:00:00-04:00,87.05191104370908,88.630877664557,86.84336113485196,88.24358367919922,41370200,0.0,0.0
2015-06-25 00:00:00-04:00,88.64081716583486,88.7798453980123,87.2306617621529,87.36969757080078,27302000,0.0,0.0
2015-06-26 00:00:00-04:00,87.50872027063707,87.72718778133972,86.22766800387319,87.39948272705078,38214600,0.0,0.0
2015-06-29 00:00:00-04:00,86.0092128311461,86.89303856009677,85.1353198565858,85.204833984375,35957900,0.0,0.0
2015-06-30 00:00:00-04:00,85.99927020083933,86.09857500392408,84.97641633377192,85.1750259399414,23016500,0.0,0.0
2015-07-01 00:00:00-04:00,86.16808546667265,87.33990027686963,85.89002899924803,86.30712127685547,25260000,0.0,0.0
2015-07-02 00:00:00-04:00,86.79372394570511,86.83344738230971,85.74107181686014,86.68448638916016,16908800,0.0,0.0
2015-07-06 00:00:00-04:00,85.89002828549337,87.57824015813871,85.79072348744845,86.94268035888672,24635900,0.0,0.0
2015-07-07 00:00:00-04:00,87.1909380993854,87.24058670559285,84.63876638505457,86.61495971679688,33059900,0.0,0.0
2015-07-08 00:00:00-04:00,85.69140687962951,86.14821494885634,84.8572300227814,85.05584716796875,24399300,0.0,0.0
2015-07-09 00:00:00-04:00,86.12836567446386,86.9923257192911,85.05585571212299,85.28425598144531,23307400,0.0,0.0
2015-07-10 00:00:00-04:00,86.74406080736264,87.60802843724696,86.16808238743977,87.33989715576172,23245900,0.0,0.0
2015-07-13 00:00:00-04:00,88.04498502005156,89.59416115364563,87.80664440221341,89.47499084472656,29976700,0.0,0.0
2015-07-14 00:00:00-04:00,89.83248748402869,90.17013287917337,89.02810879421111,89.05789947509766,26627800,0.0,0.0
2015-07-15 00:00:00-04:00,89.37568502841006,90.35881544231077,88.79970657320735,89.1373519897461,30886600,0.0,0.0
2015-07-16 00:00:00-04:00,89.65374189307191,90.2297203507811,89.14727755429517,90.21978759765625,21804100,0.0,0.0
2015-07-17 00:00:00-04:00,91.9080070100524,94.72830300923678,91.89807425611968,94.31121826171875,54001600,0.0,0.0
2015-07-20 00:00:00-04:00,95.18510439699936,97.91602814513506,94.69850555965246,97.23081970214844,54860500,0.0,0.0
2015-07-21 00:00:00-04:00,98.26359431619079,98.55158353492324,96.46615246377736,97.70748138427734,39453300,0.0,0.0
2015-07-22 00:00:00-04:00,96.06891461071383,96.90309148881774,95.25460323586954,96.36683654785156,28299500,0.0,0.0
2015-07-23 00:00:00-04:00,96.28739907892862,96.77399788567463,94.15231185845276,94.77794647216797,29418800,0.0,0.0
2015-07-24 00:00:00-04:00,96.67470024186679,97.08185978736003,95.21489613715043,96.27747344970703,33444900,0.0,0.0
2015-07-27 00:00:00-04:00,95.91004778106083,95.93983846547985,93.17912392107485,93.51676177978516,38585400,0.0,0.0
2015-07-28 00:00:00-04:00,94.18208442183143,94.89709094197605,92.66269935475856,94.62896728515625,35236000,0.0,0.0
2015-07-29 00:00:00-04:00,95.65184916715091,96.6051889503685,94.08280745923254,96.31719970703125,64648300,0.0,0.0
2015-07-30 00:00:00-04:00,94.25163848271009,95.1453893634927,91.16321111048688,94.54955291748047,86211300,0.0,0.0
2015-07-31 00:00:00-04:00,94.29133854415754,95.66177047443759,93.29827544173789,93.35786437988281,46509000,0.0,0.0
2015-08-03 00:00:00-04:00,92.88119225637409,94.42044312055941,92.15626042272913,93.4869613647461,29343100,0.0,0.0
2015-08-04 00:00:00-04:00,93.13938515797219,94.07286685735318,92.68257706027741,93.40750885009766,20136000,0.0,0.0
2015-08-05 00:00:00-04:00,94.58926379509049,96.4164963303843,94.51974967856236,95.77101135253906,29813200,0.0,0.0
2015-08-06 00:00:00-04:00,96.50587453884609,98.0550505853349,93.76501819958325,94.46016693115234,42271300,0.0,0.0
2015-08-07 00:00:00-04:00,94.71835349965038,94.7382190040016,92.96063518806643,93.6458511352539,23199100,0.0,0.0
2015-08-10 00:00:00-04:00,95.01628796048145,95.23476307828362,92.98050535529316,93.49690246582031,21624200,0.0,0.0
2015-08-11 00:00:00-04:00,93.0798109762595,94.10266479306392,92.25556675586489,92.97057342529297,22491000,0.0,0.0
2015-08-12 00:00:00-04:00,92.05694402745793,93.78487923312042,90.55742423917599,93.53661346435547,27050500,0.0,0.0
2015-08-13 00:00:00-04:00,93.3976081127797,94.0728914722542,92.70245924411579,92.78190612792969,17451800,0.0,0.0
2015-08-14 00:00:00-04:00,92.89112186134295,94.06293660446543,92.56340922500624,93.7650146484375,15929700,0.0,0.0
2015-08-17 00:00:00-04:00,93.76500296535005,93.80472639296893,92.74214932768876,93.27840423583984,18313500,0.0,0.0
2015-08-18 00:00:00-04:00,93.42738382407649,95.18510228199116,93.38766038853703,94.50981903076172,22278800,0.0,0.0
2015-08-19 00:00:00-04:00,93.97355864527188,95.43336261792155,93.50682535141516,94.64884185791016,23251300,0.0,0.0
2015-08-20 00:00:00-04:00,92.89112462736061,94.11258801521254,89.83248841674767,89.93179321289062,44598200,0.0,0.0
2015-08-21 00:00:00-04:00,86.91288399244422,88.56137246645943,85.01613730614822,85.4630126953125,62778700,0.0,0.0
2015-08-24 00:00:00-04:00,76.49564911537614,81.52054595947266,71.50054295194104,81.52054595947266,83710700,0.0,0.0
2015-08-25 00:00:00-04:00,86.346844453035,87.06185118784899,82.42424774169922,82.42424774169922,52021200,0.0,0.0
2015-08-26 00:00:00-04:00,85.35377085513008,86.85329826528442,82.68243625433655,86.58517456054688,45124300,0.0,0.0
2015-08-27 00:00:00-04:00,88.4819321505536,89.43527194080708,86.58518532374433,89.1075668334961,42431400,0.0,0.0
2015-08-28 00:00:00-04:00,89.25651118498688,90.84541825039135,89.16713914020484,90.37867736816406,33215900,0.0,0.0
2015-08-31 00:00:00-04:00,89.97152105949812,90.41840402876524,88.27338395981262,88.80963897705078,32850700,0.0,0.0
2015-09-01 00:00:00-04:00,86.24753957283774,88.76992107342308,85.89996895939453,86.62490844726562,36097400,0.0,0.0
2015-09-02 00:00:00-04:00,88.19393138015559,89.26644134521484,87.02211662051015,89.26644134521484,27190500,0.0,0.0
2015-09-03 00:00:00-04:00,89.13734536981303,89.19692673093645,87.12142850278963,87.53851318359375,27048200,0.0,0.0
2015-09-04 00:00:00-04:00,86.59510635993752,87.77685396989816,86.09857476939551,87.64775848388672,27328700,0.0,0.0
2015-09-08 00:00:00-04:00,89.0678369179923,89.61401710810543,88.21380199740895,88.90894317626953,27012500,0.0,0.0
2015-09-09 00:00:00-04:00,90.15027517699941,91.34195555089562,89.5445060249748,89.81263732910156,32551100,0.0,0.0
2015-09-10 00:00:00-04:00,89.44519525968283,91.42138875467899,89.00824506073018,91.34194946289062,26437400,0.0,0.0
2015-09-11 00:00:00-04:00,91.04403240270958,91.44125918894463,90.49784462457755,91.41146850585938,21185000,0.0,0.0
2015-09-14 00:00:00-04:00,91.6696548461914,91.97750956761935,90.96458093506486,91.6696548461914,20127900,0.0,0.0
2015-09-15 00:00:00-04:00,91.72923960741406,92.6031323920024,91.15326120152922,92.25556182861328,18859400,0.0,0.0
2015-09-16 00:00:00-04:00,92.25556998562213,92.950711173863,91.98743868696441,92.80175018310547,16321200,0.0,0.0
2015-09-17 00:00:00-04:00,92.72230491480578,94.84745935507105,92.25556404285092,93.6855697631836,27841800,0.0,0.0
2015-09-18 00:00:00-04:00,92.55348263685892,94.5296837622849,92.40452922539464,93.74516296386719,62300000,0.0,0.0
2015-09-21 00:00:00-04:00,93.96364269357854,95.82066602828236,93.86433031242076,94.88719177246094,28790000,0.0,0.0
2015-09-22 00:00:00-04:00,93.1195261085036,94.0232171910061,91.28236083838681,92.31514739990234,36888900,0.0,0.0
2015-09-23 00:00:00-04:00,92.75210005748467,93.66571634040383,92.1562636806448,93.31814575195312,21701400,0.0,0.0
2015-09-24 00:00:00-04:00,92.41445511032593,94.11259220227241,91.60014362337257,93.75509643554688,29106000,0.0,0.0
2015-09-25 00:00:00-04:00,95.1255119137375,95.18509327317226,91.421383347321,92.12645721435547,28961600,0.0,0.0
2015-09-28 00:00:00-04:00,91.4412576332969,91.64979998781654,87.56830979221779,88.5911636352539,41199900,0.0,0.0
2015-09-29 00:00:00-04:00,88.48192268195575,89.43526237019076,85.12537205609895,86.06877899169922,42281800,0.0,0.0
2015-09-30 00:00:00-04:00,87.82651109562961,89.39554518034791,87.39949362015334,89.27638244628906,36169100,0.0,0.0
2015-10-01 00:00:00-04:00,89.42533345594333,90.31908416748047,87.74705442493378,90.31908416748047,29283700,0.0,0.0
2015-10-02 00:00:00-04:00,88.28331195160477,91.56041566713797,87.75698971579452,91.43132019042969,37881700,0.0,0.0
2015-10-05 00:00:00-04:00,92.2952871633526,93.61605533145337,92.01723070691033,93.35786437988281,27292500,0.0,0.0
2015-10-06 00:00:00-04:00,93.42738490487376,93.51675695351844,91.69944953303607,92.15626525878906,22172800,0.0,0.0
2015-10-07 00:00:00-04:00,92.46410710453688,93.01029484755256,90.73617940845044,91.759033203125,24129300,0.0,0.0
2015-10-08 00:00:00-04:00,91.25257379099764,92.57334962119263,89.84242591249672,91.82855224609375,27290500,0.0,0.0
2015-10-09 00:00:00-04:00,92.25557047020372,93.08973990047434,91.60014513801616,92.59320831298828,20012900,0.0,0.0
2015-10-12 00:00:00-04:00,92.67264318981489,93.94376267701048,92.02715069434126,93.60612487792969,18449600,0.0,0.0
2015-10-13 00:00:00-04:00,93.01029393224097,94.7084309304462,92.90105638471285,93.46710205078125,19480300,0.0,0.0
2015-10-14 00:00:00-04:00,93.42738270405532,94.53960857994396,92.9606418126504,93.41744995117188,19253400,0.0,0.0
2015-10-15 00:00:00-04:00,94.33106198991135,95.63197980625294,94.24168994738746,95.2943344116211,27557500,0.0,0.0
2015-10-16 00:00:00-04:00,95.51282146681447,96.91303667698601,94.68857717012997,96.86338806152344,25412900,0.0,0.0
2015-10-19 00:00:00-04:00,96.50586641094418,97.88622342872,96.24766789945187,97.78691864013672,23729900,0.0,0.0
2015-10-20 00:00:00-04:00,98.04512036698583,98.89914763798534,95.89016774406215,96.32711791992188,30881800,0.0,0.0
2015-10-21 00:00:00-04:00,96.69456176094145,97.49894048895176,95.80080340955747,96.43636322021484,21917800,0.0,0.0
2015-10-22 00:00:00-04:00,97.11165109205388,99.03819612164557,96.8733180458219,98.97860717773438,26392100,0.0,0.0
2015-10-23 00:00:00-04:00,101.2030760189705,102.1365502903764,99.4652153902887,101.48113250732422,42809700,0.0,0.0
2015-10-26 00:00:00-04:00,101.49103934530726,103.08987144090811,100.84555443246803,103.0501480102539,25961200,0.0,0.0
2015-10-27 00:00:00-04:00,102.22592169738114,103.37787099597453,101.68966669448629,102.98064422607422,23795500,0.0,0.0
2015-10-28 00:00:00-04:00,103.17926607239168,103.75524453601048,102.20606082088163,103.47718048095703,24081500,0.0,0.0
2015-10-29 00:00:00-04:00,103.23884193103886,104.39079879681978,102.8018917300226,104.15245819091797,20316700,0.0,0.0
2015-10-30 00:00:00-04:00,103.78502299992995,103.99356533431387,100.94486202913373,101.26264190673828,33487100,0.0,0.0
2015-11-02 00:00:00-05:00,101.01438647399644,102.75224701477585,100.47813145509373,102.59335327148438,24003900,0.0,0.0
2015-11-03 00:00:00-05:00,102.50396794099508,102.93098535017059,101.68965655331968,101.868408203125,21242300,0.0,0.0
2015-11-04 00:00:00-05:00,102.47417399805447,103.41758082302347,101.76910017307783,103.2189712524414,43469300,0.0,0.0
2015-11-05 00:00:00-05:00,108.04527763582365,109.88244301409277,107.20116786679358,108.00555419921875,63232900,0.0,0.0
2015-11-06 00:00:00-05:00,107.29053739524251,107.98567852922542,105.17531573629157,106.3570556640625,35084300,0.0,0.0
2015-11-09 00:00:00-05:00,106.25775367952258,107.49908257764784,105.12566233054996,105.75128936767578,26383500,0.0,0.0
2015-11-10 00:00:00-05:00,105.22496797511214,107.39977864662487,104.50996131179451,107.16144561767578,25031700,0.0,0.0
2015-11-11 00:00:00-05:00,107.51893494314592,109.10784191170958,106.36698572505419,108.2538070678711,25057100,0.0,0.0
2015-11-12 00:00:00-05:00,107.72749136495447,108.63117487088023,107.25081773028401,107.27067565917969,20924700,0.0,0.0
2015-11-13 00:00:00-05:00,106.96283195298638,107.4990869680543,103.10974962336985,103.22891235351562,30278400,0.0,0.0
2015-11-16 00:00:00-05:00,102.60329160905705,103.44739383094148,99.77306294675225,103.31829833984375,49309200,0.0,0.0
2015-11-17 00:00:00-05:00,103.8942695664991,105.4633035866798,103.41759592045761,104.40072631835938,26807200,0.0,0.0
2015-11-18 00:00:00-05:00,105.06607957840058,107.13164507944624,104.65892006849447,107.02240753173828,23836500,0.0,0.0
2015-11-19 00:00:00-05:00,106.61526379760691,106.9826999023798,105.21504107464906,105.52289581298828,25520600,0.0,0.0
2015-11-20 00:00:00-05:00,106.09886498209143,107.12172640695356,105.88039744988225,106.5755386352539,22129600,0.0,0.0
2015-11-23 00:00:00-05:00,106.44643232641891,106.72448877229125,105.34413171851791,106.20809173583984,19897200,0.0,0.0
2015-11-24 00:00:00-05:00,105.26469114840862,105.75128995777729,103.66585891258403,105.0064926147461,23577300,0.0,0.0
2015-11-25 00:00:00-05:00,105.59239578851843,105.86051947802552,104.3709249049488,104.67877960205078,15150800,0.0,0.0
2015-11-27 00:00:00-05:00,105.04621851635939,105.22497018594447,104.1326022391337,104.718505859375,5913100,0.0,0.0
2015-11-30 00:00:00-05:00,105.10580635667382,105.36400491230981,103.03030788750156,103.51690673828125,20383200,0.0,0.0
2015-12-01 00:00:00-05:00,104.10280718624999,106.40671328835688,103.77509454302442,106.37692260742188,22781900,0.0,0.0
2015-12-02 00:00:00-05:00,106.25775463904519,107.17137089796259,105.05614916398571,105.3342056274414,24429100,0.0,0.0
2015-12-03 00:00:00-05:00,105.53281055787441,106.10878896470076,102.63306817218806,103.65592193603516,23236500,0.0,0.0
2015-12-04 00:00:00-05:00,104.08294408462162,106.98269417826579,103.38780292518626,105.44344329833984,21224700,0.0,0.0
2015-12-07 00:00:00-05:00,105.74136326291988,106.08893383604848,103.93398870618081,104.87739562988281,15474900,0.0,0.0
2015-12-08 00:00:00-05:00,103.27856432402194,106.16838163556332,103.22890813750881,105.75128936767578,20401800,0.0,0.0
2015-12-09 00:00:00-05:00,105.44344651666539,105.7016450593951,102.83169313624808,103.87440490722656,23517300,0.0,0.0
2015-12-10 00:00:00-05:00,104.321284565528,105.6619182722441,103.68572477010007,104.68871307373047,17454300,0.0,0.0
2015-12-11 00:00:00-05:00,103.42753826462689,103.61621512877979,101.20307872191493,101.41162109375,26427700,0.0,0.0
2015-12-14 00:00:00-05:00,101.58042814067586,104.0134297705352,100.75618392715096,103.93399047851562,24648100,0.0,0.0
2015-12-15 00:00:00-05:00,104.56955015178525,105.06608171456396,103.55662152089326,103.82475280761719,21764300,0.0,0.0
2015-12-16 00:00:00-05:00,104.63906933587963,106.34713163033607,103.46725448790427,106.0492172241211,22680500,0.0,0.0
2015-12-17 00:00:00-05:00,106.74436414971186,107.00256271014594,105.39379755486286,105.4831771850586,21675700,0.0,0.0
2015-12-18 00:00:00-05:00,105.34414821824906,105.85060500549706,103.24878421748788,103.31829833984375,35994200,0.0,0.0
2015-12-21 00:00:00-05:00,104.1822563282029,104.42058935735795,102.88133847935944,104.04322052001953,16138800,0.0,0.0
2015-12-22 00:00:00-05:00,104.49010982643694,104.92706005351404,104.08295028275676,104.7780990600586,14597100,0.0,0.0
2015-12-23 00:00:00-05:00,105.15545941984256,105.37393453146132,103.13954237867624,103.9041976928711,19599700,0.0,0.0
2015-12-24 00:00:00-05:00,104.01343217778125,104.58941062295806,103.77509914326589,104.29148864746094,6501800,0.0,0.0
2015-12-28 00:00:00-05:00,104.29148410730956,105.24483135680978,103.80488530655337,105.19517517089844,13069700,0.0,0.0
2015-12-29 00:00:00-05:00,105.6817609586957,106.99260379476213,105.51294206973677,106.51593780517578,17179900,0.0,0.0
2015-12-30 00:00:00-05:00,106.2577652898897,106.50603109664178,105.32428343203111,105.4831771850586,13115000,0.0,0.0
2015-12-31 00:00:00-05:00,105.26469143160561,105.43351034479397,103.89426704427065,103.93399047851562,18391100,0.0,0.0
2016-01-04 00:00:00-05:00,101.2427787576847,101.53076796228632,99.05804299539192,101.51091003417969,37912400,0.0,0.0
2016-01-05 00:00:00-05:00,102.1762735647399,102.99058509781774,100.96473523044752,102.01738739013672,23258200,0.0,0.0
2016-01-06 00:00:00-05:00,100.42846677608372,103.0501527069931,100.2000665099993,102.25570678710938,25096200,0.0,0.0
2016-01-07 00:00:00-05:00,99.80284255724968,100.72639155262931,96.62504363576616,97.24073791503906,45172900,0.0,0.0
2016-01-08 00:00:00-05:00,99.18714505790815,99.8028469406936,96.35691658533186,96.65483856201172,35402300,0.0,0.0
2016-01-11 00:00:00-05:00,97.23081441262482,97.91602281833494,94.72829108946931,96.83358764648438,29932400,0.0,0.0
2016-01-12 00:00:00-05:00,98.31325846233577,99.26659824127886,96.87331982857685,98.68069458007812,28395400,0.0,0.0
2016-01-13 00:00:00-05:00,99.88229029611284,99.88229029611284,94.54953862122251,94.77794647216797,33410600,0.0,0.0
2016-01-14 00:00:00-05:00,95.1850913252908,98.18414596329973,91.80867545780083,97.68761444091797,48658600,0.0,0.0
2016-01-15 00:00:00-05:00,93.3280877635773,95.71143350737822,92.89113750819384,94.31121826171875,46132800,0.0,0.0
2016-01-19 00:00:00-05:00,95.86037651807044,96.74420204041003,93.26848131052223,94.59918975830078,30998300,0.0,0.0
2016-01-20 00:00:00-05:00,92.18605814261174,94.34100345582871,88.75006039960755,93.69551086425781,59051400,0.0,0.0
2016-01-21 00:00:00-05:00,94.25162565839805,95.32412808470184,91.97751017299491,93.50682830810547,30518900,0.0,0.0
2016-01-22 00:00:00-05:00,95.74122700003973,97.38970797660232,94.82760309552343,97.26061248779297,30495400,0.0,0.0
2016-01-25 00:00:00-05:00,98.03518834709915,98.78991840836588,96.25760452694821,96.33705139160156,32482000,0.0,0.0
2016-01-26 00:00:00-05:00,97.08184902750155,97.20101174841271,94.99641807038569,96.66475677490234,26877100,0.0,0.0
2016-01-27 00:00:00-05:00,97.11165005071814,97.17123141751951,93.57634752638128,93.79481506347656,58699400,0.0,0.0
2016-01-28 00:00:00-05:00,106.45635718255681,109.57457459014515,104.08293707123582,108.35311126708984,107475300,0.0,0.0
2016-01-29 00:00:00-05:00,108.23395310741599,112.05724480829751,108.08499211616693,111.4316177368164,62739500,0.0,0.0
2016-02-01 00:00:00-05:00,111.4911809580335,114.91725289330057,111.23299003012336,114.29161834716797,46132700,0.0,0.0
2016-02-02 00:00:00-05:00,114.00364871088367,116.77428813634263,112.4147416646162,113.8149642944336,59778600,0.0,0.0
2016-02-03 00:00:00-05:00,114.47039978529826,114.53991391113092,108.98869386921395,111.9083023071289,56919300,0.0,0.0
2016-02-04 00:00:00-05:00,111.0244590901014,111.16348731983648,108.49214512076767,109.72354125976562,38890200,0.0,0.0
2016-02-05 00:00:00-05:00,108.75034954953901,108.81986366817654,102.46425788350048,103.34808349609375,76894700,0.0,0.0
2016-02-08 00:00:00-05:00,99.71348507742965,101.96773533277181,96.78394392911545,99.05805969238281,71229700,0.0,0.0
2016-02-09 00:00:00-05:00,96.46616448266539,101.68967935234792,96.14838454248346,98.84951782226562,62709000,0.0,0.0
2016-02-10 00:00:00-05:00,100.8455575296948,102.53376171376445,99.54463975934144,100.29936981201172,45179400,0.0,0.0
2016-02-11 00:00:00-05:00,98.90908305621565,104.38086284819977,98.194076413343,101.20306396484375,43670600,0.0,0.0
2016-02-12 00:00:00-05:00,103.02037082965155,103.5169024131828,100.38875192164181,101.30237579345703,36176800,0.0,0.0
2016-02-16 00:00:00-05:00,103.07995438446963,103.20904986191147,99.54464454249084,100.90514373779297,45687200,0.0,0.0
2016-02-17 00:00:00-05:00,101.31229669099626,104.9866347998189,99.70353927724449,104.4702377319336,44073400,0.0,0.0
2016-02-18 00:00:00-05:00,105.06608974923354,105.26469935894505,102.31530043825624,102.75225067138672,29593500,0.0,0.0
2016-02-19 00:00:00-05:00,101.83862791484677,104.29148750345523,101.35202152177449,103.84461212158203,32404500,0.0,0.0
2016-02-22 00:00:00-05:00,104.75823518663938,107.49909174894822,104.60927419086165,106.41665649414062,35709700,0.0,0.0
2016-02-23 00:00:00-05:00,106.10880423920523,106.7245061671821,104.39080910013591,104.72844696044922,25319300,0.0,0.0
2016-02-24 00:00:00-05:00,103.48709625175084,106.20808680110936,102.0272924022778,106.1385726928711,34412400,0.0,0.0
2016-02-25 00:00:00-05:00,106.36699566384853,107.3203353881836,104.87740092398673,107.3203353881836,29906300,0.0,0.0
2016-02-26 00:00:00-05:00,107.94595949121238,108.69075684071882,106.41664893418645,107.17137145996094,26686200,0.0,0.0
2016-02-29 00:00:00-05:00,106.85358980175266,108.15450763614403,106.00948766816671,106.17830657958984,32779000,0.0,0.0
2016-03-01 00:00:00-05:00,107.08200343468418,109.05819702148438,106.85359557194724,109.05819702148438,26817300,0.0,0.0
2016-03-02 00:00:00-05:00,108.91917789108209,109.78314564871371,108.01548669415428,109.18730163574219,25670200,0.0,0.0
2016-03-03 00:00:00-05:00,109.48522053739957,109.53487672922947,107.78708333211847,108.81986999511719,21353100,0.0,0.0
2016-03-04 00:00:00-05:00,109.28660340573006,109.28660340573006,107.18130678637601,107.63811492919922,24938900,0.0,0.0
2016-03-07 00:00:00-05:00,107.32033083127041,107.32033083127041,103.99357090213029,104.99656677246094,31436400,0.0,0.0
2016-03-08 00:00:00-05:00,104.05315108316962,106.62518846867854,103.6757898302422,105.19517517089844,25617000,0.0,0.0
2016-03-09 00:00:00-05:00,105.95983488931144,106.76422119140625,104.75822938908698,106.76422119140625,20493300,0.0,0.0
2016-03-10 00:00:00-05:00,107.16144984275631,107.90624721699909,105.03628769789724,106.5755386352539,24854300,0.0,0.0
2016-03-11 00:00:00-05:00,107.72749012289157,108.66096429963336,107.17136962610952,108.65103912353516,20697600,0.0,0.0
2016-03-14 00:00:00-04:00,108.5219317232412,109.56465098353499,108.01546743311535,109.12770080566406,17249400,0.0,0.0
2016-03-15 00:00:00-04:00,108.35312939211948,110.0611993561826,108.08499807778779,109.90230560302734,17618500,0.0,0.0
2016-03-16 00:00:00-04:00,109.72354579595327,111.71960485748545,109.3362517718983,111.40182495117188,24744800,0.0,0.0
2016-03-17 00:00:00-04:00,111.37202882937943,111.90828381568119,109.96188103751382,110.24986267089844,24241200,0.0,0.0
2016-03-18 00:00:00-04:00,110.78612506726778,111.64016000148597,109.5050726659405,110.67688751220703,36256900,0.0,0.0
2016-03-21 00:00:00-04:00,110.88542747532726,111.59050135502261,110.2597928841481,111.07410430908203,18448000,0.0,0.0
2016-03-22 00:00:00-04:00,110.58750321608419,112.0969557370275,110.39881880979006,111.47132873535156,19001100,0.0,0.0
2016-03-23 00:00:00-04:00,111.23300088493995,112.40481565582274,111.22306813244504,111.75932312011719,18562000,0.0,0.0
2016-03-24 00:00:00-04:00,111.3521765521017,112.30551633772983,110.90530113200047,112.26580047607422,17839100,0.0,0.0
2016-03-28 00:00:00-04:00,112.53390823117947,113.79509501259162,112.16647216304251,112.9013442993164,21351800,0.0,0.0
2016-03-29 00:00:00-04:00,113.04039214984618,115.5131175337089,112.85170770690057,115.33436584472656,29825300,0.0,0.0
2016-03-30 00:00:00-04:00,115.92027501659338,116.17846600321631,113.56671241680654,113.90435028076172,33235200,0.0,0.0
2016-03-31 00:00:00-04:00,113.90433089350523,114.212185596651,112.98078193700785,113.3084945678711,21207500,0.0,0.0
2016-04-01 00:00:00-04:00,112.9609322698284,115.36414325229293,112.56370549820085,115.2549057006836,24760500,0.0,0.0
2016-04-04 00:00:00-04:00,113.27870919251723,113.75538282122751,110.835774839494,111.76925659179688,48487900,0.0,0.0
2016-04-05 00:00:00-04:00,111.33229840880847,112.53390378222291,111.12375607885751,111.44153594970703,22962400,0.0,0.0
2016-04-06 00:00:00-04:00,111.68980749700185,113.02050840747843,111.64015131166819,112.92120361328125,20814600,0.0,0.0
2016-04-07 00:00:00-04:00,113.00066082226692,114.09302881136153,112.28565411624984,112.85169982910156,20714500,0.0,0.0
2016-04-08 00:00:00-04:00,113.45745510756701,113.53690197107171,109.13763229272607,109.86256408691406,48497800,0.0,0.0
2016-04-11 00:00:00-04:00,109.93209253571762,110.140642473734,108.0154802684043,108.23395538330078,39762300,0.0,0.0
2016-04-12 00:00:00-04:00,108.58151799605224,110.38890014939444,108.23394741905196,109.84271240234375,26248100,0.0,0.0
2016-04-13 00:00:00-04:00,111.45147799250755,111.868562687179,105.78108087433512,109.743408203125,88227400,0.0,0.0
2016-04-14 00:00:00-04:00,109.85265367652327,111.26280159915355,109.4951503191704,110.07112121582031,28473300,0.0,0.0
2016-04-15 00:00:00-04:00,110.02146441549421,110.20021608087036,108.44249010859319,108.87944030761719,20922800,0.0,0.0
2016-04-18 00:00:00-04:00,108.97874111937291,110.04131832011981,108.44248614285529,109.6838150024414,21167200,0.0,0.0
2016-04-19 00:00:00-04:00,110.3293074942062,111.66994114689442,108.40277025666104,111.51105499267578,30210500,0.0,0.0
2016-04-20 00:00:00-04:00,111.65007709988575,112.48424641087517,110.78610953367269,111.64014434814453,21027900,0.0,0.0
2016-04-21 00:00:00-04:00,111.76926579193413,113.24892783324466,111.53092516972515,112.65309143066406,20875200,0.0,0.0
2016-04-22 00:00:00-04:00,110.43855287060343,110.97480788499598,108.25381695401502,109.79306030273438,38458200,0.0,0.0
2016-04-25 00:00:00-04:00,109.1078576390338,109.9023036613609,108.31340404023564,109.33625793457031,21017900,0.0,0.0
2016-04-26 00:00:00-04:00,109.72354926767318,109.73348202094212,107.39978504981805,108.00555419921875,22521500,0.0,0.0
2016-04-27 00:00:00-04:00,107.19123661234184,108.18429974174587,105.5725388624722,108.1346435546875,52213100,0.0,0.0
2016-04-28 00:00:00-04:00,118.75049366886178,119.95209917496474,115.42373362119216,115.9202651977539,87110100,0.0,0.0
2016-04-29 00:00:00-04:00,116.00964362003572,117.02256475823881,115.036438342846,116.76437377929688,37140600,0.0,0.0
2016-05-02 00:00:00-04:00,117.01264052974786,117.90639893921382,115.76137875649553,117.74750518798828,28095200,0.0,0.0
2016-05-03 00:00:00-04:00,116.70476663033082,117.34033395446919,116.20823510393541,116.61539459228516,24117500,0.0,0.0
2016-05-04 00:00:00-04:00,115.80109689507566,117.47937607735727,115.76137345908707,117.24103546142578,23448400,0.0,0.0
2016-05-05 00:00:00-04:00,117.22118283653221,118.15466468333194,116.43666198731323,116.9927749633789,22056700,0.0,0.0
2016-05-06 00:00:00-04:00,116.3472860966389,118.81007854637784,116.29762990692633,118.66111755371094,26395600,0.0,0.0
2016-05-09 00:00:00-04:00,118.71077140573657,119.44563602489241,118.07521158757952,118.41284942626953,21138100,0.0,0.0
2016-05-10 00:00:00-04:00,118.79021544138035,119.66410827636719,118.17451356753274,119.66410827636719,23220000,0.0,0.0
2016-05-11 00:00:00-04:00,119.57472818536196,120.24007862552259,118.59159028861959,118.6908950805664,22038400,0.0,0.0
2016-05-12 00:00:00-04:00,119.14771853928164,120.0017458669522,118.07520853271332,119.44563293457031,22035500,0.0,0.0
2016-05-13 00:00:00-04:00,119.54493513821168,119.80313366970057,118.84979398782275,118.97888946533203,18124300,0.0,0.0
2016-05-16 00:00:00-04:00,118.55187568253743,118.78028353984266,116.53595870770255,117.8468017578125,31247800,0.0,0.0
2016-05-17 00:00:00-04:00,117.99576908156855,118.1844535139763,116.38700397057582,116.53596496582031,21328600,0.0,0.0
2016-05-18 00:00:00-04:00,115.98979057546107,117.44958718803136,115.92027645105297,116.83389282226562,21642300,0.0,0.0
2016-05-19 00:00:00-04:00,116.23805070630416,116.6749933627389,115.07616100302958,115.99971008300781,20544100,0.0,0.0
2016-05-20 00:00:00-04:00,116.14867092406722,117.17152480749056,116.13873817065867,116.53596496582031,18944800,0.0,0.0
2016-05-23 00:00:00-04:00,116.60548123803616,116.78423292033321,115.13575191823473,115.16554260253906,20441000,0.0,0.0
2016-05-24 00:00:00-04:00,115.43365083926673,116.91332029046602,115.31448811804857,116.8835220336914,20183600,0.0,0.0
2016-05-25 00:00:00-04:00,117.31055289482754,117.84680793111886,116.56575549605697,117.07221984863281,20019800,0.0,0.0
2016-05-26 00:00:00-04:00,117.41977210419887,118.92923217265562,117.10199223344004,118.64124298095703,18481300,0.0,0.0
2016-05-27 00:00:00-04:00,118.73062391764759,119.01861313093255,118.18444374884122,118.55187225341797,13493600,0.0,0.0
2016-05-31 00:00:00-04:00,118.63132478692792,119.26688460643815,117.30062378247547,117.98583221435547,23547600,0.0,0.0
2016-06-01 00:00:00-04:00,117.67798295969126,118.25396140350091,117.00269971644181,117.95603942871094,15029500,0.0,0.0
2016-06-02 00:00:00-04:00,117.86666270305084,118.61146003398802,117.39992183009495,118.10499572753906,13228300,0.0,0.0
2016-06-03 00:00:00-04:00,118.15465769058707,118.15465769058707,117.04242422780993,117.648193359375,14135100,0.0,0.0
2016-06-06 00:00:00-04:00,117.797146364191,118.60152504194359,117.53894783959666,117.9659652709961,12744700,0.0,0.0
2016-06-07 00:00:00-04:00,118.41284441043057,118.47243334968225,116.85373561373265,116.943115234375,17103000,0.0,0.0
2016-06-08 00:00:00-04:00,116.94312899130315,117.77729847425312,116.45652254977777,117.56875610351562,14505600,0.0,0.0
2016-06-09 00:00:00-04:00,117.3105466313595,117.85673439188413,116.89346192867008,117.73756408691406,13859200,0.0,0.0
2016-06-10 00:00:00-04:00,116.72464380844576,117.2906895020909,115.45352418597743,115.81102752685547,18510800,0.0,0.0
2016-06-13 00:00:00-04:00,114.20226526404535,114.67893892227285,112.52398607178135,113.1595458984375,31718200,0.0,0.0
2016-06-14 00:00:00-04:00,113.27870209453846,114.15259485320101,112.79210332022963,114.14266967773438,17618500,0.0,0.0
2016-06-15 00:00:00-04:00,114.50019489721444,114.63922314505449,113.27872377522407,113.80504608154297,19819400,0.0,0.0
2016-06-16 00:00:00-04:00,113.08010706195135,113.7057341379758,112.1565580012653,113.59649658203125,19236300,0.0,0.0
2016-06-17 00:00:00-04:00,113.62629006290301,113.63622281636185,111.77919189605176,112.23600006103516,24644300,0.0,0.0
2016-06-20 00:00:00-04:00,112.98079158773491,113.92420612900544,111.96787050528098,112.58357238769531,20785400,0.0,0.0
2016-06-21 00:00:00-04:00,113.3283645281278,114.41079967833633,113.17940354674465,113.58655548095703,19166300,0.0,0.0
2016-06-22 00:00:00-04:00,113.85468420255006,113.94405624348815,112.82189768504617,113.11981964111328,14846300,0.0,0.0
2016-06-23 00:00:00-04:00,113.57662626239443,114.29162530993811,112.75238209435257,114.28170013427734,16176900,0.0,0.0
2016-06-24 00:00:00-04:00,110.23994347418619,112.8914202920994,110.2300107211779,111.30252075195312,40643100,0.0,0.0
2016-06-27 00:00:00-04:00,110.79604320234304,110.79604320234304,107.4792162814789,108.21408081054688,36130400,0.0,0.0
2016-06-28 00:00:00-04:00,109.86257998235291,111.96787671101193,109.78314068382448,111.91822052001953,26813800,0.0,0.0
2016-06-29 00:00:00-04:00,112.58357458257632,113.45746744675931,112.25586191733117,113.36809539794922,20968300,0.0,0.0
2016-06-30 00:00:00-04:00,113.87456060034924,114.38102497722068,112.88149735435026,113.48726654052734,23192700,0.0,0.0
2016-07-01 00:00:00-04:00,113.40781336044287,114.33136243095932,113.02051932214283,113.39788818359375,14980000,0.0,0.0
2016-07-05 00:00:00-04:00,113.14961543778615,113.40780639648438,112.18634298961166,113.40780639648438,14207000,0.0,0.0
2016-07-06 00:00:00-04:00,112.57363013866124,115.97983676931906,112.18633614776321,115.89045715332031,24337600,0.0,0.0
2016-07-07 00:00:00-04:00,115.82095187141503,116.15859728047269,114.55976501093826,115.0463638305664,16630200,0.0,0.0
2016-07-08 00:00:00-04:00,115.62234852844041,116.68492584799739,115.04637005483771,116.42672729492188,18142600,0.0,0.0
2016-07-11 00:00:00-04:00,116.89344393098861,117.87657417209323,116.68490161175244,117.05233764648438,17711600,0.0,0.0
2016-07-12 00:00:00-04:00,117.8070719816005,117.89645159972476,116.75442752761121,117.11193084716797,15217700,0.0,0.0
2016-07-13 00:00:00-04:00,117.56874189351718,117.57867464610545,115.87060487149694,115.96990966796875,16207700,0.0,0.0
2016-07-14 00:00:00-04:00,116.6849141067042,116.82394233441585,115.89046059709176,116.47637176513672,14579700,0.0,0.0
2016-07-15 00:00:00-04:00,116.92325504115071,117.45951005995676,115.77130570837791,116.04936218261719,16646000,0.0,0.0
2016-07-18 00:00:00-04:00,116.5061640008732,118.7802794366095,116.0791465596394,118.54194641113281,20868400,0.0,0.0
2016-07-19 00:00:00-04:00,118.1645809325904,120.01167897950512,117.83687585443752,119.77334594726562,21541300,0.0,0.0
2016-07-20 00:00:00-04:00,120.40891399522086,121.35232101243007,119.72369795708661,121.07426452636719,20046500,0.0,0.0
2016-07-21 00:00:00-04:00,121.07425623647472,121.25300790477196,119.41584261067112,119.77334594726562,17801700,0.0,0.0
2016-07-22 00:00:00-04:00,119.06826899076903,120.17056965441607,118.48235781321857,120.16063690185547,18422400,0.0,0.0
2016-07-25 00:00:00-04:00,120.54793710319593,121.00474525033616,116.9629784681581,120.78627014160156,18487400,0.0,0.0
2016-07-26 00:00:00-04:00,121.15370026260423,121.22321437772888,119.91237136647099,120.37911224365234,17612000,0.0,0.0
2016-07-27 00:00:00-04:00,121.57078166370442,124.13288625434697,120.66709819153724,122.4843978881836,52654200,0.0,0.0
2016-07-28 00:00:00-04:00,126.63541228158725,127.43979860241059,122.77239715101058,124.13289642333984,78955800,0.0,0.0
2016-07-29 00:00:00-04:00,123.78531988030637,124.96705984546949,122.85183811958947,123.08024597167969,35058800,0.0,0.0
2016-08-01 00:00:00-04:00,122.99086187183563,123.71580125935897,122.00773153662021,123.44766998291016,25006900,0.0,0.0
2016-08-02 00:00:00-04:00,123.19940984127066,123.93428201466445,121.22321632824078,122.23613739013672,23968400,0.0,0.0
2016-08-03 00:00:00-04:00,122.23615005682431,123.06039436088405,121.46156194514263,121.6601791381836,18525300,0.0,0.0
2016-08-04 00:00:00-04:00,122.08718944782521,123.92435481062773,121.66017197850607,123.4973373413086,21066000,0.0,0.0
2016-08-05 00:00:00-04:00,124.11304142678995,124.96706880401315,123.755538070524,124.2818603515625,20184000,0.0,0.0
2016-08-08 00:00:00-04:00,124.38115764030616,124.57976723668853,123.68601647649741,124.3910903930664,15233900,0.0,0.0
2016-08-09 00:00:00-04:00,124.47053083332148,125.21532819132787,123.66615211114515,124.19247436523438,19621000,0.0,0.0
2016-08-10 00:00:00-04:00,124.20240206552367,124.60956157470973,123.67607983284526,124.01371765136719,10670100,0.0,0.0
2016-08-11 00:00:00-04:00,124.33150663110212,124.51025830587902,123.88463123239521,124.0335922241211,11729500,0.0,0.0
2016-08-12 00:00:00-04:00,123.83496598965846,124.13288795132974,123.31857650942781,124.01371765136719,12159000,0.0,0.0
2016-08-15 00:00:00-04:00,124.04352325924363,124.05344843580932,122.84191016537615,123.04052734375,19295100,0.0,0.0
2016-08-16 00:00:00-04:00,122.64330412671652,123.06038884871347,121.92829741673837,122.44469451904297,14222400,0.0,0.0
2016-08-17 00:00:00-04:00,122.80218927630476,123.51718835975292,121.99780299566126,123.50726318359375,13794200,0.0,0.0
2016-08-18 00:00:00-04:00,123.1497579814096,123.39802375808084,122.7823219044069,123.05045318603516,12400800,0.0,0.0
2016-08-19 00:00:00-04:00,122.74260429470358,123.29872481283303,122.42482438854559,122.702880859375,11688300,0.0,0.0
2016-08-22 00:00:00-04:00,122.47447638659767,123.96407106633795,122.25600128800052,123.28878784179688,14386400,0.0,0.0
2016-08-23 00:00:00-04:00,123.64629141452565,124.22226226704191,123.38809288145055,123.50726318359375,13309500,0.0,0.0
2016-08-24 00:00:00-04:00,123.60657402071064,123.82504913041414,122.2361419967417,122.62344360351562,12243700,0.0,0.0
2016-08-25 00:00:00-04:00,122.26593099311519,123.50725986195846,122.24606548839041,123.03058624267578,10730800,0.0,0.0
2016-08-26 00:00:00-04:00,123.18948664036398,124.32157802388878,123.05045840564834,124.09317016601562,17504800,0.0,0.0
2016-08-29 00:00:00-04:00,123.4874128868971,125.85090825676527,123.4874128868971,125.66222381591797,15925900,0.0,0.0
2016-08-30 00:00:00-04:00,125.72178634824506,125.72178634824506,124.28184789066462,124.96705627441406,17804300,0.0,0.0
2016-08-31 00:00:00-04:00,124.72872774591957,125.34442961470651,124.23219618038927,125.24512481689453,14200600,0.0,0.0
2016-09-01 00:00:00-04:00,125.50331927065723,125.75158506033556,124.72873121909616,125.2947769165039,13536100,0.0,0.0
2016-09-02 00:00:00-04:00,125.97006889091146,125.98000164459822,125.12596666284523,125.63243103027344,12118800,0.0,0.0
2016-09-06 00:00:00-04:00,125.79130731239712,129.03862805366188,125.59269771311126,128.830078125,26278400,0.0,0.0
2016-09-07 00:00:00-04:00,129.13794182727798,131.06448700843504,129.0485697690865,130.1409454345703,27990800,0.0,0.0
2016-09-08 00:00:00-04:00,130.01181795528956,130.1707116864329,128.90951731901043,129.3663330078125,15676600,0.0,0.0
2016-09-09 00:00:00-04:00,128.8102179288923,129.04854336864688,126.21831512451172,126.21831512451172,27100700,0.0,0.0
2016-09-12 00:00:00-04:00,125.08625138337668,127.8668240558102,124.87770900117953,127.79731750488281,21252800,0.0,0.0
2016-09-13 00:00:00-04:00,127.14187189199872,127.45965936843584,125.78138024673687,126.32756042480469,18016200,0.0,0.0
2016-09-14 00:00:00-04:00,126.00978935892037,127.90654371540911,126.00978935892037,126.88368225097656,15691100,0.0,0.0
2016-09-15 00:00:00-04:00,127.09224250704084,128.20447611341262,126.78438773678924,127.45967864990234,15077200,0.0,0.0
2016-09-16 00:00:00-04:00,127.31070727445478,128.28390502928244,127.31070727445478,128.1746826171875,24119200,0.0,0.0
2016-09-19 00:00:00-04:00,129.0088299238347,129.03862060436072,127.37026673020185,127.75756072998047,14958800,0.0,0.0
2016-09-20 00:00:00-04:00,127.75756769349275,128.27396477232423,127.14187339180899,127.74764251708984,11083800,0.0,0.0
2016-09-21 00:00:00-04:00,128.23425648250316,129.10814179871122,127.49938425590501,129.03863525390625,14068300,0.0,0.0
2016-09-22 00:00:00-04:00,129.59475809928136,129.82315841096175,128.66127619118345,129.17767333984375,15538300,0.0,0.0
2016-09-23 00:00:00-04:00,126.67513041052747,127.70792455114766,126.41693945184284,127.07235717773438,28326300,0.0,0.0
2016-09-26 00:00:00-04:00,126.48646119679883,127.27098202582084,125.92041548174127,126.42687225341797,15064900,0.0,0.0
2016-09-27 00:00:00-04:00,126.72480733089324,128.1150898788742,126.54605563522831,127.79731750488281,15637100,0.0,0.0
2016-09-28 00:00:00-04:00,128.31370677440017,128.57189775946048,127.50931282863304,128.33355712890625,12047600,0.0,0.0
2016-09-29 00:00:00-04:00,128.2838893501657,128.39312690185227,126.66520673346244,127.20145416259766,14532200,0.0,0.0
2016-09-30 00:00:00-04:00,127.14187027217353,127.69798319591257,126.56589184317504,127.38021087646484,18402900,0.0,0.0
2016-10-03 00:00:00-04:00,127.4894683183213,128.19453475916686,126.91348979945217,127.87676239013672,13156900,0.0,0.0
2016-10-04 00:00:00-04:00,128.27397131063307,128.38320886839733,126.66521378077941,127.30077362060547,14307500,0.0,0.0
2016-10-05 00:00:00-04:00,127.36035941057628,127.90654721836411,126.94327467179531,127.5788345336914,12386800,0.0,0.0
2016-10-06 00:00:00-04:00,127.5390920432378,128.16472667158786,127.19152903533077,127.84695434570312,11682700,0.0,0.0
2016-10-07 00:00:00-04:00,128.14487114114644,128.35342108447767,127.43980474114625,128.09523010253906,12804400,0.0,0.0
2016-10-10 00:00:00-04:00,128.78040457562892,129.793333094254,128.30373857101557,129.33653259277344,15138700,0.0,0.0
2016-10-11 00:00:00-04:00,129.32661868466616,129.73377824090136,127.34049224793898,127.98599243164062,17537900,0.0,0.0
2016-10-12 00:00:00-04:00,128.11506940405022,128.76056953262136,127.56889680295117,128.15480041503906,11073000,0.0,0.0
2016-10-13 00:00:00-04:00,127.32063595804527,127.36035181763371,125.87075705953274,126.93333435058594,17139300,0.0,0.0
2016-10-14 00:00:00-04:00,127.5986889936971,128.05548955488467,126.69499789477503,126.99291229248047,13345300,0.0,0.0
2016-10-17 00:00:00-04:00,127.31068349946301,127.57881477319974,126.43679071882961,126.65526580810547,11351700,0.0,0.0
2016-10-18 00:00:00-04:00,127.78735349860231,128.4924349727669,127.12200303441516,127.67813110351562,13504000,0.0,0.0
2016-10-19 00:00:00-04:00,127.84693651279781,129.56493126585724,127.70790829843934,129.20742797851562,16752300,0.0,0.0
2016-10-20 00:00:00-04:00,129.16774252520588,129.75364619839866,128.60168920663688,129.0982208251953,13167500,0.0,0.0
2016-10-21 00:00:00-04:00,128.8797163309232,131.2134204675066,128.80026947170558,131.15383911132812,19088800,0.0,0.0
2016-10-24 00:00:00-04:00,131.79932536510788,132.48454127409804,131.23327216970236,132.35543823242188,17470200,0.0,0.0
2016-10-25 00:00:00-04:00,132.5739275045425,132.5739275045425,131.30280791373795,131.372314453125,13336800,0.0,0.0
2016-10-26 00:00:00-04:00,130.72682536414706,131.34251963478658,130.03168422746694,130.1309814453125,13084700,0.0,0.0
2016-10-27 00:00:00-04:00,130.82615744007845,130.88573881034804,128.37329001102964,128.79037475585938,16741400,0.0,0.0
2016-10-28 00:00:00-04:00,129.59472879648257,132.04759575681976,129.0286755812018,130.37924194335938,24545500,0.0,0.0
2016-10-31 00:00:00-04:00,131.0942580850338,131.20349563524212,129.97210705428387,130.0813446044922,15669000,0.0,0.0
2016-11-01 00:00:00-04:00,130.49843892153052,131.02476120599218,127.75757478801786,128.6016845703125,22077800,0.0,0.0
2016-11-02 00:00:00-04:00,129.32660486651906,129.32660486651906,125.40400860368858,126.28783416748047,39640900,0.0,0.0
2016-11-03 00:00:00-04:00,121.15369822184245,122.42481777783638,118.67104047139485,119.16757202148438,63766300,0.0,0.0
2016-11-04 00:00:00-04:00,118.76041950309923,121.08419123404336,118.42278166587309,119.9123764038086,30545500,0.0,0.0
2016-11-07 00:00:00-05:00,121.97794895786093,122.35531022864637,120.50821215709288,121.30266571044922,23008900,0.0,0.0
2016-11-08 00:00:00-05:00,121.18349614099989,123.74560091085122,120.69689731425888,123.35830688476562,19460800,0.0,0.0
2016-11-09 00:00:00-05:00,120.6571844486951,122.95115812361924,119.67405395608067,122.32553100585938,31916000,0.0,0.0
2016-11-10 00:00:00-05:00,123.07031335643464,123.3185791376284,114.47038305917665,119.96202850341797,67846700,0.0,0.0
2016-11-11 00:00:00-05:00,118.70084608006346,119.86272823503916,117.33042155700014,118.19438171386719,32840100,0.0,0.0
2016-11-14 00:00:00-05:00,118.30360102964923,118.30360102964923,112.7623148464833,114.28170013427734,51377000,0.0,0.0
2016-11-15 00:00:00-05:00,115.92026770975077,117.66805344206391,115.02650933727772,116.38700103759766,34681400,0.0,0.0
2016-11-16 00:00:00-05:00,113.68586856367376,117.06227708829498,113.41773728021354,115.532958984375,32397900,0.0,0.0
2016-11-17 00:00:00-05:00,115.99970281041848,116.97290802001953,115.20525684531788,116.97290802001953,18597800,0.0,0.0
2016-11-18 00:00:00-05:00,117.56874354152309,118.30360813747984,116.02949265698743,116.20824432373047,22879300,0.0,0.0
2016-11-21 00:00:00-05:00,117.38005792813173,121.10404463367487,116.98283874071674,120.92529296875,35415400,0.0,0.0
2016-11-22 00:00:00-05:00,121.55092939085414,122.12690782822521,120.06133468649678,120.62738037109375,26089200,0.0,0.0
2016-11-23 00:00:00-05:00,120.38904872930351,120.46848802300188,119.1079963595942,120.00174713134766,15672100,0.0,0.0
2016-11-25 00:00:00-05:00,120.17057175605319,120.2996672357175,119.23708998725935,119.54493713378906,8658600,0.0,0.0
2016-11-28 00:00:00-05:00,119.28674832610199,120.84585716881205,118.98882635046238,119.57473754882812,18101300,0.0,0.0
2016-11-29 00:00:00-05:00,119.73361795567821,121.25300329014503,119.56479904661971,120.03153991699219,18891000,0.0,0.0
2016-11-30 00:00:00-05:00,119.48535508615306,120.94515909445,117.13179274864673,117.5985336303711,30188900,0.0,0.0
2016-12-01 00:00:00-05:00,117.55879730457939,117.6283114127577,113.20918401470146,114.30155181884766,43277000,0.0,0.0
2016-12-02 00:00:00-05:00,114.31149808633492,115.67199730893768,113.50711937138252,114.5994873046875,25070400,0.0,0.0
2016-12-05 00:00:00-05:00,115.14565794050802,116.75442281355829,114.27176518158123,116.61539459228516,20201500,0.0,0.0
2016-12-06 00:00:00-05:00,116.87360756417617,116.98284511961296,115.5230410392039,116.4962387084961,19131200,0.0,0.0
2016-12-07 00:00:00-05:00,116.18838324231746,117.13179016113281,115.76136580426552,117.13179016113281,21913700,0.0,0.0
2016-12-08 00:00:00-05:00,117.16159500071369,118.6710476709142,116.82394958640408,118.08514404296875,22442800,0.0,0.0
2016-12-09 00:00:00-05:00,118.39298436222532,119.10799100868294,118.1248530815686,118.84979248046875,17464700,0.0,0.0
2016-12-12 00:00:00-05:00,118.39298715599696,118.4128450848804,116.83387835041876,116.95304107666016,17805500,0.0,0.0
2016-12-13 00:00:00-05:00,117.04242402173251,120.67703122825282,116.79415823305185,119.47542572021484,29768000,0.0,0.0
2016-12-14 00:00:00-05:00,119.16757155056449,120.8458506077054,118.02554747457755,119.37611389160156,25913100,0.0,0.0
2016-12-15 00:00:00-05:00,119.24701328573079,121.65022405691046,118.80013036576229,119.73361206054688,20139600,0.0,0.0
2016-12-16 00:00:00-05:00,120.06133649955193,120.65717287499854,118.44263871409844,119.03848266601562,25324300,0.0,0.0
2016-12-19 00:00:00-05:00,119.01861856177402,119.52508289627971,117.68791756015477,118.41284942626953,15918100,0.0,0.0
2016-12-20 00:00:00-05:00,118.67105267709819,118.93917640807705,117.97591146606341,118.2638931274414,13684400,0.0,0.0
2016-12-21 00:00:00-05:00,118.09507071953779,118.37312719575361,117.65812807540038,118.21424102783203,10767600,0.0,0.0
2016-12-22 00:00:00-05:00,118.03549610116823,118.16459159351373,116.1188837645788,116.58562469482422,16258600,0.0,0.0
2016-12-23 00:00:00-05:00,116.18838873389457,116.74450167430416,115.49324755838256,116.45651245117188,10890000,0.0,0.0
2016-12-27 00:00:00-05:00,116.14866403343629,117.85673384776882,116.04935923465497,117.1913833618164,12051500,0.0,0.0
2016-12-28 00:00:00-05:00,117.37012683867684,117.4297081984932,115.84080879947355,116.10893249511719,12087400,0.0,0.0
2016-12-29 00:00:00-05:00,116.1883773271047,116.71469953353078,115.25489563180122,115.54288482666016,9934900,0.0,0.0
2016-12-30 00:00:00-05:00,115.79116600021031,116.01957386669253,113.97385855103936,114.25192260742188,18684100,0.0,0.0
2017-01-03 00:00:00-05:00,115.22511793650027,117.02255984245464,114.70872842383743,116.04936218261719,20663900,0.0,0.0
2017-01-04 00:00:00-05:00,116.73456975053857,118.82993348535967,116.47637122464214,117.86666107177734,19630900,0.0,0.0
2017-01-05 00:00:00-05:00,118.03548959613047,120.11098799534177,117.49923457241076,119.83293151855469,19492200,0.0,0.0
2017-01-06 00:00:00-05:00,120.14078085059289,123.02065786760421,119.19736633082158,122.55392456054688,28545300,0.0,0.0
2017-01-09 00:00:00-05:00,122.6929584515296,124.55991449527791,122.18649411024988,124.0335922241211,22880400,0.0,0.0
2017-01-10 00:00:00-05:00,123.95413711427177,124.6294203322784,123.41788212557798,123.48739624023438,17324600,0.0,0.0
2017-01-11 00:00:00-05:00,123.48739670498578,125.24512265950915,123.19940749276246,125.21532440185547,18356500,0.0,0.0
2017-01-12 00:00:00-05:00,124.73866515058913,125.8508986263855,123.93428640890242,125.74166107177734,18653900,0.0,0.0
2017-01-13 00:00:00-05:00,126.60561254065145,128.37327122348765,126.48644981755184,127.44971466064453,24884300,0.0,0.0
2017-01-17 00:00:00-05:00,127.1517901496493,127.44971210436323,126.51623796076831,126.98297882080078,15294500,0.0,0.0
2017-01-18 00:00:00-05:00,127.51924495686795,127.53909531009727,125.96012851070743,127.03263854980469,13145900,0.0,0.0
2017-01-19 00:00:00-05:00,127.34049024301729,127.4596681313452,126.56590215712463,126.66521453857422,12195500,0.0,0.0
2017-01-20 00:00:00-05:00,127.21138922102944,127.58874289517787,125.90053865510436,126.15873718261719,19097200,0.0,0.0
2017-01-23 00:00:00-05:00,126.42687176039774,128.35341676533062,126.06936840739019,128.03562927246094,16593600,0.0,0.0
2017-01-24 00:00:00-05:00,128.48250502586112,128.9988869128691,127.4894419544674,128.47256469726562,15162700,0.0,0.0
2017-01-25 00:00:00-05:00,129.0982029839127,130.8261382327559,128.86980271376447,130.56793212890625,18731300,0.0,0.0
2017-01-26 00:00:00-05:00,130.71690073223957,132.2164205585286,130.52821631872538,131.85891723632812,20020100,0.0,0.0
2017-01-27 00:00:00-05:00,131.75962366196595,132.02775498010305,130.17073156669045,131.26309204101562,19539500,0.0,0.0
2017-01-30 00:00:00-05:00,130.66723977357248,130.66723977357248,128.7009791497644,130.07139587402344,18956100,0.0,0.0
2017-01-31 00:00:00-05:00,129.26703179805006,129.75363820933578,128.62154679484425,129.41600036621094,19790500,0.0,0.0
2017-02-01 00:00:00-05:00,131.3326037315374,132.56400751269916,129.77348728717269,132.30580139160156,50139800,0.0,0.0
2017-02-02 00:00:00-05:00,132.29588362252701,134.55014137887255,129.49543806359438,129.93238830566406,54366400,0.0,0.0
2017-02-03 00:00:00-05:00,130.32960196853327,131.92843410761867,129.85292078771812,130.07139587402344,24804900,0.0,0.0
2017-02-06 00:00:00-05:00,130.0713957135473,131.14390563964844,129.396120104302,131.14390563964844,17058500,0.0,0.0
2017-02-07 00:00:00-05:00,131.32267991901642,132.07740247811816,130.74670145827767,130.92544555664062,14596400,0.0,0.0
2017-02-08 00:00:00-05:00,131.68016643992127,133.50739881450454,131.5212727152776,133.26905822753906,22390600,0.0,0.0
2017-02-09 00:00:00-05:00,133.55708137100473,133.5670065484025,132.3852588615332,133.20950317382812,16470600,0.0,0.0
2017-02-10 00:00:00-05:00,133.16978322077475,134.00395268484465,132.75268333579768,133.2591552734375,15061900,0.0,0.0
2017-02-13 00:00:00-05:00,133.76558683570966,133.76558683570966,132.772523807749,133.12010192871094,13526200,0.0,0.0
2017-02-14 00:00:00-05:00,133.16977457675,133.29886248234752,131.6305236624993,132.9215087890625,14364900,0.0,0.0
2017-02-15 00:00:00-05:00,132.52426843771815,132.77253421416682,131.7397552514341,132.51434326171875,13226500,0.0,0.0
2017-02-16 00:00:00-05:00,132.14692756197016,132.9413660012071,132.09727137128235,132.9115753173828,12831100,0.0,0.0
2017-02-17 00:00:00-05:00,132.57393856397573,133.1598422212977,132.24622588625107,132.60372924804688,12276500,0.0,0.0
2017-02-21 00:00:00-05:00,132.57392907196393,132.98108859570726,131.97808512731805,132.7924041748047,14759100,0.0,0.0
2017-02-22 00:00:00-05:00,132.67324251188242,135.84110122261666,132.534214277408,135.17575073242188,27360100,0.0,0.0
2017-02-23 00:00:00-05:00,134.9473580519656,135.17575834583596,133.3981818797286,134.42103576660156,18422500,0.0,0.0
2017-02-24 00:00:00-05:00,133.22935342573706,134.6792171128092,133.22935342573706,134.50047302246094,12625700,0.0,0.0
2017-02-27 00:00:00-05:00,134.32172855677052,136.22840816162247,134.08340307675311,135.46376037597656,14306700,0.0,0.0
2017-02-28 00:00:00-05:00,135.84112160054184,135.86098710928715,133.81527914387766,134.59979248046875,16112100,0.0,0.0
2017-03-01 00:00:00-05:00,135.52332888079954,136.52631720419205,135.35450996416563,136.46673583984375,16257000,0.0,0.0
2017-03-02 00:00:00-05:00,136.13902246959267,136.86396947320787,135.36443443124136,135.81130981445312,12294800,0.0,0.0
2017-03-03 00:00:00-05:00,135.68221269018088,136.37735381160098,135.13602496872934,136.2184600830078,11160600,0.0,0.0
2017-03-06 00:00:00-05:00,135.93048840776783,136.873895366812,135.56304473938474,136.46673583984375,12748200,0.0,0.0
2017-03-07 00:00:00-05:00,136.07941819252102,137.410118941734,136.0397023408313,136.34754943847656,13527100,0.0,0.0
2017-03-08 00:00:00-05:00,136.19861040475394,137.03279500032895,136.09931317755002,136.76466369628906,10184500,0.0,0.0
2017-03-09 00:00:00-05:00,136.7646697701353,137.60877958003587,136.44688226190934,137.28106689453125,15535300,0.0,0.0
2017-03-10 00:00:00-05:00,137.94641788267032,138.52239637845958,137.26120182469788,137.82723999023438,16314100,0.0,0.0
2017-03-13 00:00:00-04:00,137.74778155228955,138.71103876462712,137.70805054486848,138.63160705566406,10955500,0.0,0.0
2017-03-14 00:00:00-04:00,138.4926049064226,138.4926049064226,137.55912304451613,138.35357666015625,12944000,0.0,0.0
2017-03-15 00:00:00-04:00,138.3237683955284,139.12816232725115,137.5293299467696,138.75079345703125,19344800,0.0,0.0
2017-03-16 00:00:00-04:00,139.22745568190302,139.27711187180395,138.76071477212938,139.0189208984375,13612900,0.0,0.0
2017-03-17 00:00:00-04:00,139.36648092326286,139.36648092326286,138.73092110385406,138.8699493408203,20592800,0.0,0.0
2017-03-20 00:00:00-04:00,138.74085326838062,139.21751931664969,138.28403757212322,138.96925354003906,12099500,0.0,0.0
2017-03-21 00:00:00-04:00,140.1708653323767,141.32282228694692,137.43994151847468,137.54917907714844,29894800,0.0,0.0
2017-03-22 00:00:00-04:00,136.97318521208032,138.82028317209492,136.64548772581506,138.62167358398438,17055400,0.0,0.0
2017-03-23 00:00:00-04:00,138.5124318289414,139.41612285326744,138.1251378403645,138.5620880126953,13022800,0.0,0.0
2017-03-24 00:00:00-04:00,139.10827938871515,140.04176111726997,138.79049192667938,139.36647033691406,16664700,0.0,0.0
2017-03-27 00:00:00-04:00,138.08540917729562,139.6743008394681,137.80735275759199,139.3466033935547,12800500,0.0,0.0
2017-03-28 00:00:00-04:00,139.38635934719437,140.96532628898848,139.0387811460958,140.77664184570312,14679400,0.0,0.0
2017-03-29 00:00:00-04:00,141.00502084434697,141.86898080552473,140.44889283580227,141.66043090820312,16527600,0.0,0.0
2017-03-30 00:00:00-04:00,141.412178811783,141.95836654518095,140.86600623132537,141.422119140625,12404000,0.0,0.0
2017-03-31 00:00:00-04:00,141.32281193101508,141.64059940675793,140.90572723380828,141.0646209716797,11478300,0.0,0.0
2017-04-03 00:00:00-04:00,140.94543638542933,141.48169893699404,139.84315090786438,141.2930145263672,13564000,0.0,0.0
2017-04-04 00:00:00-04:00,140.87592922129497,141.1043294870118,140.29002564044134,140.746826171875,12948600,0.0,0.0
2017-04-05 00:00:00-04:00,141.27315694470494,142.44497933029163,140.3098844859649,140.8660125732422,17158100,0.0,0.0
2017-04-06 00:00:00-04:00,141.12418600651407,141.23342354454383,139.93251341624145,140.19070434570312,15103400,0.0,0.0
2017-04-07 00:00:00-04:00,140.2205057012156,140.5680838449422,139.26717361758077,139.8034210205078,11818300,0.0,0.0
2017-04-10 00:00:00-04:00,140.0219143874138,140.448924299722,139.65448584399118,140.06163024902344,9039400,0.0,0.0
2017-04-11 00:00:00-04:00,139.82328697024343,140.0516872395375,137.8470859538219,138.9493865966797,16638100,0.0,0.0
2017-04-12 00:00:00-04:00,138.75078360504907,139.4260592691346,138.47272713713843,138.61175537109375,11612500,0.0,0.0
2017-04-13 00:00:00-04:00,138.65146545618995,139.6048127014305,138.36348382389565,138.42306518554688,10965600,0.0,0.0
2017-04-17 00:00:00-04:00,138.79052189892582,140.56811369856695,138.7805967209464,140.4390106201172,11519700,0.0,0.0
2017-04-18 00:00:00-04:00,140.29004015553377,140.92559998676398,139.63461481781277,139.98219299316406,14807500,0.0,0.0
2017-04-19 00:00:00-04:00,140.36948004857229,142.04774401652003,140.29003317950136,141.28309631347656,15563900,0.0,0.0
2017-04-20 00:00:00-04:00,141.95838045885043,143.2493656407943,141.70018948363838,142.802490234375,15968200,0.0,0.0
2017-04-21 00:00:00-04:00,142.9017636525903,143.16989491294433,141.28308122112384,142.68328857421875,12382000,0.0,0.0
2017-04-24 00:00:00-04:00,143.95443499294305,144.6595013149068,143.33872556117097,144.4608917236328,14407200,0.0,0.0
2017-04-25 00:00:00-04:00,144.77869001196805,146.12925668903574,144.77869001196805,145.47384643554688,17767500,0.0,0.0
2017-04-26 00:00:00-04:00,146.06965722587375,146.5661888081111,145.07659406139908,145.5433349609375,12395000,0.0,0.0
2017-04-27 00:00:00-04:00,145.6525764232332,146.72508648799592,145.12625414417488,146.67543029785156,11275100,0.0,0.0
2017-04-28 00:00:00-04:00,148.4629206347981,150.47883734155056,148.03591081206864,149.2077178955078,30652200,0.0,0.0
2017-05-01 00:00:00-04:00,150.68739815087682,151.51164233075284,150.36961068989032,151.40240478515625,25218300,0.0,0.0
2017-05-02 00:00:00-04:00,152.2762972564697,152.37560963099753,150.60795846557627,151.72018432617188,21870400,0.0,0.0
2017-05-03 00:00:00-04:00,152.5344953365494,152.5344953365494,150.29016307511085,150.74697875976562,29782500,0.0,0.0
2017-05-04 00:00:00-04:00,149.12828282577297,150.46892406221426,147.68834437181695,149.80357360839844,36225500,0.0,0.0
2017-05-05 00:00:00-04:00,150.3993975003212,150.5781567307615,148.75090918298633,149.1977996826172,17148500,0.0,0.0
2017-05-08 00:00:00-04:00,149.6645372479031,150.031965723326,148.70126488801225,150.01210021972656,15827500,0.0,0.0
2017-05-09 00:00:00-04:00,150.43914546996686,151.53150586804554,149.16802582129333,149.43614196777344,17453900,0.0,0.0
2017-05-10 00:00:00-04:00,149.18787041864087,149.47586721322622,147.8273787736313,149.24745178222656,12080700,0.0,0.0
2017-05-11 00:00:00-04:00,149.26733786901573,149.6049757445161,148.37358698611644,148.99920654296875,11841900,0.0,0.0
2017-05-12 00:00:00-04:00,149.3566769442605,149.41627345584365,148.5920293044157,149.28717041015625,9598200,0.0,0.0
2017-05-15 00:00:00-04:00,149.128297335185,150.42920768884002,148.73107812059814,149.14816284179688,15064700,0.0,0.0
2017-05-16 00:00:00-04:00,149.06872526453702,149.16803765084794,147.99621513473832,148.7410125732422,14550800,0.0,0.0
2017-05-17 00:00:00-04:00,146.97334236465397,147.63869283943836,143.418174562075,143.84519958496094,28300100,0.0,0.0
2017-05-18 00:00:00-04:00,143.7161035186623,147.12230292650415,143.50755358516884,146.63571166992188,23031600,0.0,0.0
2017-05-19 00:00:00-04:00,147.42023779053756,148.35371967861136,146.9336464914364,147.03294372558594,16187900,0.0,0.0
2017-05-22 00:00:00-04:00,147.05279144171797,147.55924818755005,146.66549742362497,147.21168518066406,12586700,0.0,0.0
2017-05-23 00:00:00-04:00,147.48973730728926,147.77771894183152,146.22854291504584,147.04286193847656,12817800,0.0,0.0
2017-05-24 00:00:00-04:00,147.47982095027416,149.1878909889669,147.3904488925728,148.99920654296875,17862400,0.0,0.0
2017-05-25 00:00:00-04:00,149.25739531409565,151.53150327307716,148.90981714846654,150.9058837890625,19891400,0.0,0.0
2017-05-26 00:00:00-04:00,151.17400425788526,151.19386976438898,150.1014942008095,151.07470703125,14996200,0.0,0.0
2017-05-30 00:00:00-04:00,150.91580800140486,151.8393494567812,150.58809534380453,151.32296752929688,13226000,0.0,0.0
2017-05-31 00:00:00-04:00,151.64073611092417,152.28623623374287,150.04190387404142,150.4093475341797,18023900,0.0,0.0
2017-06-01 00:00:00-04:00,150.69734169497124,151.2335891595732,149.257403075097,150.47886657714844,14530600,0.0,0.0
2017-06-02 00:00:00-04:00,150.79664787598009,152.5642990999012,150.25046010388283,152.54443359375,16854400,0.0,0.0
2017-06-05 00:00:00-04:00,152.57421045402606,153.6367952191995,152.34581018927418,152.5642852783203,12520400,0.0,0.0
2017-06-06 00:00:00-04:00,152.34581340201132,153.4481140461935,151.42225684194173,151.74996948242188,13457100,0.0,0.0
2017-06-07 00:00:00-04:00,152.20678410708064,152.68345014764515,151.2832275534879,152.0578155517578,12066700,0.0,0.0
2017-06-08 00:00:00-04:00,153.01116045757777,153.65664539533412,152.03796288662605,153.6367950439453,17799400,0.0,0.0
2017-06-09 00:00:00-04:00,153.69639061493035,154.51069453242306,145.59299153468632,148.562255859375,35577700,0.0,0.0
2017-06-12 00:00:00-04:00,147.1421775219623,148.16503144045868,143.55721864211486,147.41030883789062,33170200,0.0,0.0
2017-06-13 00:00:00-04:00,149.10842810121636,150.13128194850327,147.86709914548547,149.63475036621094,20483400,0.0,0.0
2017-06-14 00:00:00-04:00,150.21070608487213,151.3427973150333,148.01604530896012,149.2077178955078,20808800,0.0,0.0
2017-06-15 00:00:00-04:00,146.64563488007298,148.99918971810456,145.3546497427064,148.7608642578125,18994200,0.0,0.0
2017-06-16 00:00:00-04:00,148.55231240417723,149.78371616053087,147.56918958731606,149.59503173828125,22882400,0.0,0.0
2017-06-19 00:00:00-04:00,150.65764363107664,152.50474202081205,150.65764363107664,151.80958557128906,19026500,0.0,0.0
2017-06-20 00:00:00-04:00,151.81951286348902,152.7728450875087,151.15416231155334,151.19387817382812,14743900,0.0,0.0
2017-06-21 00:00:00-04:00,151.30311045254234,153.01118037661712,150.82644435717836,152.8423614501953,15039800,0.0,0.0
2017-06-22 00:00:00-04:00,151.9485976743654,153.47792351717473,151.8493004442371,152.3358917236328,13005500,0.0,0.0
2017-06-23 00:00:00-04:00,151.66061905786412,154.12341164752556,151.59109735772836,153.99432373046875,18027000,0.0,0.0
2017-06-26 00:00:00-04:00,155.16610276172267,155.4143685261414,152.13725740522588,152.52455139160156,18049700,0.0,0.0
2017-06-27 00:00:00-04:00,151.7797633592169,152.2465042370376,149.34676175005097,149.5354461669922,19360800,0.0,0.0
2017-06-28 00:00:00-04:00,149.87307315314158,152.40538695219828,148.82042874836606,152.17698669433594,16719100,0.0,0.0
2017-06-29 00:00:00-04:00,151.22365227180285,151.44212737270695,147.8869595478341,149.99224853515625,23973500,0.0,0.0
2017-06-30 00:00:00-04:00,150.8462945515296,150.8661600584235,149.0190618937829,149.93267822265625,17666000,0.0,0.0
2017-07-03 00:00:00-04:00,150.6675308488081,151.09454069735662,146.77472541580732,147.4003448486328,13862700,0.0,0.0
2017-07-05 00:00:00-04:00,147.96640295505324,149.80357576432908,147.10244290083384,149.29710388183594,14334300,0.0,0.0
2017-07-06 00:00:00-04:00,147.99622401863544,148.9992125076352,146.97337002059248,147.78768920898438,14951800,0.0,0.0
2017-07-07 00:00:00-04:00,148.21466994405515,150.9356683347701,148.15508858161346,150.3894805908203,13615900,0.0,0.0
2017-07-10 00:00:00-04:00,150.63775401754785,152.91186199952614,150.4589947682065,152.43519592285156,13378700,0.0,0.0
2017-07-11 00:00:00-04:00,152.30608782606402,154.34187027885838,151.8492872706305,154.1929168701172,13667700,0.0,0.0
2017-07-12 00:00:00-04:00,155.40445880147755,158.05593561073619,155.1164620004719,157.7977294921875,22739400,0.0,0.0
2017-07-13 00:00:00-04:00,157.63884574680947,158.67162472839686,157.32105827374212,158.1552276611328,13929200,0.0,0.0
2017-07-14 00:00:00-04:00,159.0191995193055,159.2078839333305,158.22474600638247,158.8603057861328,16371200,0.0,0.0
2017-07-17 00:00:00-04:00,159.13836055183071,159.6646827785501,157.70834727435164,158.62196350097656,12858800,0.0,0.0
2017-07-18 00:00:00-04:00,158.55245627576127,162.59421516462118,158.3141156795693,161.73025512695312,23722900,0.0,0.0
2017-07-19 00:00:00-04:00,162.4552159819281,164.5505800784506,162.03813122873146,163.00140380859375,26273600,0.0,0.0
2017-07-20 00:00:00-04:00,163.6568184406949,163.85542805016732,161.68061721703077,163.38868713378906,18523100,0.0,0.0
2017-07-21 00:00:00-04:00,163.0212515334372,163.905077137286,162.6140920022524,163.28936767578125,14744000,0.0,0.0
2017-07-24 00:00:00-04:00,163.49792889018784,165.017314413432,163.17021620731958,164.84849548339844,17367000,0.0,0.0
2017-07-25 00:00:00-04:00,163.86533734700834,164.3916595799285,162.72332083850765,164.1334686279297,15383200,0.0,0.0
2017-07-26 00:00:00-04:00,164.85838552632595,164.85838552632595,162.9616466855062,164.46116638183594,35236900,0.0,0.0
2017-07-27 00:00:00-04:00,173.48813411158127,174.2726625076024,166.33808226281286,169.2576904296875,68910700,0.0,0.0
2017-07-28 00:00:00-04:00,167.8971802767594,172.22692070890795,167.87731477256483,171.25372314453125,24557600,0.0,0.0
2017-07-31 00:00:00-04:00,170.80688224127584,171.5218890070794,167.38081699435048,168.07595825195312,25478900,0.0,0.0
2017-08-01 00:00:00-04:00,168.64197054757364,169.287455454059,167.87730777382905,168.6816864013672,14385000,0.0,0.0
2017-08-02 00:00:00-04:00,169.11867359622272,169.36693940738778,165.7521898029423,168.1256103515625,17433800,0.0,0.0
2017-08-03 00:00:00-04:00,168.12559848902808,168.5228176976883,167.0828791251181,167.42051696777344,10793800,0.0,0.0
2017-08-04 00:00:00-04:00,167.79788961688672,168.88032486495945,167.51983313394953,168.44337463378906,10777700,0.0,0.0
2017-08-07 00:00:00-04:00,168.77108550721096,170.86644943674585,168.48310385043376,170.78700256347656,12787800,0.0,0.0
2017-08-08 00:00:00-04:00,170.68769065921134,171.84957266909922,169.43642145399332,170.0421905517578,14393500,0.0,0.0
2017-08-09 00:00:00-04:00,168.800880884643,170.26068502155996,168.38379615308702,169.9925537109375,10815000,0.0,0.0
2017-08-10 00:00:00-04:00,168.88030571375126,169.4066279362641,165.69258169837636,166.23875427246094,20832700,0.0,0.0
2017-08-11 00:00:00-04:00,166.78497468357256,167.6489500403355,165.69261416839836,166.91407775878906,13791200,0.0,0.0
2017-08-14 00:00:00-04:00,168.91012636907018,169.89326445218367,168.11567272995305,169.5655517578125,12954200,0.0,0.0
2017-08-15 00:00:00-04:00,170.30038808837904,170.31031326383177,168.83064386263294,169.81378173828125,8729200,0.0,0.0
2017-08-16 00:00:00-04:00,170.062068714815,170.19117177650332,168.06601718817015,168.82073974609375,15779900,0.0,0.0
2017-08-17 00:00:00-04:00,168.16530282350945,168.68169988172968,165.6925853861254,165.75216674804688,17216000,0.0,0.0
2017-08-18 00:00:00-04:00,165.68266494962145,167.4999724711211,165.0570454213914,166.24871826171875,15093600,0.0,0.0
2017-08-21 00:00:00-04:00,166.00044033746792,166.83460974950958,164.6697393487908,166.6161346435547,11907500,0.0,0.0
2017-08-22 00:00:00-04:00,167.11267501153276,168.69164187159274,165.99050874036135,168.46324157714844,11391000,0.0,0.0
2017-08-23 00:00:00-04:00,167.66876074330753,168.18515776910624,167.0332010011474,167.5396728515625,9856500,0.0,0.0
2017-08-24 00:00:00-04:00,167.70852274790806,168.11566715504102,165.2556553631807,166.57643127441406,14030400,0.0,0.0
2017-08-25 00:00:00-04:00,166.69558565111055,167.21198274645053,165.02723163268192,165.16627502441406,12614500,0.0,0.0
2017-08-28 00:00:00-04:00,165.75216711650512,166.5366803051159,165.17618869508303,166.0798797607422,8553700,0.0,0.0
2017-08-29 00:00:00-04:00,164.1036672848572,167.26160047720026,163.8554015249709,166.88424682617188,11121000,0.0,0.0
2017-08-30 00:00:00-04:00,167.00342673334535,168.9994781932471,166.4671793040828,168.7412872314453,11138300,0.0,0.0
2017-08-31 00:00:00-04:00,169.21795269138102,170.95581318326467,168.8803148610923,170.77706909179688,17226500,0.0,0.0
2017-09-01 00:00:00-04:00,171.20409016339514,171.72048727186143,170.12165490865814,170.8267364501953,11677600,0.0,0.0
2017-09-05 00:00:00-04:00,170.0819238274325,171.19414966649737,168.37385405861684,169.53573608398438,13210900,0.0,0.0
2017-09-06 00:00:00-04:00,169.72440263866403,171.28350368449455,168.39370184226058,170.89620971679688,13906300,0.0,0.0
2017-09-07 00:00:00-04:00,170.74730452425675,172.10779638275184,169.08889064814304,172.0084991455078,18049500,0.0,0.0
2017-09-08 00:00:00-04:00,171.88931491263497,172.28654930580296,169.6152067294012,169.76416015625,10998500,0.0,0.0
2017-09-11 00:00:00-04:00,171.2040805260125,172.68375007048493,171.00547092714922,172.30638122558594,12372000,0.0,0.0
2017-09-12 00:00:00-04:00,172.5546465230831,172.79298713280784,170.5585950578146,171.7602081298828,11186300,0.0,0.0
2017-09-13 00:00:00-04:00,171.8098783568247,171.96877212363867,170.86647123990005,171.849609375,9119300,0.0,0.0
2017-09-14 00:00:00-04:00,171.06504830816147,171.08491381346752,169.31726266474533,169.77407836914062,15615700,0.0,0.0
2017-09-15 00:00:00-04:00,169.69464874192767,171.1445125648226,169.07893923840882,170.44937133789062,15660500,0.0,0.0
2017-09-18 00:00:00-04:00,170.7969338744533,170.87638074352748,168.16530747754663,168.83065795898438,12954000,0.0,0.0
2017-09-19 00:00:00-04:00,169.43639820384345,171.36294278000975,169.17820728805538,171.32322692871094,13168600,0.0,0.0
2017-09-20 00:00:00-04:00,171.3033901419022,171.84957789468197,169.51587347505074,170.97567749023438,12264100,0.0,0.0
2017-09-21 00:00:00-04:00,170.49898248709795,171.07496082380527,168.83062883026668,169.92300415039062,11161400,0.0,0.0
2017-09-22 00:00:00-04:00,169.02928187210077,170.53872691822158,168.04614391922902,169.3569793701172,12097100,0.0,0.0
2017-09-25 00:00:00-04:00,168.06601109800962,168.12559246187857,160.43927831102428,161.7401885986328,41251600,0.0,0.0
2017-09-26 00:00:00-04:00,163.3588892408583,164.3519523973377,161.65081939947848,163.07090759277344,23363300,0.0,0.0
2017-09-27 00:00:00-04:00,164.74917915694348,167.17225579438713,164.4214816348598,166.51683044433594,19242500,0.0,0.0
2017-09-28 00:00:00-04:00,166.7750265796235,167.89719277961456,166.0004385406916,167.55953979492188,12178700,0.0,0.0
2017-09-29 00:00:00-04:00,167.65885026241537,170.46922074212407,167.63898475696752,169.6846923828125,15340400,0.0,0.0
2017-10-02 00:00:00-04:00,170.2010823906376,170.67774843101898,167.5793964391297,168.29440307617188,13392300,0.0,0.0
2017-10-03 00:00:00-04:00,168.12559579672308,169.54566884023728,168.02628341967764,168.78102111816406,8190300,0.0,0.0
2017-10-04 00:00:00-04:00,168.65193178882757,169.486101273332,167.12260591429364,167.251708984375,12127900,0.0,0.0
2017-10-05 00:00:00-04:00,168.0064315397276,170.12166108823172,167.43046819556287,170.05215454101562,14580600,0.0,0.0
2017-10-06 00:00:00-04:00,169.0690173394529,171.17430656839463,168.5724857173106,171.0352783203125,13124500,0.0,0.0
2017-10-09 00:00:00-04:00,171.5020153754917,173.66690107856107,170.80687415081522,171.30340576171875,14570400,0.0,0.0
2017-10-10 00:00:00-04:00,171.79989590338099,171.99850546921334,169.61516037334766,170.39967346191406,11341100,0.0,0.0
2017-10-11 00:00:00-04:00,170.75720441941772,171.58144864651447,170.21101666014383,171.54173278808594,11283700,0.0,0.0
2017-10-12 00:00:00-04:00,171.41265449283765,172.6440584231856,171.09486696773757,171.3530731201172,10351000,0.0,0.0
2017-10-13 00:00:00-04:00,172.24677801844288,173.43845061344652,171.99851226311134,172.53477478027344,13658300,0.0,0.0
2017-10-16 00:00:00-04:00,173.27959652441825,173.78605328178057,172.8525714853964,173.30938720703125,11498800,0.0,0.0
2017-10-17 00:00:00-04:00,173.4980690956778,174.90821694619504,173.15049093301928,174.8883514404297,15990100,0.0,0.0
2017-10-18 00:00:00-04:00,175.4245778956243,175.51396508440905,174.53082723129128,174.8088836669922,12752400,0.0,0.0
2017-10-19 00:00:00-04:00,173.7165343616841,174.80890991807942,171.43250117585282,173.34910583496094,14048400,0.0,0.0
2017-10-20 00:00:00-04:00,174.2825713632688,174.65994018439224,173.4186113285285,173.76617431640625,12602200,0.0,0.0
2017-10-23 00:00:00-04:00,173.98463960932958,174.12366782723936,170.06204367628916,170.0819091796875,13852700,0.0,0.0
2017-10-24 00:00:00-04:00,171.1047927093234,172.038274543533,170.3103391172551,170.60826110839844,12267900,0.0,0.0
2017-10-25 00:00:00-04:00,170.70755017855,171.05512834376316,167.71843553889343,169.4165802001953,15868200,0.0,0.0
2017-10-26 00:00:00-04:00,170.19116269794813,171.09483862273663,169.20802475210576,169.4463653564453,11833100,0.0,0.0
2017-10-27 00:00:00-04:00,172.94195098397785,176.9738003222873,172.69368518287942,176.64608764648438,30285300,0.0,0.0
2017-10-30 00:00:00-04:00,178.0164843260402,179.4365724264046,176.37793628625226,178.62225341796875,24353200,0.0,0.0
2017-10-31 00:00:00-04:00,179.31743079642138,179.54583109150695,177.6987329179484,178.8109588623047,20174200,0.0,0.0
2017-11-01 00:00:00-04:00,181.09499185065036,181.631239270174,179.3174155264565,181.39291381835938,40918300,0.0,0.0
2017-11-02 00:00:00-04:00,179.37697743249862,180.6778875590136,176.10979162414938,177.6788330078125,35529900,0.0,0.0
2017-11-03 00:00:00-04:00,178.0462614747991,178.61231466734085,175.48417222805583,177.6788330078125,17822100,0.0,0.0
2017-11-06 00:00:00-05:00,177.32134903828393,179.1982377369636,177.07308325722607,178.92018127441406,13312700,0.0,0.0
2017-11-07 00:00:00-05:00,179.2478995779516,179.49616536684076,177.7185889856887,178.9996337890625,12928200,0.0,0.0
2017-11-08 00:00:00-05:00,178.54280761821659,179.0989356812428,177.86753198538096,178.3144073486328,10494100,0.0,0.0
2017-11-09 00:00:00-05:00,177.07307547407183,178.15551059520038,175.86153730352683,178.05621337890625,12610300,0.0,0.0
2017-11-10 00:00:00-05:00,177.11280835230295,177.85760567060038,176.7255143529059,177.2220458984375,11070200,0.0,0.0
2017-11-13 00:00:00-05:00,176.26869760686168,177.798008090636,176.07008802042787,177.52989196777344,9523400,0.0,0.0
2017-11-14 00:00:00-05:00,176.89435920176228,177.7285286838815,175.95093700454626,176.83477783203125,9585900,0.0,0.0
2017-11-15 00:00:00-05:00,175.4345314361276,177.33128559981677,175.17632533143126,176.715576171875,10253700,0.0,0.0
2017-11-16 00:00:00-05:00,177.5199787177383,178.5825636543018,177.26178773128422,178.34422302246094,15607600,0.0,0.0
2017-11-17 00:00:00-05:00,178.056222751695,178.73149840862558,177.65898840678804,177.75830078125,13018000,0.0,0.0
2017-11-20 00:00:00-05:00,177.62920998249183,178.25484464830473,176.86456222754487,177.5001220703125,10052400,0.0,0.0
2017-11-21 00:00:00-05:00,177.90727219491447,180.62827090937472,177.7483935938134,180.59848022460938,14504000,0.0,0.0
2017-11-22 00:00:00-05:00,180.04236625406278,180.4693761686598,179.18833127192642,179.61534118652344,10376300,0.0,0.0
2017-11-24 00:00:00-05:00,179.14857470780746,181.87949819513952,179.03933716219657,181.51206970214844,9426300,0.0,0.0
2017-11-27 00:00:00-05:00,181.29360457054588,182.4554866269967,180.7275664597862,181.76034545898438,12344500,0.0,0.0
2017-11-28 00:00:00-05:00,182.23702204129248,182.97189426299806,180.82687411824276,181.1545867919922,14379700,0.0,0.0
2017-11-29 00:00:00-05:00,180.62824698739723,180.7076938538972,172.79297972000433,173.91514587402344,41933500,0.0,0.0
2017-11-30 00:00:00-05:00,175.62321498774895,177.04328794484366,173.98465178386235,175.95091247558594,25307600,0.0,0.0
2017-12-01 00:00:00-05:00,174.80890215841455,176.24884067124194,171.14449677173474,173.88536071777344,20182500,0.0,0.0
2017-12-04 00:00:00-05:00,175.0670891518852,175.34516076364028,169.6052420419783,170.28053283691406,24459400,0.0,0.0
2017-12-05 00:00:00-05:00,169.26759335568448,174.16340205764968,167.83758014332193,171.63108825683594,20184900,0.0,0.0
2017-12-06 00:00:00-05:00,171.30339687897697,175.5437808590367,170.70755291561267,174.8386993408203,20255800,0.0,0.0
2017-12-07 00:00:00-05:00,174.5805056625896,179.13866190688987,174.5805056625896,178.89039611816406,20404500,0.0,0.0
2017-12-08 00:00:00-05:00,180.27074929514077,181.0155466447829,177.5001098217661,177.75830078125,19883800,0.0,0.0
2017-12-11 00:00:00-05:00,178.05622552562704,178.969841803735,177.55969395146352,177.7980194091797,13168600,0.0,0.0
2017-12-12 00:00:00-05:00,177.3610598660816,177.93702307800618,175.37493384363026,175.73243713378906,16854100,0.0,0.0
2017-12-13 00:00:00-05:00,176.07010818786216,177.91720634385308,176.02045199733095,177.06317138671875,14615700,0.0,0.0
2017-12-14 00:00:00-05:00,177.0532144837025,179.10886238632793,176.4474453829856,177.15252685546875,13591000,0.0,0.0
2017-12-15 00:00:00-05:00,177.77817298481438,179.2379770573487,177.12274765572928,178.93011474609375,28463100,0.0,0.0
2017-12-18 00:00:00-05:00,179.7543430853062,180.04233986484087,178.50308905657448,179.565673828125,17265400,0.0,0.0
2017-12-19 00:00:00-05:00,178.7017207425649,178.83082380818047,176.98372564041753,178.2647705078125,14920600,0.0,0.0
2017-12-20 00:00:00-05:00,178.56265447133333,178.56265447133333,176.12965316737507,176.65597534179688,11860500,0.0,0.0
2017-12-21 00:00:00-05:00,176.70566158052242,177.44051862297647,175.821835971911,176.21905517578125,11600700,0.0,0.0
2017-12-22 00:00:00-05:00,175.91119805703332,176.2984920624017,175.00750699352696,175.9707794189453,8509500,0.0,0.0
2017-12-26 00:00:00-05:00,175.40477070383233,175.77219926578513,173.4583600220688,174.7692108154297,8897300,0.0,0.0
2017-12-27 00:00:00-05:00,175.32529352058748,177.20218217545033,175.037296735637,176.3878631591797,9496100,0.0,0.0
2017-12-28 00:00:00-05:00,176.71559695877707,177.69873500158266,176.44746564656788,176.68580627441406,12220800,0.0,0.0
2017-12-29 00:00:00-05:00,176.76522659940787,177.60933627074954,175.2359161376953,175.2359161376953,10261500,0.0,0.0
2018-01-02 00:00:00-05:00,176.4474526579683,180.32040802242759,176.3183647528784,180.16151428222656,18151900,0.0,0.0
2018-01-03 00:00:00-05:00,180.61833742444432,183.49821460754387,180.07214964063118,183.38897705078125,16886600,0.0,0.0
2018-01-04 00:00:00-05:00,183.6173686771465,184.91829412009614,182.82293028684023,183.05133056640625,13880900,0.0,0.0
2018-01-05 00:00:00-05:00,184.3025638935398,185.60347403690517,183.64713865777213,185.5538330078125,13574500,0.0,0.0
2018-01-08 00:00:00-05:00,185.90141274321354,187.58961701399005,185.0374526791032,186.9739227294922,17994700,0.0,0.0
2018-01-09 00:00:00-05:00,187.3910167084553,187.4903290863987,185.80212473195056,186.5667724609375,12393100,0.0,0.0
2018-01-10 00:00:00-05:00,185.64320611712333,186.58661296942847,184.3422959662359,186.53695678710938,10529900,0.0,0.0
2018-01-11 00:00:00-05:00,187.09308772995047,187.09308772995047,186.0801742469312,186.46746826171875,9588600,0.0,0.0
2018-01-12 00:00:00-05:00,176.8248221194416,180.22109627514337,176.16939680353218,178.125732421875,77551300,0.0,0.0
2018-01-16 00:00:00-05:00,180.24095372093686,180.48921949741197,176.8049487072274,177.15252685546875,36183800,0.0,0.0
2018-01-17 00:00:00-05:00,178.0165000950676,178.07609661430618,174.58050997978083,176.36802673339844,27992400,0.0,0.0
2018-01-18 00:00:00-05:00,176.8943511808448,179.72457218533486,175.85163179900456,178.55276489257812,23304900,0.0,0.0
2018-01-19 00:00:00-05:00,179.59547461560447,181.1049196756431,178.92018380205798,180.03240966796875,26826500,0.0,0.0
2018-01-22 00:00:00-05:00,179.54581584820178,184.10397195061574,179.15852183596283,184.0841064453125,21059500,0.0,0.0
2018-01-23 00:00:00-05:00,184.759417836102,188.23513915735595,184.26288621877998,188.03652954101562,25678800,0.0,0.0
2018-01-24 00:00:00-05:00,188.57276298915235,189.33742586575525,185.22614498635804,185.2559356689453,24334500,0.0,0.0
2018-01-25 00:00:00-05:00,186.64623006361617,187.3115806058543,185.3056038019515,186.1794891357422,17377700,0.0,0.0
2018-01-26 00:00:00-05:00,186.44759957162958,188.68199157714844,185.51411782040898,188.68199157714844,17759200,0.0,0.0
2018-01-29 00:00:00-05:00,187.44066953907347,187.53004158585642,184.34231736040186,184.68988037109375,20453200,0.0,0.0
2018-01-30 00:00:00-05:00,186.3184919939445,186.87460489956686,180.5785885491502,185.82196044921875,20858600,0.0,0.0
2018-01-31 00:00:00-05:00,187.0632960772574,188.5131749075935,183.93515329351402,185.59356689453125,43275100,0.0,0.0
2018-02-01 00:00:00-05:00,186.91433689422146,193.96509092767525,186.58662425462194,191.75054931640625,54211300,0.0,0.0
2018-02-02 00:00:00-05:00,190.70785355616638,192.86281407199328,188.66214575328692,188.96006774902344,26677500,0.0,0.0
2018-02-05 00:00:00-05:00,185.63330659625137,189.28778724655334,179.35715471728227,180.0026397705078,33128200,0.0,0.0
2018-02-06 00:00:00-05:00,177.3312999730723,184.48135186457367,176.50705571231177,184.0245361328125,37758500,0.0,0.0
2018-02-07 00:00:00-05:00,182.87257674430663,183.7961333721886,178.70171445975492,178.93011474609375,27601900,0.0,0.0
2018-02-08 00:00:00-05:00,179.75434837685123,180.57859257783755,170.2904581354756,170.3897705078125,38478300,0.0,0.0
2018-02-09 00:00:00-05:00,173.54771013067952,175.67286465933802,166.02028965737182,174.8883514404297,39887600,0.0,0.0
2018-02-12 00:00:00-05:00,175.83176430297976,176.31837071645086,170.64797328888466,175.186279296875,32092100,0.0,0.0
2018-02-13 00:00:00-05:00,174.40175031635505,174.74932848952264,171.899242020138,171.94888305664062,21809400,0.0,0.0
2018-02-14 00:00:00-05:00,172.24680328249755,178.56268563062287,172.00847782030428,178.2747039794922,28929700,0.0,0.0
2018-02-15 00:00:00-05:00,179.2479021073594,179.2479021073594,175.6132872700278,178.71165466308594,20922100,0.0,0.0
2018-02-16 00:00:00-05:00,177.74838226438385,178.632207879621,175.07703991244753,176.1296844482422,20645300,0.0,0.0
2018-02-20 00:00:00-05:00,174.550691296675,176.7155614072171,173.8952660666628,174.7890167236328,21204900,0.0,0.0
2018-02-21 00:00:00-05:00,175.4841848694651,180.01255012425395,175.17632258385274,176.6758575439453,23200800,0.0,0.0
2018-02-22 00:00:00-05:00,177.46037052883577,178.95990548734832,176.17932581453093,177.7483673095703,18464200,0.0,0.0
2018-02-23 00:00:00-05:00,178.65205593168352,182.11785180561444,178.2647619064659,182.01853942871094,19007300,0.0,0.0
2018-02-26 00:00:00-05:00,183.2995927610033,184.37210275043682,181.9490263098212,183.64715576171875,17599700,0.0,0.0
2018-02-27 00:00:00-05:00,183.17051283771903,183.41877864941367,180.20126342773438,180.20126342773438,15849800,0.0,0.0
2018-02-28 00:00:00-05:00,181.03542565076677,181.61140412912914,176.90427907330402,177.08303833007812,18783000,0.0,0.0
2018-03-01 00:00:00-05:00,177.7682241048076,178.8705247769073,173.2001428330427,174.7195281982422,23201600,0.0,0.0
2018-03-02 00:00:00-05:00,172.08788888196426,175.881396997883,171.78998208998286,175.39479064941406,20025900,0.0,0.0
2018-03-05 00:00:00-05:00,174.97771289439487,179.89337214433274,174.66986576190308,179.14857482910156,16189300,0.0,0.0
2018-03-06 00:00:00-05:00,180.51900888803414,181.1148528084916,177.86753223258503,178.5328826904297,15086800,0.0,0.0
2018-03-07 00:00:00-05:00,177.50008365520694,182.54484544478456,176.83473327263027,182.43560791015625,19097300,0.0,0.0
2018-03-08 00:00:00-05:00,182.2866418318433,183.1208111150296,180.19127829599802,181.07510375976562,17225900,0.0,0.0
2018-03-09 00:00:00-05:00,182.63423298546263,184.22312480696067,181.9390918664985,183.945068359375,18526300,0.0,0.0
2018-03-12 00:00:00-04:00,183.94505809019114,184.80903321754295,182.94206989974717,183.4783172607422,15301200,0.0,0.0
2018-03-13 00:00:00-04:00,184.32243767158442,184.69980648844114,179.85365384100092,180.61831665039062,18067500,0.0,0.0
2018-03-14 00:00:00-04:00,181.33334093538332,182.97188910499779,180.58854355775105,182.9123077392578,16821700,0.0,0.0
2018-03-15 00:00:00-04:00,181.96888520383368,182.72360769359662,180.92616593368982,182.58457946777344,15614300,0.0,0.0
2018-03-16 00:00:00-04:00,183.21021676402341,184.04438613127203,182.13770679772932,183.80604553222656,24403400,0.0,0.0
2018-03-19 00:00:00-04:00,175.78208844326517,175.94098217106014,168.88030314215806,171.3629608154297,88140100,0.0,0.0
2018-03-20 00:00:00-04:00,166.30827540365547,169.01933337222877,160.82656295317332,166.98355102539062,129851800,0.0,0.0
2018-03-21 00:00:00-04:00,163.65680961347792,172.19714358368446,162.16721489336666,168.2149658203125,106598800,0.0,0.0
2018-03-22 00:00:00-04:00,164.97758908714604,169.08886999999646,162.5843032135529,163.74618530273438,73743000,0.0,0.0
2018-03-23 00:00:00-04:00,164.29236726490421,165.44432413670978,157.91690376486022,158.28433227539062,53609700,0.0,0.0
2018-03-26 00:00:00-04:00,159.70441416352784,159.9824706178094,147.98626661544586,158.94967651367188,126116600,0.0,0.0
2018-03-27 00:00:00-04:00,155.22570250912426,161.7203441613361,149.70427367883968,151.16407775878906,79117000,0.0,0.0
2018-03-28 00:00:00-04:00,150.59801289868955,154.7986807174794,149.75391835632328,151.96844482421875,60029200,0.0,0.0
2018-03-29 00:00:00-04:00,154.07373680754304,160.300246804713,153.07074851269897,158.68154907226562,59434300,0.0,0.0
2018-04-02 00:00:00-04:00,156.71529910674033,158.0956563304711,153.04096834564575,154.3120880126953,36796000,0.0,0.0
2018-04-03 00:00:00-04:00,155.4640345480855,156.29820393261704,149.7638467812387,155.02708435058594,42543900,0.0,0.0
2018-04-04 00:00:00-04:00,150.97538262253934,154.48089417052745,149.46592246029974,154.0240936279297,49885600,0.0,0.0
2018-04-05 00:00:00-04:00,160.43928160179667,160.4492219312727,155.56333785263115,158.23468017578125,41449600,0.0,0.0
2018-04-06 00:00:00-04:00,156.63583454651416,160.3002397170231,155.72221833604436,156.10951232910156,41644800,0.0,0.0
2018-04-09 00:00:00-04:00,156.72523499681546,159.4164276715436,154.95756863342757,156.83445739746094,34915200,0.0,0.0
2018-04-10 00:00:00-04:00,156.83444713933653,164.82860807546894,155.92083091134143,163.89512634277344,57889300,0.0,0.0
2018-04-11 00:00:00-04:00,164.21292770632033,167.48009889436995,162.11756379479976,165.16627502441406,56144600,0.0,0.0
2018-04-12 00:00:00-04:00,165.82167270624564,166.2884135769194,161.96859817036977,162.73324584960938,38263000,0.0,0.0
2018-04-13 00:00:00-04:00,163.4383197622783,164.5505455373332,162.6339411104661,163.3787384033203,19990600,0.0,0.0
2018-04-16 00:00:00-04:00,164.5704406640595,164.63002203374216,162.25660150608084,163.68661499023438,18119400,0.0,0.0
2018-04-17 00:00:00-04:00,164.67968045556034,167.8276891375989,164.51086152152655,167.49005126953125,22743000,0.0,0.0
2018-04-18 00:00:00-04:00,165.7223754498516,166.9537639994837,164.62007479958842,165.2059783935547,20969600,0.0,0.0
2018-04-19 00:00:00-04:00,165.0471002776731,167.1623297357998,164.05403708087252,166.93392944335938,22235000,0.0,0.0
2018-04-20 00:00:00-04:00,166.62606105519114,167.26162087187814,164.65980023996286,165.1265411376953,19119400,0.0,0.0
2018-04-23 00:00:00-04:00,166.10967864929586,167.281485902097,163.94479308574589,164.68959045410156,23088100,0.0,0.0
2018-04-24 00:00:00-04:00,164.28243303299078,164.94779869185714,157.09266537598995,158.58226013183594,35079900,0.0,0.0
2018-04-25 00:00:00-04:00,159.02913552800146,159.94275182656736,155.10653903486195,158.58226013183594,41083600,0.0,0.0
2018-04-26 00:00:00-04:00,172.01839203733653,175.04723753424813,169.61518114470482,172.95187377929688,77556900,0.0,0.0
2018-04-27 00:00:00-04:00,175.58348284951006,175.87147963179962,171.40269571837328,172.3858184814453,29804700,0.0,0.0
2018-04-30 00:00:00-04:00,172.58446137583272,174.50108139255886,170.51890308069886,170.806884765625,20750500,0.0,0.0
2018-05-01 00:00:00-04:00,170.80686310243846,172.8128549235581,169.0491370707119,172.65396118164062,26025900,0.0,0.0
2018-05-02 00:00:00-04:00,173.0412657410691,176.8446996844626,172.99160954957935,174.84864807128906,30424500,0.0,0.0
2018-05-03 00:00:00-04:00,173.91513628172092,174.8982590004356,170.92600681216902,172.81283569335938,24026100,0.0,0.0
2018-05-04 00:00:00-04:00,171.8793908585493,175.75233151135856,171.8595253505254,175.38490295410156,17677800,0.0,0.0
2018-05-07 00:00:00-04:00,176.11976404085377,178.25484385312672,175.9410047858724,176.73545837402344,18697200,0.0,0.0
2018-05-08 00:00:00-04:00,177.0134826054323,177.79799572079432,175.8813913732879,177.6788330078125,15577200,0.0,0.0
2018-05-09 00:00:00-04:00,178.42364962332948,181.7404768199026,177.5398240493219,181.39291381835938,23282800,0.0,0.0
2018-05-10 00:00:00-04:00,181.87951624570422,184.8388554467013,181.2340312367227,184.24301147460938,21071400,0.0,0.0
2018-05-11 00:00:00-04:00,183.56771670512563,187.0136468107041,182.9023511058294,185.69287109375,21207800,0.0,0.0
2018-05-14 00:00:00-04:00,186.4078758980647,186.55682929767724,184.90834096157855,185.3452911376953,15646700,0.0,0.0
2018-05-15 00:00:00-04:00,183.59752530906263,184.0046696960543,181.92917128948,183.04141235351562,15429400,0.0,0.0
2018-05-16 00:00:00-04:00,182.4257002834092,183.04140974938363,181.39292125964974,181.92916870117188,16975500,0.0,0.0
2018-05-17 00:00:00-04:00,181.41278043917686,182.78321252176937,180.95597984694072,182.48529052734375,14840700,0.0,0.0
2018-05-18 00:00:00-04:00,182.21715936753333,182.91230052866533,181.34325896328693,181.4127655029297,13130500,0.0,0.0
2018-05-21 00:00:00-04:00,182.49521367877423,184.01459903908622,181.85965388853225,183.21022033691406,13532900,0.0,0.0
2018-05-22 00:00:00-04:00,183.64717555817558,184.1337819951603,182.15758071554657,182.5250244140625,12731400,0.0,0.0
2018-05-23 00:00:00-04:00,181.23402848046132,185.613440695791,180.91624099272752,185.60350036621094,16628100,0.0,0.0
2018-05-24 00:00:00-04:00,184.5905872352443,185.5042035350073,183.7464774779823,184.64022827148438,12354700,0.0,0.0
2018-05-25 00:00:00-04:00,184.72959773537704,185.037444864625,183.17048143184374,183.63722229003906,10965100,0.0,0.0
2018-05-29 00:00:00-04:00,183.0612558549565,185.51412302653,182.43563637985392,184.45155334472656,16398900,0.0,0.0
2018-05-30 00:00:00-04:00,185.24596749301608,186.69584615706088,183.96492287550814,186.36813354492188,13736900,0.0,0.0
2018-05-31 00:00:00-04:00,186.56678046598967,191.38314309701488,186.17948642009893,190.4496612548828,30782600,0.0,0.0
2018-06-01 00:00:00-04:00,191.73070138665275,193.20043054253244,190.73763827942096,192.64431762695312,17307200,0.0,0.0
2018-06-04 00:00:00-04:00,190.50924132322777,192.6343959726056,190.14181278687326,191.9392547607422,18939800,0.0,0.0
2018-06-05 00:00:00-04:00,192.95217477840367,193.64731595895012,191.28382079215095,191.6016082763672,15544300,0.0,0.0
2018-06-06 00:00:00-04:00,189.70483293316178,191.19442750583673,187.7981536984906,190.01268005371094,22558900,0.0,0.0
2018-06-07 00:00:00-04:00,189.42676719536993,189.64524226754202,185.47438069933264,186.8745880126953,21503200,0.0,0.0
2018-06-08 00:00:00-04:00,186.22912218286862,188.16559219990202,185.1367467102137,187.78823852539062,12677100,0.0,0.0
2018-06-11 00:00:00-04:00,187.50021554822354,191.26393266220705,187.4902903736551,190.21127319335938,12928900,0.0,0.0
2018-06-12 00:00:00-04:00,190.83695310064772,191.93925385746576,190.23118394324425,191.0653533935547,11562700,0.0,0.0
2018-06-13 00:00:00-04:00,191.4029842424792,193.1507698150531,190.5787400645043,191.0752716064453,15853800,0.0,0.0
2018-06-14 00:00:00-04:00,191.76050724972015,195.9115040931808,191.57182281993707,195.44476318359375,19120900,0.0,0.0
2018-06-15 00:00:00-04:00,194.43181278878768,195.70294746550442,193.2897963137029,194.4914093017578,21860900,0.0,0.0
2018-06-18 00:00:00-04:00,193.44869539597664,198.19553581365187,192.78334493566004,196.93434143066406,16826000,0.0,0.0
2018-06-19 00:00:00-04:00,194.87869683216988,196.58676647677677,192.4456802567306,196.12002563476562,19994000,0.0,0.0
2018-06-20 00:00:00-04:00,197.71886278960696,202.13799040915217,197.4308660144014,200.59873962402344,28230900,0.0,0.0
2018-06-21 00:00:00-04:00,201.35348805794885,201.9791227200348,198.7020111444034,200.10223388671875,19045700,0.0,0.0
2018-06-22 00:00:00-04:00,199.76458248044904,200.8370924771239,197.92740963233234,200.34056091308594,17420200,0.0,0.0
2018-06-25 00:00:00-04:00,198.61260426450306,198.61260426450306,191.7704006537085,194.98793029785156,25275100,0.0,0.0
2018-06-26 00:00:00-04:00,196.22928551508667,197.71888024778335,194.868778688557,197.61956787109375,17897600,0.0,0.0
2018-06-27 00:00:00-04:00,197.79830298084718,199.35741933699376,194.44175997297106,194.48147583007812,18734400,0.0,0.0
2018-06-28 00:00:00-04:00,193.8260702706,195.97109044329886,191.91939072362615,194.86878967285156,18172400,0.0,0.0
2018-06-29 00:00:00-04:00,195.95123546140104,196.22929194170896,192.6145425447642,192.9720458984375,15811600,0.0,0.0
2018-07-02 00:00:00-04:00,192.02859405930138,196.0802930568734,190.8865776312364,195.9909210205078,13961600,0.0,0.0
2018-07-03 00:00:00-04:00,193.2004178989651,194.04451239310796,191.18450113544696,191.39303588867188,13489500,0.0,0.0
2018-07-05 00:00:00-04:00,193.3891237077156,197.27198911644638,192.6840422023842,197.07337951660156,19684200,0.0,0.0
2018-07-06 00:00:00-04:00,197.0733802739101,202.22738047792387,196.32858290692408,201.82022094726562,19740100,0.0,0.0
2018-07-09 00:00:00-04:00,203.5084171884673,204.37239240381143,200.7179122556066,203.3197479248047,18149400,0.0,0.0
2018-07-10 00:00:00-04:00,203.08141430852248,203.48857383699604,200.85694739600112,202.12806701660156,13190100,0.0,0.0
2018-07-11 00:00:00-04:00,200.81720695826104,203.08138945238997,200.3504661223456,201.13497924804688,12927400,0.0,0.0
2018-07-12 00:00:00-04:00,202.01882339392304,205.6435128766611,201.78049794280955,205.484619140625,15454700,0.0,0.0
2018-07-13 00:00:00-04:00,206.36845771705956,206.98415204182376,205.01789118152328,205.88186645507812,11486800,0.0,0.0
2018-07-16 00:00:00-04:00,206.0605964940054,207.27213470731385,205.40517120098139,205.79246520996094,11078200,0.0,0.0
2018-07-17 00:00:00-04:00,203.47865229317145,209.00009664902328,203.4190709231022,208.53335571289062,15349900,0.0,0.0
2018-07-18 00:00:00-04:00,208.3645000043138,209.52638197442332,206.9940681228278,207.90768432617188,15334900,0.0,0.0
2018-07-19 00:00:00-04:00,207.32179043044025,208.5333286410416,206.3187869880093,206.64649963378906,11350400,0.0,0.0
2018-07-20 00:00:00-04:00,207.40123793545908,210.03284913292228,207.05365978351912,208.48367309570312,16163900,0.0,0.0
2018-07-23 00:00:00-04:00,209.1192477790895,210.15202682648393,207.35159651810747,209.44696044921875,16732000,0.0,0.0
2018-07-24 00:00:00-04:00,213.6177973427255,214.7002324510476,211.12521449501375,213.18084716796875,28468700,0.0,0.0
2018-07-25 00:00:00-04:00,214.22360534242128,217.1034827040958,212.78366666158405,215.9912567138672,58954200,0.0,0.0
2018-07-26 00:00:00-04:00,173.6768160542366,178.88047248591084,172.5447246539914,175.0373077392578,169803700,0.0,0.0
2018-07-27 00:00:00-04:00,178.62226923848687,178.68185060478314,171.79993004461596,173.67681884765625,60073700,0.0,0.0
2018-07-30 00:00:00-04:00,174.08396020571564,174.08396020571564,165.40458346879407,169.8733673095703,65280800,0.0,0.0
2018-07-31 00:00:00-04:00,169.48605855386174,173.0313006988303,168.82070816942897,171.3828125,40356500,0.0,0.0
2018-08-01 00:00:00-04:00,172.72345693763768,173.86548858929783,169.7144769703209,170.4592742919922,34042100,0.0,0.0
2018-08-02 00:00:00-04:00,169.49599881522386,175.5636148256159,169.088854469633,175.1465301513672,32400000,0.0,0.0
2018-08-03 00:00:00-04:00,176.45738088930472,177.60933769737173,174.92805526236816,176.5467529296875,24763400,0.0,0.0
2018-08-06 00:00:00-04:00,177.7285155745118,184.5011984696972,177.14261194478343,184.4019012451172,49716200,0.0,0.0
2018-08-07 00:00:00-04:00,185.20626955185432,186.9937861759724,182.44555532519328,182.53492736816406,33398600,0.0,0.0
2018-08-08 00:00:00-04:00,183.4683911798955,185.55382956300767,182.48525334449593,183.89540100097656,22205200,0.0,0.0
2018-08-09 00:00:00-04:00,184.56076408272835,185.2757706529162,181.21413147831225,181.8199005126953,19732100,0.0,0.0
2018-08-10 00:00:00-04:00,180.77720313784548,180.83679965333116,178.17538262044135,179.00955200195312,21500400,0.0,0.0
2018-08-13 00:00:00-04:00,178.8506815793249,181.34326466147064,177.65899366229235,178.801025390625,17423300,0.0,0.0
2018-08-14 00:00:00-04:00,179.4564490129401,180.7275686363112,177.38093550731628,179.85366821289062,19102000,0.0,0.0
2018-08-15 00:00:00-04:00,178.09593777355548,179.6153231474566,173.56757233346266,178.2846221923828,33020200,0.0,0.0
2018-08-16 00:00:00-04:00,179.16845107229676,179.2478979423693,172.80291266655718,173.48812866210938,31351800,0.0,0.0
2018-08-17 00:00:00-04:00,173.28953209336797,174.9976020460079,170.84658990200643,172.59439086914062,24893200,0.0,0.0
2018-08-20 00:00:00-04:00,172.83271645600703,173.35905390427163,169.72443887575164,171.30340576171875,21518000,0.0,0.0
2018-08-21 00:00:00-04:00,171.61124607457785,172.96181260835425,170.201098174346,171.4225616455078,19578500,0.0,0.0
2018-08-22 00:00:00-04:00,171.01542793298862,173.03134510626717,170.93598105510787,172.4355010986328,16894100,0.0,0.0
2018-08-23 00:00:00-04:00,171.8892764414224,174.33221816557742,171.63108550835693,171.70059204101562,18053600,0.0,0.0
2018-08-24 00:00:00-04:00,172.4950695816798,173.60731063597208,171.72048152139024,173.4384765625,14631600,0.0,0.0
2018-08-27 00:00:00-04:00,174.76916951059414,177.43057117899147,174.57054478064495,176.22897338867188,17921900,0.0,0.0
2018-08-28 00:00:00-04:00,176.86455547628944,177.00358371305845,174.61029785237488,175.0373077392578,15910700,0.0,0.0
2018-08-29 00:00:00-04:00,175.0770286457498,175.56361986988395,173.53777780062114,174.67979431152344,18494100,0.0,0.0
2018-08-30 00:00:00-04:00,174.67979483756682,178.5428097260263,174.48118524632577,176.40773010253906,24216500,0.0,0.0
2018-08-31 00:00:00-04:00,175.92114959089196,176.38789053305382,173.76620414554205,174.51100158691406,18065200,0.0,0.0
2018-09-04 00:00:00-04:00,172.29645082499624,172.6837448345659,167.6290572049937,169.97268676757812,29809000,0.0,0.0
2018-09-05 00:00:00-04:00,168.3142828503275,169.9429058498989,165.51383742566972,166.02029418945312,31226700,0.0,0.0
2018-09-06 00:00:00-04:00,165.82166981524483,165.82166981524483,158.8900937195526,161.4025421142578,41514800,0.0,0.0
2018-09-07 00:00:00-04:00,159.1979686450361,163.4880091978465,159.04901521734524,161.90902709960938,24300600,0.0,0.0
2018-09-10 00:00:00-04:00,162.37574146260647,163.8653361074386,161.03511537402179,163.0410919189453,20197700,0.0,0.0
2018-09-11 00:00:00-04:00,162.80278351114953,166.03023891270928,162.58430839480857,164.78890991210938,20457100,0.0,0.0
2018-09-12 00:00:00-04:00,162.11754956657504,163.34895325417597,160.67761111556104,160.876220703125,24078100,0.0,0.0
2018-09-13 00:00:00-04:00,160.87623671510877,162.18708739879207,159.7441452850831,160.2406768798828,25453800,0.0,0.0
2018-09-14 00:00:00-04:00,160.5981715601755,161.710397423513,159.22773958360546,161.1940155029297,21770400,0.0,0.0
2018-09-17 00:00:00-04:00,160.7967806733984,160.93580890589763,158.66170099867264,159.46607971191406,21005300,0.0,0.0
2018-09-18 00:00:00-04:00,158.28434290853062,160.6378978445802,157.76794580148945,159.1880340576172,22465200,0.0,0.0
2018-09-19 00:00:00-04:00,158.96955476745606,162.30624763937197,158.37371080167262,161.9288787841797,19629000,0.0,0.0
2018-09-20 00:00:00-04:00,163.35888694847847,165.29535704585095,163.32909626643743,164.86834716796875,18936000,0.0,0.0
2018-09-21 00:00:00-04:00,165.4840295724401,166.089798651967,161.68059619153405,161.7997589111328,45994800,0.0,0.0
2018-09-24 00:00:00-04:00,159.91295195607822,164.55055487781118,159.76399855022814,164.2625732421875,19222800,0.0,0.0
2018-09-25 00:00:00-04:00,160.86630958600753,164.44132793341424,160.03212500063188,163.76605224609375,27622800,0.0,0.0
2018-09-26 00:00:00-04:00,163.16025914427155,168.1255743029351,163.07088710812104,165.7918701171875,25252200,0.0,0.0
2018-09-27 00:00:00-04:00,166.38771753614407,170.5784448314198,166.0500797348795,167.66876220703125,27266900,0.0,0.0
2018-09-28 00:00:00-04:00,167.1623175329473,167.6191180844817,161.4323390628726,163.3191680908203,34265600,0.0,0.0
2018-10-01 00:00:00-04:00,161.89909028958493,164.72932643590048,160.14136420441187,161.3131866455078,26407700,0.0,0.0
2018-10-02 00:00:00-04:00,160.4591386955215,161.1542798400418,157.56932141657936,158.22474670410156,36031000,0.0,0.0
2018-10-03 00:00:00-04:00,158.89008673733764,162.52470110815972,158.42334589531154,161.30322265625,23109500,0.0,0.0
2018-10-04 00:00:00-04:00,160.33998816463247,160.33998816463247,156.25849787714444,157.7480926513672,25739600,0.0,0.0
2018-10-05 00:00:00-04:00,158.1055958327686,159.78385988144515,155.1164659578363,156.23863220214844,25744000,0.0,0.0
2018-10-08 00:00:00-04:00,154.4610350407743,157.24161487978859,153.3190184842043,156.1591796875,24046000,0.0,0.0
2018-10-09 00:00:00-04:00,156.59613745615854,159.47601465702692,156.3280061510065,156.80467224121094,18844400,0.0,0.0
2018-10-10 00:00:00-04:00,155.7321606394569,156.5961206765539,150.26037333000198,150.32989501953125,30610000,0.0,0.0
2018-10-11 00:00:00-04:00,149.08856014068053,153.73608792865198,148.12528777256057,152.28622436523438,35338900,0.0,0.0
2018-10-12 00:00:00-04:00,155.6427874078182,155.80168115276192,150.25046163291145,152.6735382080078,25293500,0.0,0.0
2018-10-15 00:00:00-04:00,152.25643802289184,154.49082994296967,151.49177521186425,152.45504760742188,15433500,0.0,0.0
2018-10-16 00:00:00-04:00,154.3219852771215,158.35383381532952,153.93469131038233,157.6785430908203,19180100,0.0,0.0
2018-10-17 00:00:00-04:00,158.45316093157854,159.37671758223593,156.85432858189583,158.3141326904297,17592000,0.0,0.0
2018-10-18 00:00:00-04:00,157.41042988237461,157.55939844231526,152.21671400145328,153.8453369140625,21675100,0.0,0.0
2018-10-19 00:00:00-04:00,154.77882618949516,156.25849576696672,152.4848526926415,152.98138427734375,19761300,0.0,0.0
2018-10-22 00:00:00-04:00,153.6864485809688,156.24855334202624,153.38854175649567,153.70631408691406,15424700,0.0,0.0
2018-10-23 00:00:00-04:00,150.1710221555881,153.69639963630817,149.80359361113565,153.31903076171875,19095000,0.0,0.0
2018-10-24 00:00:00-04:00,153.20977734828747,153.57720585472234,144.589996717205,145.0269317626953,27744600,0.0,0.0
2018-10-25 00:00:00-04:00,146.7052132876706,151.15414706069078,145.9802814389943,149.9028778076172,22105700,0.0,0.0
2018-10-26 00:00:00-04:00,144.80846276523178,147.96639602442247,142.8024711400641,144.361572265625,31303300,0.0,0.0
2018-10-29 00:00:00-04:00,147.46986209207247,147.7975747150743,138.06555384945398,141.1043243408203,31336800,0.0,0.0
2018-10-30 00:00:00-04:00,138.96923878375782,145.62275785983883,138.77062921414654,145.20567321777344,50528300,0.0,0.0
2018-10-31 00:00:00-04:00,153.92480017258245,155.31508262909338,147.92670494928095,150.737060546875,60101300,0.0,0.0
2018-11-01 00:00:00-04:00,150.46892638810752,151.69038976829566,148.31398126179784,150.69732666015625,25640800,0.0,0.0
2018-11-02 00:00:00-04:00,150.74699116800932,153.0608301560605,147.92669542190708,149.3070526123047,24708700,0.0,0.0
2018-11-05 00:00:00-05:00,149.05878360099314,149.1481556470227,146.41723200788547,147.64862060546875,15971200,0.0,0.0
2018-11-06 00:00:00-05:00,148.27425246853886,149.92274088940104,146.97334220189796,148.89988708496094,16667100,0.0,0.0
2018-11-07 00:00:00-05:00,150.51859759108459,151.9485958810038,148.79066215547027,150.47886657714844,21877400,0.0,0.0
2018-11-08 00:00:00-05:00,149.4460894812828,149.89296489983917,145.72210240507616,146.84425354003906,24145800,0.0,0.0
2018-11-09 00:00:00-05:00,145.7320290293817,146.73501743680745,143.0706268459031,143.95445251464844,17326900,0.0,0.0
2018-11-12 00:00:00-05:00,143.4777523239266,144.0338652349862,139.51544025615692,140.56808471679688,18542100,0.0,0.0
2018-11-13 00:00:00-05:00,141.0149649045714,143.87499157692912,140.6375960650406,141.17385864257812,15141700,0.0,0.0
2018-11-14 00:00:00-05:00,142.70317687478644,144.57014051441743,140.56809708490846,143.21957397460938,22068400,0.0,0.0
2018-11-15 00:00:00-05:00,141.34268208049227,143.8352651693663,139.853087333122,142.85214233398438,30320300,0.0,0.0
2018-11-16 00:00:00-05:00,140.0914136158532,140.7865547295887,136.81430247631184,138.5620880126953,37250600,0.0,0.0
2018-11-19 00:00:00-05:00,136.65542697239982,136.79445521368626,130.29982858081726,130.63746643066406,44362700,0.0,0.0
2018-11-20 00:00:00-05:00,126.14881731059673,133.22936278826987,125.97006563121647,131.5113525390625,41939500,0.0,0.0
2018-11-21 00:00:00-05:00,133.4676658157978,136.23832016853282,133.19954970651847,133.884765625,25469700,0.0,0.0
2018-11-23 00:00:00-05:00,132.7229028458298,133.56701270476958,130.34948218529772,130.81622314453125,11886100,0.0,0.0
2018-11-26 00:00:00-05:00,132.07740159770862,136.04965427733893,131.85892648809363,135.4339599609375,24263600,0.0,0.0
2018-11-27 00:00:00-05:00,134.80833502875436,135.66237002253118,132.78249268346224,134.06353759765625,20750300,0.0,0.0
2018-11-28 00:00:00-05:00,135.33464374922332,135.84110049647117,130.93538130456,135.81130981445312,29847500,0.0,0.0
2018-11-29 00:00:00-05:00,134.97715324255222,139.01892788719684,134.71896225620603,137.71800231933594,24238700,0.0,0.0
2018-11-30 00:00:00-05:00,137.30090852480677,139.99211638467614,136.40715773236062,139.63461303710938,25732600,0.0,0.0
2018-12-03 00:00:00-05:00,142.00800575440974,142.68328130556569,139.7835392301919,140.1112518310547,24819200,0.0,0.0
2018-12-04 00:00:00-05:00,139.75378567197114,142.3953375299049,136.20855778090638,136.97320556640625,30307400,0.0,0.0
2018-12-06 00:00:00-05:00,132.8917278261251,138.7309292755988,132.74275925085274,138.6614227294922,28218100,0.0,0.0
2018-12-07 00:00:00-05:00,138.2840432171728,139.89280066634169,135.7120133031966,136.46673583984375,21195500,0.0,0.0
2018-12-10 00:00:00-05:00,138.6316205066074,142.0576853115259,138.04570173734353,140.8660125732422,26422200,0.0,0.0
2018-12-11 00:00:00-05:00,142.88193817873068,142.88193817873068,140.12122369276744,141.09442138671875,20300300,0.0,0.0
2018-12-12 00:00:00-05:00,142.08748693760182,146.16897736647678,141.52143363037652,143.4976348876953,23696900,0.0,0.0
2018-12-13 00:00:00-05:00,144.5602174766294,144.83827396073877,142.19672220875788,144.00408935546875,18148600,0.0,0.0
2018-12-14 00:00:00-05:00,142.34566229516082,144.99713897574813,141.5214180969876,143.0606689453125,21785800,0.0,0.0
2018-12-17 00:00:00-05:00,142.0874501274232,143.91468233701863,137.45977309736978,139.21749877929688,24334000,0.0,0.0
2018-12-18 00:00:00-05:00,140.10134746804738,144.917694531663,138.8600185620216,142.6634521484375,24709100,0.0,0.0
2018-12-19 00:00:00-05:00,140.23043292848797,143.90476299871756,131.58084752927073,132.3157196044922,57404900,0.0,0.0
2018-12-20 00:00:00-05:00,129.7933570281225,134.62958510936798,129.09821581968183,132.47462463378906,40297900,0.0,0.0
2018-12-21 00:00:00-05:00,132.46470019094187,133.96422017409824,122.56385883366804,124.08324432373047,56901500,0.0,0.0
2018-12-24 00:00:00-05:00,122.24606221887099,128.84000796416123,122.16661535503702,123.19940185546875,22066000,0.0,0.0
2018-12-26 00:00:00-05:00,125.12595722808128,133.30880306059558,125.0167196751772,133.24920654296875,39723400,0.0,0.0
2018-12-27 00:00:00-05:00,131.52127995213837,134.05359389857932,128.77049091052587,133.58685302734375,31202500,0.0,0.0
2018-12-28 00:00:00-05:00,134.4011863976544,134.97716494291714,131.2829681718829,132.27603149414062,22627600,0.0,0.0
2018-12-31 00:00:00-05:00,133.51731039931215,133.705994784003,129.04852713092578,130.1806182861328,24625300,0.0,0.0
2019-01-02 00:00:00-05:00,128.09524935952882,136.55613834913805,127.6682242315372,134.73883056640625,28146200,0.0,0.0
2019-01-03 00:00:00-05:00,133.7556589409655,136.21845095741136,130.21041672981713,130.8261260986328,22717900,0.0,0.0
2019-01-04 00:00:00-05:00,133.08041569748247,137.04274396724765,132.82222467840123,136.9930877685547,29002100,0.0,0.0
2019-01-07 00:00:00-05:00,136.6057550851361,137.90666529760657,134.96720706161565,137.0923614501953,20089300,0.0,0.0
2019-01-08 00:00:00-05:00,138.91960415987464,142.14705941392765,138.57202599441553,141.54129028320312,26263800,0.0,0.0
2019-01-09 00:00:00-05:00,141.95835745939883,143.69621776620173,140.2900188382789,143.22947692871094,22205900,0.0,0.0
2019-01-10 00:00:00-05:00,142.08748112242944,143.55721038093398,139.86301415184678,143.19970703125,16125000,0.0,0.0
2019-01-11 00:00:00-05:00,142.15699006693217,144.35166639153093,141.5810267493777,142.802490234375,12908000,0.0,0.0
2019-01-14 00:00:00-05:00,141.01495600622104,145.5532615116634,140.2900242076038,144.38143920898438,20520300,0.0,0.0
2019-01-15 00:00:00-05:00,144.99715501997423,149.63475843015624,144.97730466573054,147.91676330566406,24069000,0.0,0.0
2019-01-16 00:00:00-05:00,147.9664040832414,148.61188904658937,145.98027785393614,146.5165252685547,18025700,0.0,0.0
2019-01-17 00:00:00-05:00,145.93062941482347,147.9664119385257,145.48375402009407,147.27127075195312,15787900,0.0,0.0
2019-01-18 00:00:00-05:00,148.71122486161678,151.37262715500972,147.51955196677008,148.99920654296875,31029600,0.0,0.0
2019-01-22 00:00:00-05:00,148.16499276929048,150.478831318298,145.35462273301792,146.5463104248047,22378700,0.0,0.0
2019-01-23 00:00:00-05:00,147.25139820480075,147.76779526996606,142.06760750674863,143.29901123046875,20098400,0.0,0.0
2019-01-24 00:00:00-05:00,143.63667267865495,145.42418961903746,141.53138336717282,144.81842041015625,20955500,0.0,0.0
2019-01-25 00:00:00-05:00,146.4569633223408,148.79066801233625,145.52348144634266,147.97634887695312,22237200,0.0,0.0
2019-01-28 00:00:00-05:00,147.0230152388613,147.92670642105566,145.19578251985507,146.44703674316406,15508500,0.0,0.0
2019-01-29 00:00:00-05:00,147.06271366266958,147.07265399174207,142.43503589121408,143.1897735595703,17632100,0.0,0.0
2019-01-30 00:00:00-05:00,145.20567938690175,149.90286333834877,144.68928236162193,149.3765411376953,44613200,0.0,0.0
2019-01-31 00:00:00-05:00,164.4512714174556,170.48908231816978,163.85542743832133,165.53370666503906,77233600,0.0,0.0
2019-02-01 00:00:00-05:00,164.68957373325244,167.92696899689642,164.51082965640668,164.56048583984375,30806500,0.0,0.0
2019-02-04 00:00:00-05:00,164.5505806169661,168.12561444598396,162.48500719941615,168.07595825195312,20036000,0.0,0.0
2019-02-05 00:00:00-05:00,167.97662020423076,170.7869906441095,167.5198196559899,169.97268676757812,22557000,0.0,0.0
2019-02-06 00:00:00-05:00,170.01239356044348,171.27358789480058,168.0957891199487,169.3073272705078,13281200,0.0,0.0
2019-02-07 00:00:00-05:00,167.03319689457643,168.0659909207822,164.10366401684539,165.225830078125,17517600,0.0,0.0
2019-02-08 00:00:00-05:00,163.32910441163853,166.20898160745864,163.07091343675992,166.1692657470703,12561400,0.0,0.0
2019-02-11 00:00:00-05:00,166.73528682263577,167.13252115057335,163.93485678714177,164.63992309570312,12811200,0.0,0.0
2019-02-12 00:00:00-05:00,165.7025084470035,167.17223758308776,163.35887893938468,163.89512634277344,16292300,0.0,0.0
2019-02-13 00:00:00-05:00,164.232779738706,165.06694910301255,162.59421653781064,162.93186950683594,14205100,0.0,0.0
2019-02-14 00:00:00-05:00,162.0579910228651,163.72632997682763,161.1245091616489,162.81271362304688,12755200,0.0,0.0
2019-02-15 00:00:00-05:00,163.3688238211578,163.55750825622047,159.74414915254195,161.37277221679688,15504400,0.0,0.0
2019-02-19 00:00:00-05:00,159.38662359154245,163.01129775534545,159.217804687088,161.16419982910156,14345400,0.0,0.0
2019-02-20 00:00:00-05:00,161.12451060831282,162.58431478260812,160.13144736881628,161.43235778808594,11770700,0.0,0.0
2019-02-21 00:00:00-05:00,160.80671363518204,161.11457594978071,158.48294942821414,158.92982482910156,15607800,0.0,0.0
2019-02-22 00:00:00-05:00,159.46610307944417,161.28341069744735,159.19797175142585,160.7670135498047,15858500,0.0,0.0
2019-02-25 00:00:00-05:00,161.93880692055532,164.91799621927018,161.76997285904065,163.47804260253906,18737100,0.0,0.0
2019-02-26 00:00:00-05:00,163.19997456980633,165.08680341690865,162.66372720137176,162.99143981933594,13784100,0.0,0.0
2019-02-27 00:00:00-05:00,161.7699903380451,162.79284422888645,159.29727265082016,161.6806182861328,12697500,0.0,0.0
2019-02-28 00:00:00-05:00,161.2436792617014,162.3658456124294,159.74415917012624,160.33006286621094,11114200,0.0,0.0
2019-03-01 00:00:00-05:00,161.47206908746014,161.9983913278936,160.56837801315342,161.15428161621094,11097800,0.0,0.0
2019-03-04 00:00:00-05:00,162.76305382891104,166.33808744105988,162.69354728383865,166.208984375,18894700,0.0,0.0
2019-03-05 00:00:00-05:00,166.20897588868576,170.68770042869457,165.39467197873768,170.07199096679688,28187900,0.0,0.0
2019-03-06 00:00:00-05:00,171.70060271596694,172.36596832285446,170.08192017840042,171.3133087158203,21531700,0.0,0.0
2019-03-07 00:00:00-05:00,170.3103111446807,170.54865172903757,166.44729653008218,167.95675659179688,18306500,0.0,0.0
2019-03-08 00:00:00-05:00,165.04708406128657,168.4433580422972,164.81868379128719,168.4235076904297,13184800,0.0,0.0
2019-03-11 00:00:00-04:00,170.40963242614907,173.09089974046447,170.38976692151172,170.87637329101562,18884000,0.0,0.0
2019-03-12 00:00:00-04:00,170.89622063749675,172.59436516003404,170.0322606127171,170.72740173339844,12155300,0.0,0.0
2019-03-13 00:00:00-04:00,171.1246693497979,172.82279904979646,170.92604457415158,172.16737365722656,11973300,0.0,0.0
2019-03-14 00:00:00-04:00,168.58240343942427,169.96276068181822,166.99351141060052,168.98956298828125,18037400,0.0,0.0
2019-03-15 00:00:00-04:00,166.00045101580815,166.41753574865888,161.3826979642868,164.82862854003906,37135400,0.0,0.0
2019-03-18 00:00:00-04:00,162.4353593656645,162.76305689608992,158.1751096348266,159.3568572998047,37524200,0.0,0.0
2019-03-19 00:00:00-04:00,160.3598468014828,162.68362628553967,159.70443658320553,160.44923400878906,25611500,0.0,0.0
2019-03-20 00:00:00-04:00,160.37968743832016,164.9676340195034,160.12149649254908,164.2923583984375,20211500,0.0,0.0
2019-03-21 00:00:00-04:00,163.74618514501432,165.23577989682886,162.61409373975295,164.9279327392578,16223000,0.0,0.0
2019-03-22 00:00:00-04:00,164.50089188989006,166.25861777094678,162.95171592134105,163.19998168945312,16389200,0.0,0.0
2019-03-25 00:00:00-04:00,161.86928835717367,165.38472513027486,160.87622523841802,165.13645935058594,12631200,0.0,0.0
2019-03-26 00:00:00-04:00,166.18913292225227,168.27455655476712,165.19606972021415,166.51683044433594,15437900,0.0,0.0
2019-03-27 00:00:00-04:00,166.68566694789587,167.76810221715652,163.64688077698563,164.71939086914062,10620300,0.0,0.0
2019-03-28 00:00:00-04:00,163.42842882982748,165.56350878886235,162.1970249259016,164.40162658691406,10443000,0.0,0.0
2019-03-29 00:00:00-04:00,165.23578467547193,166.03023826333703,163.6667430064974,165.53370666503906,13455500,0.0,0.0
2019-04-01 00:00:00-04:00,166.665794525122,167.728364243139,166.11960674813125,167.52975463867188,10381500,0.0,0.0
2019-04-02 00:00:00-04:00,168.95977346919926,173.68674888047673,168.37386981364932,172.99160766601562,23946500,0.0,0.0
2019-04-03 00:00:00-04:00,173.28951363992826,176.72551868655825,171.7502627804468,172.33616638183594,27391100,0.0,0.0
2019-04-04 00:00:00-04:00,174.79896545410156,176.765226085715,174.31235909577353,174.79896545410156,17847700,0.0,0.0
2019-04-05 00:00:00-04:00,175.65297899461905,175.77214169937338,173.88532816038582,174.5010223388672,9594100,0.0,0.0
2019-04-08 00:00:00-04:00,173.99460911096867,174.28259077030327,173.02139626948363,173.71653747558594,7297400,0.0,0.0
2019-04-09 00:00:00-04:00,174.40173421648885,177.9469767049302,174.33222768003674,176.34814453125,19751000,0.0,0.0
2019-04-10 00:00:00-04:00,176.94399027344303,177.54975941982102,175.31536726312314,176.5865020751953,11701500,0.0,0.0
2019-04-11 00:00:00-04:00,177.0035724616547,177.1624510414762,175.77216876216067,176.27862548828125,8071000,0.0,0.0
2019-04-12 00:00:00-04:00,176.7652446884336,178.38394250839818,176.71558849922496,177.8576202392578,12329800,0.0,0.0
2019-04-15 00:00:00-04:00,177.2617919059532,179.24791842590784,175.64309394324846,178.40380859375,10834800,0.0,0.0
2019-04-16 00:00:00-04:00,177.7583144919515,178.92019662865758,177.06317327592333,177.62921142578125,11215200,0.0,0.0
2019-04-17 00:00:00-04:00,178.35412915192816,179.4862204184356,177.12272551962863,177.53981018066406,9973700,0.0,0.0
2019-04-18 00:00:00-04:00,177.55970154539838,177.6391484190153,176.1098226195379,177.04330444335938,11655600,0.0,0.0
2019-04-22 00:00:00-04:00,177.01352232792067,180.40979678649038,177.01352232792067,180.181396484375,13389900,0.0,0.0
2019-04-23 00:00:00-04:00,181.47237838856762,182.94210771224044,180.22110903272127,182.50515747070312,19954800,0.0,0.0
2019-04-24 00:00:00-04:00,183.21023086609895,183.85571586957178,180.3899199289335,181.3134765625,37289900,0.0,0.0
2019-04-25 00:00:00-04:00,195.61356856649695,197.1031632421695,190.78728121120022,191.91937255859375,54148800,0.0,0.0
2019-04-26 00:00:00-04:00,191.1646551903428,191.56187438670477,187.77830623312232,190.1616668701172,22075000,0.0,0.0
2019-04-29 00:00:00-04:00,189.62539944563179,194.05446762140403,189.3274774794958,193.4288330078125,19641300,0.0,0.0
2019-04-30 00:00:00-04:00,192.8429237118389,196.02072256661867,190.94616957480432,192.0583953857422,23494700,0.0,0.0
2019-05-01 00:00:00-04:00,193.42885491689998,194.81913737908678,191.67112875525197,191.6909942626953,15996600,0.0,0.0
2019-05-02 00:00:00-04:00,191.66119892728008,192.6542621341572,188.4337435049295,191.1944580078125,13209500,0.0,0.0
2019-05-03 00:00:00-04:00,193.0315938800359,194.7992448361069,192.36624347773403,194.11402893066406,14575400,0.0,0.0
2019-05-06 00:00:00-04:00,189.91339396075503,192.93229913751748,189.22817799273233,192.5350799560547,13994900,0.0,0.0
2019-05-07 00:00:00-04:00,191.2043720349844,191.56187537473048,186.5469185947955,188.45359802246094,16253000,0.0,0.0
2019-05-08 00:00:00-04:00,188.07622054586224,189.39699629173043,187.24205117571614,188.2251739501953,12505700,0.0,0.0
2019-05-09 00:00:00-04:00,185.90140071334395,188.45358003601729,184.9679190179372,187.34133911132812,12967000,0.0,0.0
2019-05-10 00:00:00-04:00,186.9441515063133,188.68201214448618,183.30953647777125,187.0335235595703,12578500,0.0,0.0
2019-05-13 00:00:00-04:00,182.22706510369278,184.14366946870226,179.58551382025263,180.28065490722656,16833300,0.0,0.0
2019-05-14 00:00:00-04:00,181.25387925684896,182.21715166546596,176.86454222158576,179.47628784179688,17628100,0.0,0.0
2019-05-15 00:00:00-04:00,179.16844934373407,185.98086306908414,178.77123015014467,184.97787475585938,16746900,0.0,0.0
2019-05-16 00:00:00-04:00,183.76632629086865,187.271837756876,183.76632629086865,185.69287109375,12953100,0.0,0.0
2019-05-17 00:00:00-04:00,183.5577869499637,186.2787854054957,183.00167401667332,184.0146026611328,10485400,0.0,0.0
2019-05-20 00:00:00-04:00,180.61831479442765,182.95200390132163,180.11184293428423,181.45248413085938,10352000,0.0,0.0
2019-05-21 00:00:00-04:00,183.28963709298972,184.41178792945948,182.6143464032689,183.53790283203125,7502800,0.0,0.0
2019-05-22 00:00:00-04:00,183.44853562154393,185.44460207862736,182.33630983849153,184.03445434570312,9213800,0.0,0.0
2019-05-23 00:00:00-04:00,181.1545922204014,182.62432155491203,178.42366834359746,179.61534118652344,12768800,0.0,0.0
2019-05-24 00:00:00-04:00,181.06521058886167,182.35619574746875,179.5756158257631,179.80401611328125,8807700,0.0,0.0
2019-05-28 00:00:00-04:00,180.280674501749,183.4286979680207,180.1913024564827,183.03146362304688,14843300,0.0,0.0
2019-05-29 00:00:00-04:00,182.22707291387843,183.27971734111765,180.09199337960567,180.92616271972656,12797700,0.0,0.0
2019-05-30 00:00:00-04:00,181.81000020834674,182.20721940037117,179.63518952260196,181.740478515625,8581500,0.0,0.0
2019-05-31 00:00:00-04:00,179.02942720438097,179.2876181737081,175.93107496068941,176.23892211914062,15226500,0.0,0.0
2019-06-03 00:00:00-04:00,173.78604778664354,173.83570397374217,159.89308913995544,163.0113067626953,56059600,0.0,0.0
2019-06-04 00:00:00-04:00,162.57437114738372,167.11266175709775,159.7242696696142,166.33807373046875,46044300,0.0,0.0
2019-06-05 00:00:00-04:00,166.31820201241834,167.5496056986477,163.48798129866876,167.00341796875,19758300,0.0,0.0
2019-06-06 00:00:00-04:00,167.1325475716487,168.52283005686195,166.06996262349512,167.16233825683594,12446400,0.0,0.0
2019-06-07 00:00:00-04:00,168.98955795129433,172.66388865254888,167.66878211581948,172.1475067138672,16917300,0.0,0.0
2019-06-10 00:00:00-04:00,173.5377933663984,176.6262205096806,172.5943863615185,173.60731506347656,14767900,0.0,0.0
2019-06-11 00:00:00-04:00,177.24190141108465,178.73149609105363,175.56362231384912,176.8645477294922,15266600,0.0,0.0
2019-06-12 00:00:00-04:00,177.14261773709185,178.0264433753427,171.6807701595337,173.82577514648438,17699800,0.0,0.0
2019-06-13 00:00:00-04:00,174.31237714348165,176.79503507027076,173.39876084477623,176.23892211914062,12253600,0.0,0.0
2019-06-14 00:00:00-04:00,179.25782449489844,180.57860030822917,178.75136774135675,180.0721435546875,16773700,0.0,0.0
2019-06-17 00:00:00-04:00,183.72662997983622,188.18548951360862,183.13080111008134,187.69888305664062,29459900,0.0,0.0
2019-06-18 00:00:00-04:00,192.6542509170899,193.1805731738549,185.98086534319046,187.16261291503906,37571400,0.0,0.0
2019-06-19 00:00:00-04:00,185.70282303067978,186.795198639096,183.2698211605989,186.1794891357422,21417100,0.0,0.0
2019-06-20 00:00:00-04:00,189.62538820483053,189.8339381146453,186.3383519019417,188.21524047851562,14635700,0.0,0.0
2019-06-21 00:00:00-04:00,187.44066662882705,190.66812181581346,187.44066662882705,189.8140869140625,22751200,0.0,0.0
2019-06-24 00:00:00-04:00,191.08523304102278,192.63440932136754,190.2411383513185,191.2639923095703,15509000,0.0,0.0
2019-06-25 00:00:00-04:00,191.54201264511238,191.80020359210184,186.82496299231366,187.530029296875,16750300,0.0,0.0
2019-06-26 00:00:00-04:00,188.2251789710033,189.43671720169758,186.01065243418444,186.3582305908203,12808600,0.0,0.0
2019-06-27 00:00:00-04:00,188.56282414493978,197.50039194388643,186.9639919658995,188.18545532226562,11159000,0.0,0.0
2019-06-28 00:00:00-04:00,189.2282071509676,191.85981872778052,188.62243795648237,191.6612091064453,16378900,0.0,0.0
2019-07-01 00:00:00-04:00,193.8558855774979,193.92539212614096,190.59862414524056,191.6612091064453,14181800,0.0,0.0
2019-07-02 00:00:00-04:00,191.66118211012622,193.64730834960938,191.37320047269503,193.64730834960938,9050000,0.0,0.0
2019-07-03 00:00:00-04:00,192.8131262326434,196.03064083024432,192.8131262326434,195.83203125,10246100,0.0,0.0
2019-07-05 00:00:00-04:00,194.8191225498302,195.70296330494557,192.82307106256712,195.03759765625,11164100,0.0,0.0
2019-07-08 00:00:00-04:00,193.83600045304996,195.31565486225594,192.29674952582613,194.40203857421875,9723900,0.0,0.0
2019-07-09 00:00:00-04:00,193.61751667994074,198.07637551987906,193.53806981241408,197.82810974121094,14698600,0.0,0.0
2019-07-10 00:00:00-04:00,198.6126115290454,201.55208484696877,198.28489890166972,201.32366943359375,20571700,0.0,0.0
2019-07-11 00:00:00-04:00,201.84999273342012,202.38625527309466,198.82116251357547,199.83407592773438,13678500,0.0,0.0
2019-07-12 00:00:00-04:00,198.2948223721519,203.8758470121287,197.77844049673308,203.44882202148438,15366300,0.0,0.0
2019-07-15 00:00:00-04:00,202.83313647168552,203.90564642903183,200.4200004323615,202.49549865722656,16030300,0.0,0.0
2019-07-16 00:00:00-04:00,202.47562053754606,204.04466194296526,201.6911074113061,202.42596435546875,12132700,0.0,0.0
2019-07-17 00:00:00-04:00,202.76362647482506,202.94238572116157,200.19159655580592,200.400146484375,12083700,0.0,0.0
2019-07-18 00:00:00-04:00,198.7615724323669,201.0654860865178,197.99692475922123,199.38720703125,11937900,0.0,0.0
2019-07-19 00:00:00-04:00,200.777517728855,200.9264863059817,196.69604237678112,196.98402404785156,12098300,0.0,0.0
2019-07-22 00:00:00-04:00,198.5232637841171,201.16481547740912,197.43088822585602,200.9165496826172,13589000,0.0,0.0
2019-07-23 00:00:00-04:00,201.43291910530678,202.82321656149048,199.56597074851473,200.9562530517578,14583700,0.0,0.0
2019-07-24 00:00:00-04:00,196.25906310745273,203.38924881231455,195.85190360429974,203.24029541015625,32532500,0.0,0.0
2019-07-25 00:00:00-04:00,205.2661415712743,207.21255193193846,196.884686508005,199.3177032470703,39889900,0.0,0.0
2019-07-26 00:00:00-04:00,198.80131483540052,201.472657138913,194.88864359181278,198.36436462402344,24434000,0.0,0.0
2019-07-29 00:00:00-04:00,197.6195815880292,198.24521626812881,193.94525068959402,194.580810546875,16530800,0.0,0.0
2019-07-30 00:00:00-04:00,194.03459346818443,197.33157014804775,192.15770486400248,195.6731414794922,11903600,0.0,0.0
2019-07-31 00:00:00-04:00,195.58379301180506,197.3812349683282,191.3434089309462,192.88265991210938,14593500,0.0,0.0
2019-08-01 00:00:00-04:00,192.82304909397212,197.09322320620495,189.55587835228602,191.39303588867188,17777000,0.0,0.0
2019-08-02 00:00:00-04:00,189.77435901773782,191.2838039762447,186.76537912344043,187.7087860107422,15297000,0.0,0.0
2019-08-05 00:00:00-04:00,183.4088339158982,184.38203155114934,178.09594005094718,180.4693603515625,23086700,0.0,0.0
2019-08-06 00:00:00-04:00,182.41578332823335,184.5012069758546,181.81993934151754,183.23008728027344,18035700,0.0,0.0
2019-08-07 00:00:00-04:00,182.32641051675984,185.07718468475687,179.96291523969046,183.8656463623047,15833200,0.0,0.0
2019-08-08 00:00:00-04:00,185.32542951379364,189.01962543093387,182.77326524504144,188.84088134765625,14828900,0.0,0.0
2019-08-09 00:00:00-04:00,188.6820159438704,189.65521367802012,185.82198895851644,186.54693603515625,11058800,0.0,0.0
2019-08-12 00:00:00-04:00,185.55385077893683,186.28870779280828,183.18043051871544,184.0841064453125,10930900,0.0,0.0
2019-08-13 00:00:00-04:00,184.23307824070483,190.05242885559556,184.0841096777259,187.1427459716797,13577000,0.0,0.0
2019-08-14 00:00:00-04:00,184.51112963455034,184.6998140507041,178.06614456883665,178.46337890625,18903700,0.0,0.0
2019-08-15 00:00:00-04:00,179.694771834787,181.92916389583752,178.7811555659548,181.32339477539062,12925900,0.0,0.0
2019-08-16 00:00:00-04:00,182.4753611461386,183.81600251369508,181.09500391828004,182.4257049560547,12654600,0.0,0.0
2019-08-19 00:00:00-04:00,184.71964631965213,186.19931566990036,183.56770473627472,184.8785400390625,9691200,0.0,0.0
2019-08-20 00:00:00-04:00,184.16355025837376,184.709737998096,181.12477957384328,182.53492736816406,10083400,0.0,0.0
2019-08-21 00:00:00-04:00,183.71667184991637,184.61042257071284,181.86957389438876,182.2767333984375,8398200,0.0,0.0
2019-08-22 00:00:00-04:00,182.15754819707544,182.8328389513788,178.66197716718156,180.77719116210938,10821400,0.0,0.0
2019-08-23 00:00:00-04:00,179.58552914612656,181.85965215329884,175.43453262042144,176.5169677734375,17323400,0.0,0.0
2019-08-26 00:00:00-04:00,178.15553934027696,179.2479149663458,177.00359749717276,179.10888671875,8773600,0.0,0.0
2019-08-27 00:00:00-04:00,180.6679779007347,182.76334182635685,179.75436158925638,180.0423583984375,14399600,0.0,0.0
2019-08-28 00:00:00-04:00,179.27768212473174,180.6878299232763,177.67884991072336,180.4991455078125,9386100,0.0,0.0
2019-08-29 00:00:00-04:00,182.49522857011976,184.7892021384447,182.19730657942807,184.28274536132812,10128700,0.0,0.0
2019-08-30 00:00:00-04:00,185.48435036072166,185.50421586830333,182.18738829045938,184.38204956054688,10774500,0.0,0.0
2019-09-03 00:00:00-04:00,182.72361864622525,184.3820322797158,180.84672990863982,181.12478637695312,9779400,0.0,0.0
2019-09-04 00:00:00-04:00,183.3691098814042,186.4476117964774,182.61438732066918,185.8418426513672,11308000,0.0,0.0
2019-09-05 00:00:00-04:00,187.22218987001338,190.03256033400763,186.63628626257486,189.57574462890625,13876700,0.0,0.0
2019-09-06 00:00:00-04:00,188.89055569151398,188.89055569151398,185.05733117901133,186.18942260742188,15226800,0.0,0.0
2019-09-09 00:00:00-04:00,186.42773822347257,187.66906714310647,184.56078983234303,187.45059204101562,14722400,0.0,0.0
2019-09-10 00:00:00-04:00,186.13973431335623,186.79515954121968,183.26978280061508,184.8785400390625,15455900,0.0,0.0
2019-09-11 00:00:00-04:00,185.1665628625655,188.12588682665984,184.78919401408444,187.18247985839844,11761700,0.0,0.0
2019-09-12 00:00:00-04:00,188.54296060606552,189.6055302426007,185.93119980642481,186.16954040527344,11419800,0.0,0.0
2019-09-13 00:00:00-04:00,186.03050771661364,186.66606747869594,185.2459794014705,185.8914794921875,11441100,0.0,0.0
2019-09-16 00:00:00-04:00,185.6332890133977,186.48732393614006,184.48134726534857,184.92822265625,8444800,0.0,0.0
2019-09-17 00:00:00-04:00,185.36519679936055,187.01368549258683,184.25295561385175,186.7753448486328,9671100,0.0,0.0
2019-09-18 00:00:00-04:00,186.78524371439704,187.7683816851536,184.71967054993166,186.83489990234375,9681900,0.0,0.0
2019-09-19 00:00:00-04:00,187.35131556113615,189.77439230499425,186.84484360797111,188.821044921875,10392700,0.0,0.0
2019-09-20 00:00:00-04:00,189.33740420994047,191.76048046950308,186.81501558448514,188.61245727539062,19934200,0.0,0.0
2019-09-23 00:00:00-04:00,188.0265713133327,188.781308997705,183.92523084864314,185.52406311035156,13327600,0.0,0.0
2019-09-24 00:00:00-04:00,186.6760117082001,186.73559307432984,179.13866583395665,180.02249145507812,18546600,0.0,0.0
2019-09-25 00:00:00-04:00,180.191310553298,182.14764622549615,176.63614255897195,181.53195190429688,18068300,0.0,0.0
2019-09-26 00:00:00-04:00,180.07213389841695,180.1416404359486,176.43751931254107,178.860595703125,16083300,0.0,0.0
2019-09-27 00:00:00-04:00,179.23795841060212,179.5060745285645,174.4414619788343,175.87147521972656,14656200,0.0,0.0
2019-09-30 00:00:00-04:00,176.63613086533923,177.43058438545017,175.62321740131483,176.8446807861328,10740000,0.0,0.0
2019-10-01 00:00:00-04:00,177.90725074682496,178.59246671970473,173.6668821617138,174.59042358398438,17073000,0.0,0.0
2019-10-02 00:00:00-04:00,173.62714991057808,175.30542898509952,171.88928947413478,173.38882446289062,16151700,0.0,0.0
2019-10-03 00:00:00-04:00,174.35211279570194,178.5924817373818,172.42556776877498,178.13568115234375,16086300,0.0,0.0
2019-10-04 00:00:00-04:00,178.30449141467102,179.72456444417904,176.8645528793616,179.1982421875,10430200,0.0,0.0
2019-10-07 00:00:00-04:00,178.75136597079293,179.92317320763422,176.85461172850813,178.43357849121094,9178300,0.0,0.0
2019-10-08 00:00:00-04:00,177.02342450439554,179.11878827226818,176.48717709237766,176.5169677734375,9466900,0.0,0.0
2019-10-09 00:00:00-04:00,177.9172009811592,179.46637710021028,176.7056627028364,178.6024169921875,7556900,0.0,0.0
2019-10-10 00:00:00-04:00,179.0691399642757,180.3501846566273,177.92710834259552,178.78114318847656,8605000,0.0,0.0
2019-10-11 00:00:00-04:00,180.8864503864508,185.19635606125178,180.87652520980797,182.9123077392578,14930500,0.0,0.0
2019-10-14 00:00:00-04:00,182.92222220172795,183.33930689041946,181.30353963315056,182.00860595703125,7006000,0.0,0.0
2019-10-15 00:00:00-04:00,182.5250088892556,189.05936619482304,182.38598065521973,187.57969665527344,15039100,0.0,0.0
2019-10-16 00:00:00-04:00,187.0136440920193,188.38406082078185,185.60348120198177,188.235107421875,10516900,0.0,0.0
2019-10-17 00:00:00-04:00,188.97991811545484,189.51616554246363,187.46053272716543,189.0692901611328,9603000,0.0,0.0
2019-10-18 00:00:00-04:00,188.91039727390913,190.16166653080458,182.6441712718929,184.560791015625,16874200,0.0,0.0
2019-10-21 00:00:00-04:00,185.74251643498474,188.5926178494608,185.45453480191676,188.4436492919922,8122600,0.0,0.0
2019-10-22 00:00:00-04:00,188.6819699754825,189.32745486422309,180.24093447657935,181.07510375976562,19537600,0.0,0.0
2019-10-23 00:00:00-04:00,180.7474226827228,185.08711905321445,180.73749750605063,184.85870361328125,12300400,0.0,0.0
2019-10-24 00:00:00-04:00,183.33929649207744,185.43466014569555,181.5319296102549,185.08709716796875,11413500,0.0,0.0
2019-10-25 00:00:00-04:00,184.54094677910737,187.68895548395065,183.80607451421662,186.58665466308594,8061200,0.0,0.0
2019-10-28 00:00:00-04:00,185.9014152634276,188.21525417913656,183.79612627271422,188.08615112304688,13657900,0.0,0.0
2019-10-29 00:00:00-04:00,190.36024461372074,191.19441387825694,187.1625806133935,187.9967498779297,13574900,0.0,0.0
2019-10-30 00:00:00-04:00,188.24506323736105,189.12888890492468,184.6898950597056,186.94415283203125,28734600,0.0,0.0
2019-10-31 00:00:00-04:00,195.33551318146772,196.71587031574032,186.94413282623037,190.32054138183594,42286500,0.0,0.0
2019-11-01 00:00:00-04:00,191.51223825610325,192.76349239433242,188.5926301139604,192.27688598632812,21711800,0.0,0.0
2019-11-04 00:00:00-05:00,193.2004590193419,196.00088951497636,192.4655867566152,193.36927795410156,16371300,0.0,0.0
2019-11-05 00:00:00-05:00,194.01475012312136,194.39211898337143,192.2570391910909,192.9720458984375,9942000,0.0,0.0
2019-11-06 00:00:00-05:00,192.68406030613477,193.02169817288805,190.02265808169003,190.2212677001953,10973000,0.0,0.0
2019-11-07 00:00:00-05:00,190.57877556059827,192.09816114969448,188.15569876014754,189.09910583496094,13473000,0.0,0.0
2019-11-08 00:00:00-05:00,188.68198968728436,191.0057537130431,188.3840677256111,189.5161590576172,10760800,0.0,0.0
2019-11-11 00:00:00-05:00,188.61248058679345,188.76144915404416,187.23212338674205,188.29470825195312,8631200,0.0,0.0
2019-11-12 00:00:00-05:00,188.68199356191622,193.70689054493673,188.42380260473226,193.12098693847656,17615500,0.0,0.0
2019-11-13 00:00:00-05:00,193.34938864772855,194.3424517791015,191.4029933958844,191.84986877441406,10860700,0.0,0.0
2019-11-14 00:00:00-05:00,191.5916597898336,192.68403527914217,190.12193062026077,191.8101348876953,9040500,0.0,0.0
2019-11-15 00:00:00-05:00,192.9124280472035,193.9452221338092,192.0385428426987,193.74661254882812,11524300,0.0,0.0
2019-11-18 00:00:00-05:00,193.21035926758856,197.2521334616759,191.71083940318275,196.03065490722656,16167200,0.0,0.0
2019-11-19 00:00:00-05:00,196.0306831197814,198.61265367878275,195.49443562214358,197.9373779296875,19056800,0.0,0.0
2019-11-20 00:00:00-05:00,197.20246205499495,198.2054502792549,194.074304359417,196.13987731933594,12355400,0.0,0.0
2019-11-21 00:00:00-05:00,196.05053480104607,197.70894852394719,195.49442183443753,196.55699157714844,12131000,0.0,0.0
2019-11-22 00:00:00-05:00,197.00389142246638,197.91750778965437,196.24915365826658,197.4408416748047,9959800,0.0,0.0
2019-11-25 00:00:00-05:00,198.1359518691035,199.5758903183576,197.86782059210273,198.40406799316406,15272300,0.0,0.0
2019-11-26 00:00:00-05:00,198.61260590544353,198.76155929869688,196.6661957002769,197.58975219726562,11735500,0.0,0.0
2019-11-27 00:00:00-05:00,198.51330112121158,201.7308309147939,198.03663509166083,200.59873962402344,12736600,0.0,0.0
2019-11-29 00:00:00-05:00,200.2015255986541,202.3862613725425,199.8142315985236,200.24124145507812,7985200,0.0,0.0
2019-12-02 00:00:00-05:00,200.7278639132008,200.7775049494743,196.67616435090986,198.31471252441406,11503400,0.0,0.0
2019-12-03 00:00:00-05:00,196.22930330348217,197.55006408494668,193.72677968287178,197.4408416748047,11595300,0.0,0.0
2019-12-04 00:00:00-05:00,198.61261820646615,198.6424088869619,196.67614820954114,197.33157348632812,8456300,0.0,0.0
2019-12-05 00:00:00-05:00,198.47361290168908,199.89368601245917,196.8350646734248,197.97708129882812,9740400,0.0,0.0
2019-12-06 00:00:00-05:00,199.1091467502347,200.17173151503118,198.67219657229742,199.65533447265625,12270600,0.0,0.0
2019-12-09 00:00:00-05:00,199.2581280732366,201.73086093420002,198.82119298701005,199.94334411621094,11954800,0.0,0.0
2019-12-10 00:00:00-05:00,200.2611060844321,200.64840008286976,198.7615711227595,199.47657775878906,9475700,0.0,0.0
2019-12-11 00:00:00-05:00,198.8907031522265,201.22440781164835,198.8907031522265,200.85696411132812,8036800,0.0,0.0
2019-12-12 00:00:00-05:00,200.94633739459383,202.24724771559778,192.75356628759758,195.3851776123047,23734800,0.0,0.0
2019-12-13 00:00:00-05:00,195.03759671711643,195.43483106912203,191.83000698349448,192.76348876953125,18798000,0.0,0.0
2019-12-16 00:00:00-05:00,193.91544680206295,197.73873086261588,193.45863108280358,196.54705810546875,14911500,0.0,0.0
2019-12-17 00:00:00-05:00,197.46066932365696,197.6195630613166,194.76947672439846,197.0137939453125,10175700,0.0,0.0
2019-12-18 00:00:00-05:00,198.70200527065927,202.88280786728532,198.70200527065927,201.0952911376953,23274400,0.0,0.0
2019-12-19 00:00:00-05:00,201.37333888533922,204.86892532139404,201.10520759928502,204.63058471679688,16514600,0.0,0.0
2019-12-20 00:00:00-05:00,206.04070353125275,206.26911892752642,202.0187954183197,204.868896484375,27306900,0.0,0.0
2019-12-23 00:00:00-05:00,205.2661529474263,207.1430417210786,204.2532242774253,204.749755859375,13348900,0.0,0.0
2019-12-24 00:00:00-05:00,204.86893545986018,205.35552671636611,203.57795030538406,203.69711303710938,6046300,0.0,0.0
2019-12-26 00:00:00-05:00,204.14400076498254,206.37839287159358,203.88579464589174,206.3485870361328,9350700,0.0,0.0
2019-12-27 00:00:00-05:00,207.222486482387,207.48067744731281,205.15691330415703,206.6564483642578,10284200,0.0,0.0
2019-12-30 00:00:00-05:00,206.4180996272291,206.45781548452317,202.48556302573147,202.99203491210938,10524300,0.0,0.0
2019-12-31 00:00:00-05:00,202.58485834491094,204.13403424896055,202.18763919364565,203.82618713378906,8953500,0.0,0.0
2020-01-02 00:00:00-05:00,205.31580323726652,208.33470850149027,204.8391371751135,208.3247833251953,12077100,0.0,0.0
2020-01-03 00:00:00-05:00,205.77262467099823,208.940483432474,205.51441855073767,207.2224884033203,11188400,0.0,0.0
2020-01-06 00:00:00-05:00,205.26616212003222,211.30398824470248,205.0874180159547,211.125244140625,17058900,0.0,0.0
2020-01-07 00:00:00-05:00,211.34370579308143,213.09149147322898,210.28112095451584,211.58203125,14912400,0.0,0.0
2020-01-08 00:00:00-05:00,211.52246449364458,214.73999476071972,211.13517044646403,213.72706604003906,13475000,0.0,0.0
2020-01-09 00:00:00-05:00,216.03095261005296,216.86513717856823,214.77969848669196,216.7856903076172,12642800,0.0,0.0
2020-01-10 00:00:00-05:00,217.6794240685626,218.35471484237715,215.91177299869705,216.54733276367188,12119400,0.0,0.0
2020-01-13 00:00:00-05:00,218.07669285148447,220.43024787364047,217.68939879526965,220.37066650390625,14463400,0.0,0.0
2020-01-14 00:00:00-05:00,220.07273470377893,220.83739760485452,217.1134106328486,217.54042053222656,13288900,0.0,0.0
2020-01-15 00:00:00-05:00,219.0796735588214,220.14224330523513,218.61293264173239,219.6159210205078,10036500,0.0,0.0
2020-01-16 00:00:00-05:00,221.02608200246482,221.0856633695372,218.86119636353655,220.23162841796875,10015300,0.0,0.0
2020-01-17 00:00:00-05:00,220.4898072485414,220.74799820928146,219.00021254201002,220.5990447998047,15905900,0.0,0.0
2020-01-21 00:00:00-05:00,220.61892211491747,220.82745689934762,217.6000015291001,219.90391540527344,14275800,0.0,0.0
2020-01-22 00:00:00-05:00,220.7678517590934,221.2048019404833,219.74499799490349,219.78472900390625,12212800,0.0,0.0
2020-01-23 00:00:00-05:00,219.21868788922464,219.95356006699245,217.74895868662998,218.2355499267578,11195000,0.0,0.0
2020-01-24 00:00:00-05:00,219.26832252501046,220.24152006255213,214.61085443736604,216.42816162109375,11905800,0.0,0.0
2020-01-27 00:00:00-05:00,211.62177512063826,214.5612337228181,211.02593113625323,213.37948608398438,13810700,0.0,0.0
2020-01-28 00:00:00-05:00,214.64065727268016,217.22262738717762,212.0388368063511,216.27920532226562,13413800,0.0,0.0
2020-01-29 00:00:00-05:00,219.90389648692644,222.6447452028053,216.9346323466857,221.6814727783203,33181300,0.0,0.0
2020-01-30 00:00:00-05:00,205.09734838568207,209.96335216825562,203.32969704243257,208.0765380859375,48775500,0.0,0.0
2020-01-31 00:00:00-05:00,206.9841134769551,207.24231955441226,199.66524402790486,200.5093536376953,31359900,0.0,0.0
2020-02-03 00:00:00-05:00,202.02877743792925,203.71698182733147,201.09529561652263,202.77357482910156,15495600,0.0,0.0
2020-02-04 00:00:00-05:00,205.18671118087346,209.1391135816442,203.77656327140565,208.37445068359375,19628900,0.0,0.0
2020-02-05 00:00:00-05:00,211.03582637262156,211.2543014590372,207.2621988500382,208.65248107910156,12538200,0.0,0.0
2020-02-06 00:00:00-05:00,209.0099907941408,209.72499743469822,207.88782464797202,209.38735961914062,10567500,0.0,0.0
2020-02-07 00:00:00-05:00,208.84116933586483,211.34369254725343,208.47372569124286,210.85708618164062,12242500,0.0,0.0
2020-02-10 00:00:00-05:00,210.0527206739885,212.31690343236147,209.19868576316776,211.58203125,11856400,0.0,0.0
2020-02-11 00:00:00-05:00,208.73193588881574,209.3972863489781,205.0774557929644,205.75274658203125,25030800,0.0,0.0
2020-02-12 00:00:00-05:00,206.40818657433556,209.7548046184871,205.9612960241213,209.29798889160156,13813700,0.0,0.0
2020-02-13 00:00:00-05:00,208.06659993280633,212.84323136318875,207.72894693826518,211.66148376464844,15396600,0.0,0.0
2020-02-14 00:00:00-05:00,212.5155155487479,213.43905701113206,211.17487422593211,212.6942596435547,10741700,0.0,0.0
2020-02-18 00:00:00-05:00,212.0686207636686,216.46788287240472,211.91965221201255,216.2891387939453,15609200,0.0,0.0
2020-02-19 00:00:00-05:00,216.47782426001228,216.80553689173098,214.6108608379566,215.98129272460938,12135100,0.0,0.0
2020-02-20 00:00:00-05:00,215.01800583355413,217.25239759218678,211.47276363644627,213.09146118164062,13109200,0.0,0.0
2020-02-21 00:00:00-05:00,211.999126960116,212.75386468738904,207.3813891572602,208.72201538085938,14092300,0.0,0.0
2020-02-24 00:00:00-05:00,200.40013139841906,202.23728899387257,196.79530759023532,199.32762145996094,23080100,0.0,0.0
2020-02-25 00:00:00-05:00,200.84701081049937,202.0883396783022,194.590710286185,195.405029296875,21433500,0.0,0.0
2020-02-26 00:00:00-05:00,195.82210607451668,199.8142237950678,194.13390191303057,195.83203125,16524500,0.0,0.0
2020-02-27 00:00:00-05:00,190.4893944804435,194.52122873650944,188.18548053243885,188.43374633789062,21682600,0.0,0.0
2020-02-28 00:00:00-05:00,181.43262639164234,191.40298845911272,180.55874116257365,191.13485717773438,32568900,0.0,0.0
2020-03-02 00:00:00-05:00,192.68404566651745,195.20643460401246,187.53998571923182,195.07733154296875,24949000,0.0,0.0
2020-03-03 00:00:00-05:00,194.85885387343657,195.87178253637236,182.69383020051987,184.6005096435547,27984100,0.0,0.0
2020-03-04 00:00:00-05:00,187.85776425300918,190.4993160091307,185.09704976149453,190.42979431152344,23062500,0.0,0.0
2020-03-05 00:00:00-05:00,185.48436107593523,187.67903762574906,182.61440875875917,183.88552856445312,19333400,0.0,0.0
2020-03-06 00:00:00-05:00,177.0929223922631,182.50511258282611,175.0372747577917,179.83377075195312,24559600,0.0,0.0
2020-03-09 00:00:00-04:00,168.4235005993396,173.78603504822317,164.04408887941884,168.32418823242188,29949000,0.0,0.0
2020-03-10 00:00:00-04:00,173.45833205788816,177.05321567652598,168.3241975841464,176.95391845703125,24517800,0.0,0.0
2020-03-11 00:00:00-04:00,172.80290373103875,174.6599420229584,166.49696216863526,169.05906677246094,20373900,0.0,0.0
2020-03-12 00:00:00-04:00,158.43329037500783,165.44432903502332,153.26936495743283,153.39846801757812,43266300,0.0,0.0
2020-03-13 00:00:00-04:00,162.39562405222614,169.60525743664599,156.5067665435294,169.0988006591797,35028600,0.0,0.0
2020-03-16 00:00:00-04:00,151.26337195931941,158.0261289460297,142.10732937100707,144.99713134765625,39120400,0.0,0.0
2020-03-17 00:00:00-04:00,149.6943344283049,152.87213325995907,139.0288314730961,148.38348388671875,34255600,0.0,0.0
2020-03-18 00:00:00-04:00,138.78057504637806,147.1520901174455,136.14896376320456,145.94056701660156,37553100,0.0,0.0
2020-03-19 00:00:00-04:00,145.602898898625,158.8205656112444,143.79553203514052,152.0677490234375,39862300,0.0,0.0
2020-03-20 00:00:00-04:00,154.93773698216557,158.16519263786907,146.97336524434394,148.6913604736328,32568400,0.0,0.0
2020-03-23 00:00:00-04:00,148.6218384828333,151.2534498367458,141.26323671563284,147.07266235351562,29830800,0.0,0.0
2020-03-24 00:00:00-04:00,154.13331851560392,160.19099386604577,151.51163274017688,159.86328125,30440400,0.0,0.0
2020-03-25 00:00:00-04:00,157.8175809789628,161.85935493992162,151.99823079323116,155.1263885498047,35184300,0.0,0.0
2020-03-26 00:00:00-04:00,157.1522220717165,162.86233440607586,155.93075880649386,162.2069091796875,26556800,0.0,0.0
2020-03-27 00:00:00-04:00,157.1025847157249,158.9794734322402,153.6765199351577,155.70236206054688,24879900,0.0,0.0
2020-03-30 00:00:00-04:00,158.07577166272898,165.59326635005255,156.96354587711465,164.79881286621094,22515200,0.0,0.0
2020-03-31 00:00:00-04:00,164.33207850408797,169.74426940008115,163.06095894090598,165.64292907714844,23676300,0.0,0.0
2020-04-01 00:00:00-04:00,160.498866115439,163.01131474567293,156.94369811683305,158.49288940429688,19507600,0.0,0.0
2020-04-02 00:00:00-04:00,157.99635775508642,160.2307499066345,154.83840896803554,157.09266662597656,20886300,0.0,0.0
2020-04-03 00:00:00-04:00,156.0598724860615,156.81461019982638,149.78372107562265,153.1104736328125,25983300,0.0,0.0
2020-04-06 00:00:00-04:00,159.03907586298791,165.0471116481266,157.4104527141532,164.40162658691406,28453600,0.0,0.0
2020-04-07 00:00:00-04:00,170.59831779332245,172.1872249496559,164.85841379930383,167.6588592529297,31411900,0.0,0.0
2020-04-08 00:00:00-04:00,170.06206478348858,173.78605160356497,166.57641857495588,173.071044921875,21664200,0.0,0.0
2020-04-09 00:00:00-04:00,174.6797824584038,175.85160472368048,170.37983283511795,173.97471618652344,23534300,0.0,0.0
2020-04-13 00:00:00-04:00,172.46525836195048,173.78603403899962,168.27453107174628,173.57748413085938,19355400,0.0,0.0
2020-04-14 00:00:00-04:00,177.73841487570257,179.9728066681748,175.39478554503634,176.9340362548828,21011800,0.0,0.0
2020-04-15 00:00:00-04:00,173.97474978489944,176.95393947655586,171.62119477743246,175.74240112304688,17423000,0.0,0.0
2020-04-16 00:00:00-04:00,176.71559394085583,176.81490632233124,171.31332769213867,175.0273895263672,23593200,0.0,0.0
2020-04-17 00:00:00-04:00,177.95691205507052,179.02942206702005,175.4345383411281,177.99664306640625,20974800,0.0,0.0
2020-04-20 00:00:00-04:00,176.17935674933565,179.24791858874698,175.5437968684905,177.00360107421875,16110700,0.0,0.0
2020-04-21 00:00:00-04:00,174.03430091743022,174.16340396391308,167.17223154982912,169.61517333984375,24850500,0.0,0.0
2020-04-22 00:00:00-04:00,177.21211504555205,183.49820656646574,176.90426789533163,181.0155487060547,33242000,0.0,0.0
2020-04-23 00:00:00-04:00,182.8030752893421,185.7524741993656,181.87951863575748,183.84579467773438,21426600,0.0,0.0
2020-04-24 00:00:00-04:00,181.95896221208622,189.0891637233697,179.57561664147886,188.75152587890625,28792000,0.0,0.0
2020-04-27 00:00:00-04:00,191.32355031639338,192.4059855143229,186.1099687734246,186.1993408203125,29197800,0.0,0.0
2020-04-28 00:00:00-04:00,187.35128711181537,187.88753451574266,181.29359617203133,181.64117431640625,21731000,0.0,0.0
2020-04-29 00:00:00-04:00,189.60553061795113,195.5440588725942,188.68198920734758,192.84292602539062,45954500,0.0,0.0
2020-04-30 00:00:00-04:00,205.48462382999278,208.2354129802487,200.17174510415327,203.2899627685547,46230100,0.0,0.0
2020-05-01 00:00:00-04:00,200.20154705777097,205.84213875688195,197.66923286874353,200.8668975830078,30415600,0.0,0.0
2020-05-04 00:00:00-04:00,198.81125365330922,204.48165130794175,197.3812401917515,203.83615112304688,19250700,0.0,0.0
2020-05-05 00:00:00-04:00,205.5839345108894,208.9206272515868,205.06753743771432,205.6335906982422,21071200,0.0,0.0
2020-05-06 00:00:00-04:00,206.67627136829682,210.13214159628728,205.2264078412714,207.0238494873047,21857000,0.0,0.0
2020-05-07 00:00:00-04:00,209.6952431703042,210.13219343240903,207.5899387395213,209.79454040527344,15152000,0.0,0.0
2020-05-08 00:00:00-04:00,210.76773082991775,211.73100330870798,209.38737364169384,210.87696838378906,12506000,0.0,0.0
2020-05-11 00:00:00-04:00,209.4270943674289,213.50858466173128,208.91069726867917,211.70120239257812,12911900,0.0,0.0
2020-05-12 00:00:00-04:00,211.81043690954013,213.78663807334254,208.54326574680115,208.642578125,14704600,0.0,0.0
2020-05-13 00:00:00-04:00,207.97721152556448,209.31785286047747,200.70799703194544,203.67726135253906,20684600,0.0,0.0
2020-05-14 00:00:00-04:00,201.1548930991946,205.49457473049782,199.2978696373679,205.3754119873047,17178900,0.0,0.0
2020-05-15 00:00:00-04:00,203.8460900596176,209.87397588549004,202.70405827243016,209.41717529296875,19383200,0.0,0.0
2020-05-18 00:00:00-04:00,210.67834170021413,213.15107440451104,209.47674377157279,211.7111358642578,20151900,0.0,0.0
2020-05-19 00:00:00-04:00,211.7905755925761,218.96049252265828,211.35362539582684,215.3755340576172,31843200,0.0,0.0
2020-05-20 00:00:00-04:00,221.94960578752458,229.7352169578622,221.64175864692064,228.37472534179688,50162900,0.0,0.0
2020-05-21 00:00:00-04:00,233.0917682201073,235.55456042487916,229.59618192263295,229.7848663330078,47782600,0.0,0.0
2020-05-22 00:00:00-04:00,229.90404794790888,234.35298183865513,227.15327389009346,233.2804718017578,33925600,0.0,0.0
2020-05-26 00:00:00-04:00,238.10674359332853,239.22889459168582,230.0629264267635,230.58924865722656,33178300,0.0,0.0
2020-05-27 00:00:00-04:00,227.48100004563142,228.9606545518371,219.59607562084886,227.55050659179688,34697600,0.0,0.0
2020-05-28 00:00:00-04:00,222.74405452930415,230.02320881081164,222.44613257116544,223.89601135253906,29377200,0.0,0.0
2020-05-29 00:00:00-04:00,223.63780199775556,225.91192493062624,221.33390353773837,223.528564453125,23241500,0.0,0.0
2020-06-01 00:00:00-04:00,223.03205506808072,230.82760706110014,221.94961984291297,230.30128479003906,18223800,0.0,0.0
2020-06-02 00:00:00-04:00,229.33798556164643,231.3836930413182,224.98836450875305,231.1056365966797,20919000,0.0,0.0
2020-06-03 00:00:00-04:00,230.49987022820005,231.0361176197403,226.9447026123932,228.5634002685547,15380300,0.0,0.0
2020-06-04 00:00:00-04:00,227.96759694494853,230.02324514315058,223.05193689451846,224.72027587890625,17041500,0.0,0.0
2020-06-05 00:00:00-04:00,225.1373254712428,229.74513730943877,223.74702814197084,229.16915893554688,16750400,0.0,0.0
2020-06-08 00:00:00-04:00,227.4412450602746,229.9437683643857,225.83248765553066,229.7947998046875,15466500,0.0,0.0
2020-06-09 00:00:00-04:00,229.9139785100873,238.10674927591717,228.81167783729438,237.01437377929688,27462900,0.0,0.0
2020-06-10 00:00:00-04:00,239.28851305464434,239.53677885227395,233.64790625296925,235.0878448486328,20720700,0.0,0.0
2020-06-11 00:00:00-04:00,228.34495693025673,231.27449036914763,221.99928362451928,222.8731689453125,26708200,0.0,0.0
2020-06-12 00:00:00-04:00,228.30523563789288,230.05303665978823,222.94270013676035,226.99440002441406,22091400,0.0,0.0
2020-06-15 00:00:00-04:00,223.52860466722518,232.14840160925542,223.24062299026596,230.88720703125,15340300,0.0,0.0
2020-06-16 00:00:00-04:00,235.49500469382681,236.80585538039534,231.38372368595373,234.0153350830078,15236700,0.0,0.0
2020-06-17 00:00:00-04:00,233.36984167994,235.94187161749386,230.122520916719,233.8961639404297,19578100,0.0,0.0
2020-06-18 00:00:00-04:00,233.35992247593597,234.5019390734853,230.53961152423804,234.30332946777344,15782500,0.0,0.0
2020-06-19 00:00:00-04:00,236.14048176349664,239.15940225061397,233.9160299866115,237.133544921875,30081300,0.0,0.0
2020-06-22 00:00:00-04:00,236.90513683414446,239.0302913169497,235.2665887379737,237.56056213378906,18917800,0.0,0.0
2020-06-23 00:00:00-04:00,239.6062688246097,243.48914926769837,238.19612100995397,240.5596160888672,24017900,0.0,0.0
2020-06-24 00:00:00-04:00,239.52682293334746,241.53281469046254,231.06592085796711,232.39663696289062,20834900,0.0,0.0
2020-06-25 00:00:00-04:00,232.99244532497383,235.65386214860808,231.12549711594323,234.0450897216797,18704300,0.0,0.0
2020-06-26 00:00:00-04:00,231.02620838632845,231.47308376893918,213.9057943900482,214.58108520507812,76343900,0.0,0.0
2020-06-29 00:00:00-04:00,208.29497976571423,219.21867357941082,205.67329385654466,219.10943603515625,58514300,0.0,0.0
2020-06-30 00:00:00-04:00,219.0597976361702,225.92186767115152,216.95450859736263,225.49485778808594,33927100,0.0,0.0
2020-07-01 00:00:00-04:00,226.91493586523242,237.34209922008992,225.98145405470788,235.90216064453125,43399700,0.0,0.0
2020-07-02 00:00:00-04:00,237.34209065284438,238.33515379365124,230.99641778920605,231.80079650878906,30633600,0.0,0.0
2020-07-06 00:00:00-04:00,232.1384291791159,238.7323676813612,230.65877483009118,238.6132049560547,26206200,0.0,0.0
2020-07-07 00:00:00-04:00,237.74925517175492,245.9320859260207,237.16335154307643,239.18919372558594,27887800,0.0,0.0
2020-07-08 00:00:00-04:00,236.45827818903481,245.2766842178355,234.94881788839734,241.8903350830078,29791300,0.0,0.0
2020-07-09 00:00:00-04:00,243.3004713936086,244.8198567986477,237.58043311304624,242.80393981933594,22174900,0.0,0.0
2020-07-10 00:00:00-04:00,241.9995479389582,243.7870645397628,237.65986706465105,243.36997985839844,22982700,0.0,0.0
2020-07-13 00:00:00-04:00,245.29654850576472,248.4147665119987,236.76613880485922,237.3421173095703,24674900,0.0,0.0
2020-07-14 00:00:00-04:00,235.11763300398982,238.66287582943255,230.42044840616765,238.06703186035156,23378100,0.0,0.0
2020-07-15 00:00:00-04:00,239.87439935966435,243.12172000073272,236.3986784441116,238.6132049560547,19133600,0.0,0.0
2020-07-16 00:00:00-04:00,236.3490448262488,240.08295705415895,234.69063107796387,239.2587127685547,18880700,0.0,0.0
2020-07-17 00:00:00-04:00,239.32822038122322,242.46630358807295,236.2100026802992,240.35107421875,18152400,0.0,0.0
2020-07-20 00:00:00-04:00,238.39474065095692,244.34319445651906,234.00540328579996,243.71755981445312,20872200,0.0,0.0
2020-07-21 00:00:00-04:00,244.51200673910438,245.197222727922,238.41459968566969,240.07301330566406,19364200,0.0,0.0
2020-07-22 00:00:00-04:00,238.59331814552505,240.22194090869473,236.46816386732877,238.20602416992188,15427900,0.0,0.0
2020-07-23 00:00:00-04:00,237.96771302086844,240.73835237368777,230.14237102551525,230.98648071289062,21771800,0.0,0.0
2020-07-24 00:00:00-04:00,228.59322203019198,231.87033364368529,225.32603559370898,229.109619140625,18325800,0.0,0.0
2020-07-27 00:00:00-04:00,229.85440683416718,233.320187582074,229.2287721912869,231.8802490234375,13163100,0.0,0.0
2020-07-28 00:00:00-04:00,233.00242159332097,233.3301342650416,228.23571524102175,228.52369689941406,14170100,0.0,0.0
2020-07-29 00:00:00-04:00,229.53661221732224,232.0788514162315,228.71236799763915,231.67169189453125,13588300,0.0,0.0
2020-07-30 00:00:00-04:00,228.6229672878802,233.26056972447174,227.41142920390374,232.87327575683594,20615300,0.0,0.0
2020-07-31 00:00:00-04:00,254.04543432070616,254.07522500437972,247.27273604400057,251.91033935546875,53005100,0.0,0.0
2020-08-03 00:00:00-04:00,250.89738954048218,253.6283131023447,248.59349099691272,250.21218872070312,23124900,0.0,0.0
2020-08-04 00:00:00-04:00,249.8149799826947,251.0463838245597,245.71362405511752,248.09698486328125,17183500,0.0,0.0
2020-08-05 00:00:00-04:00,248.45447634230445,250.52004954939835,246.05126529491073,247.3918914794922,13050100,0.0,0.0
2020-08-06 00:00:00-04:00,247.31243795431067,264.750639437822,246.94500944110115,263.4397888183594,45241600,0.0,0.0
2020-08-07 00:00:00-04:00,262.2480796396627,276.95537144468835,261.60259471161845,266.5778503417969,72766400,0.0,0.0
2020-08-10 00:00:00-04:00,266.18067581109176,271.9602807588989,257.8885918056996,261.1756286621094,30248800,0.0,0.0
2020-08-11 00:00:00-04:00,258.3851054810181,264.0753682859589,253.3602083264652,254.353271484375,28238300,0.0,0.0
2020-08-12 00:00:00-04:00,257.1735573160089,262.0693512226244,256.319507274025,258.0871887207031,21415700,0.0,0.0
2020-08-13 00:00:00-04:00,259.73566203468766,263.3206358656525,257.7694163383827,259.4873962402344,17374000,0.0,0.0
2020-08-14 00:00:00-04:00,260.490410846681,260.8280487048176,256.8855865086835,259.4278259277344,14792700,0.0,0.0
2020-08-17 00:00:00-04:00,260.67902837342456,262.26793517897124,257.60052712002977,259.34832763671875,13351100,0.0,0.0
2020-08-18 00:00:00-04:00,259.1398301580622,263.31067702818365,257.46155108105154,260.5201721191406,18690400,0.0,0.0
2020-08-19 00:00:00-04:00,259.5768054733447,266.05156665412864,259.5370744595321,260.7684631347656,23291500,0.0,0.0
2020-08-20 00:00:00-04:00,259.68600713336025,267.7596151868681,259.6462761227217,267.1439208984375,20299700,0.0,0.0
2020-08-21 00:00:00-04:00,266.8261145370488,268.6136159127902,264.57187231345904,265.15777587890625,15538600,0.0,0.0
2020-08-24 00:00:00-04:00,269.1896282983901,275.32675113135093,266.9055649296417,269.5074157714844,23685600,0.0,0.0
2020-08-25 00:00:00-04:00,270.52037390657426,281.12628254844435,268.38529389866375,278.8720397949219,42127200,0.0,0.0
2020-08-26 00:00:00-04:00,282.0299568520352,302.5565871166652,282.0299568520352,301.8018493652344,69015200,0.0,0.0
2020-08-27 00:00:00-04:00,298.07780347357453,299.14038819176636,289.9942558421575,291.1859436035156,30301300,0.0,0.0
2020-08-28 00:00:00-04:00,292.9536257731887,295.1681674815239,288.9615228676851,291.6229248046875,17157400,0.0,0.0
2020-08-31 00:00:00-04:00,291.9109350833743,294.8206029393237,289.5275591968699,291.1661376953125,17345100,0.0,0.0
2020-09-01 00:00:00-04:00,292.66561699351473,299.3985835826731,290.6794907984133,293.39056396484375,17295900,0.0,0.0
2020-09-02 00:00:00-04:00,296.8066973205317,301.4939562564885,291.0171226099811,300.4015808105469,24341400,0.0,0.0
2020-09-03 00:00:00-04:00,293.93667529554745,295.53552230849385,281.6624325143535,289.1004638671875,32294100,0.0,0.0
2020-09-04 00:00:00-04:00,285.2574030462744,286.99526363924565,269.2591695058036,280.7687683105469,30333700,0.0,0.0
2020-09-08 00:00:00-04:00,269.39812389025076,277.36247807642644,267.5510412950391,269.2789611816406,24864000,0.0,0.0
2020-09-09 00:00:00-04:00,273.85702596930236,276.5482490440014,269.4677036252001,271.8212585449219,22918800,0.0,0.0
2020-09-10 00:00:00-04:00,273.5988586209002,277.22353332836695,265.17767156883707,266.2303161621094,24814700,0.0,0.0
2020-09-11 00:00:00-04:00,268.1866391651495,269.5074301618983,260.8181273628567,264.76055908203125,18913900,0.0,0.0
2020-09-14 00:00:00-04:00,269.07043151288696,274.7209623977084,263.85685077178965,264.3037109375,24093800,0.0,0.0
2020-09-15 00:00:00-04:00,268.7924129456855,272.6156817829718,267.43189098943856,270.5302734375,18478500,0.0,0.0
2020-09-16 00:00:00-04:00,265.4358225396444,270.55009102064423,259.9739759412045,261.69195556640625,29183400,0.0,0.0
2020-09-17 00:00:00-04:00,256.48835829972296,259.6860229687823,248.45448076695496,253.0523681640625,31281400,0.0,0.0
2020-09-18 00:00:00-04:00,256.607504431696,257.40197311210676,248.31543646225495,250.77822875976562,28130800,0.0,0.0
2020-09-21 00:00:00-04:00,245.82283502413392,248.21612075050732,242.43650134295507,246.42860412597656,24709400,0.0,0.0
2020-09-22 00:00:00-04:00,251.5528356947217,253.5489024160918,246.49814766498469,252.98284912109375,30293100,0.0,0.0
2020-09-23 00:00:00-04:00,253.4892759327058,256.2003338938652,246.42859683929288,247.29257202148438,19641300,0.0,0.0
2020-09-24 00:00:00-04:00,244.79006167478678,250.49024949906772,243.91616127098237,247.79904174804688,20006800,0.0,0.0
2020-09-25 00:00:00-04:00,247.66995236488185,253.97590965302513,244.8993127450523,253.0523681640625,18351300,0.0,0.0
2020-09-28 00:00:00-04:00,257.60058764247265,257.799212404536,253.0523715277064,255.0384979248047,18826300,0.0,0.0
2020-09-29 00:00:00-04:00,256.0216270047833,261.503325083647,255.11793583547322,259.9740295410156,20200200,0.0,0.0
2020-09-30 00:00:00-04:00,260.162683455331,264.2342179457792,258.2957199668565,260.0832214355469,20142500,0.0,0.0
2020-10-01 00:00:00-04:00,263.5093368079426,266.4686458675195,262.9631338423851,264.78045654296875,20009800,0.0,0.0
2020-10-02 00:00:00-04:00,259.39802012625506,263.31069140999944,257.38210311911837,258.1368408203125,16367600,0.0,0.0
2020-10-05 00:00:00-04:00,260.3812219653325,263.03268413316835,259.03064005300416,262.814208984375,12822300,0.0,0.0
2020-10-06 00:00:00-04:00,259.96407489128376,263.8469555146379,256.44862279112647,256.86572265625,18696900,0.0,0.0
2020-10-07 00:00:00-04:00,257.41187237591123,258.3751447753526,253.05234121555128,256.3294372558594,23133400,0.0,0.0
2020-10-08 00:00:00-04:00,257.9481357099618,262.7843480733694,257.3522917992151,261.9303283691406,16312800,0.0,0.0
2020-10-09 00:00:00-04:00,262.6850919841403,262.9135074521972,260.35141748470363,262.6156005859375,14107800,0.0,0.0
2020-10-12 00:00:00-04:00,268.32566995185175,278.2364205973103,266.01181588676553,273.837158203125,31019300,0.0,0.0
2020-10-13 00:00:00-04:00,275.6544397582597,277.163915053948,271.49353328395597,274.2244567871094,18063300,0.0,0.0
2020-10-14 00:00:00-04:00,275.69420272133084,276.81636899435705,269.61666074248586,269.9344482421875,15577800,0.0,0.0
2020-10-15 00:00:00-04:00,265.743712457179,267.1737258577717,261.8409814415914,264.86981201171875,15416100,0.0,0.0
2020-10-16 00:00:00-04:00,265.5251890641235,269.4875007254265,263.4596010584705,264.0852355957031,16622700,0.0,0.0
2020-10-19 00:00:00-04:00,263.68805608352665,266.6870958759029,258.07725536685854,259.5867004394531,13587000,0.0,0.0
2020-10-20 00:00:00-04:00,261.23519522464017,267.8291492240227,261.05645112735016,265.7039794921875,18763200,0.0,0.0
2020-10-21 00:00:00-04:00,277.6207378870773,281.086518658816,274.4528639445289,276.7965087890625,28998600,0.0,0.0
2020-10-22 00:00:00-04:00,277.9285954791895,280.49071552993775,273.1321135138718,276.19073486328125,16720000,0.0,0.0
2020-10-23 00:00:00-04:00,276.8659844556583,283.2613133434085,274.89973888289836,282.814453125,17535200,0.0,0.0
2020-10-26 00:00:00-04:00,281.1957326512578,283.25138040729377,272.3574777001807,275.18768310546875,21322900,0.0,0.0
2020-10-27 00:00:00-04:00,276.82631492945694,282.5364284862138,274.39329790031104,281.32489013671875,16287200,0.0,0.0
2020-10-28 00:00:00-04:00,276.85612182423597,276.85612182423597,265.40610335572995,265.8132629394531,23121800,0.0,0.0
2020-10-29 00:00:00-04:00,274.6315580654197,281.63267033617734,271.8807844901979,278.8818664550781,32368100,0.0,0.0
2020-10-30 00:00:00-04:00,272.5957602590149,274.78051071495224,257.3025979850756,261.2847595214844,47247800,0.0,0.0
2020-11-02 00:00:00-05:00,262.76451171981944,268.59378747638186,255.55486365806064,259.5469665527344,27165700,0.0,0.0
2020-11-03 00:00:00-05:00,261.3344859939097,268.1766749142908,259.07030336447286,263.4596252441406,17961900,0.0,0.0
2020-11-04 00:00:00-05:00,279.0507571094763,286.9356812828767,276.6872618622412,285.3865051269531,35364400,0.0,0.0
2020-11-05 00:00:00-05:00,289.8751497008854,295.31714709122343,286.94563136677965,292.6358642578125,23823600,0.0,0.0
2020-11-06 00:00:00-05:00,291.9108963229084,292.5563812456766,286.0617403985008,291.3746337890625,13891000,0.0,0.0
2020-11-09 00:00:00-05:00,287.8591560670578,290.5503482095642,276.59782570994713,276.8361511230469,25117700,0.0,0.0
2020-11-10 00:00:00-05:00,271.2055267150673,272.0992774044901,262.1686468422825,270.5401611328125,29067700,0.0,0.0
2020-11-11 00:00:00-05:00,271.573003757464,276.4687982266486,270.5898808538926,274.5621337890625,14957000,0.0,0.0
2020-11-12 00:00:00-05:00,275.2572220125929,277.80940144584633,272.52629849525215,273.1717834472656,12899500,0.0,0.0
2020-11-13 00:00:00-05:00,275.7934867922257,275.83321780208087,271.2055400950786,275.0288391113281,10391200,0.0,0.0
2020-11-16 00:00:00-05:00,273.14205167706405,277.4718234738111,272.7249820575746,277.0249328613281,12970400,0.0,0.0
2020-11-17 00:00:00-05:00,275.7538095944849,275.7538095944849,271.3942774709111,273.0924072265625,15040300,0.0,0.0
2020-11-18 00:00:00-05:00,272.615642016478,275.46575826424754,269.9542404677872,270.0833435058594,12152900,0.0,0.0
2020-11-19 00:00:00-05:00,269.1399970776284,271.57301421647594,267.3227046243886,271.04669189453125,12963700,0.0,0.0
2020-11-20 00:00:00-05:00,270.6693088604697,271.10625910180784,267.5411657781642,267.82916259765625,18114700,0.0,0.0
2020-11-23 00:00:00-05:00,269.01088928025075,269.0704706443438,262.69499193344575,266.56793212890625,20990800,0.0,0.0
2020-11-24 00:00:00-05:00,266.62747918891404,275.892774089789,266.01178496857887,274.9990234375,16930400,0.0,0.0
2020-11-25 00:00:00-05:00,276.2106130353077,278.23644014336827,270.75867545850764,273.67828369140625,12467000,0.0,0.0
2020-11-27 00:00:00-05:00,275.4658039800366,277.19372417729744,272.913624390235,275.88287353515625,7808400,0.0,0.0
2020-11-30 00:00:00-05:00,274.1152242550069,275.7736530753407,269.13005807623745,275.0487060546875,16693300,0.0,0.0
2020-12-01 00:00:00-05:00,277.2234749024687,287.2931181154526,277.02485017711865,284.56219482421875,20738900,0.0,0.0
2020-12-02 00:00:00-05:00,283.3804926041417,289.7559715117229,278.88191764104107,285.5255126953125,17361600,0.0,0.0
2020-12-03 00:00:00-05:00,284.2643699243617,284.66158918360264,279.12030929835726,279.8948974609375,12921700,0.0,0.0
2020-12-04 00:00:00-05:00,278.3555792498037,281.4936623325887,277.36251613395586,277.759765625,10880300,0.0,0.0
2020-12-07 00:00:00-05:00,277.2533404041533,286.48881681366254,276.27021745187074,283.5989990234375,13007700,0.0,0.0
2020-12-08 00:00:00-05:00,284.02602333107836,284.4430929152389,279.59693951719066,281.4341125488281,10747700,0.0,0.0
2020-12-09 00:00:00-05:00,281.69233044709796,285.63479283622564,269.8649432797149,275.9921569824219,25189700,0.0,0.0
2020-12-10 00:00:00-05:00,273.62863587076913,276.7965098251757,269.9741403523532,275.1976623535156,20065100,0.0,0.0
2020-12-11 00:00:00-05:00,272.6256175544194,274.56210276384803,268.37530860630324,271.65240478515625,14391400,0.0,0.0
2020-12-14 00:00:00-05:00,271.47364488152203,275.29694373803864,269.6762031606504,272.2879638671875,16376900,0.0,0.0
2020-12-15 00:00:00-05:00,272.92351265801767,274.1648415067269,265.6145829436402,273.6385192871094,23979500,0.0,0.0
2020-12-16 00:00:00-05:00,272.8540602970369,275.9325320373977,270.6196680498099,273.75775146484375,15885000,0.0,0.0
2020-12-17 00:00:00-05:00,275.1479879277489,278.494605574225,271.7119679371472,272.5759582519531,16377800,0.0,0.0
2020-12-18 00:00:00-05:00,273.85700089446664,276.0715425233864,269.25914418635875,274.4826354980469,26693200,0.0,0.0
2020-12-21 00:00:00-05:00,271.0863895010287,272.7646686484044,265.932389329885,270.897705078125,16553700,0.0,0.0
2020-12-22 00:00:00-05:00,269.6166559548355,269.6166559548355,262.7943166917705,265.23724365234375,17312900,0.0,0.0
2020-12-23 00:00:00-05:00,265.03864461128967,270.2820169489827,264.38321928084264,266.2501525878906,14329000,0.0,0.0
2020-12-24 00:00:00-05:00,267.01481880298417,268.5242638479774,264.35341689238487,265.5450744628906,6702000,0.0,0.0
2020-12-28 00:00:00-05:00,266.87577993398537,275.37639803213443,263.81715878146275,275.0784912109375,23299700,0.0,0.0
2020-12-29 00:00:00-05:00,275.02881940193726,278.5641213786778,274.3634538345385,274.8599853515625,16383000,0.0,0.0
2020-12-30 00:00:00-05:00,276.02191065990667,276.15098341059274,269.8251760858184,269.98406982421875,11803800,0.0,0.0
2020-12-31 00:00:00-05:00,270.1131798151852,275.1678676684032,267.9383690679379,271.26513671875,12900400,0.0,0.0
2021-01-04 00:00:00-05:00,272.8739181053437,273.09239323216485,263.3603855229727,267.0744323730469,15106100,0.0,0.0
2021-01-05 00:00:00-05:00,266.4288997572722,270.5103744315404,266.3494377403135,269.0903015136719,9871600,0.0,0.0
2021-01-06 00:00:00-05:00,260.18254915137,265.89266234839437,258.2063631514997,261.48345947265625,24354100,0.0,0.0
2021-01-07 00:00:00-05:00,264.0554674234832,269.7258491356457,262.94324162066465,266.8757629394531,15789800,0.0,0.0
2021-01-08 00:00:00-05:00,266.44875469224866,267.08432961533265,261.35433620233744,265.7138977050781,18528300,0.0,0.0
2021-01-11 00:00:00-05:00,258.67309874273616,261.6423478463724,254.12485257045407,255.05833435058594,30412300,0.0,0.0
2021-01-12 00:00:00-05:00,254.84981471600418,257.9183763775455,248.56372282065897,249.34823608398438,26383500,0.0,0.0
2021-01-13 00:00:00-05:00,249.80503713335122,252.188382619965,247.4713326816302,249.8944091796875,19528900,0.0,0.0
2021-01-14 00:00:00-05:00,251.64219985880376,253.2608976661095,242.91318130890528,243.93603515625,29739400,0.0,0.0
2021-01-15 00:00:00-05:00,246.18032813034287,252.09899067412474,245.44547115899596,249.6163330078125,24942900,0.0,0.0
2021-01-19 00:00:00-05:00,255.11794062364515,260.38119398595995,250.96694354850732,259.288818359375,28028500,0.0,0.0
2021-01-20 00:00:00-05:00,267.064434937094,268.44480710364064,261.7714222910091,265.62451171875,25199900,0.0,0.0
2021-01-21 00:00:00-05:00,267.39219883730624,271.70208935816214,265.6344576307383,270.9771423339844,20838700,0.0,0.0
2021-01-22 00:00:00-05:00,270.1231077356851,276.5382869759463,270.1131674066485,272.5958251953125,21954000,0.0,0.0
2021-01-25 00:00:00-05:00,276.21058498544335,278.15698017441997,269.6265717881597,276.08148193359375,19087000,0.0,0.0
2021-01-26 00:00:00-05:00,276.21056454490656,283.41027148201056,275.88283677509816,280.0934143066406,19373600,0.0,0.0
2021-01-27 00:00:00-05:00,280.57013844262696,281.4837699008926,266.26009441224045,270.2522277832031,35346200,0.0,0.0
2021-01-28 00:00:00-05:00,275.2572135241456,284.8005653531378,262.8638058488591,263.1617126464844,37758800,0.0,0.0
2021-01-29 00:00:00-05:00,263.45967720625043,264.7109466423702,253.082184068697,256.53802490234375,30389500,0.0,0.0
2021-02-01 00:00:00-05:00,257.71975684833694,262.33752508224313,253.14174993490226,260.1925048828125,22914300,0.0,0.0
2021-02-02 00:00:00-05:00,262.16864356397065,266.9850053875906,261.4436966318781,265.2272644042969,17320800,0.0,0.0
2021-02-03 00:00:00-05:00,263.777378298146,267.33256066235367,262.0097274435118,264.80023193359375,14223400,0.0,0.0
2021-02-04 00:00:00-05:00,265.157769593735,266.2997860181599,262.168640172673,264.641357421875,16060000,0.0,0.0
2021-02-05 00:00:00-05:00,264.94920373754593,267.3027885707506,263.82706797288836,266.2402038574219,12454400,0.0,0.0
2021-02-08 00:00:00-05:00,266.88576516551876,267.9880508952835,263.16177774460454,264.7308044433594,13755200,0.0,0.0
2021-02-09 00:00:00-05:00,264.5917116964451,271.4935117614484,263.9064957927763,267.5808410644531,14613400,0.0,0.0
2021-02-10 00:00:00-05:00,270.5600634141554,271.900674402498,265.86286387269195,269.98406982421875,14687200,0.0,0.0
2021-02-11 00:00:00-05:00,270.00393789566357,271.6821866351648,266.627499147351,268.51434326171875,12828600,0.0,0.0
2021-02-12 00:00:00-05:00,268.64344654533176,269.29887189548083,266.4785760379777,268.62359619140625,9097600,0.0,0.0
2021-02-16 00:00:00-05:00,268.9214954462222,274.68128004000954,268.17669806558547,272.06951904296875,15417200,0.0,0.0
2021-02-17 00:00:00-05:00,269.3584178007569,272.0694908959175,267.7099294654533,271.6722717285156,12763200,0.0,0.0
2021-02-18 00:00:00-05:00,267.70001482832095,270.0635097465597,264.1845631303574,267.5212707519531,15249100,0.0,0.0
2021-02-19 00:00:00-05:00,267.9879863347758,268.3951458314142,258.3453523815268,259.7455749511719,25622600,0.0,0.0
2021-02-22 00:00:00-05:00,256.16064411630646,261.2451224455358,255.7435442710094,258.52410888671875,17434900,0.0,0.0
2021-02-23 00:00:00-05:00,257.6998801611626,265.6046541267021,253.19138025453864,264.0157470703125,21924600,0.0,0.0
2021-02-24 00:00:00-05:00,260.5102256472287,264.53214932336675,256.5975849753341,262.47650146484375,15736100,0.0,0.0
2021-02-25 00:00:00-05:00,260.48045979713754,265.0882874957207,252.27776339152175,252.9232635498047,19053100,0.0,0.0
2021-02-26 00:00:00-05:00,254.69088454166723,263.7078838036071,254.69088454166723,255.83290100097656,26619500,0.0,0.0
2021-03-01 00:00:00-05:00,259.0107326162491,264.8002773245595,256.11097494456624,263.0723571777344,22157300,0.0,0.0
2021-03-02 00:00:00-05:00,263.9363364333064,264.8598779371174,256.85579095898794,257.203369140625,15191700,0.0,0.0
2021-03-03 00:00:00-05:00,258.4844284037407,259.1795544591081,253.33042797944327,253.63827514648438,15513500,0.0,0.0
2021-03-04 00:00:00-05:00,254.69091645879942,264.64139866978945,251.7415175849183,255.85281372070312,31626500,0.0,0.0
2021-03-05 00:00:00-05:00,258.8617730445713,263.6086134766132,253.83686100228493,262.44671630859375,26820100,0.0,0.0
2021-03-08 00:00:00-05:00,263.7078969878338,263.7376876689268,253.28074947590162,253.5389404296875,18391800,0.0,0.0
2021-03-09 00:00:00-05:00,259.3682106602773,266.6672304354155,258.00771907545925,263.8965759277344,22039700,0.0,0.0
2021-03-10 00:00:00-05:00,266.77648503964184,267.1041825272053,261.04649157172383,263.0624084472656,14210300,0.0,0.0
2021-03-11 00:00:00-05:00,266.2501095648282,275.97220493665156,265.96214311161896,271.9801025390625,21834000,0.0,0.0
2021-03-12 00:00:00-05:00,267.2730037197899,267.86881730485464,262.18849544883045,266.5381164550781,20600200,0.0,0.0
2021-03-15 00:00:00-04:00,267.213455344063,274.04573559254817,266.6374919734589,271.85107421875,16844800,0.0,0.0
2021-03-16 00:00:00-04:00,274.1648374392851,280.1828274899557,272.89371792930007,277.3426513671875,22437700,0.0,0.0
2021-03-17 00:00:00-04:00,273.7974141829572,284.2444572139667,273.4995073803498,282.03985595703125,21315000,0.0,0.0
2021-03-18 00:00:00-04:00,277.92852351416,283.2116256919606,276.34955705725986,276.68719482421875,18728300,0.0,0.0
2021-03-19 00:00:00-04:00,279.26921858795276,290.76887646170974,279.2493682351889,288.0975341796875,38930500,0.0,0.0
2021-03-22 00:00:00-04:00,288.4351922903145,297.63093607672175,284.76084666263773,291.5037536621094,28273100,0.0,0.0
2021-03-23 00:00:00-04:00,291.11643012145873,295.932792026011,287.79960313612776,288.6139221191406,23000900,0.0,0.0
2021-03-24 00:00:00-04:00,288.9813236412031,289.6963301902824,279.20958767437077,280.18280029296875,18675000,0.0,0.0
2021-03-25 00:00:00-04:00,279.0308476549715,286.06172023452035,275.8232433122774,276.8063659667969,24505600,0.0,0.0
2021-03-26 00:00:00-04:00,276.36947272447486,282.5264766041057,275.8431504477816,281.0567321777344,17629200,0.0,0.0
2021-03-29 00:00:00-04:00,283.78765555297224,291.1462573927489,282.72510097717293,288.8026428222656,21718800,0.0,0.0
2021-03-30 00:00:00-04:00,287.8194588480045,290.4411599233507,284.71119686771675,286.0021667480469,17474500,0.0,0.0
2021-03-31 00:00:00-04:00,287.9783323758534,294.4431822644306,286.6079005740464,292.4868469238281,19498200,0.0,0.0
2021-04-01 00:00:00-04:00,296.3300202168841,300.3022725798608,294.54251877589684,296.5882263183594,17616000,0.0,0.0
2021-04-05 00:00:00-04:00,298.80282480269153,308.6142645500675,298.59425969369767,306.7671813964844,28237000,0.0,0.0
2021-04-06 00:00:00-04:00,306.697587369966,309.1901853123323,303.132494672926,304.135498046875,17335200,0.0,0.0
2021-04-07 00:00:00-04:00,304.2149752941855,312.07010879752124,303.3808058477096,310.91815185546875,22855200,0.0,0.0
2021-04-08 00:00:00-04:00,312.6659247488208,313.688778534992,307.8992036600971,310.8486022949219,20894100,0.0,0.0
2021-04-09 00:00:00-04:00,309.23986644593833,312.55669381171714,308.177281575922,310.2925109863281,15988600,0.0,0.0
2021-04-12 00:00:00-04:00,308.89228469218745,309.9846602325345,305.7939324729359,309.37890625,10881900,0.0,0.0
2021-04-13 00:00:00-04:00,310.04422299179186,312.2488242933257,307.17428638234855,307.6112365722656,14036900,0.0,0.0
2021-04-14 00:00:00-04:00,305.16832536202276,305.8932724464454,299.85546120601055,300.71942138671875,17421400,0.0,0.0
2021-04-15 00:00:00-04:00,304.2149784475269,307.98863680837684,301.99052656720033,305.6847229003906,14558300,0.0,0.0
2021-04-16 00:00:00-04:00,306.03224630477484,306.8068342534468,302.49691404794436,304.0560302734375,13059200,0.0,0.0
2021-04-19 00:00:00-04:00,302.8942372670993,305.5655798842235,298.47509359927756,300.1434326171875,14553500,0.0,0.0
2021-04-20 00:00:00-04:00,299.89514228651615,302.9835845586107,295.1483014626396,300.5505676269531,16796400,0.0,0.0
2021-04-21 00:00:00-04:00,299.8554348915821,299.8852255743065,295.3270692821806,299.3787536621094,14863500,0.0,0.0
2021-04-22 00:00:00-04:00,299.23970504780726,300.8187021222801,293.98642281520046,294.46307373046875,16375400,0.0,0.0
2021-04-23 00:00:00-04:00,296.687582670293,300.4910015370838,295.08873509812,299.0411376953125,17536800,0.0,0.0
2021-04-26 00:00:00-04:00,301.23577303432637,303.6786999037618,299.46812183516045,300.9378662109375,16172600,0.0,0.0
2021-04-27 00:00:00-04:00,302.1692386782204,303.2218831391314,299.0212153184825,301.46417236328125,15309300,0.0,0.0
2021-04-28 00:00:00-04:00,305.22784130964635,308.76317361208896,303.25165555869114,304.96966552734375,33907200,0.0,0.0
2021-04-29 00:00:00-04:00,327.8299665552439,329.5082455205875,319.37899037048027,327.2242126464844,56526800,0.0,0.0
2021-04-30 00:00:00-04:00,323.87765659537024,327.532122010799,322.24901835025764,322.8249816894531,26332400,0.0,0.0
2021-05-03 00:00:00-04:00,323.907408395523,326.27087314382874,319.60742815166054,320.34228515625,18719500,0.0,0.0
2021-05-04 00:00:00-04:00,317.8000386565058,319.9549988930355,310.9479094073585,316.15155029296875,24032600,0.0,0.0
2021-05-05 00:00:00-04:00,315.98274005728,318.8328262137328,312.30839458302705,312.834716796875,15577600,0.0,0.0
2021-05-06 00:00:00-04:00,312.33826165300155,318.0185850039279,311.0969325143016,317.80010986328125,19012200,0.0,0.0
2021-05-07 00:00:00-04:00,320.143703732976,320.69981667352516,316.5388796429248,316.8665771484375,15916700,0.0,0.0
2021-05-10 00:00:00-04:00,312.16943960537833,312.3978247577751,302.7154580421525,303.8475646972656,24239200,0.0,0.0
2021-05-11 00:00:00-04:00,298.66372208325555,304.71147261940786,297.6110776402006,304.40362548828125,18920100,0.0,0.0
2021-05-12 00:00:00-04:00,299.0411306344249,302.8445494114103,296.121522359294,300.4512634277344,24645500,0.0,0.0
2021-05-13 00:00:00-04:00,303.9567753757269,306.71748989994825,300.66973856002795,303.1424865722656,18079200,0.0,0.0
2021-05-14 00:00:00-04:00,307.3927244979176,314.65201248518645,306.93589370512785,313.7483215332031,19245700,0.0,0.0
2021-05-17 00:00:00-04:00,311.37491338064495,313.49014256803696,309.4185779211098,313.27166748046875,15401300,0.0,0.0
2021-05-18 00:00:00-04:00,313.4007953447419,314.304486446428,307.66089155963004,307.8098449707031,14522400,0.0,0.0
2021-05-19 00:00:00-04:00,302.0799148072272,312.47728832837305,301.464220436348,311.4147033691406,19106200,0.0,0.0
2021-05-20 00:00:00-04:00,311.4047347873846,317.0354162827345,310.9876652282522,316.39984130859375,17320200,0.0,0.0
2021-05-21 00:00:00-04:00,317.07511701397885,317.71066162154136,313.6192466103653,314.0363464355469,13600900,0.0,0.0
2021-05-24 00:00:00-04:00,316.002603774066,323.68893285411247,315.82385968766243,322.3780822753906,16445400,0.0,0.0
2021-05-25 00:00:00-04:00,324.8111385715175,326.89657761240284,322.54695540578456,325.5162353515625,16437000,0.0,0.0
2021-05-26 00:00:00-04:00,326.0723009791142,327.5420150886895,323.55985234776074,325.3870849609375,9686900,0.0,0.0
2021-05-27 00:00:00-04:00,325.72472236570246,331.4646263219847,324.4933337229342,330.4417724609375,20477700,0.0,0.0
2021-05-28 00:00:00-04:00,328.7039190666391,330.5609424009443,326.05242698912605,326.4496765136719,12037400,0.0,0.0
2021-06-01 00:00:00-04:00,327.85974563220555,329.1209550465971,324.37411508635194,326.8468322753906,11765900,0.0,0.0
2021-06-02 00:00:00-04:00,328.0882083208523,329.56786271635684,324.85081275421754,326.8667297363281,11654300,0.0,0.0
2021-06-03 00:00:00-04:00,323.520083700462,325.1089906636587,321.23605077615906,323.7782897949219,12610800,0.0,0.0
2021-06-04 00:00:00-04:00,323.63926759923044,330.1537592993756,322.92426093429344,328.05841064453125,13289400,0.0,0.0
2021-06-07 00:00:00-04:00,327.1944541755547,335.347494066772,326.6482512651954,334.24517822265625,20136700,0.0,0.0
2021-06-08 00:00:00-04:00,334.36436543557863,335.95324218671897,329.93528208942485,331.36529541015625,14580500,0.0,0.0
2021-06-09 00:00:00-04:00,333.4109824352829,334.4636268555768,327.7108101624598,327.9590759277344,13727900,0.0,0.0
2021-06-10 00:00:00-04:00,328.49537952813114,331.6235225004314,326.2708973852136,330.1537780761719,13240200,0.0,0.0
2021-06-11 00:00:00-04:00,330.2728561689159,330.5211219015994,326.6481825329121,328.9620361328125,13587900,0.0,0.0
2021-06-14 00:00:00-04:00,329.5976857597547,334.48357027168373,327.5221872093391,334.43389892578125,12250800,0.0,0.0
2021-06-15 00:00:00-04:00,334.65232691277197,337.5620248503402,332.7059317076359,334.41400146484375,15795200,0.0,0.0
2021-06-16 00:00:00-04:00,334.36433436395004,335.20841369484964,326.4396804734715,328.7832946777344,17232200,0.0,0.0
2021-06-17 00:00:00-04:00,328.197430149362,335.6354937373488,327.8597923156813,334.1756896972656,17794100,0.0,0.0
2021-06-18 00:00:00-04:00,332.2094430903154,333.8182006835169,326.71780460807463,327.37322998046875,23039500,0.0,0.0
2021-06-21 00:00:00-04:00,328.79323655230536,330.6105588772653,325.3770972881534,329.98492431640625,11337500,0.0,0.0
2021-06-22 00:00:00-04:00,330.382115630166,337.56197167682654,330.292743601271,336.6781311035156,15345300,0.0,0.0
2021-06-23 00:00:00-04:00,336.9959674168666,341.0377414877368,335.8539509185642,338.22735595703125,14817800,0.0,0.0
2021-06-24 00:00:00-04:00,339.4785864922204,342.507416465276,339.4190051377646,340.7993469238281,12329100,0.0,0.0
2021-06-25 00:00:00-04:00,340.2135219727783,341.7329074740562,337.32370439076266,339.0019836425781,14594400,0.0,0.0
2021-06-28 00:00:00-04:00,340.08440839557375,355.6556621022771,339.3991923763824,353.1730041503906,29156100,0.0,0.0
2021-06-29 00:00:00-04:00,353.79856535373204,354.2653062040058,346.62864885077636,349.448974609375,21417300,0.0,0.0
2021-06-30 00:00:00-04:00,349.72702611903964,350.4718234032726,344.76171089081953,345.2979431152344,15107500,0.0,0.0
2021-07-01 00:00:00-04:00,344.41417567697727,352.2097276177686,344.0963881893645,351.9316711425781,17137000,0.0,0.0
2021-07-02 00:00:00-04:00,352.6367211412645,353.9674220897666,350.17391368538927,352.239501953125,11521300,0.0,0.0
2021-07-06 00:00:00-04:00,354.02702092017273,356.30114407035626,346.7577912256229,350.33282470703125,13488500,0.0,0.0
2021-07-07 00:00:00-04:00,352.7955848761856,354.01703301819634,347.5720635940059,348.05865478515625,14218900,0.0,0.0
2021-07-08 00:00:00-04:00,343.33175084560787,345.91369091939293,340.1837271688575,343.2522888183594,14406500,0.0,0.0
2021-07-09 00:00:00-04:00,342.9245386589562,348.2771327231589,342.87486732307934,347.9891662597656,13018700,0.0,0.0
2021-07-12 00:00:00-04:00,348.7935700152841,351.7330283603502,347.21460329360013,350.7101745605469,10018600,0.0,0.0
2021-07-13 00:00:00-04:00,349.0616794159111,356.00318078237416,346.38039692535693,349.6475830078125,11456000,0.0,0.0
2021-07-14 00:00:00-04:00,352.1004565076469,352.73603144965426,344.3247856324014,345.2185363769531,13894200,0.0,0.0
2021-07-15 00:00:00-04:00,346.807487711629,346.807487711629,337.85997818274154,342.070556640625,14781600,0.0,0.0
2021-07-16 00:00:00-04:00,342.51738245801107,343.5898772244563,337.7804825885688,338.79339599609375,11026100,0.0,0.0
2021-07-19 00:00:00-04:00,335.2283652584028,337.43296686382087,332.2193848529158,334.6126708984375,14372300,0.0,0.0
2021-07-20 00:00:00-04:00,336.44977124178934,341.0675389712737,332.1796119696146,339.2899475097656,11024300,0.0,0.0
2021-07-21 00:00:00-04:00,339.1310778108753,344.11624409141785,338.88281201452764,343.8282775878906,9279700,0.0,0.0
2021-07-22 00:00:00-04:00,344.2751810241878,349.1014844696641,342.81537674630835,348.75390625,12385400,0.0,0.0
2021-07-23 00:00:00-04:00,358.4064473473775,372.7264018878384,354.7122509878652,367.224853515625,33694300,0.0,0.0
2021-07-26 00:00:00-04:00,367.01622481789286,371.8425269491049,365.66567363094293,369.8762512207031,14925200,0.0,0.0
2021-07-27 00:00:00-04:00,369.33010978819533,370.5614983630885,362.0211494423419,365.258544921875,15705400,0.0,0.0
2021-07-28 00:00:00-04:00,371.9617017952176,374.93095068238745,364.38462570750005,370.6905822753906,29676900,0.0,0.0
2021-07-29 00:00:00-04:00,358.49575222098156,362.98438618631917,354.26529403428776,355.8343505859375,33413200,0.0,0.0
2021-07-30 00:00:00-04:00,351.54436646173724,358.22769258735656,350.49172191318684,353.8283996582031,15976200,0.0,0.0
2021-08-02 00:00:00-04:00,355.6159696370899,356.9069397896548,348.3070080754075,349.5086364746094,13180400,0.0,0.0
2021-08-03 00:00:00-04:00,350.2831207482035,351.3158844416269,345.28801510112527,348.8034362792969,12406100,0.0,0.0
2021-08-04 00:00:00-04:00,349.97535634826033,357.9794435460874,349.07166517355284,356.4302673339844,14180600,0.0,0.0
2021-08-05 00:00:00-04:00,357.14523110122803,361.3756593379675,354.4242175743126,360.4521179199219,10247200,0.0,0.0
2021-08-06 00:00:00-04:00,358.893024268515,362.6170111631922,358.893024268515,360.9884033203125,8925000,0.0,0.0
2021-08-09 00:00:00-04:00,361.2366418858136,363.24261843176544,358.2475122657697,359.1015319824219,7798900,0.0,0.0
2021-08-10 00:00:00-04:00,359.3200650614363,361.574338051319,356.54944039375164,358.62493896484375,7469900,0.0,0.0
2021-08-11 00:00:00-04:00,359.5881210428261,359.84629681675466,355.3278722554093,357.46295166015625,8400300,0.0,0.0
2021-08-12 00:00:00-04:00,355.96346124829,360.4818859888844,354.6327300964026,360.1343078613281,7170700,0.0,0.0
2021-08-13 00:00:00-04:00,360.4521097687028,362.130388809589,358.9724554674961,360.66064453125,7195700,0.0,0.0
2021-08-16 00:00:00-04:00,360.00522845589376,364.4045210745695,354.90089981921847,364.0172119140625,11222100,0.0,0.0
2021-08-17 00:00:00-04:00,360.462075868413,362.1403550292865,352.60694265481555,355.9635009765625,12328700,0.0,0.0
2021-08-18 00:00:00-04:00,353.7787829603999,357.36372674757365,352.6864073237661,352.9843444824219,10042400,0.0,0.0
2021-08-19 00:00:00-04:00,348.91277867153,355.08963329385904,348.56520047312904,352.6566162109375,12004500,0.0,0.0
2021-08-20 00:00:00-04:00,352.14020531327213,357.49280002789834,350.85914534134406,356.8771057128906,8697700,0.0,0.0
2021-08-23 00:00:00-04:00,356.9466479627438,363.1532931180248,356.6090101030027,360.82952880859375,10942000,0.0,0.0
2021-08-24 00:00:00-04:00,361.1373449529852,365.4075043305499,359.32996276565495,362.9745178222656,9235100,0.0,0.0
2021-08-25 00:00:00-04:00,363.0639397013735,368.28743192418995,362.86531492385484,365.8345947265625,9684500,0.0,0.0
2021-08-26 00:00:00-04:00,365.8245777100554,366.8772221372946,361.6040596725405,361.8523254394531,7888700,0.0,0.0
2021-08-27 00:00:00-04:00,362.5673112058317,371.147359857758,361.5543675393287,370.0450744628906,11219100,0.0,0.0
2021-08-30 00:00:00-04:00,369.97556201483116,378.84360764683936,367.94970493712964,378.0193786621094,13547300,0.0,0.0
2021-08-31 00:00:00-04:00,377.3143748304173,380.10487999697085,376.1723279061096,376.7483215332031,12345400,0.0,0.0
2021-09-01 00:00:00-04:00,376.9568533074591,381.66396313831876,376.18226523015454,379.3997802734375,11567200,0.0,0.0
2021-09-02 00:00:00-04:00,378.8535501039873,379.1018158642127,371.46515865520854,372.67669677734375,14832900,0.0,0.0
2021-09-03 00:00:00-04:00,372.1504282729059,374.54371418349507,370.5217901040204,373.64996337890625,7509600,0.0,0.0
2021-09-07 00:00:00-04:00,373.2725838694114,380.30345767823303,370.56151054382633,379.52886962890625,10793800,0.0,0.0
2021-09-08 00:00:00-04:00,377.5229273882676,378.227993807564,372.1901826040393,374.9508972167969,11067200,0.0,0.0
2021-09-09 00:00:00-04:00,375.0203499786024,377.1951302070215,373.9577652268733,375.3778381347656,9098900,0.0,0.0
2021-09-10 00:00:00-04:00,378.71454142479524,381.1277078677201,375.63606996069,376.0630798339844,11549600,0.0,0.0
2021-09-13 00:00:00-04:00,379.03237443176556,379.1018961327597,371.75323413530566,373.89825439453125,13026300,0.0,0.0
2021-09-14 00:00:00-04:00,374.7820203796107,375.9637679324981,372.5078973191111,373.9180603027344,8711600,0.0,0.0
2021-09-15 00:00:00-04:00,374.38482369186454,374.94093665537116,365.11955743747427,371.3262023925781,17940300,0.0,0.0
2021-09-16 00:00:00-04:00,370.20399081447476,370.9686384692154,367.1453395837524,370.47210693359375,11934200,0.0,0.0
2021-09-17 00:00:00-04:00,368.8335353527041,368.8335353527041,359.0816493429882,362.18994140625,26299000,0.0,0.0
2021-09-20 00:00:00-04:00,356.80751590414434,358.52552576634974,347.37341761232216,353.2325134277344,19822800,0.0,0.0
2021-09-21 00:00:00-04:00,356.0131576959178,357.5424835116956,352.72612092380973,355.000244140625,11751900,0.0,0.0
2021-09-22 00:00:00-04:00,344.82129547424677,347.4131755007979,338.3266546093435,340.82916259765625,43692900,0.0,0.0
2021-09-23 00:00:00-04:00,342.96430614109624,347.244436588427,340.6206914406906,343.5601501464844,21806300,0.0,0.0
2021-09-24 00:00:00-04:00,340.85896131085076,351.8919078702435,339.9950012816375,350.51153564453125,18801900,0.0,0.0
2021-09-27 00:00:00-04:00,347.3834211027895,352.6863747332731,344.67234776955803,351.12725830078125,15205800,0.0,0.0
2021-09-28 00:00:00-04:00,345.5561863357287,347.1748841230016,336.56897692930727,338.2869567871094,21710300,0.0,0.0
2021-09-29 00:00:00-04:00,340.76960230808635,342.83519056135003,336.52923371146676,337.254150390625,14452200,0.0,0.0
2021-09-30 00:00:00-04:00,338.08838065803866,340.42205494779716,335.8043171003503,337.0357360839844,16547100,0.0,0.0
2021-10-01 00:00:00-04:00,339.2403025206699,342.6266516425788,336.2909339336575,340.630615234375,14905300,0.0,0.0
2021-10-04 00:00:00-04:00,333.2024545158559,333.6096140159672,320.46146851508894,323.96697998046875,42885000,0.0,0.0
2021-10-05 00:00:00-04:00,326.30070772753515,332.85493120611443,323.89751164578337,330.65032958984375,35377900,0.0,0.0
2021-10-06 00:00:00-04:00,327.4526518109316,332.06047963306645,323.5399803552705,331.32562255859375,26443000,0.0,0.0
2021-10-07 00:00:00-04:00,334.6622475720672,336.4894799458442,326.69789282779806,326.93621826171875,28307500,0.0,0.0
2021-10-08 00:00:00-04:00,329.2103921435758,331.0872658382954,326.4297969914836,327.760498046875,15946100,0.0,0.0
2021-10-11 00:00:00-04:00,325.3572837172374,328.1676390888034,323.05336994266753,323.1924133300781,14708200,0.0,0.0
2021-10-12 00:00:00-04:00,320.7891603644766,322.1298015621059,315.16841978530687,321.5240173339844,31658700,0.0,0.0
2021-10-13 00:00:00-04:00,324.70183226875514,324.7316229485336,320.42173287393445,322.2886962890625,14761500,0.0,0.0
2021-10-14 00:00:00-04:00,326.08220352646043,328.22722358123883,324.8309645572515,326.25103759765625,14302200,0.0,0.0
2021-10-15 00:00:00-04:00,326.3999618857561,326.7872710290615,320.27277972807207,322.5071716308594,21596400,0.0,0.0
2021-10-18 00:00:00-04:00,326.6681361594644,333.5599968627541,325.22818246588844,333.0137939453125,21585000,0.0,0.0
2021-10-19 00:00:00-04:00,337.2938929273335,340.0843979551159,334.94033811013963,337.63153076171875,18786300,0.0,0.0
2021-10-20 00:00:00-04:00,341.0675687432612,341.5938910279222,337.0953159364956,338.41607666015625,13639500,0.0,0.0
2021-10-21 00:00:00-04:00,337.919515805233,339.93543271791094,335.4567083681282,339.5084228515625,16354400,0.0,0.0
2021-10-22 00:00:00-04:00,324.08613514392806,327.3433807629827,318.8824641103329,322.3581848144531,35224500,0.0,0.0
2021-10-25 00:00:00-04:00,318.07812790884657,327.27390275405656,317.50216459273884,326.4099426269531,38409000,0.0,0.0
2021-10-26 00:00:00-04:00,325.9829424293362,327.91939752560313,307.45237909979846,313.6192932128906,65654000,0.0,0.0
2021-10-27 00:00:00-04:00,312.0105042608327,317.0354012261963,309.8952749651828,310.0541687011719,29971800,0.0,0.0
2021-10-28 00:00:00-04:00,310.81879676750776,323.26187566968946,305.9726441964319,314.7215576171875,50806800,0.0,0.0
2021-10-29 00:00:00-04:00,317.96888127486596,323.73857554960784,317.3829776736138,321.325439453125,37059400,0.0,0.0
2021-11-01 00:00:00-04:00,323.7783380427413,331.13694007847226,323.738607028624,327.6910095214844,31518900,0.0,0.0
2021-11-02 00:00:00-04:00,329.0812646943905,332.46761360260626,321.5538292016757,325.80413818359375,28353000,0.0,0.0
2021-11-03 00:00:00-04:00,325.21828490487985,329.8459634411217,320.9580652403525,329.31964111328125,20786500,0.0,0.0
2021-11-04 00:00:00-04:00,331.69303111979514,334.9303963680135,330.34244948206873,333.520263671875,22495300,0.0,0.0
2021-11-05 00:00:00-04:00,337.9492918468167,344.3843514680438,337.28395655939903,338.76361083984375,26872800,0.0,0.0
2021-11-08 00:00:00-05:00,342.03081085258987,342.3982393556077,335.99297015181077,336.2710266113281,18342500,0.0,0.0
2021-11-09 00:00:00-05:00,337.6414662706003,338.94237655440764,332.14982834025784,333.0435791015625,17556700,0.0,0.0
2021-11-10 00:00:00-05:00,330.1835499468234,330.87870625923074,323.25198870461344,325.3672180175781,21872600,0.0,0.0
2021-11-11 00:00:00-05:00,327.5320799248782,330.1537507579003,324.73163470083574,325.46649169921875,12376600,0.0,0.0
2021-11-12 00:00:00-05:00,327.8895713138474,339.48854119804446,327.49235212990004,338.5252990722656,25414300,0.0,0.0
2021-11-15 00:00:00-05:00,341.9513226240939,351.1967370768033,340.8192465206391,345.14898681640625,25076600,0.0,0.0
2021-11-16 00:00:00-05:00,341.44489271681016,344.24533809936,338.50543425102154,340.5809326171875,18181100,0.0,0.0
2021-11-17 00:00:00-05:00,341.85205836625045,344.8908292635212,337.7407925723655,338.4061279296875,13602800,0.0,0.0
2021-11-18 00:00:00-05:00,337.363368830426,340.0843517949547,332.97401696742673,336.34051513671875,17487200,0.0,0.0
2021-11-19 00:00:00-05:00,339.8262220829443,349.65754120765286,337.54215865420935,342.9046936035156,26488500,0.0,0.0
2021-11-22 00:00:00-05:00,346.6287072571534,351.3755482699117,338.1479691189288,338.6445007324219,27116800,0.0,0.0
2021-11-23 00:00:00-05:00,336.5789224948041,339.031789952363,331.18659628153375,334.91058349609375,17225000,0.0,0.0
2021-11-24 00:00:00-05:00,333.6692250990394,339.40912900904357,330.5013511624678,338.6941223144531,13566200,0.0,0.0
2021-11-26 00:00:00-05:00,333.47060617009134,335.4070915076629,329.5976658008317,330.8092041015625,14750700,0.0,0.0
2021-11-29 00:00:00-05:00,334.55307386475175,338.30685152461643,332.9840170474469,335.6851501464844,16650900,0.0,0.0
2021-11-30 00:00:00-05:00,332.67612154171803,333.4805001872441,321.18637478700055,322.209228515625,25390000,0.0,0.0
2021-12-01 00:00:00-05:00,327.99885131334366,328.20738609874235,308.1375874041913,308.4454345703125,30329600,0.0,0.0
2021-12-02 00:00:00-05:00,309.2398812049933,312.41769563708294,305.0690338569957,308.2369079589844,24396200,0.0,0.0
2021-12-03 00:00:00-05:00,311.55367511809095,311.5735254685623,297.4223772998706,304.7114562988281,27471000,0.0,0.0
2021-12-06 00:00:00-05:00,305.9924934980945,317.8794582943051,304.21490232111114,315.6649169921875,21758300,0.0,0.0
2021-12-07 00:00:00-05:00,319.33932063498895,324.27484564424213,318.7732673727845,320.5707092285156,18794000,0.0,0.0
2021-12-08 00:00:00-05:00,322.7455088217183,330.4417478782362,320.82890430428074,328.2669372558594,19937700,0.0,0.0
2021-12-09 00:00:00-05:00,327.2540480147095,333.79833071804273,325.7247222356388,327.5321044921875,16879200,0.0,0.0
2021-12-10 00:00:00-05:00,330.2530905762638,332.7059578569133,324.1060270329738,327.46258544921875,14528000,0.0,0.0
2021-12-13 00:00:00-05:00,328.65425606299516,338.72390047483293,327.30367444275134,332.169677734375,22948700,0.0,0.0
2021-12-14 00:00:00-05:00,325.7743343201105,333.37129119790376,325.37711514556946,331.42486572265625,20461000,0.0,0.0
2021-12-15 00:00:00-05:00,330.18354541056993,339.73680772798974,321.7325989098653,339.2899475097656,24681300,0.0,0.0
2021-12-16 00:00:00-05:00,336.62855788973843,342.07052456232094,331.4248863696693,332.57684326171875,22635000,0.0,0.0
2021-12-17 00:00:00-05:00,330.4913952399913,334.77149487601264,328.4556279600217,331.47454833984375,40012600,0.0,0.0
2021-12-20 00:00:00-05:00,327.4923634222205,327.61152615092544,320.2926556061012,323.1924133300781,17901800,0.0,0.0
2021-12-21 00:00:00-05:00,324.1457435126229,333.6692153987566,321.50419192067693,331.8817138671875,16116800,0.0,0.0
2021-12-22 00:00:00-05:00,331.4844828244456,332.1895795141013,325.982934536817,328.1577453613281,16764600,0.0,0.0
2021-12-23 00:00:00-05:00,327.8101307259051,334.33456247386124,326.08218034839234,332.9144592285156,13987700,0.0,0.0
2021-12-27 00:00:00-05:00,336.49942552370055,345.4568434568832,335.6652561860855,343.778564453125,17795000,0.0,0.0
2021-12-28 00:00:00-05:00,344.2254883901896,350.26329907524985,342.80541534319065,343.8183288574219,16637600,0.0,0.0
2021-12-29 00:00:00-05:00,344.50352743630526,347.2642416723502,339.2700957520207,340.5610656738281,10747000,0.0,0.0
2021-12-30 00:00:00-05:00,341.6137032403792,344.8213079338288,340.8391152417787,341.97119140625,10593300,0.0,0.0
2021-12-31 00:00:00-05:00,340.64049867127704,341.05759851401064,333.9373226475047,334.01678466796875,12870500,0.0,0.0
2022-01-03 00:00:00-05:00,335.95320310824025,338.7139170551569,334.85091771741475,336.1915588378906,14537900,0.0,0.0
2022-01-04 00:00:00-05:00,337.59181528292993,340.71001767926003,329.5678484085995,334.1955261230469,15998000,0.0,0.0
2022-01-05 00:00:00-05:00,330.7099111630695,333.43092506420857,321.5935978412268,321.92132568359375,20564500,0.0,0.0
2022-01-06 00:00:00-05:00,320.58066472960667,336.8172538693063,320.4813523499069,330.1537780761719,27962800,0.0,0.0
2022-01-07 00:00:00-05:00,330.4318256549176,334.6622844079269,326.59861641000646,329.4884338378906,14722000,0.0,0.0
2022-01-10 00:00:00-05:00,323.05338636520554,326.0623666414972,313.2419171246315,325.79425048828125,24942400,0.0,0.0
2022-01-11 00:00:00-05:00,324.5131910632039,332.30874323908233,323.02359626421634,332.050537109375,16226800,0.0,0.0
2022-01-12 00:00:00-05:00,332.85490650522934,334.0366541036262,327.7406372338682,330.9482421875,14104900,0.0,0.0
2022-01-13 00:00:00-05:00,332.6563391580305,333.3018242108338,323.50029475979665,324.2153015136719,14797100,0.0,0.0
2022-01-14 00:00:00-05:00,319.55777267625143,330.4218850489652,318.9817791263499,329.5976257324219,16868500,0.0,0.0
2022-01-18 00:00:00-05:00,321.04738263480675,321.9609837284619,315.4365821014618,315.9430236816406,22645600,0.0,0.0
2022-01-19 00:00:00-05:00,317.3630760290454,324.8309295571521,317.1148102666669,317.3730163574219,20814700,0.0,0.0
2022-01-20 00:00:00-05:00,321.65312351378554,325.5459440973195,313.78808094128794,314.3640441894531,16925000,0.0,0.0
2022-01-21 00:00:00-05:00,312.6261943760006,316.10191525145456,300.9378525135199,301.06695556640625,28710700,0.0,0.0
2022-01-24 00:00:00-05:00,295.77392053287866,307.38283100711567,287.00518638419567,306.5685119628906,38878100,0.0,0.0
2022-01-25 00:00:00-05:00,297.8693681572156,304.1058048709641,295.51578252756485,298.0679626464844,25108500,0.0,0.0
2022-01-26 00:00:00-05:00,304.8803074843086,305.37683902690725,288.83240439081436,292.586181640625,28348800,0.0,0.0
2022-01-27 00:00:00-05:00,295.68460378731163,299.6171260522853,292.2188224953796,292.59619140625,21629900,0.0,0.0
2022-01-28 00:00:00-05:00,293.5692847644114,299.80571931014885,290.99725518246254,299.6170349121094,21871600,0.0,0.0
2022-01-31 00:00:00-05:00,298.5941942856098,311.6132667908384,297.24364306776437,311.0869445800781,21579500,0.0,0.0
2022-02-01 00:00:00-05:00,312.37793715110746,317.4425651980272,309.95486067855575,316.7871398925781,18023800,0.0,0.0
2022-02-02 00:00:00-05:00,325.5459091538223,325.72465321449306,314.6718575415366,320.75933837890625,58458300,0.0,0.0
2022-02-03 00:00:00-05:00,242.95290740109166,246.27967520393452,234.11465092470792,236.11070251464844,188119900,0.0,0.0
2022-02-04 00:00:00-05:00,233.34003882664075,240.92704033727873,228.51375153368647,235.44532775878906,89342200,0.0,0.0
2022-02-07 00:00:00-05:00,236.05110936639238,236.64695332171354,222.4560723238542,223.34983825683594,88613800,0.0,0.0
2022-02-08 00:00:00-05:00,219.31801460687512,224.20388375091662,214.6506054269495,218.65264892578125,94729700,0.0,0.0
2022-02-09 00:00:00-05:00,222.6447597583816,231.75114721199498,220.6685737472987,230.39065551757812,86563300,0.0,0.0
2022-02-10 00:00:00-05:00,226.68650936204733,233.36981952520125,225.12739308159553,226.48789978027344,49310400,0.0,0.0
2022-02-11 00:00:00-05:00,226.87518809398,228.8215831607996,217.25240484124834,218.02699279785156,46156900,0.0,0.0
2022-02-14 00:00:00-05:00,217.78865142579465,219.46693037667484,213.29007709682466,216.1898193359375,38184000,0.0,0.0
2022-02-15 00:00:00-05:00,218.94062722166285,219.6159028696756,213.5681521071551,219.46694946289062,42685500,0.0,0.0
2022-02-16 00:00:00-05:00,210.93656204047352,215.95153432834283,210.8869058489219,215.03790283203125,45817500,0.0,0.0
2022-02-17 00:00:00-05:00,212.53535999533352,215.99121519564065,205.7229468087925,206.26913452148438,38747500,0.0,0.0
2022-02-18 00:00:00-05:00,207.93749393051652,209.28806043075434,203.75669137039452,204.7299041748047,37128400,0.0,0.0
2022-02-22 00:00:00-05:00,200.93639836684068,206.04074245924153,198.67221554938297,200.67820739746094,39852400,0.0,0.0
2022-02-23 00:00:00-05:00,202.74377678275914,205.50449113354318,196.67616031691193,197.07337951660156,44481400,0.0,0.0
2022-02-24 00:00:00-05:00,189.7346534758809,206.90472477172978,188.90048402059335,206.15992736816406,49957200,0.0,0.0
2022-02-25 00:00:00-05:00,203.5183647840356,209.8541125423845,201.77056393873042,209.01992797851562,37627600,0.0,0.0
2022-02-28 00:00:00-05:00,206.23934870344502,211.67140537212006,205.39525411367887,209.5661163330078,34239800,0.0,0.0
2022-03-01 00:00:00-05:00,208.41416290445198,210.28112651537154,200.81723570545105,202.07843017578125,27094900,0.0,0.0
2022-03-02 00:00:00-05:00,203.35946456811018,207.6991455549935,200.61861581106922,206.66636657714844,29452100,0.0,0.0
2022-03-03 00:00:00-05:00,207.57009343949326,207.62967481251445,200.0228063626491,201.5620574951172,27263500,0.0,0.0
2022-03-04 00:00:00-05:00,200.96619957261413,204.46178636010308,197.411031416221,198.67222595214844,32130900,0.0,0.0
2022-03-07 00:00:00-05:00,199.39713300609475,199.49644537718342,185.98085599196915,186.16954040527344,38560600,0.0,0.0
2022-03-08 00:00:00-05:00,186.54690946667915,195.33550881323646,184.81897421696758,188.969970703125,37508100,0.0,0.0
2022-03-09 00:00:00-05:00,194.38221292139642,197.71890616615158,192.57483046872176,197.12306213378906,31894700,0.0,0.0
2022-03-10 00:00:00-05:00,193.48842180655208,194.9184351766103,189.74458461606886,193.85586547851562,24853000,0.0,0.0
2022-03-11 00:00:00-05:00,191.303669263992,192.2172854703511,185.3750815218328,186.30856323242188,34694500,0.0,0.0
2022-03-14 00:00:00-04:00,185.73260739881346,190.95611432836714,184.53100942336172,185.33538818359375,31010500,0.0,0.0
2022-03-15 00:00:00-04:00,189.4764431200351,190.94617226993915,184.62036515153324,190.69790649414062,31721700,0.0,0.0
2022-03-16 00:00:00-04:00,193.34939124128513,202.31675022563442,193.17064714865197,202.2174530029297,40640300,0.0,0.0
2022-03-17 00:00:00-04:00,200.3008320695021,206.5968487329181,199.71492845430384,206.3982391357422,29499700,0.0,0.0
2022-03-18 00:00:00-04:00,205.26613926161622,215.2960826094458,204.57099812382236,214.9882354736328,52128000,0.0,0.0
2022-03-21 00:00:00-04:00,213.01204862783814,213.22059855952324,206.18970954170595,210.02293395996094,30142300,0.0,0.0
2022-03-22 00:00:00-04:00,209.9037381409255,217.93762996556708,208.72199065254847,215.14710998535156,31998800,0.0,0.0
2022-03-23 00:00:00-04:00,211.85017549876554,215.29610603491705,210.68829336640334,211.97927856445312,23717300,0.0,0.0
2022-03-24 00:00:00-04:00,213.50856930007075,219.1392353325616,213.30001937904194,218.046875,31502300,0.0,0.0
2022-03-25 00:00:00-04:00,218.98035503124117,223.9357457242786,217.37159753839384,220.28128051757812,40039000,0.0,0.0
2022-03-28 00:00:00-04:00,220.58910733267237,222.4858463037378,218.01706243313592,222.03897094726562,26224100,0.0,0.0
2022-03-29 00:00:00-04:00,224.50177013419827,229.28832613748915,223.72716701743596,228.26547241210938,31417900,0.0,0.0
2022-03-30 00:00:00-04:00,227.32208418810893,229.546535896173,225.13734833785708,226.26943969726562,25588000,0.0,0.0
2022-03-31 00:00:00-04:00,226.86528669666313,226.9050177106061,220.71822301847524,220.81753540039062,24192300,0.0,0.0
2022-04-01 00:00:00-04:00,222.99236119035902,225.70341968534913,221.15518807242128,223.290283203125,19544800,0.0,0.0
2022-04-04 00:00:00-04:00,224.41241418163085,232.72436333956819,224.29325144843688,232.26754760742188,28054800,0.0,0.0
2022-04-05 00:00:00-04:00,232.45621733585187,235.2169316018234,229.4174466080516,230.23175048828125,29727200,0.0,0.0
2022-04-06 00:00:00-04:00,225.33596570060982,227.40153889568887,219.8741183102283,221.75100708007812,28995100,0.0,0.0
2022-04-07 00:00:00-04:00,222.3766247719894,223.95560670287298,217.04388048466566,221.40342712402344,21037200,0.0,0.0
2022-04-08 00:00:00-04:00,220.83737591189984,223.568299423111,218.5036715775069,220.7877197265625,18375700,0.0,0.0
2022-04-11 00:00:00-04:00,216.9048301562745,219.07964066619687,213.72703141816538,214.95843505859375,20516600,0.0,0.0
2022-04-12 00:00:00-04:00,218.71224794767295,220.48982443539919,211.65156788222686,212.65455627441406,20128800,0.0,0.0
2022-04-13 00:00:00-04:00,210.3506487834351,215.1074147194503,209.86404237313155,213.4986572265625,19231800,0.0,0.0
2022-04-14 00:00:00-04:00,213.3993497039803,213.49866208481365,208.54327127888956,208.72201538085938,18379500,0.0,0.0
2022-04-18 00:00:00-04:00,208.5432442992385,211.89980231832888,206.85504011407073,209.3079071044922,16580800,0.0,0.0
2022-04-19 00:00:00-04:00,209.0596591305934,216.91477715151493,207.5501988958004,215.80255126953125,20089900,0.0,0.0
2022-04-20 00:00:00-04:00,212.12819758778258,212.674385292964,197.54009903644246,199.02969360351562,43036500,0.0,0.0
2022-04-21 00:00:00-04:00,200.20150677239232,201.56199823284857,184.29263327662454,186.76536560058594,49954100,0.0,0.0
2022-04-22 00:00:00-04:00,189.04940924538664,191.38311348968836,181.99867063494042,182.8328399658203,36426800,0.0,0.0
2022-04-25 00:00:00-04:00,181.46241266801752,185.88154035079478,180.39984305017538,185.69287109375,29281100,0.0,0.0
2022-04-26 00:00:00-04:00,185.33536941679247,185.89148232296554,178.2548247330513,179.69476318359375,31747400,0.0,0.0
2022-04-27 00:00:00-04:00,173.21999209687453,179.95297396586366,167.8276666489614,173.73638916015625,71062900,0.0,0.0
2022-04-28 00:00:00-04:00,201.51236675769346,207.08345147435523,191.5618700393527,204.30287170410156,100890600,0.0,0.0
2022-04-29 00:00:00-04:00,203.04170375030583,211.00605951633852,198.51332293664208,199.07937622070312,49193400,0.0,0.0
2022-05-02 00:00:00-04:00,199.77449069050925,210.41020255624133,199.5957466160473,209.6654052734375,49915300,0.0,0.0
2022-05-03 00:00:00-04:00,208.99013202513237,213.4092599092411,206.64650243953506,210.55917358398438,41556300,0.0,0.0
2022-05-04 00:00:00-04:00,209.18873471344116,222.74405503982925,205.52434462463904,221.8602294921875,41375900,0.0,0.0
2022-05-05 00:00:00-04:00,217.22265296779887,218.64272609094522,204.72991591258807,206.835205078125,41129200,0.0,0.0
2022-05-06 00:00:00-04:00,205.9017188084952,207.92757620794703,199.62556730800335,202.3564910888672,34747200,0.0,0.0
2022-05-09 00:00:00-04:00,198.4537315749027,201.16480482052688,194.22328811081877,194.8489227294922,36303200,0.0,0.0
2022-05-10 00:00:00-04:00,198.12601337505205,201.55209318806584,192.84292556927107,196.27891540527344,34452500,0.0,0.0
2022-05-11 00:00:00-04:00,194.96808586619244,199.27797620782732,186.9639994737446,187.4307403564453,31153400,0.0,0.0
2022-05-12 00:00:00-04:00,185.7623795104132,196.67614834334174,183.49819687355438,189.91339111328125,38262200,0.0,0.0
2022-05-13 00:00:00-04:00,191.24410785549279,198.503397232515,189.953122698784,197.24220275878906,24549800,0.0,0.0
2022-05-16 00:00:00-04:00,195.68309466090108,203.94537210166712,194.57085364070758,198.65234375,27112600,0.0,0.0
2022-05-17 00:00:00-04:00,200.71790023418964,204.03474236084168,196.98398859488535,201.2144317626953,24872700,0.0,0.0
2022-05-18 00:00:00-04:00,198.61262813981287,199.60569128051193,190.3006945011028,190.90646362304688,23960000,0.0,0.0
2022-05-19 00:00:00-04:00,189.8736711661357,193.93529581114845,188.28477921859724,189.96304321289062,24446900,0.0,0.0
2022-05-20 00:00:00-04:00,193.6175216415817,196.5371296980073,186.56676728554785,192.1974334716797,31465600,0.0,0.0
2022-05-23 00:00:00-04:00,193.83601060059402,195.62352741117638,189.91341394730676,194.86878967285156,25059200,0.0,0.0
2022-05-24 00:00:00-04:00,179.29755957893033,182.40583701791712,174.88835665003077,180.02249145507812,50406300,0.0,0.0
2022-05-25 00:00:00-04:00,179.14857994637404,184.16355170943515,178.0760851163933,182.55479431152344,28030200,0.0,0.0
2022-05-26 00:00:00-04:00,181.61138743549637,191.49236240543442,180.99567799980568,190.30068969726562,23056500,0.0,0.0
2022-05-27 00:00:00-04:00,190.03254576550088,193.97500728439758,188.48336983269363,193.77639770507812,22562700,0.0,0.0
2022-05-31 00:00:00-04:00,193.53808190056003,196.22928977670594,190.67805510272842,192.2967529296875,26131100,0.0,0.0
2022-06-01 00:00:00-04:00,195.14683847181115,198.14589349403096,183.716686817317,187.33143615722656,36623500,0.0,0.0
2022-06-02 00:00:00-04:00,187.14273921918476,199.54610286315108,186.42773257091963,197.48052978515625,31951600,0.0,0.0
2022-06-03 00:00:00-04:00,194.6205141545029,195.2461487952102,188.46352558358373,189.4565887451172,19465000,0.0,0.0
2022-06-06 00:00:00-04:00,192.64432063982002,195.55398831610356,187.09308626734085,192.9025115966797,30574200,0.0,0.0
2022-06-07 00:00:00-04:00,190.5985897727242,195.16668600433854,190.16165474576064,194.29278564453125,18828700,0.0,0.0
2022-06-08 00:00:00-04:00,193.3196042963057,200.62854978866102,193.06141332875293,195.27593994140625,22267200,0.0,0.0
2022-06-09 00:00:00-04:00,192.9322892978595,198.06642347877167,182.4058148436066,182.72360229492188,23501600,0.0,0.0
2022-06-10 00:00:00-04:00,181.7702799166873,181.82987643665223,173.8059240304574,174.35211181640625,27450800,0.0,0.0
2022-06-13 00:00:00-04:00,169.40662002400506,171.38282092477996,162.89212891887655,163.1205291748047,31749300,0.0,0.0
2022-06-14 00:00:00-04:00,164.87827126596156,165.59327793615202,160.24066823896615,162.59422302246094,27244300,0.0,0.0
2022-06-15 00:00:00-04:00,166.04016743535288,170.96576767627823,162.84250265313943,168.17526245117188,30008300,0.0,0.0
2022-06-16 00:00:00-04:00,162.58431031260895,163.93487688731022,158.50281990437463,159.7540740966797,26944100,0.0,0.0
2022-06-17 00:00:00-04:00,160.5584488585028,164.7491767213856,158.7907975972423,162.6041717529297,31374200,0.0,0.0
2022-06-21 00:00:00-04:00,164.77894566665782,166.59625287813012,154.88804611106323,155.96055603027344,50724900,0.0,0.0
2022-06-22 00:00:00-04:00,157.28133881462222,159.67460937224337,154.36173087266783,154.76889038085938,47267800,0.0,0.0
2022-06-23 00:00:00-04:00,155.1859958737986,158.64185168649269,153.18000389759936,157.64878845214844,40499200,0.0,0.0
2022-06-24 00:00:00-04:00,160.60809926890386,169.0690015635416,160.18108938711842,168.97962951660156,68736000,0.0,0.0
2022-06-27 00:00:00-04:00,170.13159273167577,170.5586026293299,166.8445408491839,168.3142852783203,29174600,0.0,0.0
2022-06-28 00:00:00-04:00,168.72141147545437,170.11170888123422,159.4958621161718,159.56536865234375,27744500,0.0,0.0
2022-06-29 00:00:00-04:00,162.43533639936211,165.17618506417662,159.20788136690297,162.80276489257812,28595200,0.0,0.0
2022-06-30 00:00:00-04:00,161.0251746738575,164.08381082254584,157.39057526508302,160.1314239501953,35250600,0.0,0.0
2022-07-01 00:00:00-04:00,159.19794782136924,159.50579496695804,153.9247850296623,158.91989135742188,31423900,0.0,0.0
2022-07-05 00:00:00-04:00,157.0429977445288,167.0828662735314,155.9307719234765,167.02328491210938,28618600,0.0,0.0
2022-07-06 00:00:00-04:00,167.0332296710171,170.39971336251205,164.31224616080019,168.59234619140625,23085900,0.0,0.0
2022-07-07 00:00:00-04:00,168.2745760079702,171.52189729686165,166.61616208720045,170.99557495117188,24083400,0.0,0.0
2022-07-08 00:00:00-04:00,168.80089033759143,171.20410163186685,166.98358273572163,169.6946563720703,19249200,0.0,0.0
2022-07-11 00:00:00-04:00,165.9110745220636,166.3281592437503,160.7868648220126,161.75013732910156,21885600,0.0,0.0
2022-07-12 00:00:00-04:00,163.65679062146467,164.75909119254507,160.97552346700783,162.1374053955078,16639700,0.0,0.0
2022-07-13 00:00:00-04:00,159.0489939667087,163.83555035660143,158.50280621658072,162.35589599609375,16555100,0.0,0.0
2022-07-14 00:00:00-04:00,160.10165236475422,161.46214411722048,156.18898088222045,156.95364379882812,23765200,0.0,0.0
2022-07-15 00:00:00-04:00,159.42634884359796,163.8355515824348,158.71135732791987,163.5574951171875,23342800,0.0,0.0
2022-07-18 00:00:00-04:00,165.59328022000832,170.4990146042201,164.49097951767354,166.0699462890625,23574300,0.0,0.0
2022-07-19 00:00:00-04:00,169.1881631762132,175.26571992802639,168.3341282653375,174.56063842773438,25933700,0.0,0.0
2022-07-20 00:00:00-04:00,176.25875682038168,182.326372339126,175.47422856698225,181.8199005126953,24784300,0.0,0.0
2022-07-21 00:00:00-04:00,179.37699465061837,182.57465908137436,177.6291938767748,181.8993682861328,27195800,0.0,0.0
2022-07-22 00:00:00-04:00,171.8694218757118,174.38187007090616,167.2417446269031,168.0957794189453,42583900,0.0,0.0
2022-07-25 00:00:00-04:00,167.8276927849411,169.3868093936931,163.66675525532875,165.49398803710938,26166300,0.0,0.0
2022-07-26 00:00:00-04:00,164.78888117236554,164.84846252953244,156.85430212928955,158.0459747314453,28468400,0.0,0.0
2022-07-27 00:00:00-04:00,161.46210965786767,169.68467009197653,160.89607162695916,168.40362548828125,43846600,0.0,0.0
2022-07-28 00:00:00-04:00,159.94274035613432,160.38961572025178,153.77582699484466,159.6051025390625,73214300,0.0,0.0
2022-07-29 00:00:00-04:00,156.5961304718885,159.0291321576182,154.09360709228082,157.99635314941406,42065400,0.0,0.0
2022-08-01 00:00:00-04:00,156.1591851083066,164.04410918466886,154.15319324119818,158.82058715820312,40596700,0.0,0.0
2022-08-02 00:00:00-04:00,157.21180256289333,161.11454806860021,156.9138806295438,159.07876586914062,27374500,0.0,0.0
2022-08-03 00:00:00-04:00,161.56147193984262,168.36394650521765,160.44924588425928,167.62908935546875,31721900,0.0,0.0
2022-08-04 00:00:00-04:00,167.1325373671115,170.95582154448263,165.64294258692857,169.3867950439453,23938200,0.0,0.0
2022-08-05 00:00:00-04:00,165.83162767132987,170.41957476345786,164.6498800499171,165.95079040527344,25832700,0.0,0.0
2022-08-08 00:00:00-04:00,166.8346081704295,176.2786332135897,165.97064808420234,169.06900024414062,27299100,0.0,0.0
2022-08-09 00:00:00-04:00,167.77801610097995,168.35399454612372,165.44432679109218,167.36093139648438,18655100,0.0,0.0
2022-08-10 00:00:00-04:00,174.7692005526362,179.22804468728987,172.74334310966682,177.10289001464844,30262100,0.0,0.0
2022-08-11 00:00:00-04:00,178.46335963241475,181.82984261959618,175.1465176732258,176.25875854492188,24079100,0.0,0.0
2022-08-12 00:00:00-04:00,179.5557261467795,180.2012262156535,177.66891242870983,179.2478790283203,21274000,0.0,0.0
2022-08-15 00:00:00-04:00,177.71858826208515,180.18138063501422,176.96385056905282,179.63519287109375,15878700,0.0,0.0
2022-08-16 00:00:00-04:00,178.1952459401866,179.7344967831318,175.81188539703066,178.22503662109375,21156700,0.0,0.0
2022-08-17 00:00:00-04:00,175.5338393460009,176.90427136073453,172.96180938893704,173.63710021972656,20118100,0.0,0.0
2022-08-18 00:00:00-04:00,173.13062255896347,174.54077038611848,170.66783023780124,173.4484100341797,18844500,0.0,0.0
2022-08-19 00:00:00-04:00,169.01934308908173,171.12464724604104,165.89120026496457,166.79489135742188,26240800,0.0,0.0
2022-08-22 00:00:00-04:00,164.34202175823924,164.34202175823924,161.13441695931127,161.9189453125,19499700,0.0,0.0
2022-08-23 00:00:00-04:00,161.35290814770875,163.90508790292597,159.585256823908,159.99241638183594,18111800,0.0,0.0
2022-08-24 00:00:00-04:00,159.48596568492076,164.3122537366885,158.66172136041752,162.12750244140625,20891500,0.0,0.0
2022-08-25 00:00:00-04:00,164.03417354079855,167.70851953536783,162.88223173493446,167.6092071533203,15550500,0.0,0.0
2022-08-26 00:00:00-04:00,167.31128091921585,169.73435751151283,160.54852306381065,160.6577606201172,24023600,0.0,0.0
2022-08-29 00:00:00-04:00,159.5455264556274,161.91894673546284,157.90696319573627,158.06585693359375,20052700,0.0,0.0
2022-08-30 00:00:00-04:00,159.23771398353375,160.53862454551913,154.82851029198903,156.06983947753906,19567900,0.0,0.0
2022-08-31 00:00:00-04:00,165.91105457256884,166.6757022272474,161.01524575220782,161.7997589111328,40953000,0.0,0.0
2022-09-01 00:00:00-04:00,162.44528506331505,166.1990628623644,159.23769507162842,164.2129364013672,30145700,0.0,0.0
2022-09-02 00:00:00-04:00,166.28841544244423,166.76508149443754,158.11551025538967,159.2078857421875,22634200,0.0,0.0
2022-09-06 00:00:00-04:00,158.98942262661697,160.56838946048592,156.5961367043225,157.4402313232422,19339800,0.0,0.0
2022-09-07 00:00:00-04:00,156.66562873223995,159.8434427650851,155.72222182065045,159.2773895263672,16831200,0.0,0.0
2022-09-08 00:00:00-04:00,157.60905392509943,161.104625185907,156.6457814896264,160.93580627441406,22530800,0.0,0.0
2022-09-09 00:00:00-04:00,162.11754236242328,168.3639022584355,161.88914210452134,167.9766082763672,22086800,0.0,0.0
2022-09-12 00:00:00-04:00,166.228832262736,170.20108467611442,166.11959471525049,167.78794860839844,23220400,0.0,0.0
2022-09-13 00:00:00-04:00,160.41939772079658,160.50878491113568,151.61093335516279,152.0677490234375,44444100,0.0,0.0
2022-09-14 00:00:00-04:00,152.2663791257827,152.47491390782315,148.0160699299061,150.41928100585938,43064200,0.0,0.0
2022-09-15 00:00:00-04:00,148.76086955837675,153.1303415527559,147.66849398331107,148.51260375976562,34606300,0.0,0.0
2022-09-16 00:00:00-04:00,147.02300843327845,147.54933071218412,143.28908113786707,145.27520751953125,40122800,0.0,0.0
2022-09-19 00:00:00-04:00,144.2324805569561,147.54930745481647,144.0934523382715,146.99319458007812,22169500,0.0,0.0
2022-09-20 00:00:00-04:00,144.76872150101977,147.80749182660145,144.21260865097068,145.07656860351562,23217400,0.0,0.0
2022-09-21 00:00:00-04:00,145.37452420798962,148.56226381232418,141.01497727715852,141.13414001464844,38338600,0.0,0.0
2022-09-22 00:00:00-04:00,140.56807511655674,143.57705488927735,139.8927843757181,141.8292694091797,34418500,0.0,0.0
2022-09-23 00:00:00-04:00,140.43900836322868,141.63068127817743,137.92655945695614,139.43601989746094,31710700,0.0,0.0
2022-09-26 00:00:00-04:00,139.14799788660858,141.25330198021248,135.24526714438548,135.42401123046875,30497000,0.0,0.0
2022-09-27 00:00:00-04:00,136.96326843093527,138.45286316247478,133.18962541378022,133.46768188476562,30826500,0.0,0.0
2022-09-28 00:00:00-04:00,133.68616806769387,141.0447702879112,133.33860502663492,140.627685546875,32658500,0.0,0.0
2022-09-29 00:00:00-04:00,138.3932939070833,138.86996002006063,134.26214718676619,135.46376037597656,38985400,0.0,0.0
2022-09-30 00:00:00-04:00,135.10627431675823,140.01200978168268,134.56008643348727,134.73883056640625,33166400,0.0,0.0
2022-10-03 00:00:00-04:00,136.18866414251312,138.651456228818,135.1558852524302,137.64846801757812,27723100,0.0,0.0
2022-10-04 00:00:00-04:00,139.5154652386649,141.40227940375894,138.37343337836646,139.30691528320312,34670700,0.0,0.0
2022-10-05 00:00:00-04:00,137.28107304772033,139.23740891821345,133.84506743749563,138.01593017578125,27979300,0.0,0.0
2022-10-06 00:00:00-04:00,136.76464446578143,140.46876539966271,135.65241869866074,138.10528564453125,36231100,0.0,0.0
2022-10-07 00:00:00-04:00,135.8112977576115,137.33068301741045,131.5212732455144,132.52426147460938,33214800,0.0,0.0
2022-10-10 00:00:00-04:00,132.62358250842252,135.1658216673534,130.9552285897862,132.86190795898438,24024000,0.0,0.0
2022-10-11 00:00:00-04:00,130.70695919793616,131.73975329829742,126.10907981380274,127.64832305908203,38481400,0.0,0.0
2022-10-12 00:00:00-04:00,127.42985852953849,128.77048456243003,125.37421073165594,126.61553955078125,34605200,0.0,0.0
2022-10-13 00:00:00-04:00,122.67308358829318,130.2302943889548,121.68002048782748,129.3861846923828,34325700,0.0,0.0
2022-10-14 00:00:00-04:00,130.09125366009002,130.8757667667776,125.64232806386937,125.88066864013672,23559400,0.0,0.0
2022-10-17 00:00:00-04:00,129.39612223902975,133.85496576636612,129.27694436553693,133.11016845703125,29612200,0.0,0.0
2022-10-18 00:00:00-04:00,136.1390497622748,136.88384726792242,130.48851692829024,131.87881469726562,25445000,0.0,0.0
2022-10-19 00:00:00-04:00,131.9681635517954,136.0496537710444,131.30281304878633,132.30580139160156,30691000,0.0,0.0
2022-10-20 00:00:00-04:00,132.00788188487778,135.82125603082707,130.39912437440867,130.6175994873047,26356300,0.0,0.0
2022-10-21 00:00:00-04:00,125.4337934650105,129.21736132269453,124.56983344637268,129.10812377929688,46348600,0.0,0.0
2022-10-24 00:00:00-04:00,126.36729258833617,132.55407210052488,123.70588290109863,128.82015991210938,63563400,0.0,0.0
2022-10-25 00:00:00-04:00,129.9721082704897,137.39029111902516,129.6841114749998,136.5561065673828,38433200,0.0,0.0
2022-10-26 00:00:00-04:00,130.76654700494944,134.6097116608422,127.63840417505021,128.91946411132812,82791500,0.0,0.0
2022-10-27 00:00:00-04:00,97.30033592507377,101.78897826720984,95.7114287397259,97.26061248779297,232316600,0.0,0.0
2022-10-28 00:00:00-04:00,98.88923256309111,100.15041945886574,96.83359209850978,98.5118637084961,95928300,0.0,0.0
2022-10-31 00:00:00-04:00,97.53866036503508,98.63102827621302,91.95764293134883,92.51376342773438,121361400,0.0,0.0
2022-11-01 00:00:00-04:00,93.67565169773323,96.81372741045269,92.90106362865914,94.53961181640625,110189600,0.0,0.0
2022-11-02 00:00:00-04:00,93.55648159280648,94.53961202289622,89.85236016179088,89.91194152832031,71821100,0.0,0.0
2022-11-03 00:00:00-04:00,89.45513314072755,89.8324944218848,87.79671944722035,88.29325103759766,60664000,0.0,0.0
2022-11-04 00:00:00-04:00,89.72325182690423,90.75603838606281,87.47892704303133,90.16020202636719,55638100,0.0,0.0
2022-11-07 00:00:00-05:00,94.1225197898974,96.20795079311442,92.45417347202974,96.04906463623047,81987300,0.0,0.0
2022-11-08 00:00:00-05:00,95.25461637027523,97.12157995769246,94.1324577284015,95.8008041381836,52088300,0.0,0.0
2022-11-09 00:00:00-05:00,101.01438670274665,104.17232788134447,100.04118146405922,100.76612091064453,107677300,0.0,0.0
2022-11-10 00:00:00-05:00,106.37692885293671,111.96787173860783,103.88433818993818,111.09397888183594,80671000,0.0,0.0
2022-11-11 00:00:00-05:00,108.47229718253378,114.10296373480408,108.05520487844373,112.23600006103516,59961700,0.0,0.0
2022-11-14 00:00:00-05:00,110.22007605616892,115.46344823592956,110.03139921110841,113.42767333984375,53395000,0.0,0.0
2022-11-15 00:00:00-05:00,115.2648340397726,117.91631070591497,113.61635322887716,116.26782989501953,50670500,0.0,0.0
2022-11-16 00:00:00-05:00,113.7057364919192,115.27477816754063,111.87850383914812,112.44454956054688,33287800,0.0,0.0
2022-11-17 00:00:00-05:00,109.64410848040296,111.55078795269303,109.03833933923725,110.67688751220703,35093800,0.0,0.0
2022-11-18 00:00:00-05:00,113.01058071429979,113.52697017850475,109.85263983976293,111.27272033691406,33357700,0.0,0.0
2022-11-21 00:00:00-05:00,110.74639649912582,111.59050621756411,108.43256517321927,109.09791564941406,24351100,0.0,0.0
2022-11-22 00:00:00-05:00,109.09792004891445,110.84571334290337,107.56860186373298,110.66696166992188,29029000,0.0,0.0
2022-11-23 00:00:00-05:00,110.94501340234123,111.88842033935603,109.96188303119828,111.4614028930664,21343100,0.0,0.0
2022-11-25 00:00:00-05:00,110.52793133194992,111.94801193573602,110.24986728645337,110.63716888427734,12007600,0.0,0.0
2022-11-28 00:00:00-05:00,110.01152437071426,111.26278594540724,107.62817151583661,108.02539825439453,23309400,0.0,0.0
2022-11-29 00:00:00-05:00,108.78013045833187,110.17042028263462,107.78706738046849,108.70068359375,23899200,0.0,0.0
2022-11-30 00:00:00-05:00,108.75034544287803,117.34034302913078,108.62124238709019,117.28075408935547,43348600,0.0,0.0
2022-12-01 00:00:00-05:00,118.37311900070078,120.35924520927946,117.57867306315146,119.60452270507812,36551400,0.0,0.0
2022-12-02 00:00:00-05:00,117.0126430908143,123.17956488639871,116.79416796633294,122.63337707519531,39950500,0.0,0.0
2022-12-05 00:00:00-05:00,120.90543576443036,123.80517827816894,120.50820899816485,121.58071899414062,35474900,0.0,0.0
2022-12-06 00:00:00-05:00,119.07820567486125,119.71376548325799,112.95100029556593,113.328369140625,43689200,0.0,0.0
2022-12-07 00:00:00-05:00,112.97086004692484,115.07614896382506,112.09695967254044,113.13967895507812,29461100,0.0,0.0
2022-12-08 00:00:00-05:00,115.58261271516358,116.52601962232978,113.79509611830431,114.52996826171875,30619400,0.0,0.0
2022-12-09 00:00:00-05:00,114.50017957964646,116.72463882397538,113.0800990297086,115.09601593017578,26033400,0.0,0.0
2022-12-12 00:00:00-05:00,114.38101702846627,114.91727205321595,112.35516723823551,113.91427612304688,24747100,0.0,0.0
2022-12-13 00:00:00-05:00,121.28280444893988,122.44469413726709,117.8170160434879,119.31654357910156,44701100,0.0,0.0
2022-12-14 00:00:00-05:00,118.5618080009239,123.27885792875243,118.5618080009239,120.74654388427734,36922000,0.0,0.0
2022-12-15 00:00:00-05:00,117.50915421135193,117.80706858474572,113.21912207683988,115.34427642822266,34531000,0.0,0.0
2022-12-16 00:00:00-05:00,119.39598553083218,122.45461426632954,117.9957628564649,118.60153198242188,67064000,0.0,0.0
2022-12-19 00:00:00-05:00,116.01957187119426,116.98284435751376,113.53691394829686,113.68587493896484,29769900,0.0,0.0
2022-12-20 00:00:00-05:00,112.4743297898754,116.51609633840275,111.67987627248904,116.27775573730469,28742500,0.0,0.0
2022-12-21 00:00:00-05:00,115.89047403781295,119.50522353048689,114.81797152486092,118.92925262451172,20392800,0.0,0.0
2022-12-22 00:00:00-05:00,116.3869954443798,117.79715084272303,113.58655772952558,116.30755615234375,23618100,0.0,0.0
2022-12-23 00:00:00-05:00,115.22510957783174,117.36019674510064,114.73851078321191,117.2211685180664,17796600,0.0,0.0
2022-12-27 00:00:00-05:00,117.11193316595197,117.77728363300687,115.24497724188932,116.0692138671875,21392300,0.0,0.0
2022-12-28 00:00:00-05:00,115.44359736633466,117.33041896761625,114.70873271741459,114.8179702758789,19612500,0.0,0.0
2022-12-29 00:00:00-05:00,115.59254934920521,120.19042889376358,114.96691473106002,119.42577362060547,22366200,0.0,0.0
2022-12-30 00:00:00-05:00,117.34034806387496,119.58466537798836,116.92325577343314,119.50521850585938,19583800,0.0,0.0
2023-01-03 00:00:00-05:00,121.96800788854041,125.49338487353471,121.43175291305995,123.87468719482422,35528500,0.0,0.0
2023-01-04 00:00:00-05:00,126.4963830012802,128.15480424194706,124.97699757381477,126.48645782470703,32397100,0.0,0.0
2023-01-05 00:00:00-05:00,125.25504671628343,127.6284745077786,123.67608001591103,126.05943298339844,25447100,0.0,0.0
2023-01-06 00:00:00-05:00,128.07536832739842,129.4259349510134,125.1656927072315,129.1180877685547,27584500,0.0,0.0
2023-01-09 00:00:00-05:00,130.25016326294266,132.0277395914627,128.38319973683383,128.57188415527344,26649100,0.0,0.0
2023-01-10 00:00:00-05:00,126.38714433308007,132.51434975414818,126.26798160348737,132.06747436523438,28684400,0.0,0.0
2023-01-11 00:00:00-05:00,130.05155039539636,132.9215021516353,129.4358409686768,131.96815490722656,25423000,0.0,0.0
2023-01-12 00:00:00-05:00,132.51435215688096,136.72493031020812,130.84599814762683,135.7616729736328,30757700,0.0,0.0
2023-01-13 00:00:00-05:00,134.03371865795077,136.43692937733704,133.9046156148341,136.02976989746094,22423800,0.0,0.0
2023-01-17 00:00:00-05:00,135.23533971354632,135.80139301267857,133.31873500513416,134.42103576660156,21147600,0.0,0.0
2023-01-18 00:00:00-05:00,134.86789893919627,136.29791224625038,131.87878442440996,132.09725952148438,20215500,0.0,0.0
2023-01-19 00:00:00-05:00,131.57093643512005,136.49652095770875,131.2233582866692,135.20553588867188,28625200,0.0,0.0
2023-01-20 00:00:00-05:00,134.9473280480872,138.96923615667572,133.6762086430776,138.40318298339844,28688600,0.0,0.0
2023-01-23 00:00:00-05:00,138.32373670963977,142.76272947112383,137.69811733220027,142.27613830566406,27470100,0.0,0.0
2023-01-24 00:00:00-05:00,140.70711051189517,143.99414688881774,140.37939787648503,142.1470489501953,21970200,0.0,0.0
2023-01-25 00:00:00-05:00,140.2403761535725,142.17684622265583,139.33668507035335,140.5184326171875,26622000,0.0,0.0
2023-01-26 00:00:00-05:00,143.39832110735034,146.48674828891208,142.30596067082345,146.27821350097656,25482100,0.0,0.0
2023-01-27 00:00:00-05:00,147.21167250133433,152.127331585419,146.36756284470962,150.68739318847656,35771900,0.0,0.0
2023-01-30 00:00:00-05:00,148.3735447829344,150.07167400801796,145.93060316336428,146.0398406982422,28040100,0.0,0.0
2023-01-31 00:00:00-05:00,146.92368635959087,148.84030607097574,146.4966764891175,147.93661499023438,29842100,0.0,0.0
2023-02-01 00:00:00-05:00,147.00312805837234,152.51463124063147,146.03985564845766,152.0578155517578,55661000,0.0,0.0
2023-02-02 00:00:00-05:00,182.10793083625816,195.79234024734723,178.91026618373948,187.46054077148438,150475700,0.0,0.0
2023-02-03 00:00:00-05:00,182.19728289326244,195.4050247713877,181.62130449358847,185.23605346679688,76809700,0.0,0.0
2023-02-06 00:00:00-05:00,185.23605849534317,189.37712979649177,184.2330702212179,184.76931762695312,42483800,0.0,0.0
2023-02-07 00:00:00-05:00,184.2926762361429,192.4357917001437,183.12085374397685,190.290771484375,47080700,0.0,0.0
2023-02-08 00:00:00-05:00,188.68197847348551,189.506222618854,181.65109029938392,182.1575469970703,36139100,0.0,0.0
2023-02-09 00:00:00-05:00,184.83886197746415,185.3552439417176,176.04032124262613,176.68580627441406,37118800,0.0,0.0
2023-02-10 00:00:00-05:00,175.12669134476383,177.64906506091359,172.14750191549953,172.9419403076172,33433600,0.0,0.0
2023-02-13 00:00:00-05:00,176.98373519446065,179.7444498416719,174.6003894345327,178.18533325195312,31463200,0.0,0.0
2023-02-14 00:00:00-05:00,175.93108652361,180.25090250837437,174.659966793786,178.2349853515625,24034600,0.0,0.0
2023-02-15 00:00:00-05:00,175.1962038438669,176.95392990973855,174.1137686177919,175.9310760498047,25308900,0.0,0.0
2023-02-16 00:00:00-05:00,171.55166735716432,174.63016933039438,170.59832002033082,171.2438201904297,25827500,0.0,0.0
2023-02-17 00:00:00-05:00,169.03918907715567,171.97864714115232,168.52279206209818,171.6807403564453,24171300,0.0,0.0
2023-02-21 00:00:00-05:00,173.10083331965035,176.9340576419765,170.68769716550068,170.8863067626953,34592600,0.0,0.0
2023-02-22 00:00:00-05:00,169.88334235685807,171.56160656935168,168.51291018334064,169.9329833984375,22433200,0.0,0.0
2023-02-23 00:00:00-05:00,170.8068570183825,172.48513611937082,168.20503648715976,170.84657287597656,20017800,0.0,0.0
2023-02-24 00:00:00-05:00,167.4701777271182,169.53575100498932,166.49698003228437,169.20803833007812,19791300,0.0,0.0
2023-02-27 00:00:00-05:00,170.68770143860985,171.91909006380854,167.88725604335212,168.36392211914062,19277000,0.0,0.0
2023-02-28 00:00:00-05:00,170.70755046716732,176.31836639072463,170.67775978472054,173.72647094726562,46051100,0.0,0.0
2023-03-01 00:00:00-05:00,173.37887720914978,176.61627250504657,171.8495667534545,172.2169952392578,30998400,0.0,0.0
2023-03-02 00:00:00-05:00,171.18421069860065,173.7959561747655,170.24078869368054,173.3192901611328,17352000,0.0,0.0
2023-03-03 00:00:00-05:00,177.67884419711405,185.32542687141702,175.82182108915276,183.96493530273438,45877700,0.0,0.0
2023-03-06 00:00:00-05:00,186.6958724355289,188.34436090331448,183.35917964120182,183.61737060546875,33209400,0.0,0.0
2023-03-07 00:00:00-05:00,187.6889465447827,189.03951311545543,182.7335556756576,183.23008728027344,36701500,0.0,0.0
2023-03-08 00:00:00-05:00,181.6014509997279,183.97487129085047,180.08206561247465,183.6868896484375,19432400,0.0,0.0
2023-03-09 00:00:00-05:00,185.05731952586282,187.6194090554493,179.04928458509838,180.4296417236328,26582800,0.0,0.0
2023-03-10 00:00:00-05:00,179.75436531559095,183.48829266497177,177.5597041177782,178.2647705078125,25665000,0.0,0.0
2023-03-13 00:00:00-04:00,176.7255332709814,182.50515320013594,173.6073154373622,179.64512634277344,24728000,0.0,0.0
2023-03-14 00:00:00-04:00,186.2787741315394,192.97202473741814,185.26584554838433,192.67410278320312,41642600,0.0,0.0
2023-03-15 00:00:00-04:00,191.61154367511813,196.40804080618722,189.51617969222386,196.3782501220703,42123600,0.0,0.0
2023-03-16 00:00:00-04:00,196.88467873646928,204.33265175894712,194.7297336936518,203.50840759277344,50447100,0.0,0.0
2023-03-17 00:00:00-04:00,199.16874180941005,200.49944278615354,194.07432302987556,194.25308227539062,50141100,0.0,0.0
2023-03-20 00:00:00-04:00,197.10315562016626,197.97705597837466,192.29673395590015,196.43780517578125,25186300,0.0,0.0
2023-03-21 00:00:00-04:00,201.79043897159778,202.1380171523649,196.57685717774208,200.75765991210938,31827000,0.0,0.0
2023-03-22 00:00:00-04:00,201.09529255545812,205.93150535957898,198.28492195719429,198.4239501953125,28477800,0.0,0.0
2023-03-23 00:00:00-04:00,201.432932150443,206.43797907213462,200.7477161305615,202.86294555664062,27389700,0.0,0.0
2023-03-24 00:00:00-04:00,203.7566883902138,206.14004902497825,202.13800577125969,204.5809326171875,27716400,0.0,0.0
2023-03-27 00:00:00-04:00,203.38924254153588,204.43196178331618,199.96317802106324,201.4329071044922,18527200,0.0,0.0
2023-03-28 00:00:00-04:00,198.7616110192387,199.63551156156433,196.52721862138242,199.28793334960938,19127300,0.0,0.0
2023-03-29 00:00:00-04:00,202.14793034442258,204.29295036342754,201.13500169884674,203.92552185058594,18851100,0.0,0.0
2023-03-30 00:00:00-04:00,201.9691860222498,206.6465049204473,201.4130730889809,206.3982391357422,22608300,0.0,0.0
2023-03-31 00:00:00-04:00,205.80240916140227,210.69820313423787,205.33566827660388,210.4698028564453,25440300,0.0,0.0
2023-04-03 00:00:00-04:00,207.3913118002008,212.00906469957744,206.7557519682816,211.59197998046875,17924600,0.0,0.0
2023-04-04 00:00:00-04:00,211.90973875725146,214.73997471291952,211.06562904333202,213.2305145263672,21026400,0.0,0.0
2023-04-05 00:00:00-04:00,212.66446195233036,213.69725608698042,208.48367468576205,210.0129852294922,19396600,0.0,0.0
2023-04-06 00:00:00-04:00,207.798433979437,215.4350909190894,207.20259011473615,214.60092163085938,26104400,0.0,0.0
2023-04-10 00:00:00-04:00,213.22058382610507,214.16399073590577,209.19867526017546,213.2602996826172,16106100,0.0,0.0
2023-04-11 00:00:00-04:00,213.98525990439575,214.52152253260653,211.9296269041005,212.3665771484375,16710100,0.0,0.0
2023-04-12 00:00:00-04:00,213.34967229513575,215.3357984907403,211.1053551491611,212.5155029296875,18972200,0.0,0.0
2023-04-13 00:00:00-04:00,214.2335100899121,219.61591056926196,214.19379423102393,218.82147216796875,23310400,0.0,0.0
2023-04-14 00:00:00-04:00,216.3686088464835,220.5692618228154,216.04089618124604,219.9535675048828,21591200,0.0,0.0
2023-04-17 00:00:00-04:00,218.26533831094628,219.4470858581435,215.62380190579213,217.341796875,15481900,0.0,0.0
2023-04-18 00:00:00-04:00,218.3845319458601,218.91085422961788,214.71020113649635,216.3785400390625,12281000,0.0,0.0
2023-04-19 00:00:00-04:00,211.98919349384875,215.82241788882212,211.45293090302494,214.20372009277344,15898100,0.0,0.0
2023-04-20 00:00:00-04:00,211.99912436985045,215.24644522576878,211.29405799455063,211.59197998046875,16475400,0.0,0.0
2023-04-21 00:00:00-04:00,208.7518211737734,211.9296203715316,208.12618651112626,211.41322326660156,17717200,0.0,0.0
2023-04-24 00:00:00-04:00,212.1977294176344,212.43607003183712,209.24834576393567,211.31390380859375,15750900,0.0,0.0
2023-04-25 00:00:00-04:00,209.3575962553831,209.79453134567675,205.69319053263195,206.1102752685547,19198200,0.0,0.0
2023-04-26 00:00:00-04:00,211.0259200488981,212.6247523316215,207.43103628335922,207.94741821289062,41992700,0.0,0.0
2023-04-27 00:00:00-04:00,238.22589653598078,240.01341307215787,235.12754464190036,236.90512084960938,71196500,0.0,0.0
2023-04-28 00:00:00-04:00,237.35201341308866,238.762161240327,234.11463306207162,238.65293884277344,39554000,0.0,0.0
2023-05-01 00:00:00-04:00,236.96472226230986,242.30740681898098,234.81971739031144,241.4930877685547,29143900,0.0,0.0
2023-05-02 00:00:00-04:00,241.4930850874803,243.2210203916547,237.3321632942295,237.58042907714844,24350100,0.0,0.0
2023-05-03 00:00:00-04:00,237.80880312723474,240.07298560550865,231.13541840613087,235.38572692871094,34463900,0.0,0.0
2023-05-04 00:00:00-04:00,234.42245890467396,236.54761320512407,231.31416673911798,231.90008544921875,17889400,0.0,0.0
2023-05-05 00:00:00-04:00,230.628974772949,233.05203595567318,228.25555462179068,231.16522216796875,27000500,0.0,0.0
2023-05-08 00:00:00-04:00,229.81468249897824,233.98554488249752,228.67266588724453,231.65185546875,16400500,0.0,0.0
2023-05-09 00:00:00-04:00,229.8544052930158,234.24374263445586,229.4770364439114,231.7511444091797,16865600,0.0,0.0
2023-05-10 00:00:00-04:00,234.53171137808388,235.10768979657198,229.11952049360835,231.46315002441406,19119000,0.0,0.0
2023-05-11 00:00:00-04:00,231.4333745254559,236.55758411330328,230.6885771488365,234.15435791015625,20449000,0.0,0.0
2023-05-12 00:00:00-04:00,235.0977780320759,235.31625313958426,229.84446542827206,232.18809509277344,16161400,0.0,0.0
2023-05-15 00:00:00-04:00,235.27651903465465,238.59334630985595,233.69755226718914,237.20306396484375,20653200,0.0,0.0
2023-05-16 00:00:00-04:00,234.15433502989876,237.97763391746344,233.8862189106324,237.163330078125,18163800,0.0,0.0
2023-05-17 00:00:00-04:00,236.79590818162305,242.14851802395924,236.48806102557035,240.80789184570312,21193100,0.0,0.0
2023-05-18 00:00:00-04:00,239.62611608149138,245.3759444517642,239.51687854029052,245.1376190185547,22943300,0.0,0.0
2023-05-19 00:00:00-04:00,245.75334256589562,246.9648808389927,241.72150854192458,243.93603515625,21733600,0.0,0.0
2023-05-22 00:00:00-04:00,243.70761021472313,251.81100845505782,243.41961344046746,246.59742736816406,27738500,0.0,0.0
2023-05-23 00:00:00-04:00,245.09790314444322,249.8646090911643,244.93900941053306,245.0283966064453,17748100,0.0,0.0
2023-05-24 00:00:00-04:00,243.5785163383719,247.85861588162453,243.2508036965043,247.48126220703125,17724300,0.0,0.0
2023-05-25 00:00:00-04:00,251.64220015112937,253.8468015914283,247.44154720264257,250.9371337890625,22371400,0.0,0.0
2023-05-26 00:00:00-04:00,251.1754685062599,260.49040619358874,250.95700854244143,260.2222900390625,25727200,0.0,0.0
2023-05-30 00:00:00-04:00,263.4100175767866,266.78642644402095,259.47749573404934,260.6989440917969,23816500,0.0,0.0
2023-05-31 00:00:00-04:00,258.19640791321996,263.16172345001263,256.6571722191666,262.8836669921875,25473700,0.0,0.0
2023-06-01 00:00:00-04:00,264.05542826440217,272.09924409630753,264.04551824305105,270.7188720703125,25609500,0.0,0.0
2023-06-02 00:00:00-04:00,270.7685434005708,273.4398851192711,269.2392179955522,270.7188720703125,19416900,0.0,0.0
2023-06-05 00:00:00-04:00,268.42495029713945,273.65841235642824,267.69009328325524,269.5074157714844,20742900,0.0,0.0
2023-06-06 00:00:00-04:00,268.26613620291545,274.6515259912063,267.81924559257203,269.23931884765625,19419000,0.0,0.0
2023-06-07 00:00:00-04:00,269.7854493440546,272.34753865202845,260.9769547245147,261.77142333984375,26163600,0.0,0.0
2023-06-08 00:00:00-04:00,258.8121074074924,265.79333998070234,257.0841872637423,262.74462890625,20899400,0.0,0.0
2023-06-09 00:00:00-04:00,260.6592238964262,266.09128048444296,259.88463585946414,263.1120910644531,16949800,0.0,0.0
2023-06-12 00:00:00-04:00,265.3167395937601,269.8649562485659,263.489476422289,269.1697998046875,15442500,0.0,0.0
2023-06-13 00:00:00-04:00,272.9732299782747,273.80739946841885,267.2233852968365,269.43792724609375,16164000,0.0,0.0
2023-06-14 00:00:00-04:00,270.0039631439923,273.0824347639781,266.45872031027324,271.4538269042969,19175100,0.0,0.0
2023-06-15 00:00:00-04:00,270.41104955005704,282.0199587352708,269.53717954510836,279.87493896484375,25973500,0.0,0.0
2023-06-16 00:00:00-04:00,282.7747066945792,285.85320824566975,278.1867602004858,279.05072021484375,43127700,0.0,0.0
2023-06-20 00:00:00-04:00,276.79647611939964,282.824345828367,274.30387815446664,282.35760498046875,20701600,0.0,0.0
2023-06-21 00:00:00-04:00,281.56321406215625,282.0299549886334,276.42906387090784,279.68634033203125,20556200,0.0,0.0
2023-06-22 00:00:00-04:00,277.1440246782654,283.28117740443963,275.8629951546668,282.90380859375,17563100,0.0,0.0
2023-06-23 00:00:00-04:00,279.55725473004424,287.66065476283757,277.01501514789965,286.7271728515625,51092000,0.0,0.0
2023-06-26 00:00:00-04:00,286.69734660419147,287.7797818126023,275.674339459716,276.5382995605469,24232700,0.0,0.0
2023-06-27 00:00:00-04:00,280.05376019304254,287.34284037830906,278.70317849421707,285.05877685546875,26108300,0.0,0.0
2023-06-28 00:00:00-04:00,282.8442941966165,287.5414641735994,282.08955639655727,283.31103515625,16722100,0.0,0.0
2023-06-29 00:00:00-04:00,282.52648638101715,284.58213452194684,278.74291793339063,279.57708740234375,15395700,0.0,0.0
2023-06-30 00:00:00-04:00,282.7846868116461,287.04490612365464,282.44704896001576,284.9892883300781,19694900,0.0,0.0
2023-07-03 00:00:00-04:00,284.71119459265833,287.392446700968,282.8740218500381,284.035888671875,8629300,0.0,0.0
2023-07-05 00:00:00-04:00,285.65461715967666,296.051989848089,284.37355717409923,292.3280029296875,33865500,0.0,0.0
2023-07-06 00:00:00-04:00,293.83744777583496,296.05195903707505,289.2892019215489,289.9644775390625,47600500,0.0,0.0
2023-07-07 00:00:00-04:00,290.1531659549426,294.14529896689464,286.657594793173,288.5146179199219,25586000,0.0,0.0
2023-07-10 00:00:00-04:00,293.4997988575209,296.06191872960335,285.0587621688762,292.05987548828125,37058300,0.0,0.0
2023-07-11 00:00:00-04:00,291.86126327728795,298.09769885118925,289.8751369122763,296.2208251953125,27585900,0.0,0.0
2023-07-12 00:00:00-04:00,299.65677735101224,307.3033750097444,298.018229368678,307.1941223144531,36677100,0.0,0.0
2023-07-13 00:00:00-04:00,311.4444661763027,314.0462868298362,308.1375791585091,311.2359313964844,30281000,0.0,0.0
2023-07-14 00:00:00-04:00,309.6272055942095,312.6957674633419,305.22791227343015,306.7274475097656,23054100,0.0,0.0
2023-07-17 00:00:00-04:00,305.4066498267778,309.54770619356174,302.59626413923417,308.46527099609375,25323100,0.0,0.0
2023-07-18 00:00:00-04:00,308.72347853869013,312.02045548737846,305.4860829548435,309.8853454589844,20731900,0.0,0.0
2023-07-19 00:00:00-04:00,310.8585019991554,316.4693017493858,308.36590423284497,313.8178405761719,21763700,0.0,0.0
2023-07-20 00:00:00-04:00,311.32532347756353,313.3511809580892,300.12357142400333,300.4214782714844,23836900,0.0,0.0
2023-07-21 00:00:00-04:00,302.45725946043933,303.34106992998585,289.1800096167301,292.2187805175781,42139300,0.0,0.0
2023-07-24 00:00:00-04:00,293.7282143136056,295.45613447918595,286.30009111687883,289.5871276855469,24915700,0.0,0.0
2023-07-25 00:00:00-04:00,293.1423138094745,296.23072566058914,289.83539654714053,292.42730712890625,19585600,0.0,0.0
2023-07-26 00:00:00-04:00,299.1006914438462,299.6766547340837,289.87512632952627,296.4988708496094,47256900,0.0,0.0
2023-07-27 00:00:00-04:00,322.864647320073,323.093062726987,307.6906454407034,309.54766845703125,64229200,0.0,0.0
2023-07-28 00:00:00-04:00,314.68184950652267,323.93720515221605,312.0700886254892,323.2221984863281,39220300,0.0,0.0
2023-07-31 00:00:00-04:00,321.44461085167063,323.40094645360466,315.38691962442203,316.3899230957031,25799600,0.0,0.0
2023-08-01 00:00:00-04:00,315.33728544494596,321.89150838566957,312.47725868492967,320.4714050292969,22817900,0.0,0.0
2023-08-02 00:00:00-04:00,315.7941054303638,316.1814146347916,308.4950846682021,312.12969970703125,20461100,0.0,0.0
2023-08-03 00:00:00-04:00,307.7800302287447,313.75828931012387,307.7800302287447,311.0174255371094,15180200,0.0,0.0
2023-08-04 00:00:00-04:00,312.775192593197,316.20127292650494,308.0482321333323,308.5745544433594,17612800,0.0,0.0
2023-08-07 00:00:00-04:00,311.05715748858296,314.87051605492724,308.3063533786406,314.3640441894531,16236500,0.0,0.0
2023-08-08 00:00:00-04:00,312.21905352423573,315.68486458374076,307.9588040537876,310.4712829589844,15183500,0.0,0.0
2023-08-09 00:00:00-04:00,310.70958057750164,311.4543778857234,300.749159121118,303.0927734375,19955800,0.0,0.0
2023-08-10 00:00:00-04:00,305.8039225788895,310.17339514562474,301.76214757465726,303.6191711425781,14358900,0.0,0.0
2023-08-11 00:00:00-04:00,300.4711183412435,302.60619800831466,298.2764270049962,299.5475769042969,14046300,0.0,0.0
2023-08-14 00:00:00-04:00,298.89215897523803,304.08585987444496,296.1810856549344,304.0660095214844,15641900,0.0,0.0
2023-08-15 00:00:00-04:00,304.0163753659542,305.09881059151013,297.9487435991702,299.8554382324219,11623600,0.0,0.0
2023-08-16 00:00:00-04:00,298.11760371319536,298.99147392780344,292.2386558608915,292.24859619140625,18547700,0.0,0.0
2023-08-17 00:00:00-04:00,291.01710842759655,293.99629751358816,282.97332214012204,283.1123352050781,23950100,0.0,0.0
2023-08-18 00:00:00-04:00,277.0944583244188,283.708263704716,272.4767199249811,281.2851867675781,35347900,0.0,0.0
2023-08-21 00:00:00-04:00,281.4837682910043,288.4848515328741,279.8948611542594,287.8890075683594,20181500,0.0,0.0
2023-08-22 00:00:00-04:00,290.5206250923043,290.8682032711536,284.76087069322546,285.60498046875,12980200,0.0,0.0
2023-08-23 00:00:00-04:00,286.4987104393685,295.3369661560445,285.6744813834375,292.1988830566406,18287000,0.0,0.0
2023-08-24 00:00:00-04:00,296.4293565159792,297.3826886744035,284.65164185583643,284.7608642578125,18360900,0.0,0.0
2023-08-25 00:00:00-04:00,284.1451353027686,286.3894674933129,274.11519243809903,283.5195007324219,23701400,0.0,0.0
2023-08-28 00:00:00-04:00,286.0021582885092,289.4282379320253,283.81740745700915,288.2464904785156,14239300,0.0,0.0
2023-08-29 00:00:00-04:00,286.57815408473397,297.074838985224,286.1809348809312,295.9228820800781,20844500,0.0,0.0
2023-08-30 00:00:00-04:00,295.1085653050081,296.22079109242657,291.3944888220246,293.05291748046875,17717000,0.0,0.0
2023-08-31 00:00:00-04:00,293.74803051995156,299.01128273324264,293.6090174555806,293.8374328613281,17229900,0.0,0.0
2023-09-01 00:00:00-04:00,297.2933153323232,299.646870188194,292.42731187722154,294.3240661621094,12842300,0.0,0.0
2023-09-05 00:00:00-04:00,294.9596694681902,299.2993818258614,293.4601643965392,298.0679626464844,14956000,0.0,0.0
2023-09-06 00:00:00-04:00,299.6170852336197,301.19605206197497,293.60906508325564,297.0947265625,15418100,0.0,0.0
2023-09-07 00:00:00-04:00,295.93280942459444,304.92001852805595,290.1929058097352,296.5981750488281,33748700,0.0,0.0
2023-09-08 00:00:00-04:00,297.144338453534,303.13250766294516,294.72126209393633,295.8235778808594,17548000,0.0,0.0
2023-09-11 00:00:00-04:00,299.3191212722657,306.89619678096966,299.1900182338405,305.42645263671875,19489300,0.0,0.0
2023-09-12 00:00:00-04:00,304.2050319475846,306.5188861385687,298.14737076735327,299.56744384765625,13480400,0.0,0.0
2023-09-13 00:00:00-04:00,300.26256497984866,305.04913672382065,299.22980110519165,302.94384765625,13210900,0.0,0.0
2023-09-14 00:00:00-04:00,304.61221231602815,310.699694901637,302.9140826402241,309.55767822265625,19343100,0.0,0.0
2023-09-15 00:00:00-04:00,309.44840865844526,309.83571785258516,296.67763047583276,298.226806640625,28131100,0.0,0.0
2023-09-18 00:00:00-04:00,296.121522359294,301.49399798650074,295.7342131588105,300.4512634277344,14234200,0.0,0.0
2023-09-19 00:00:00-04:00,300.3817663465524,304.04617196316946,297.73027427943487,302.95379638671875,15924400,0.0,0.0
2023-09-20 00:00:00-04:00,302.93383971887266,305.92296888583047,297.3528308082728,297.5911865234375,19379500,0.0,0.0
2023-09-21 00:00:00-04:00,293.64876766916143,298.1771329325282,291.2356013293581,293.6785583496094,21319600,0.0,0.0
2023-09-22 00:00:00-04:00,297.223785161248,303.261626013211,296.20093134106725,297.00531005859375,25369600,0.0,0.0
2023-09-25 00:00:00-04:00,293.5892243593173,298.8623876231984,291.66267929164457,298.7431945800781,18987000,0.0,0.0
2023-09-26 00:00:00-04:00,295.5951993800877,298.21687050123535,293.95665114113496,296.88616943359375,19417200,0.0,0.0
2023-09-27 00:00:00-04:00,298.365813825326,299.2098931966896,284.8005685468743,295.6745910644531,36429800,0.0,0.0
2023-09-28 00:00:00-04:00,296.8662747588232,304.2049950422856,294.6418231934781,301.8514404296875,22167100,0.0,0.0
2023-09-29 00:00:00-04:00,305.2477791028233,308.48517491583306,297.2833926385552,298.12750244140625,25373700,0.0,0.0
2023-10-02 00:00:00-04:00,300.63993566847256,305.0491385865239,299.53765009190124,304.691650390625,16265600,0.0,0.0
2023-10-03 00:00:00-04:00,302.14939381555854,304.64196163237807,297.561447061845,298.8524169921875,17362300,0.0,0.0
2023-10-04 00:00:00-04:00,296.65777700392675,304.77108627702137,296.42936156061296,303.4602355957031,16880500,0.0,0.0
2023-10-05 00:00:00-04:00,302.51682647716126,304.0858528897177,297.42240776565654,302.67572021484375,19130000,0.0,0.0
2023-10-06 00:00:00-04:00,299.3489394320778,314.11578268990155,298.82261720809345,313.24188232421875,21803900,0.0,0.0
2023-10-09 00:00:00-04:00,310.33221514145873,318.10788578945574,309.6569395147222,316.15155029296875,22503700,0.0,0.0
2023-10-10 00:00:00-04:00,316.90628905267334,322.40786706769734,315.9529569700523,319.607421875,19038000,0.0,0.0
2023-10-11 00:00:00-04:00,320.76935835678336,326.5589035580953,320.70977698843177,325.5459899902344,22036300,0.0,0.0
2023-10-12 00:00:00-04:00,325.72470520119657,328.24709402590145,320.45154242865993,321.9113464355469,20530500,0.0,0.0
2023-10-13 00:00:00-04:00,321.28572429519977,322.7951693946369,310.20313574623543,312.5070495605469,21341000,0.0,0.0
2023-10-16 00:00:00-04:00,316.42964290324574,319.58757630951493,313.3312605530342,318.9222106933594,16536100,0.0,0.0
2023-10-17 00:00:00-04:00,315.9728069446153,322.14966058137793,315.0989065758056,321.75244140625,16387800,0.0,0.0
2023-10-18 00:00:00-04:00,319.16056192127786,323.67898687087495,313.37098711933334,314.7712097167969,16851000,0.0,0.0
2023-10-19 00:00:00-04:00,317.6610705027588,319.6571372906887,309.58746160303093,310.6401062011719,18709200,0.0,0.0
2023-10-20 00:00:00-04:00,311.9607858856666,313.11271215070866,304.3439803050486,306.50885009765625,22312300,0.0,0.0
2023-10-23 00:00:00-04:00,307.35306235106145,315.15852460578594,305.1286104668236,311.831787109375,17796800,0.0,0.0
2023-10-24 00:00:00-04:00,314.58256529909806,316.141681826323,308.4752325634926,310.38189697265625,19525500,0.0,0.0
2023-10-25 00:00:00-04:00,307.84958205293754,308.723482489642,296.76699346232584,297.45220947265625,42192500,0.0,0.0
2023-10-26 00:00:00-04:00,292.95362577078447,292.95362577078447,277.46183475359373,286.3497619628906,66684100,0.0,0.0
2023-10-27 00:00:00-04:00,292.4372388367085,297.2337203774448,290.93770382583693,294.671630859375,29596300,0.0,0.0
2023-10-30 00:00:00-04:00,297.0152130904281,307.2536903358122,296.9754820842397,300.5604553222656,28435100,0.0,0.0
2023-10-31 00:00:00-04:00,301.20597199311294,301.5734004979503,294.8007027575976,299.18011474609375,19434200,0.0,0.0
2023-11-01 00:00:00-04:00,299.7561059558693,310.57054746980504,299.7561059558693,309.6867370605469,20434600,0.0,0.0
2023-11-02 00:00:00-04:00,315.09888902099505,316.6083642306178,306.191112380913,308.7135009765625,21631800,0.0,0.0
2023-11-03 00:00:00-04:00,310.38186599494384,313.36105535457233,308.86248063376854,312.41766357421875,16764300,0.0,0.0
2023-11-06 00:00:00-05:00,313.788118889779,316.1217931505225,312.2687334154871,313.6093444824219,12887700,0.0,0.0
2023-11-07 00:00:00-05:00,314.8605672593097,318.7732380889844,312.93402252364734,316.6083679199219,14055600,0.0,0.0
2023-11-08 00:00:00-05:00,315.9330988711721,319.10094217538756,312.6957035729342,317.56170654296875,13609700,0.0,0.0
2023-11-09 00:00:00-05:00,317.2042191682573,321.93117877367166,316.58849460789054,318.32635498046875,16103100,0.0,0.0
2023-11-10 00:00:00-05:00,317.7206153955323,326.81707716443447,317.24393419027814,326.4893493652344,19096200,0.0,0.0
2023-11-13 00:00:00-05:00,323.9371539957605,330.02460456483254,323.44062250913663,326.9064025878906,16908900,0.0,0.0
2023-11-14 00:00:00-05:00,332.2193399936058,335.75464222677965,331.0177118150149,333.97705078125,17179400,0.0,0.0
2023-11-15 00:00:00-05:00,335.58586052661127,336.05260147153103,327.73072649515404,330.4020690917969,14531200,0.0,0.0
2023-11-16 00:00:00-05:00,327.0851936445304,332.25904399287276,324.11594462578523,331.87176513671875,18932600,0.0,0.0
2023-11-17 00:00:00-05:00,327.96901069081383,333.1726513447855,327.06531968384377,332.7158508300781,14494400,0.0,0.0
2023-11-20 00:00:00-05:00,332.56694665905934,339.4985083381047,331.8717903028424,337.6116943359375,16960500,0.0,0.0
2023-11-21 00:00:00-05:00,335.983036522229,337.5421529147705,333.56990038195556,334.6424255371094,12027900,0.0,0.0
2023-11-22 00:00:00-05:00,336.8569718191688,340.5412582451984,336.2313371315077,339.12115478515625,10702700,0.0,0.0
2023-11-24 00:00:00-05:00,337.77054177080595,339.48852146031885,334.4338341467045,335.88372802734375,5467500,0.0,0.0
2023-11-27 00:00:00-05:00,333.84797952206,337.54217584072387,331.88173378053295,332.3782653808594,15684500,0.0,0.0
2023-11-28 00:00:00-05:00,331.0872390330007,337.02576741661284,331.0872390330007,336.6384582519531,12637200,0.0,0.0
2023-11-29 00:00:00-05:00,337.33366406519946,337.54219886591414,328.48546670710334,329.8956298828125,16024500,0.0,0.0
2023-11-30 00:00:00-05:00,329.5877553439527,331.18657252656726,320.1635651009382,324.880615234375,23146400,0.0,0.0
2023-12-01 00:00:00-05:00,323.22219776202286,324.59259942151226,318.5349385863459,322.5667724609375,15276400,0.0,0.0
2023-12-04 00:00:00-05:00,315.0890664201284,318.63427940778115,311.48424175240183,317.80010986328125,19037100,0.0,0.0
2023-12-05 00:00:00-05:00,316.76730831301273,319.64718551244295,313.20221508572604,316.08209228515625,16952100,0.0,0.0
2023-12-06 00:00:00-05:00,319.6968594909511,320.0146470189677,314.84079573434815,315.2479553222656,11294300,0.0,0.0
2023-12-07 00:00:00-05:00,315.5656393804306,325.9630108873507,315.5656393804306,324.324462890625,15905100,0.0,0.0
2023-12-08 00:00:00-05:00,320.8487785252904,330.8588723302626,320.7594064759814,330.4417724609375,14087400,0.0,0.0
2023-12-11 00:00:00-05:00,327.1150364460528,327.6016580583921,317.78024773015665,323.02362060546875,25802500,0.0,0.0
2023-12-12 00:00:00-05:00,322.3483177648806,332.1498466082238,322.30858675160493,331.9015808105469,18485500,0.0,0.0
2023-12-13 00:00:00-05:00,331.613589975502,336.0227930461716,330.33256025664025,332.41796875,16353300,0.0,0.0
2023-12-14 00:00:00-05:00,331.5341318558429,332.3782415771225,326.3602814366217,330.8588562011719,19607300,0.0,0.0
2023-12-15 00:00:00-05:00,329.6870122597024,336.31075653936995,328.9223645749602,332.5967102050781,31776900,0.0,0.0
2023-12-18 00:00:00-05:00,335.1389757459189,345.1490393508373,334.682144858999,342.22943115234375,18993900,0.0,0.0
2023-12-19 00:00:00-05:00,343.18278533196053,351.1471720097045,342.72598472163463,347.92962646484375,17729400,0.0,0.0
2023-12-20 00:00:00-05:00,346.23145156558394,352.49767744349367,345.37743182713814,346.8570861816406,16369900,0.0,0.0
2023-12-21 00:00:00-05:00,350.53144247490695,353.9376418145249,346.787574994267,351.63372802734375,15289600,0.0,0.0
2023-12-22 00:00:00-05:00,353.1133790344546,354.72216678296945,348.7836382780297,350.9385986328125,11772800,0.0,0.0
2023-12-26 00:00:00-05:00,352.5274850525142,354.5037013689945,350.9981895908106,352.36859130859375,9898600,0.0,0.0
2023-12-27 00:00:00-05:00,353.6000077612428,356.50967555573715,352.84527005939833,355.3477783203125,13207900,0.0,0.0
2023-12-28 00:00:00-05:00,357.2047824101272,359.3895028827945,355.3278787450295,355.8343505859375,11798800,0.0,0.0
2023-12-29 00:00:00-05:00,356.4997453113809,357.5027488323767,349.3794992017642,351.504638671875,14987100,0.0,0.0
2024-01-02 00:00:00-05:00,348.8829543501039,350.71018691578075,337.65141250884125,343.8878479003906,19042200,0.0,0.0
2024-01-03 00:00:00-05:00,342.58694677323774,345.5363456303031,340.79941486556845,342.0804748535156,15451100,0.0,0.0
2024-01-04 00:00:00-05:00,342.1102461152332,345.7349204555681,341.01787061798507,344.7120666503906,12099900,0.0,0.0
2024-01-05 00:00:00-05:00,344.5830207439089,351.0478724492742,343.8581039391445,349.5086364746094,13920700,0.0,0.0
2024-01-08 00:00:00-05:00,352.2395362400979,356.48984560926635,349.6078944625118,356.17205810546875,13890200,0.0,0.0
2024-01-09 00:00:00-05:00,353.92767724109865,358.13828532721635,352.89488314761167,354.9505310058594,13463900,0.0,0.0
2024-01-10 00:00:00-05:00,357.671577377967,370.35298322336445,356.58911184712105,367.9001159667969,22117200,0.0,0.0
2024-01-11 00:00:00-05:00,369.54860933207885,370.1940943436833,360.41241587190035,367.1056823730469,17205400,0.0,0.0
2024-01-12 00:00:00-05:00,367.59226177945345,374.44439150060066,366.97656747114235,371.8922119140625,19310000,0.0,0.0
2024-01-16 00:00:00-05:00,371.05801257675466,373.00440772159226,364.68256459513566,364.91094970703125,15306900,0.0,0.0
2024-01-17 00:00:00-05:00,363.758988413489,365.9834702860252,356.12233102281436,365.81463623046875,12724800,0.0,0.0
2024-01-18 00:00:00-05:00,368.9130159917957,374.2358501785285,368.37678371670535,373.5208435058594,16354300,0.0,0.0
2024-01-19 00:00:00-05:00,376.3709265262171,381.69373035981744,375.3480727138561,380.7900695800781,21670800,0.0,0.0
2024-01-22 00:00:00-05:00,385.2588658770631,387.64221140503804,378.51595852044164,379.13165283203125,17680500,0.0,0.0
2024-01-23 00:00:00-05:00,381.9519909499002,385.68591855169836,379.42960175256513,382.5279846191406,15506100,0.0,0.0
2024-01-24 00:00:00-05:00,387.29462029869575,393.4019524806912,385.1198096217787,387.9897766113281,15698500,0.0,0.0
2024-01-25 00:00:00-05:00,387.463476105673,392.74654921576047,382.98475144483166,390.45257568359375,15091100,0.0,0.0
2024-01-26 00:00:00-05:00,391.6144796109066,394.0375562472737,388.8736154766164,391.40594482421875,13163700,0.0,0.0
2024-01-29 00:00:00-05:00,392.2500499301874,400.1349746905323,390.3731761155954,398.23822021484375,18742400,0.0,0.0
2024-01-30 00:00:00-05:00,400.7903628671586,403.5411369497702,396.7982598167087,397.28485107421875,18614700,0.0,0.0
2024-01-31 00:00:00-05:00,386.3015178689041,395.23908512036974,384.41470417699264,387.4336242675781,20180800,0.0,0.0
2024-02-01 00:00:00-05:00,391.20730397034777,397.7217958803975,390.32346321045657,392.0414733886719,29727100,0.0,0.0
2024-02-02 00:00:00-05:00,456.4118123081212,482.5889413919977,449.86753003715205,471.6950378417969,84707600,0.0,0.0
2024-02-05 00:00:00-05:00,466.6204856916062,468.6264622065812,456.034429603673,456.2231140136719,40832400,0.0,0.0
2024-02-06 00:00:00-05:00,460.78132972802837,463.87968209622363,449.8576344112001,451.5657043457031,21655200,0.0,0.0
2024-02-07 00:00:00-05:00,454.8229212950101,468.2491241314177,453.0155390941815,466.33251953125,23066000,0.0,0.0
2024-02-08 00:00:00-05:00,465.07134622371103,467.32558868611034,461.8041599426537,466.73968505859375,18815100,0.0,0.0
2024-02-09 00:00:00-05:00,469.6692146200597,470.30475925765757,464.227217813574,464.8627624511719,18413100,0.0,0.0
2024-02-12 00:00:00-05:00,464.9422419936449,475.82620571090297,463.34339455149507,465.6473083496094,19382000,0.0,0.0
2024-02-13 00:00:00-05:00,453.7007976435882,464.64437394496815,451.93314628849214,456.9282531738281,20916600,0.0,0.0
2024-02-14 00:00:00-05:00,464.68402390922387,470.8211467892726,462.8567913837344,469.9969177246094,16858400,0.0,0.0
2024-02-15 00:00:00-05:00,471.9830605741492,485.23051957889754,468.94428970905085,480.67236328125,24212300,0.0,0.0
2024-02-16 00:00:00-05:00,474.7934022206939,475.6375119489184,465.9551463563073,470.0366516113281,23324600,0.0,0.0
2024-02-20 00:00:00-05:00,466.46159170236916,472.87677072112166,463.3235087291464,468.4775085449219,18015500,0.0,0.0
2024-02-21 00:00:00-05:00,463.7554917524033,466.2407837767999,459.0732100730906,465.2764892578125,12921800,0.5,0.0
2024-02-22 00:00:00-05:00,477.41462669114475,487.1072651737646,473.25922588434,483.2699890136719,21625800,0.0,0.0
2024-02-23 00:00:00-05:00,485.1787118236024,491.45158665950396,479.5122640361267,481.182373046875,18374300,0.0,0.0
2024-02-26 00:00:00-05:00,480.62559450403774,483.279899399478,477.77248447458584,478.90576171875,12101400,0.0,0.0
2024-02-27 00:00:00-05:00,477.1562177404633,484.40330775112943,477.09657315636196,484.1846008300781,10809600,0.0,0.0
2024-02-28 00:00:00-05:00,482.1466391666725,488.16103356126894,479.90987640765184,481.1723937988281,12715500,0.0,0.0
2024-02-29 00:00:00-05:00,485.5664305958888,488.80726119471376,479.7707124432421,487.2464904785156,17732000,0.0,0.0
2024-03-01 00:00:00-05:00,489.2147662749882,501.28335786141463,488.95631655672304,499.3448181152344,16273600,0.0,0.0
2024-03-04 00:00:00-05:00,500.04073241207027,501.4523915660251,493.49945745211545,495.259033203125,12324100,0.0,0.0
2024-03-05 00:00:00-05:00,492.0877837615881,492.6643581190784,485.0196283389058,487.3359069824219,15325300,0.0,0.0
2024-03-06 00:00:00-05:00,494.70239626981873,500.0109768588221,491.38204947466113,493.17144775390625,11757900,0.0,0.0
2024-03-07 00:00:00-05:00,500.3190822784107,516.7915739517953,498.430266500058,509.1766662597656,18586400,0.0,0.0
2024-03-08 00:00:00-05:00,511.1649010956574,520.4897211921858,496.41221196459594,502.973388671875,18597100,0.0,0.0
2024-03-11 00:00:00-04:00,494.0859947316571,494.3941685090311,473.199591298322,480.74493408203125,20428300,0.0,0.0
2024-03-12 00:00:00-04:00,490.3580972248313,499.3548427671604,481.87828153344043,496.8099060058594,15448200,0.0,0.0
2024-03-13 00:00:00-04:00,492.47554623392085,498.032655619547,488.1411811210766,492.65447998046875,12090700,0.0,0.0
2024-03-14 00:00:00-04:00,497.3168902547745,498.40047394838774,485.2880706609728,488.93646240234375,12620000,0.0,0.0
2024-03-15 00:00:00-04:00,486.13303946882996,488.93642563448503,478.46837751695034,481.2519226074219,29153600,0.0,0.0
2024-03-18 00:00:00-04:00,489.01597315025106,494.4935661399137,483.94597166783353,494.05615234375,11755300,0.0,0.0
2024-03-19 00:00:00-04:00,485.29799633874035,493.7082157075301,478.4485172399462,493.32049560546875,10903100,0.0,0.0
2024-03-20 00:00:00-04:00,496.5613264063082,505.21015443688776,492.25681414275317,502.5458984375,11711100,0.0,0.0
2024-03-21 00:00:00-04:00,511.68189014587995,512.0099050096288,503.0330616786882,504.77276611328125,9712500,0.0,0.0
2024-03-22 00:00:00-04:00,504.0172232261066,506.9697513685857,501.37286886802445,506.58203125,8120600,0.0,0.0
2024-03-25 00:00:00-04:00,502.81436147156455,504.23594126166455,497.2969948454398,500.0606384277344,8380600,0.0,0.0
2024-03-26 00:00:00-04:00,502.158224751726,506.9995687205203,492.2965727329748,492.97259521484375,11205400,0.0,0.0
2024-03-27 00:00:00-04:00,496.3624651462264,496.94902070729796,485.1985538197875,490.9544677734375,9989700,0.0,0.0
2024-03-28 00:00:00-04:00,489.9405029909663,489.9902270320551,482.2957426384375,482.72320556640625,15212800,0.0,0.0
2024-04-01 00:00:00-04:00,484.3336504310808,494.50344447895714,478.9455247679711,488.459228515625,9247000,0.0,0.0
2024-04-02 00:00:00-04:00,482.24610547231356,494.60297103307335,481.79874074024735,494.44390869140625,11081000,0.0,0.0
2024-04-03 00:00:00-04:00,495.9947384872167,504.2558475133532,495.8158047260392,503.7587890625,12099200,0.0,0.0
2024-04-04 00:00:00-04:00,513.3817659558945,526.8818886970938,507.5761276530795,507.9141540527344,26476300,0.0,0.0
2024-04-05 00:00:00-04:00,513.8191641240741,527.5777665151929,511.38356597372723,524.237548828125,19263300,0.0,0.0
2024-04-08 00:00:00-04:00,526.1661496559301,528.363108870354,515.8372619219651,516.1951293945312,13260600,0.0,0.0
2024-04-09 00:00:00-04:00,519.1576077555757,522.7762075444691,503.7587479141373,513.8590087890625,10863800,0.0,0.0
2024-04-10 00:00:00-04:00,506.29378924573456,519.4857091896904,502.82430073937064,516.7717895507812,11418500,0.0,0.0
2024-04-11 00:00:00-04:00,518.0442258786559,520.778047262265,514.2466921664769,520.0821533203125,10369500,0.0,0.0
2024-04-12 00:00:00-04:00,514.7039558507993,517.1296031880806,506.33347932820783,508.88836669921875,11984500,0.0,0.0
2024-04-15 00:00:00-04:00,513.6799940142547,515.4794036371065,494.354391700334,497.28704833984375,13512900,0.0,0.0
2024-04-16 00:00:00-04:00,495.1794768031054,501.8002979588637,494.18536005908226,496.8197937011719,9847900,0.0,0.0
2024-04-17 00:00:00-04:00,500.1401196774508,500.19976425262746,484.2740255817344,491.2626647949219,12193700,0.0,0.0
2024-04-18 00:00:00-04:00,496.87947694788414,509.1965989271546,496.1040670407221,498.8478088378906,14808700,0.0,0.0
2024-04-19 00:00:00-04:00,499.8419152749836,499.8419152749836,472.93119653596085,478.2397766113281,25215400,0.0,0.0
2024-04-22 00:00:00-04:00,486.8388881901566,489.1154241927228,470.61489447706913,478.8959045410156,17271100,0.0,0.0
2024-04-23 00:00:00-04:00,488.35992348767746,495.82575105924457,486.09333818608064,493.181396484375,15079200,0.0,0.0
2024-04-24 00:00:00-04:00,505.0709875978213,506.99957664976733,481.72911381389923,490.5966491699219,37772700,0.0,0.0
2024-04-25 00:00:00-04:00,418.9208293388117,443.1474518194537,412.0614292262953,438.7832946777344,82890700,0.0,0.0
2024-04-26 00:00:00-04:00,438.8627866508182,443.8134991532309,429.4186772096866,440.6820373535156,32691400,0.0,0.0
2024-04-29 00:00:00-04:00,436.97400250464045,437.1728380109233,426.03871709593966,430.0748291015625,21502600,0.0,0.0
2024-04-30 00:00:00-04:00,428.5140490387037,437.0336375847917,427.19188699859626,427.6392517089844,18429500,0.0,0.0
2024-05-01 00:00:00-04:00,426.0784473398745,447.3127666683678,424.5971927447846,436.60614013671875,20344900,0.0,0.0
2024-05-02 00:00:00-04:00,436.2581939843876,441.34806692594435,429.7367904857635,439.08148193359375,15221300,0.0,0.0
2024-05-03 00:00:00-04:00,443.3065022340071,451.4980453862521,441.2387526159293,449.301025390625,16489100,0.0,0.0
2024-05-06 00:00:00-04:00,452.89972179422654,463.41749460646207,450.67290985368646,462.9403076171875,15094600,0.0,0.0
2024-05-07 00:00:00-04:00,463.54671998178384,468.75588217992066,458.59600751554564,465.4852294921875,13406800,0.0,0.0
2024-05-08 00:00:00-04:00,460.7731714847008,472.78208998393586,460.27611304728475,469.81964111328125,11683900,0.0,0.0
2024-05-09 00:00:00-04:00,467.2348900216278,473.2791067395544,464.8788380898599,472.6230163574219,9437700,0.0,0.0
2024-05-10 00:00:00-04:00,474.2831551113348,474.69074661810515,466.83723038564307,473.3984069824219,10750000,0.0,0.0
2024-05-13 00:00:00-04:00,469.9686955031615,470.56517162323166,460.12694570512866,465.256591796875,14668800,0.0,0.0
2024-05-14 00:00:00-04:00,460.6438839752648,469.7599481269555,457.3732312994019,469.0740051269531,10478600,0.0,0.0
2024-05-15 00:00:00-04:00,472.18565731363447,479.6614054994127,468.427896635368,478.7070617675781,13100500,0.0,0.0
2024-05-16 00:00:00-04:00,472.2054681039629,474.8796446556367,469.9687053603125,470.4458923339844,16608200,0.0,0.0
2024-05-17 00:00:00-04:00,468.0599734013936,470.0183846013173,465.6641787449413,469.1336364746094,10807300,0.0,0.0
2024-05-20 00:00:00-04:00,467.1852115197864,470.4160911835801,464.29232793410193,466.08172607421875,11745100,0.0,0.0
2024-05-21 00:00:00-04:00,464.37179476806216,467.93074959484926,459.5503226357023,461.8964538574219,11742200,0.0,0.0
2024-05-22 00:00:00-04:00,465.1174209727308,470.9330103029686,462.9104804698009,465.0279541015625,10078600,0.0,0.0
2024-05-23 00:00:00-04:00,470.0979384344224,471.56921182322856,458.824658013912,463.0397033691406,11747900,0.0,0.0
2024-05-24 00:00:00-04:00,464.8689106321585,477.026970474764,463.55666912571417,475.40655517578125,12024300,0.0,0.0
2024-05-28 00:00:00-04:00,473.77615043562696,478.0309689396704,472.0463969875921,477.0965270996094,10175800,0.0,0.0
2024-05-29 00:00:00-04:00,471.86746709937256,477.02693553440264,470.91312350005967,471.5692138671875,9226200,0.0,0.0
2024-05-30 00:00:00-04:00,468.8950912608571,468.95473584268626,461.9760163883006,464.30224609375,10719600,0.0,0.0
2024-05-31 00:00:00-04:00,463.05958753361114,466.36006254960574,451.786306802676,464.0835266113281,16919800,0.0,0.0
2024-06-03 00:00:00-04:00,468.08984756825686,476.7784495068364,465.4852662634382,474.68084716796875,11279400,0.0,0.0
2024-06-04 00:00:00-04:00,474.1936972137186,476.07259246304915,470.44588792892165,474.1837463378906,7088700,0.0,0.0
2024-06-05 00:00:00-04:00,481.59986638058245,493.7280723944885,481.06303484683156,492.1474304199219,15690500,0.0,0.0
2024-06-06 00:00:00-04:00,490.07969267755135,499.8617979835521,488.00199228373344,490.8551025390625,10667300,0.0,0.0
2024-06-07 00:00:00-04:00,492.99247117957646,495.97482161134235,487.28625039496967,490.059814453125,9380700,0.0,0.0
2024-06-10 00:00:00-04:00,490.9544956849635,499.70274150325434,490.507161339267,499.6430969238281,11220900,0.0,0.0
2024-06-11 00:00:00-04:00,497.21744490879473,504.61367606871437,495.33854966036307,504.48443603515625,9673700,0.0,0.0
2024-06-12 00:00:00-04:00,510.96610064522395,510.9860023982034,501.50211932861663,505.8464050292969,11983200,0.0,0.0
2024-06-13 00:00:00-04:00,502.73476019016255,506.3632801665325,498.4103463715146,501.1342468261719,9954600,0.0,0.0
2024-06-14 00:00:00-04:00,500.18897273821244,504.66694031933906,498.2982813887023,501.69158935546875,10243300,0.5,0.0
2024-06-17 00:00:00-04:00,499.2137382202111,508.2492673895921,493.5814470509708,504.1494445800781,11266600,0.0,0.0
2024-06-18 00:00:00-04:00,502.0895867902152,503.5225387370223,492.596287734658,497.0444030761719,13060400,0.0,0.0
2024-06-20 00:00:00-04:00,499.54207976711996,501.20391638251726,494.3376762505557,499.2435607910156,11801200,0.0,0.0
2024-06-21 00:00:00-04:00,500.98504667305747,500.98504667305747,489.979200494197,492.35748291015625,22359200,0.0,0.0
2024-06-24 00:00:00-04:00,496.75587378729097,505.3137429424904,491.86991004565067,496.46728515625,13525300,0.0,0.0
2024-06-25 00:00:00-04:00,494.6163313992583,508.2094529447459,493.07393265728075,508.1000061035156,12063200,0.0,0.0
2024-06-26 00:00:00-04:00,504.16931296840505,511.2942595205893,502.2089573502192,510.6076354980469,8882300,0.0,0.0
2024-06-27 00:00:00-04:00,511.7321146820941,520.3198650922028,511.3838526564667,517.01611328125,10121200,0.0,0.0
2024-06-28 00:00:00-04:00,514.6179354412975,519.3247568056853,501.37307641419807,501.751220703125,15855100,0.0,0.0
2024-07-01 00:00:00-04:00,502.4776818397667,504.0996755435027,490.75536015325986,502.208984375,10328200,0.0,0.0
2024-07-02 00:00:00-04:00,498.30817385697856,508.0004748642971,497.0045903470144,507.00537109375,7739500,0.0,0.0
2024-07-03 00:00:00-04:00,503.89071570148445,508.776679094368,503.542423291387,507.463134765625,6005600,0.0,0.0
2024-07-05 00:00:00-04:00,509.09512300088096,538.2218010293692,509.09512300088096,537.2664794921875,21354100,0.0,0.0
2024-07-08 00:00:00-04:00,539.6945030030015,540.1522726002711,524.0714224714271,526.7283325195312,14917500,0.0,0.0
2024-07-09 00:00:00-04:00,531.1366686551077,534.8483865011414,525.6038937960874,527.405029296875,8753200,0.0,0.0
2024-07-10 00:00:00-04:00,528.1911531915238,536.241570100338,525.7730581128677,532.0720825195312,10983300,0.0,0.0
2024-07-11 00:00:00-04:00,528.2906998418636,532.8383317448535,505.8809416050376,510.18975830078125,16458300,0.0,0.0
2024-07-12 00:00:00-04:00,495.32290900460265,505.6023185565317,491.81019357981927,496.4274597167969,19750500,0.0,0.0
2024-07-15 00:00:00-04:00,496.1885898608711,504.19916293564853,490.954334395492,493.7306823730469,12539200,0.0,0.0
2024-07-16 00:00:00-04:00,499.04462641965245,501.48264322240715,483.4115520093725,487.3919677734375,14075800,0.0,0.0
2024-07-17 00:00:00-04:00,476.8239349161113,476.8239349161113,456.87208409476005,459.72802734375,28076600,0.0,0.0
2024-07-18 00:00:00-04:00,472.6743277747539,476.8935583722376,462.2655500283145,473.5201721191406,19267200,0.0,0.0
2024-07-19 00:00:00-04:00,473.729068731824,484.32691714684483,473.38077636044386,474.45550537109375,15149400,0.0,0.0
2024-07-22 00:00:00-04:00,484.197557461303,489.6507368103618,481.53068676493757,485.0135498046875,12023100,0.0,0.0
2024-07-23 00:00:00-04:00,487.4416350090635,492.7952982379557,485.3320198411337,486.2972717285156,9455500,0.0,0.0
2024-07-24 00:00:00-04:00,469.9974905005345,473.9679450896209,458.3249115680211,459.01153564453125,17649700,0.0,0.0
2024-07-25 00:00:00-04:00,460.99181179623156,461.28037004297926,440.4827059887369,451.1900329589844,18240500,0.0,0.0
2024-07-26 00:00:00-04:00,461.9272051107502,467.4699103049838,457.1706100687651,463.41986083984375,14222400,0.0,0.0
2024-07-29 00:00:00-04:00,467.57940602342404,471.63941640526457,462.7431854783001,463.4298095703125,11339600,0.0,0.0
2024-07-30 00:00:00-04:00,464.7134928556887,470.41544878621977,454.4639354603108,460.9221496582031,11390400,0.0,0.0
2024-07-31 00:00:00-04:00,468.7137536081104,474.1669330466182,464.4646715624534,472.5050964355469,24285800,0.0,0.0
2024-08-01 00:00:00-04:00,518.4490398005046,524.588812766639,489.6905482729176,495.30291748046875,43083100,0.0,0.0
2024-08-02 00:00:00-04:00,486.6057747203378,498.6962802271807,473.81868438258266,485.75,24044700,0.0,0.0
2024-08-05 00:00:00-04:00,449.1401205576873,481.11281153240685,448.5927952293006,473.4007568359375,21396200,0.0,0.0
2024-08-06 00:00:00-04:00,476.6547245669501,500.0993678802894,476.3064321601276,491.67083740234375,20955000,0.0,0.0
2024-08-07 00:00:00-04:00,500.6665697776355,507.6521873819174,484.47621183859076,486.5261535644531,20105300,0.0,0.0
2024-08-08 00:00:00-04:00,495.0641514061811,507.4631365242445,492.2977639959644,507.134765625,16156800,0.0,0.0
2024-08-09 00:00:00-04:00,505.22409209924047,515.8020796798145,503.2239543083287,515.23486328125,13696600,0.0,0.0
2024-08-12 00:00:00-04:00,514.3294070201094,515.4837616009847,506.6074211085447,513.4238891601562,9767400,0.0,0.0
2024-08-13 00:00:00-04:00,517.4640045298117,528.8977389715159,515.6131257961117,525.9522094726562,13743800,0.0,0.0
2024-08-14 00:00:00-04:00,525.4745310471874,531.3854502831607,520.5686764069014,524.180908203125,11444200,0.0,0.0
2024-08-15 00:00:00-04:00,529.1863040339998,537.1272748006076,524.1212589759825,534.69921875,13482100,0.0,0.0
2024-08-16 00:00:00-04:00,529.2957529559742,531.0470846831789,522.0911501880614,524.837646484375,14776700,0.0,0.0
2024-08-19 00:00:00-04:00,524.2903035676547,529.0568286256623,520.2004417656934,526.6885375976562,9879700,0.0,0.0
2024-08-20 00:00:00-04:00,525.7631254837314,528.4897612100921,523.3052479844695,524.1510620117188,7944400,0.0,0.0
2024-08-21 00:00:00-04:00,524.5690634241616,536.7590866231334,524.3501089756588,532.539794921875,13423300,0.0,0.0
2024-08-22 00:00:00-04:00,534.3707451204748,541.5653262197158,526.0019488156585,529.3255615234375,15708300,0.0,0.0
2024-08-23 00:00:00-04:00,534.2911036177962,537.2266719109294,522.4891873843347,525.414794921875,11323900,0.0,0.0
2024-08-26 00:00:00-04:00,525.0167963537939,525.4148622106036,512.4287683884583,518.5685424804688,9584000,0.0,0.0
2024-08-27 00:00:00-04:00,516.4390030353331,521.4444048101191,512.7869887253286,516.5584106445312,6282700,0.0,0.0
2024-08-28 00:00:00-04:00,515.135413196109,518.5387122265323,509.94100004912804,514.2498168945312,9106100,0.0,0.0
2024-08-29 00:00:00-04:00,516.5085702757614,524.6186898342248,513.1550756206202,515.6826171875,8317400,0.0,0.0
2024-08-30 00:00:00-04:00,518.7972896071401,520.9765691392004,512.677438295027,518.7575073242188,9157500,0.0,0.0
2024-09-03 00:00:00-04:00,517.0957563465828,522.9170893173817,506.12969296841686,509.25433349609375,12459100,0.0,0.0
2024-09-04 00:00:00-04:00,503.59219723501985,514.0607088520369,501.60198959597125,510.2295227050781,8335200,0.0,0.0
2024-09-05 00:00:00-04:00,509.2145278610141,519.0760103589896,508.6473113953943,514.329345703125,8640900,0.0,0.0
2024-09-06 00:00:00-04:00,519.324796934376,522.0115894499307,495.8104883337226,497.8205871582031,14744500,0.0,0.0
2024-09-09 00:00:00-04:00,503.6817688622659,508.826438765725,499.6217281440494,502.3184814453125,11047800,0.0,0.0
2024-09-10 00:00:00-04:00,505.67197656424986,511.66249081468396,497.5817773967797,502.3184814453125,9899000,0.0,0.0
2024-09-11 00:00:00-04:00,504.52759727884006,510.6076670397068,493.1734590533484,509.323974609375,10782500,0.0,0.0
2024-09-12 00:00:00-04:00,514.518364626398,524.1311005430615,512.6973078184791,523.0264892578125,11970500,0.0,0.0
2024-09-13 00:00:00-04:00,517.7924391239566,524.9969823249584,514.578211921628,522.0514526367188,10321400,0.0,0.0
2024-09-16 00:00:00-04:00,522.469676680895,531.9919419852342,515.3579036757625,531.1752319335938,9527600,0.5,0.0
2024-09-17 00:00:00-04:00,535.4781023427641,539.9603411261944,528.4758809229954,534.2031860351562,11690800,0.0,0.0
2024-09-18 00:00:00-04:00,534.9503115622812,542.0521759030291,531.7928398690025,535.8268432617188,10323500,0.0,0.0
2024-09-19 00:00:00-04:00,547.8292508952223,559.8516201147253,544.3630052709944,556.893310546875,15647000,0.0,0.0
2024-09-20 00:00:00-04:00,557.7898128965492,562.2720524644678,554.1044037596297,559.1344604492188,22066800,0.0,0.0
2024-09-23 00:00:00-04:00,567.2522491176607,571.7145476196829,560.1902057812791,562.1823120117188,12830700,0.0,0.0
2024-09-24 00:00:00-04:00,564.4433820957124,565.5091662433006,552.0026881920077,561.1066284179688,12993000,0.0,0.0
2024-09-25 00:00:00-04:00,561.8237594778809,574.6031382414297,561.495044920447,566.0669555664062,16543400,0.0,0.0
2024-09-26 00:00:00-04:00,573.4576286297669,575.12108106941,560.1304333621082,565.5988159179688,14400800,0.0,0.0
2024-09-27 00:00:00-04:00,567.8499035731115,568.587034006437,562.2820002439122,565.1207275390625,9398400,0.0,0.0
2024-09-30 00:00:00-04:00,565.4594424177856,572.4118746514968,562.5708636738842,570.1807250976562,12792300,0.0,0.0
2024-10-01 00:00:00-04:00,575.6987520585425,580.7387783195545,567.8498487564399,574.1947021484375,15259300,0.0,0.0
2024-10-02 00:00:00-04:00,572.5910911056551,573.726606271189,567.0929191356522,570.5491943359375,6524700,0.0,0.0
2024-10-03 00:00:00-04:00,567.8997238653835,581.0575469776221,566.485284630292,580.4699096679688,11581000,0.0,0.0
2024-10-04 00:00:00-04:00,581.4260603106362,594.4942722022978,579.1351503249019,593.587890625,14169500,0.0,0.0
2024-10-07 00:00:00-04:00,595.8588807132597,600.5702534093805,581.7348544719052,582.4719848632812,12014200,0.0,0.0
2024-10-08 00:00:00-04:00,587.3625447345094,591.2172653007906,583.6571956540708,590.5499267578125,7857400,0.0,0.0
2024-10-09 00:00:00-04:00,591.6456893859636,592.044135023298,579.3145446799676,588.179443359375,9529700,0.0,0.0
2024-10-10 00:00:00-04:00,585.2509860772241,587.9004608400106,580.2209295755789,581.5257568359375,7740400,0.0,0.0
2024-10-11 00:00:00-04:00,582.5217946450296,588.8766187572965,580.4101667801536,587.62158203125,8587100,0.0,0.0
2024-10-14 00:00:00-04:00,591.8747117346282,597.7315094974075,587.6315761095043,588.0897216796875,8252000,0.0,0.0
2024-10-15 00:00:00-04:00,587.8306549386698,588.2788909804673,577.850244485156,583.9560546875,9564200,0.0,0.0
2024-10-16 00:00:00-04:00,579.1052785857133,579.7825873772659,571.7643723313396,574.513427734375,11268400,0.0,0.0
2024-10-17 00:00:00-04:00,581.0277187741455,582.6611997864444,572.9298015535481,574.6529541015625,8701200,0.0,0.0
2024-10-18 00:00:00-04:00,578.8064328711839,581.6651004084903,572.9795465460454,574.1947021484375,7694300,0.0,0.0
2024-10-21 00:00:00-04:00,573.7565147335716,574.9617001148115,566.8637832891501,572.889892578125,8171900,0.0,0.0
2024-10-22 00:00:00-04:00,572.0233288655415,581.2269108333847,569.8619106006562,579.712890625,8544500,0.0,0.0
2024-10-23 00:00:00-04:00,577.6808610458894,582.6910370930768,560.2798433587277,561.4651489257812,14248400,0.0,0.0
2024-10-24 00:00:00-04:00,564.8916646277681,566.634757753837,559.3038206828223,565.5391235351562,7184700,0.0,0.0
2024-10-25 00:00:00-04:00,571.6647966628544,578.9957335073058,569.4634972400297,570.9874877929688,11337900,0.0,0.0
2024-10-28 00:00:00-04:00,579.7028610917013,581.4459538870801,571.8539583838267,575.8779907226562,10925100,0.0,0.0
2024-10-29 00:00:00-04:00,577.860233390468,591.3268300347977,573.128981140023,590.9384155273438,13019100,0.0,0.0
2024-10-30 00:00:00-04:00,598.6079938865262,598.8271571893389,587.0538018330492,589.4642333984375,26864900,0.0,0.0
2024-10-31 00:00:00-04:00,582.691009073761,587.5716931255836,560.7878131777096,565.3397827148438,26838400,0.0,0.0
2024-11-01 00:00:00-04:00,565.3697448899991,571.4058248782926,560.339688365465,564.9215087890625,15303200,0.0,0.0
2024-11-04 00:00:00-05:00,561.8734641646195,566.445374112341,555.6880140400102,558.4669799804688,12064600,0.0,0.0
2024-11-05 00:00:00-05:00,565.0609576479214,571.2165590136462,564.4334392801001,570.1707153320312,9775400,0.0,0.0
2024-11-06 00:00:00-05:00,560.5288934332871,570.7384379160791,552.9787937592303,569.7921752929688,18305400,0.0,0.0
2024-11-07 00:00:00-05:00,574.6130802295621,592.4523642769371,572.9397183378987,589.3646240234375,14653700,0.0,0.0
2024-11-08 00:00:00-05:00,589.2051840334042,590.759024319344,582.2129331438006,587.013916015625,9415700,0.0,0.0
2024-11-11 00:00:00-05:00,584.0456980456348,584.6831866387249,574.2345990441023,580.8682861328125,10209100,0.0,0.0
2024-11-12 00:00:00-05:00,586.2171295500698,597.2932362914636,578.0893621721831,582.5118408203125,16287700,0.0,0.0
2024-11-13 00:00:00-05:00,580.3104995084991,583.3285696737983,572.899861789148,577.7108154296875,10757600,0.0,0.0
2024-11-14 00:00:00-05:00,574.7227383039827,578.4679083361312,570.7484954732962,574.882080078125,11053700,0.0,0.0
2024-11-15 00:00:00-05:00,568.965368719872,570.3100767540825,549.3232326292208,551.89306640625,17712900,0.0,0.0
2024-11-18 00:00:00-05:00,554.8413869604221,557.6901449788284,547.9188666753142,552.2118530273438,14327300,0.0,0.0
2024-11-19 00:00:00-05:00,549.6818763732618,559.2141123072212,548.4268396780825,558.87548828125,9522400,0.0,0.0
2024-11-20 00:00:00-05:00,560.7081596102355,564.1146441614266,552.012635573936,563.2879638671875,9797300,0.0,0.0
2024-11-21 00:00:00-05:00,567.27222943096,567.7503155056431,546.8829891189956,560.8676147460938,11154700,0.0,0.0
2024-11-22 00:00:00-05:00,561.3257340956305,561.6046581556811,552.4011368821567,556.9331665039062,9164000,0.0,0.0
2024-11-25 00:00:00-05:00,559.881387236025,570.3300346511755,554.1939633086025,562.8795166015625,13599800,0.0,0.0
2024-11-26 00:00:00-05:00,563.7660872296004,575.2206985425693,562.9692568623328,571.2763061523438,10356600,0.0,0.0
2024-11-27 00:00:00-05:00,572.6209746815437,572.7105854147321,561.8735229474948,566.9534301757812,7200200,0.0,0.0
2024-11-29 00:00:00-05:00,566.7542128784901,576.1768970734391,564.6625256899628,572.05322265625,7130500,0.0,0.0
2024-12-02 00:00:00-05:00,575.2206623708795,592.1535649861262,573.2982871928123,590.4901733398438,12522400,0.0,0.0
2024-12-03 00:00:00-05:00,592.6515529773995,611.7757833163611,588.9163541140966,611.2279663085938,14907200,0.0,0.0
2024-12-04 00:00:00-05:00,610.5407120968788,615.3416951929215,602.7116887576115,611.3574829101562,14697000,0.0,0.0
2024-12-05 00:00:00-05:00,614.6444684702592,617.453345528134,604.6540266228751,606.526611328125,8081200,0.0,0.0
2024-12-06 00:00:00-05:00,607.6920148593949,627.3043042136323,606.1282648810326,621.30810546875,16935500,0.0,0.0
2024-12-09 00:00:00-05:00,621.4573787599101,623.9276315718885,603.7774377816824,611.1482543945312,11426000,0.0,0.0
2024-12-10 00:00:00-05:00,615.1226080382442,623.1209443670939,610.3216243479825,616.8756713867188,10938900,0.0,0.0
2024-12-11 00:00:00-05:00,620.909669634273,635.880378199676,619.0769658169937,630.1829223632812,10837200,0.0,0.0
2024-12-12 00:00:00-05:00,629.007573636922,634.1471812183523,624.7345274454173,628.3003540039062,7474700,0.0,0.0
2024-12-13 00:00:00-05:00,624.7444306032417,628.5892419845969,614.455245285517,617.9015502929688,8453300,0.0,0.0
2024-12-16 00:00:00-05:00,627.9997182991576,629.1660843597223,616.6355892593001,622.2777709960938,10885600,0.5,0.0
2024-12-17 00:00:00-05:00,624.2016843799404,630.3822075101276,614.6019503899752,617.4928588867188,12897800,0.0,0.0
2024-12-18 00:00:00-05:00,619.0479587782994,625.387952256149,594.4455447869857,595.3128051757812,17075500,0.0,0.0
2024-12-19 00:00:00-05:00,608.4712976770209,609.5977504710141,593.1296604292414,593.6978759765625,14958100,0.0,0.0
2024-12-20 00:00:00-05:00,588.723602198965,601.2141840625833,578.1768420780382,583.4103393554688,48989400,0.0,0.0
2024-12-23 00:00:00-05:00,587.746636194458,599.2005698155671,584.4071908696653,597.9644165039062,10205800,0.0,0.0
2024-12-24 00:00:00-05:00,600.8253211686514,606.0787743995681,597.3961932142544,605.8395385742188,4726100,0.0,0.0
2024-12-26 00:00:00-05:00,603.5767396891605,604.3941694362019,597.0573191588121,601.4534301757812,6081400,0.0,0.0
2024-12-27 00:00:00-05:00,597.5257325712804,599.958064884052,587.9459561336816,597.9244995117188,8084200,0.0,0.0
2024-12-30 00:00:00-05:00,586.8992458198082,595.0635027304218,583.739227850836,589.3814086914062,7025900,0.0,0.0
2024-12-31 00:00:00-05:00,590.4082547146103,592.1028621932754,582.0146786657892,583.6694946289062,6019500,0.0,0.0
2025-01-02 00:00:00-05:00,587.8662291946306,603.0084829766075,585.9722382113614,597.3563232421875,12682300,0.0,0.0
2025-01-03 00:00:00-05:00,602.8590273821567,607.5841180897974,594.5352379868413,602.7294311523438,11436800,0.0,0.0
2025-01-06 00:00:00-05:00,609.9068039022728,629.0065500033512,603.7163023778119,628.2190551757812,14560800,0.0,0.0
2025-01-07 00:00:00-05:00,629.7143414477341,630.1130475912898,606.3180848477177,615.94775390625,12071500,0.0,0.0
2025-01-08 00:00:00-05:00,611.4718611566152,614.5022833089956,600.895166417742,608.8002319335938,10085800,0.0,0.0
2025-01-10 00:00:00-05:00,608.112442272843,627.9298948978874,595.462329972656,613.924072265625,19256600,0.0,0.0
2025-01-13 00:00:00-05:00,605.1915497552353,607.0556665210335,596.5687776367652,606.417724609375,10785000,0.0,0.0
2025-01-14 00:00:00-05:00,603.1679523273406,603.5866150091213,586.6998639533412,592.3819580078125,13598000,0.0,0.0
2025-01-15 00:00:00-05:00,608.2918023435731,620.5032939782396,604.5934429734898,615.1800537109375,15524300,0.0,0.0
2025-01-16 00:00:00-05:00,609.5778014543201,614.3128702309481,607.7934500715568,609.37841796875,8355300,0.0,0.0
2025-01-17 00:00:00-05:00,622.0883213436317,623.0054123386464,601.7723798733631,610.8438110351562,17280600,0.0,0.0
2025-01-21 00:00:00-05:00,615.8879054164239,619.5463519549992,607.0956232572347,614.522216796875,11674000,0.0,0.0
2025-01-22 00:00:00-05:00,621.3407166057895,631.7080497498704,617.482886369199,621.5401000976562,12274000,0.0,0.0
2025-01-23 00:00:00-05:00,625.3878883324852,634.5988327915112,619.197448317166,634.4493408203125,9910200,0.0,0.0
2025-01-24 00:00:00-05:00,634.3995455880619,649.9504837452617,632.2064489650473,645.4546508789062,19065300,0.0,0.0
2025-01-27 00:00:00-05:00,624.6402872001196,661.7831731182577,623.1350240288891,657.8057250976562,28399200,0.0,0.0
2025-01-28 00:00:00-05:00,663.9065549274304,680.4344558685057,657.3970515429507,672.2103881835938,20950100,0.0,0.0
2025-01-29 00:00:00-05:00,672.8782187611764,678.9091891458575,663.5775294568425,674.363525390625,21377800,0.0,0.0
2025-01-30 00:00:00-05:00,694.6296546921253,708.5557128184324,673.9747533685537,684.8405151367188,29322900,0.0,0.0
2025-01-31 00:00:00-05:00,688.8279583138682,703.0829965126293,683.4250122037394,687.013671875,19303900,0.0,0.0
2025-02-03 00:00:00-05:00,673.7852712039112,701.786997935187,673.1273726643963,695.267578125,21415700,0.0,0.0
2025-02-04 00:00:00-05:00,700.291750368734,705.4853950757674,689.435967564897,701.9764404296875,13826300,0.0,0.0
2025-02-05 00:00:00-05:00,701.338438880343,715.8826032404849,696.8127318836921,702.654296875,17778200,0.0,0.0
2025-02-06 00:00:00-05:00,703.6611131134636,716.6402049884904,701.2885896343017,709.7518920898438,13080700,0.0,0.0
2025-02-07 00:00:00-05:00,714.546788192433,722.7310026615398,709.5126746052003,712.2739868164062,16427100,0.0,0.0
2025-02-10 00:00:00-05:00,716.3012242622654,718.932940098342,709.0939710353202,715.1448974609375,12904300,0.0,0.0
2025-02-11 00:00:00-05:00,711.0776818667902,721.3851439463555,707.8079633604692,717.5372924804688,12998000,0.0,0.0
2025-02-12 00:00:00-05:00,713.0515218383842,724.8144176821432,710.3599968194253,723.099853515625,12016500,0.0,0.0
2025-02-13 00:00:00-05:00,719.2520483652149,726.7085168321266,715.7829457591546,726.2698974609375,12569100,0.0,0.0
2025-02-14 00:00:00-05:00,723.8574410856692,738.5809711848887,723.3390562017464,734.3543090820312,16901200,0.0,0.0
2025-02-18 00:00:00-05:00,733.6864014553627,734.6832579790791,704.2193250480339,714.1181030273438,21938700,0.0,0.0
2025-02-19 00:00:00-05:00,701.886719169158,704.7776276936228,693.2041369812721,701.5578002929688,17535500,0.0,0.0
2025-02-20 00:00:00-05:00,695.0880938877766,703.4118208987041,691.4595218114225,692.65576171875,12587400,0.0,0.0
2025-02-21 00:00:00-05:00,694.3904388515214,701.6575020997228,680.2151053119804,681.4013671875,15660400,0.0,0.0
2025-02-24 00:00:00-05:00,684.122756243814,685.1096345134455,660.3676471383606,666.02978515625,15677000,0.0,0.0
2025-02-25 00:00:00-05:00,663.8765739042495,665.9002220472909,639.8423754025094,655.4332275390625,20579700,0.0,0.0
2025-02-26 00:00:00-05:00,657.5764529173535,680.8630075132187,655.9316152590968,671.582275390625,14488700,0.0,0.0
2025-02-27 00:00:00-05:00,680.3047560748793,686.485278775033,655.5029605584499,656.1708374023438,12500000,0.0,0.0
2025-02-28 00:00:00-05:00,655.9714518798419,667.5250458825946,640.579984557629,666.0995483398438,17534200,0.0,0.0
2025-03-03 00:00:00-05:00,671.5624119179504,679.1086244107645,648.7942390448183,652.990966796875,10843800,0.0,0.0
2025-03-04 00:00:00-05:00,643.4809097831836,647.7075720071792,621.6896392388619,637.9882202148438,21495200,0.0,0.0
2025-03-05 00:00:00-05:00,638.985090470047,657.426937854908,635.6555626035664,654.4064331054688,13770000,0.0,0.0
2025-03-06 00:00:00-05:00,645.963033649381,648.5149839411777,622.1481164638366,625.9561157226562,13446500,0.0,0.0
2025-03-07 00:00:00-05:00,623.4041708110899,632.7945424007281,598.7219930959255,623.6932373046875,21375700,0.0,0.0
2025-03-10 00:00:00-04:00,606.1585603987916,608.1921258261364,585.0251896930085,596.1102294921875,21999900,0.0,0.0
2025-03-11 00:00:00-04:00,593.1795048947525,612.9970188777876,591.4649407555324,603.8060302734375,17401500,0.0,0.0
2025-03-12 00:00:00-04:00,627.9200120605409,631.3392229811113,607.4345597540354,617.6124877929688,15747000,0.0,0.0
2025-03-13 00:00:00-04:00,618.300295022882,618.549509168397,584.666363679096,588.7833862304688,16480300,0.0,0.0
2025-03-14 00:00:00-04:00,601.43972556622,607.4860482974414,593.4378646925935,606.2288818359375,12364500,0.525,0.0
2025-03-17 00:00:00-04:00,606.0892549627374,611.7164817099355,596.6505800508986,603.5350341796875,15473900,0.0,0.0
2025-03-18 00:00:00-04:00,598.6959836433429,598.8955445257114,573.3632611970426,581.0458984375,20297700,0.0,0.0
2025-03-19 00:00:00-04:00,582.9616006660708,590.9834364727485,573.473050249603,582.7420654296875,20537500,0.0,0.0
2025-03-20 00:00:00-04:00,581.4449335433823,608.8230139342973,578.2022676048324,584.6776123046875,24336500,0.0,0.0
2025-03-21 00:00:00-04:00,582.1034155863823,596.1915469952162,579.6390187113977,594.9044799804688,25015900,0.0,0.0
2025-03-24 00:00:00-04:00,613.5823025213823,621.1352282663373,610.818594384579,617.4535522460938,15741300,0.0,0.0
2025-03-25 00:00:00-04:00,625.3457252697278,632.4496541118687,619.7782994932003,624.896728515625,15312500,0.0,0.0
2025-03-26 00:00:00-04:00,623.4799648706008,625.3357532084965,605.2411840344864,609.601318359375,12609800,0.0,0.0
2025-03-27 00:00:00-04:00,600.6415676163016,612.8639250968658,598.745830668508,601.2202758789062,10436500,0.0,0.0
2025-03-28 00:00:00-04:00,598.9554211422102,600.3921742735024,572.6249545466391,575.4385986328125,17602800,0.0,0.0
2025-03-31 00:00:00-04:00,562.2284810192266,577.3941949049992,552.0514847999954,575.0594482421875,21124700,0.0,0.0
2025-04-01 00:00:00-04:00,569.5518496754252,588.5787620697387,568.713718453365,584.6776123046875,12836600,0.0,0.0
2025-04-02 00:00:00-04:00,573.612639602056,591.3225852084037,572.0661494891557,582.6123046875,13470800,0.0,0.0
2025-04-03 00:00:00-04:00,544.9873159017998,551.3130352164185,529.1032596227147,530.4202880859375,34777500,0.0,0.0
2025-04-04 00:00:00-04:00,505.47675311582964,516.8310778050393,493.08479722050873,503.5910339355469,38589800,0.0,0.0
2025-04-07 00:00:00-04:00,484.00537900420284,538.1529079067506,480.81258761769493,515.0850830078125,36606100,0.0,0.0
2025-04-08 00:00:00-04:00,542.0241297513288,546.1946900687835,501.72525715038495,509.29815673828125,28034200,0.0,0.0
2025-04-09 00:00:00-04:00,508.1207792653783,586.563392325636,500.9769327422793,584.4481811523438,39216600,0.0,0.0
2025-04-10 00:00:00-04:00,574.1914363860034,579.9883240820161,534.0921199395266,545.0573120117188,28173500,0.0,0.0
2025-04-11 00:00:00-04:00,534.3016346023475,546.1648195031983,527.397266592616,542.3434448242188,17642300,0.0,0.0
2025-04-14 00:00:00-04:00,554.9149264864913,556.5113524556241,527.0879095050198,530.2806396484375,14130900,0.0,0.0
2025-04-15 00:00:00-04:00,530.9092700648307,536.7261316213554,516.3322523952014,520.3432006835938,15558700,0.0,0.0
2025-04-16 00:00:00-04:00,507.36253528750194,512.2115538752881,494.5115946838527,501.176513671875,18735100,0.0,0.0
2025-04-17 00:00:00-04:00,504.109870459736,506.1552323217004,496.8862177349848,500.348388671875,14593500,0.0,0.0
2025-04-21 00:00:00-04:00,490.22127698998224,492.38639367876976,478.71729620364266,483.56634521484375,16166000,0.0,0.0
2025-04-22 00:00:00-04:00,490.7600664511802,505.7362053967078,485.26249029169,499.1510925292969,17399400,0.0,0.0
2025-04-23 00:00:00-04:00,527.3373790061787,534.1320095182137,515.3544703338583,519.0960083007812,18173900,0.0,0.0
2025-04-24 00:00:00-04:00,517.5594556288198,532.6952680588365,516.3322506362241,531.9469604492188,13910000,0.0,0.0
2025-04-25 00:00:00-04:00,545.566124111354,548.6192167322417,535.0399425493104,546.0350952148438,17098900,0.0,0.0
2025-04-28 00:00:00-04:00,554.3862228326028,557.2297674992926,539.3701950695558,548.49951171875,15179000,0.0,0.0
2025-04-29 00:00:00-04:00,544.7679463052672,555.3141023170735,542.8921836696377,553.1889038085938,11835000,0.0,0.0
2025-04-30 00:00:00-04:00,537.1851129255415,547.8609194224242,528.305171612182,547.7611694335938,29244000,0.0,0.0
2025-05-01 00:00:00-04:00,590.7439814787114,591.6120134415539,569.2126599544815,570.9188232421875,31159000,0.0,0.0
2025-05-02 00:00:00-04:00,582.1434519633877,602.976341384666,577.025022870384,595.6728515625,24739300,0.0,0.0
2025-05-05 00:00:00-04:00,589.8858412822701,601.8488361583287,586.7230116613694,597.917724609375,13887700,0.0,0.0
2025-05-06 00:00:00-04:00,591.1929940245881,594.6850963262071,585.2564079323492,585.9847412109375,10600700,0.0,0.0
2025-05-07 00:00:00-04:00,589.0277995025451,601.7191276587725,585.3461237925522,595.4632568359375,13139100,0.0,0.0
2025-05-08 00:00:00-04:00,604.9218677784463,609.9205723172726,595.2737054544873,596.6605834960938,14622800,0.0,0.0
2025-05-09 00:00:00-04:00,602.3576547482705,605.6003210056944,590.3748069015998,591.1530151367188,10427300,0.0,0.0
2025-05-12 00:00:00-04:00,629.4962543948571,638.9449161423443,619.6286183644004,637.987060546875,21965100,0.0,0.0
2025-05-13 00:00:00-04:00,644.083302386897,659.4286019389394,641.3794565378789,654.5496826171875,18570800,0.0,0.0
2025-05-14 00:00:00-04:00,659.7179321317063,661.1745985140565,652.8334783472295,657.8720703125,12348200,0.0,0.0
2025-05-15 00:00:00-04:00,652.8036193165813,655.8267503294444,637.1390348372435,642.4270629882812,14341800,0.0,0.0
2025-05-16 00:00:00-04:00,636.5204462352993,638.9948305544648,624.7370982869602,638.8950805664062,18519000,0.0,0.0
2025-05-19 00:00:00-04:00,626.8323547421304,641.5490713874889,626.3833579870233,638.98486328125,9592400,0.0,0.0
2025-05-20 00:00:00-04:00,634.5748472134089,637.9072763695222,630.8333091235804,635.662353515625,6743500,0.0,0.0
2025-05-21 00:00:00-04:00,630.3643287848374,645.1508944069866,628.7479892254967,634.0659790039062,11464600,0.0,0.0
2025-05-22 00:00:00-04:00,632.6192119816805,641.7984637515493,629.2867830155565,635.133544921875,8228400,0.0,0.0
2025-05-23 00:00:00-04:00,622.5918662034928,631.022809904483,621.2449370057717,625.6449584960938,8454100,0.0,0.0
2025-05-27 00:00:00-04:00,633.9761638539012,641.6289002643415,631.3221929667607,640.87060546875,9508400,0.0,0.0
2025-05-28 00:00:00-04:00,641.1499165908115,649.4112615873161,641.1000415977985,642.1277465820312,9042900,0.0,0.0
2025-05-29 00:00:00-04:00,650.1795649115138,651.8457794764735,638.0569572367845,643.5944213867188,8858800,0.0,0.0
2025-05-30 00:00:00-04:00,641.0502003303773,647.9445811375045,631.3521627172354,646.0289306640625,16241000,0.0,0.0
2025-06-02 00:00:00-04:00,642.9359196596392,671.7407683371362,642.8062081386795,669.3861083984375,15766300,0.0,0.0
2025-06-03 00:00:00-04:00,669.9348099310185,674.0554949945077,663.5293144324946,665.3451538085938,11585000,0.0,0.0
2025-06-04 00:00:00-04:00,667.8096780088563,687.4452625248051,667.0613703936261,686.3976440429688,14031900,0.0,0.0
2025-06-05 00:00:00-04:00,690.0991647687987,692.8130584501095,680.7104262850396,683.0750732421875,13083100,0.0,0.0
2025-06-06 00:00:00-04:00,694.5990561951916,701.2240874679378,690.3087714429512,696.1356201171875,11728000,0.0,0.0
2025-06-09 00:00:00-04:00,696.883869686411,703.5986632099265,692.3740500791279,692.4937744140625,12773200,0.0,0.0
2025-06-10 00:00:00-04:00,699.7673231326536,701.6430856337115,689.9994369756769,700.8150024414062,10850100,0.0,0.0
2025-06-11 00:00:00-04:00,702.1220199077359,707.2703489833287,690.4284357601101,692.5736083984375,9582500,0.0,0.0
2025-06-12 00:00:00-04:00,691.7355479828731,693.8108714889893,685.4497761885773,691.79541015625,7322700,0.0,0.0
2025-06-13 00:00:00-04:00,686.3976556130428,693.00271273635,679.4733132608307,681.3291015625,9274400,0.0,0.0
2025-06-16 00:00:00-04:00,698.2888218186604,706.097186349852,692.4774795938313,701.0746459960938,13720300,0.525,0.0
2025-06-17 00:00:00-04:00,700.9548121157454,704.9188720421186,695.0236535754563,696.19189453125,10066100,0.0,0.0
2025-06-18 00:00:00-04:00,697.1404546983404,700.5454115912661,693.8653700649246,694.7340698242188,10068300,0.0,0.0
2025-06-20 00:00:00-04:00,699.7067372671455,700.7751515856344,677.6595924698036,681.3341064453125,22538600,0.0,0.0
2025-06-23 00:00:00-04:00,682.6721183845542,698.009235646563,677.7394706648903,697.4900512695312,11080100,0.0,0.0
2025-06-24 00:00:00-04:00,703.840534417847,712.1281647182683,701.0646441862544,711.1396484375,13823200,0.0,0.0
2025-06-25 00:00:00-04:00,712.2579843149763,715.5131404309827,704.329803307428,707.6248779296875,9320400,0.0,0.0
2025-06-26 00:00:00-04:00,713.296455236712,727.1358060173088,709.9913855606367,725.009033203125,13964800,0.0,0.0
2025-06-27 00:00:00-04:00,725.4383202717177,734.335027558332,724.7792688020234,732.5377197265625,18775700,0.0,0.0
2025-06-30 00:00:00-04:00,743.4414316060685,746.7864803769392,733.1567794055785,736.9910888671875,15402100,0.0,0.0
2025-07-01 00:00:00-04:00,735.7829112020786,736.6516110389775,714.3049263192432,718.149169921875,13431200,0.0,0.0
2025-07-02 00:00:00-04:00,714.2650188208597,719.227590127805,711.7387562844411,712.5076293945312,9336700,0.0,0.0
2025-07-03 00:00:00-04:00,725.5281745483136,727.9446154194361,713.3563211505465,717.9395141601562,8601700,0.0,0.0
2025-07-07 00:00:00-04:00,716.5315731843128,725.9176023238477,712.4476967305745,717.2804565429688,9457100,0.0,0.0
2025-07-08 00:00:00-04:00,720.4957303517299,721.8337012243448,713.7457849218606,719.5970458984375,7770700,0.0,0.0
2025-07-09 00:00:00-04:00,721.6439452565418,736.4319538163115,721.6439452565418,731.6890258789062,11418000,0.0,0.0
2025-07-10 00:00:00-04:00,730.4608071076664,734.704479422628,718.5285868802704,726.1572265625,9913600,0.0,0.0
2025-07-11 00:00:00-04:00,721.4242720797871,724.0802847988808,708.6433421473682,716.4417114257812,10873900,0.0,0.0
2025-07-14 00:00:00-04:00,716.5316151789124,726.9161560719408,715.4831906042045,719.8466796875,8939400,0.0,0.0
2025-07-15 00:00:00-04:00,722.82223154618,723.3913292594382,708.7631777682402,709.3323364257812,11529500,0.0,0.0
2025-07-16 00:00:00-04:00,712.3079132030501,712.9069955313189,698.2289299901618,701.8634643554688,13067600,0.0,0.0
2025-07-17 00:00:00-04:00,703.3412662167694,704.8490277671435,696.0720759709156,700.3656616210938,11803300,0.0,0.0
2025-07-18 00:00:00-04:00,701.1445302429636,703.6607977835126,690.6202449112741,703.2314453125,12779800,0.0,0.0
2025-07-21 00:00:00-04:00,705.7477111980942,715.9325377312456,704.7092814794039,711.9085083007812,9404400,0.0,0.0
2025-07-22 00:00:00-04:00,715.1237435600664,715.5331063393245,700.3657186718685,703.7606811523438,8921100,0.0,0.0
2025-07-23 00:00:00-04:00,705.3183514682154,713.5660637312985,703.8804929024444,712.5176391601562,8771600,0.0,0.0
2025-07-24 00:00:00-04:00,715.9823677348465,722.5425929354744,712.9369210871259,713.7357177734375,10920800,0.0,0.0
2025-07-25 00:00:00-04:00,715.8526352732038,719.5771235060619,710.8401504714777,711.6189575195312,8271700,0.0,0.0
2025-07-28 00:00:00-04:00,714.1352096135126,723.6609843506268,711.6189419324959,716.5615844726562,8715700,0.0,0.0
2025-07-29 00:00:00-04:00,718.9280482700893,723.3913639831756,698.8679318855118,698.9578247070312,13267000,0.0,0.0
2025-07-30 00:00:00-04:00,707.0358168226334,707.4451795959043,690.1709481616012,694.1749877929688,27077300,0.0,0.0
2025-07-31 00:00:00-04:00,774.0458414913344,783.5816106103192,764.3702661872821,772.2884521484375,38831100,0.0,0.0
2025-08-01 00:00:00-04:00,759.5973820600149,764.8595554226001,744.2003568990668,748.8933715820312,19028700,0.0,0.0
2025-08-04 00:00:00-04:00,758.8684286204626,775.6933161141383,757.280769171418,775.2140502929688,15801700,0.0,0.0
2025-08-05 00:00:00-04:00,775.2940146810766,781.9640620224704,761.8640271769766,762.3233642578125,11640300,0.0,0.0
2025-08-06 00:00:00-04:00,768.853609707056,772.488205034118,759.327834976083,770.8406372070312,9733900,0.0,0.0
2025-08-07 00:00:00-04:00,772.3383525306105,773.8461140652291,758.4191051508143,760.6957397460938,9019700,0.0,0.0
2025-08-08 00:00:00-04:00,761.6144268371896,768.7538063796192,757.4506521481833,768.1546630859375,7320800,0.0,0.0
2025-08-11 00:00:00-04:00,768.9334288760205,772.3084011990011,763.5314498091643,764.7296752929688,7612000,0.0,0.0
2025-08-12 00:00:00-04:00,771.849102319645,792.4883102810505,771.2799436630941,788.8237915039062,14563100,0.0,0.0
2025-08-13 00:00:00-04:00,789.9721665216805,794.2757473900336,777.0713578354987,778.9186401367188,8811800,0.0,0.0
2025-08-14 00:00:00-04:00,776.7218428333804,786.6370510429252,771.3598429397638,780.9655151367188,8116200,0.0,0.0
2025-08-15 00:00:00-04:00,782.9825648931883,795.0645257736991,779.6575056048304,784.0609130859375,13375400,0.0,0.0
2025-08-18 00:00:00-04:00,773.9360156125421,774.6549143701418,755.4335751910228,766.2274780273438,16513700,0.0,0.0
2025-08-19 00:00:00-04:00,765.977874147037,766.0277875160474,748.2443062415024,750.3611450195312,12286700,0.0,0.0
2025-08-20 00:00:00-04:00,746.4570103778062,749.083099657565,729.911672806752,746.6067504882812,11898200,0.0,0.0
2025-08-21 00:00:00-04:00,743.6012666698691,744.3900685450179,732.0185006665147,737.9995727539062,8876300,0.0,0.0
2025-08-22 00:00:00-04:00,738.1293678852983,755.7731035460037,733.2966081137474,753.6661987304688,10612700,0.0,0.0
2025-08-25 00:00:00-04:00,753.6961621486424,757.7501148109367,749.0131426125197,752.1784057617188,6861200,0.0,0.0
2025-08-26 00:00:00-04:00,749.6821592803592,753.7461069744401,746.8264320177999,752.9772338867188,7601800,0.0,0.0
2025-08-27 00:00:00-04:00,751.1799307743298,753.0272129802489,741.7340542390842,746.2672729492188,8315400,0.0,0.0
2025-08-28 00:00:00-04:00,742.8922995313089,751.9288132977724,739.6970516455432,749.99169921875,7468000,0.0,0.0
2025-08-29 00:00:00-04:00,744.1703787664815,746.0275947781304,734.2551099537487,737.6001586914062,9070500,0.0,0.0
2025-09-02 00:00:00-04:00,724.9589996576248,734.9041924629622,720.655419120511,734.0155029296875,9350900,0.0,0.0
2025-09-03 00:00:00-04:00,734.9042121918441,739.1478846127889,732.8971950134412,735.95263671875,7699300,0.0,0.0
2025-09-04 00:00:00-04:00,747.4555024338443,760.0267237435045,744.7095967582477,747.535400390625,11439100,0.0,0.0
2025-09-05 00:00:00-04:00,751.499502790698,756.8215846100361,743.9208368275713,751.3297729492188,9663400,0.0,0.0
2025-09-08 00:00:00-04:00,754.8744351124396,765.3687971294402,750.9003802075373,751.179931640625,13087800,0.0,0.0
2025-09-09 00:00:00-04:00,756.3621991005824,765.1590798691678,752.3082462809408,764.5599975585938,10999000,0.0,0.0
2025-09-10 00:00:00-04:00,763.990858904295,764.5600175863916,749.8818911499914,750.8604125976562,12478300,0.0,0.0
2025-09-11 00:00:00-04:00,753.5264602522736,755.9727638030715,747.2557810059183,749.7820434570312,7923300,0.0,0.0
2025-09-12 00:00:00-04:00,747.6152548910696,756.4421205211297,742.6526835890741,754.465087890625,8248600,0.0,0.0
2025-09-15 00:00:00-04:00,756.3421855933647,772.9175066813722,750.8703641812288,763.5614624023438,10533800,0.0,0.0
2025-09-16 00:00:00-04:00,765.8580156945753,780.1966205012909,763.960820221922,777.8401489257812,11782500,0.0,0.0
2025-09-17 00:00:00-04:00,778.828725718326,782.1238004242355,765.1691000860621,774.5650634765625,9400900,0.0,0.0
2025-09-18 00:00:00-04:00,779.5875734416616,787.6056471582369,772.2085614820411,779.0883178710938,10955000,0.0,0.0
2025-09-19 00:00:00-04:00,785.2490765825911,789.6225600448605,768.0447499547826,777.2210693359375,23696800,0.0,0.0
2025-09-22 00:00:00-04:00,781.2128396094075,785.0896826443245,763.8469978355404,764.5364379882812,11706900,0.525,0.0
2025-09-23 00:00:00-04:00,768.6231126086477,769.9719880546131,750.4579354131178,754.784423828125,10872600,0.0,0.0
2025-09-24 00:00:00-04:00,756.8827020619125,760.4897455830934,751.9167814613187,760.0401000976562,8828200,0.0,0.0
2025-09-25 00:00:00-04:00,752.8360219788784,756.1533238123261,743.9432502397539,748.2996826171875,10591100,0.0,0.0
2025-09-26 00:00:00-04:00,749.3888277967437,751.3172477286904,736.7491118404043,743.1439208984375,9696300,0.0,0.0
2025-09-29 00:00:00-04:00,748.1098002440084,750.1681799899285,738.5476529969768,742.794189453125,9246800,0.0,0.0
2025-09-30 00:00:00-04:00,741.6451369970716,742.3645209926972,725.7081225297242,733.7815551757812,16226800,0.0,0.0
2025-10-01 00:00:00-04:00,720.9020135039985,721.2617054862658,709.6212362201944,716.7554321289062,20419600,0.0,0.0
2025-10-02 00:00:00-04:00,721.9911913779041,727.176964520395,717.5548070653372,726.45751953125,11415300,0.0,0.0
2025-10-03 00:00:00-04:00,729.0354240673363,730.4043027655052,709.6012618171895,709.98095703125,16154300,0.0,0.0
2025-10-06 00:00:00-04:00,704.6153434967972,716.2958197616522,689.9473135389625,715.0767822265625,21654700,0.0,0.0
2025-10-07 00:00:00-04:00,717.135073707775,717.9144673294414,705.1748577839295,712.4989013671875,12062900,0.0,0.0
2025-10-08 00:00:00-04:00,712.8686286502683,719.063588526951,707.233209995552,717.2550659179688,10790600,0.0,0.0
2025-10-09 00:00:00-04:00,717.694662739213,732.9122314453125,711.8593952481671,732.9122314453125,12717200,0.0,0.0
2025-10-10 00:00:00-04:00,730.3243364156914,734.6708280741015,703.9358854737135,704.7252197265625,16980100,0.0,0.0
2025-10-13 00:00:00-04:00,712.4289500007787,719.353295154282,707.0633311027989,715.1167602539062,9251800,0.0,0.0
2025-10-14 00:00:00-04:00,707.2032236513401,714.966850016347,698.7600977854659,708.072509765625,8829800,0.0,0.0
2025-10-15 00:00:00-04:00,716.4756800447307,723.3101331023296,708.9318445822669,716.9652709960938,10246800,0.0,0.0
2025-10-16 00:00:00-04:00,716.9652609619593,724.898793146875,703.3064176322127,711.48974609375,9017000,0.0,0.0
2025-10-17 00:00:00-04:00,706.5038073054051,717.9544293541486,705.5445676686097,716.3357543945312,12232400,0.0,0.0
2025-10-20 00:00:00-04:00,720.602270855396,733.1720358988009,719.5930841941394,731.5733032226562,8900200,0.0,0.0
2025-10-21 00:00:00-04:00,735.4202444049121,737.898203963144,728.156149137632,732.6724853515625,7647300,0.0,0.0
2025-10-22 00:00:00-04:00,733.2320185457676,739.9964601984101,723.4400167690366,732.8123168945312,8734500,0.0,0.0
2025-10-23 00:00:00-04:00,734.1012972282697,741.8049752352916,732.5025644943078,733.40185546875,9856000,0.0,0.0
2025-10-24 00:00:00-04:00,736.1895728454068,740.6060149267306,730.5542151922721,737.75830078125,9151300,0.0,0.0
2025-10-27 00:00:00-04:00,749.1189913399045,755.1341048828856,747.4004223192904,750.2081298828125,11321100,0.0,0.0
2025-10-28 00:00:00-04:00,752.0166693998259,757.7819868095911,744.9124781386814,750.82763671875,12193800,0.0,0.0
2025-10-29 00:00:00-04:00,754.1349412128479,758.5413205942342,741.9049255575367,751.0574340820312,26818600,0.0,0.0
2025-10-30 00:00:00-04:00,668.6047496805471,680.405123547836,649.6401745693712,665.9268798828125,88440100,0.0,0.0
2025-10-31 00:00:00-04:00,673.9603724515775,674.3400676801817,645.0439523217459,647.8216552734375,56953200,0.0,0.0
2025-11-03 00:00:00-05:00,655.4654426520216,658.792746197499,635.6615861365713,637.1903686523438,33003600,0.0,0.0
2025-11-04 00:00:00-05:00,627.528160823027,641.2170082918374,625.4998468710925,626.8087768554688,27356600,0.0,0.0
2025-11-05 00:00:00-05:00,631.7947143740674,641.7066132741587,626.0293969573662,635.4317626953125,20219900,0.0,0.0
2025-11-06 00:00:00-05:00,635.3318005623231,635.4817027165644,617.4963715076051,618.4356079101562,23628800,0.0,0.0
2025-11-07 00:00:00-05:00,615.9875913853423,621.6230097922952,600.7100736857968,621.203369140625,29946800,0.0,0.0
2025-11-10 00:00:00-05:00,630.5757412925083,634.4825281361091,617.606277436272,631.2451782226562,19245000,0.0,0.0
2025-11-11 00:00:00-05:00,627.4882640088713,629.0469903781388,618.8852946435945,626.5690307617188,13302200,0.0,0.0
2025-11-12 00:00:00-05:00,627.6181473129036,628.4774318700306,607.2747531328254,608.5137329101562,24493300,0.0,0.0
2025-11-13 00:00:00-05:00,612.5704066192014,617.1466913787408,602.5086055074847,609.3930053710938,20973800,0.0,0.0
2025-11-14 00:00:00-05:00,601.2995852054279,613.1799107961393,594.7149894844074,608.96337890625,20724100,0.0,0.0
2025-11-17 00:00:00-05:00,608.54364845602,611.1915132655756,594.914810553651,601.5194091796875,16501300,0.0,0.0
2025-11-18 00:00:00-05:00,591.1178778321469,603.1680476389258,583.3043040560937,597.2029418945312,25500600,0.0,0.0
2025-11-19 00:00:00-05:00,593.236120814011,594.8448550993957,580.7763124672824,589.8389282226562,24744700,0.0,0.0
2025-11-20 00:00:00-05:00,603.0082035639184,606.225550290049,582.8745995478572,588.669921875,20603000,0.0,0.0
2025-11-21 00:00:00-05:00,588.0204327318114,597.6325885375659,581.38582901572,593.7657470703125,21052600,0.0,0.0
2025-11-24 00:00:00-05:00,598.2320754408486,616.1974650582393,597.1429978306941,612.5504150390625,23554900,0.0,0.0
2025-11-25 00:00:00-05:00,623.4914651316196,636.5308177101258,617.7960982049689,635.7014770507812,25213000,0.0,0.0
2025-11-26 00:00:00-05:00,637.1703200291516,637.8397569399452,631.1152610365342,633.0936279296875,15209500,0.0,0.0
2025-11-28 00:00:00-05:00,635.5616748244524,647.5218911860414,634.9821303911365,647.4219970703125,11033200,0.0,0.0
2025-12-01 00:00:00-05:00,639.028785702615,644.7941029489796,637.2402664201815,640.3477172851562,13029900,0.0,0.0
2025-12-02 00:00:00-05:00,641.8165621493692,647.3420238521164,637.5500224020741,646.5726318359375,11640900,0.0,0.0
2025-12-03 00:00:00-05:00,643.8848130159247,648.3211970895987,637.0304181904862,639.0787353515625,11134300,0.0,0.0
2025-12-04 00:00:00-05:00,675.4491463216154,675.5490404402168,659.512131337801,660.990966796875,29874600,0.0,0.0
2025-12-05 00:00:00-05:00,663.4589092143041,674.1402004180294,661.8502358329807,672.8712158203125,21207900,0.0,0.0
2025-12-08 00:00:00-05:00,668.7945609027437,676.1585499822719,664.528021142878,666.256591796875,13161000,0.0,0.0
2025-12-09 00:00:00-05:00,663.2291308887899,663.9385132978894,652.807637338328,656.4246826171875,12997100,0.0,0.0
2025-12-10 00:00:00-05:00,649.4203737252112,653.9766553823684,642.8757234590145,649.6002197265625,16910900,0.0,0.0
2025-12-11 00:00:00-05:00,642.7657334383907,654.7460135009795,640.2777724038347,652.1781005859375,13056700,0.0,0.0
2025-12-12 00:00:00-05:00,649.2704855848336,710.4206277669183,638.0896015354143,643.7050170898438,14016900,0.0,0.0
2025-12-15 00:00:00-05:00,645.7000122070312,653.0,638.7000122070312,647.510009765625,15549100,0.525,0.0
2025-12-16 00:00:00-05:00,643.5,662.5399780273438,643.2000122070312,657.1500244140625,14309100,0.0,0.0
2025-12-17 00:00:00-05:00,655.6099853515625,661.22998046875,649.2000122070312,649.5,15598500,0.0,0.0
2025-12-18 00:00:00-05:00,657.030029296875,670.5599975585938,656.4600219726562,664.4500122070312,20260300,0.0,0.0
2025-12-19 00:00:00-05:00,666.4199829101562,671.0,658.1799926757812,658.77001953125,49977100,0.0,0.0
2025-12-22 00:00:00-05:00,661.6500244140625,673.5800170898438,656.6500244140625,661.5,15659400,0.0,0.0
2025-12-23 00:00:00-05:00,660.0499877929688,666.0,658.25,664.9400024414062,8486800,0.0,0.0
2025-12-24 00:00:00-05:00,662.530029296875,668.1799926757812,662.2000122070312,667.5499877929688,5627500,0.0,0.0
2025-12-26 00:00:00-05:00,668.0599975585938,668.9500122070312,661.3200073242188,663.2899780273438,7133800,0.0,0.0
2025-12-29 00:00:00-05:00,658.010009765625,660.25,654.3900146484375,658.6900024414062,8506500,0.0,0.0
2025-12-30 00:00:00-05:00,658.6900024414062,672.219970703125,657.8400268554688,665.9500122070312,9187500,0.0,0.0
2025-12-31 00:00:00-05:00,664.75,665.0,659.4400024414062,660.0900268554688,7940400,0.0,0.0
2026-01-02 00:00:00-05:00,662.72998046875,664.3900146484375,643.5,650.4099731445312,13726500,0.0,0.0
2026-01-05 00:00:00-05:00,651.010009765625,664.5399780273438,647.75,658.7899780273438,12213700,0.0,0.0
2026-01-06 00:00:00-05:00,659.5700073242188,665.52001953125,651.9000244140625,660.6199951171875,11074400,0.0,0.0
2026-01-07 00:00:00-05:00,655.6400146484375,659.1500244140625,644.8099975585938,648.6900024414062,12846300,0.0,0.0
2026-01-08 00:00:00-05:00,645.8800048828125,647.0999755859375,635.719970703125,646.0599975585938,11921700,0.0,0.0
2026-01-09 00:00:00-05:00,645.4400024414062,654.9500122070312,642.8499755859375,653.0599975585938,11634900,0.0,0.0
2026-01-12 00:00:00-05:00,652.530029296875,653.969970703125,641.22998046875,641.969970703125,14797200,0.0,0.0
2026-01-13 00:00:00-05:00,642.27001953125,642.27001953125,624.0999755859375,631.0900268554688,18030400,0.0,0.0
2026-01-14 00:00:00-05:00,626.5,628.4500122070312,614.8200073242188,615.52001953125,15527900,0.0,0.0
2026-01-15 00:00:00-05:00,618.47998046875,624.1699829101562,614.22998046875,620.7999877929688,13076100,0.0,0.0
2026-01-16 00:00:00-05:00,624.1799926757812,629.0800170898438,620.0800170898438,620.25,17012500,0.0,0.0
2026-01-20 00:00:00-05:00,607.8800048828125,611.4000244140625,600.0,604.1199951171875,15169600,0.0,0.0
2026-01-21 00:00:00-05:00,606.739990234375,618.27001953125,600.0800170898438,612.9600219726562,14494700,0.0,0.0
2026-01-22 00:00:00-05:00,629.3499755859375,660.5700073242188,626.5499877929688,647.6300048828125,21394700,0.0,0.0
2026-01-23 00:00:00-05:00,644.77001953125,666.489990234375,644.4500122070312,658.760009765625,22797700,0.0,0.0
2026-01-26 00:00:00-05:00,665.1300048828125,675.280029296875,661.2899780273438,672.3599853515625,16327400,0.0,0.0
2026-01-27 00:00:00-05:00,674.5900268554688,676.8200073242188,664.6599731445312,672.969970703125,13297400,0.0,0.0
2026-01-28 00:00:00-05:00,674.5,677.6799926757812,666.0999755859375,668.72998046875,25709600,0.0,0.0
2026-01-29 00:00:00-05:00,737.4299926757812,744.0,712.5499877929688,738.3099975585938,59852900,0.0,0.0
2026-01-30 00:00:00-05:00,727.5,732.1699829101562,713.5900268554688,716.5,23744600,0.0,0.0
2026-02-02 00:00:00-05:00,714.5999755859375,721.2999877929688,703.52001953125,706.4099731445312,14365200,0.0,0.0
2026-02-03 00:00:00-05:00,707.3699951171875,717.0,686.4099731445312,691.7000122070312,13760700,0.0,0.0
2026-02-04 00:00:00-05:00,687.72998046875,688.8300170898438,667.4600219726562,668.989990234375,16882800,0.0,0.0
2026-02-05 00:00:00-05:00,663.5800170898438,681.5,653.5,670.2100219726562,17131800,0.0,0.0
2026-02-06 00:00:00-05:00,665.489990234375,671.989990234375,646.5,661.4600219726562,18159300,0.0,0.0
2026-02-09 00:00:00-05:00,663.1799926757812,683.3099975585938,658.780029296875,677.219970703125,14837500,0.0,0.0
2026-02-10 00:00:00-05:00,677.5999755859375,680.6500244140625,669.7899780273438,670.719970703125,10455800,0.0,0.0
2026-02-11 00:00:00-05:00,674.0,679.2675170898438,657.1500244140625,668.6900024414062,14240432,0.0,0.0
