Date,Open,High,Low,Close,Volume,Dividends,Stock Splits
2004-08-19 00:00:00-04:00,2.472122773210547,2.572490948053174,2.3722498936767993,2.4805288314819336,897427216,0.0,0.0
2004-08-20 00:00:00-04:00,2.4970913195361195,2.6965918992497553,2.4844838896751833,2.6775567531585693,458857488,0.0,0.0
2004-08-23 00:00:00-04:00,2.737876447567055,2.8053653421692903,2.6958506534308047,2.704502820968628,366857939,0.0,0.0
2004-08-24 00:00:00-04:00,2.749989796141945,2.758889019816328,2.5603778335504033,2.592515707015991,306396159,0.0,0.0
2004-08-25 00:00:00-04:00,2.59474033810248,2.6698936554112485,2.5680414820072377,2.620450496673584,184645512,0.0,0.0
2004-08-26 00:00:00-04:00,2.594492432297277,2.668656324625095,2.5873233120445915,2.6676676273345947,142572401,0.0,0.0
2004-08-27 00:00:00-04:00,2.6723648350876354,2.685220267763395,2.6127867057755947,2.6241583824157715,124826132,0.0,0.0
2004-08-30 00:00:00-04:00,2.602650891511266,2.6078430917504187,2.521813154220581,2.521813154220581,104429967,0.0,0.0
2004-08-31 00:00:00-04:00,2.5289822639113657,2.563838699759072,2.5255211129509902,2.530712366104126,98825037,0.0,0.0
2004-09-01 00:00:00-04:00,2.5388697746358977,2.5455445461533666,2.4639644786716532,2.4783029556274414,183633734,0.0,0.0
2004-09-02 00:00:00-04:00,2.452098661645818,2.5307121706387914,2.4459180016019935,2.5094516277313232,303810504,0.0,0.0
2004-09-03 00:00:00-04:00,2.4956087967671574,2.515138293794879,2.455312865939944,2.472369909286499,103538639,0.0,0.0
2004-09-07 00:00:00-04:00,2.4970915975934167,2.5215660018974173,2.4624822156970847,2.5111827850341797,117506800,0.0,0.0
2004-09-08 00:00:00-04:00,2.49041633795841,2.547028848022032,2.4844839169310973,2.528982162475586,100186120,0.0,0.0
2004-09-09 00:00:00-04:00,2.5346674729789918,2.539117084458438,2.4968442372196527,2.529229164123535,81620792,0.0,0.0
2004-09-10 00:00:00-04:00,2.511676737209856,2.634294138915772,2.5042603239383383,2.6038870811462402,174804764,0.0,0.0
2004-09-13 00:00:00-04:00,2.6360243771014695,2.680028273689668,2.6318218215784266,2.657531976699829,157628624,0.0,0.0
2004-09-14 00:00:00-04:00,2.6562966775601518,2.7687781817458452,2.6399800914421605,2.7561707496643066,217608605,0.0,0.0
2004-09-15 00:00:00-04:00,2.7331795345379253,2.823906123963232,2.7242793651843815,2.76877760887146,215279909,0.0,0.0
2004-09-16 00:00:00-04:00,2.7771827265018643,2.8627180706994904,2.7601256841437625,2.8174784183502197,186207345,0.0,0.0
2004-09-17 00:00:00-04:00,2.8286026788216603,2.9044973850250244,2.807095080850892,2.9044973850250244,190350817,0.0,0.0
2004-09-20 00:00:00-04:00,2.8911479020218933,3.0061016068552324,2.8866982903521397,2.95072603225708,213585582,0.0,0.0
2004-09-21 00:00:00-04:00,2.961850635519053,2.976930519174107,2.904992015129819,2.913149833679199,145262446,0.0,0.0
2004-09-22 00:00:00-04:00,2.902272488672941,2.958389467352989,2.887686717165655,2.9264986515045166,152344894,0.0,0.0
2004-09-23 00:00:00-04:00,2.937871411354877,3.0315645677465324,2.8928778716414003,2.986819267272949,171524515,0.0,0.0
2004-09-24 00:00:00-04:00,2.9897849051250365,3.067904066917511,2.9606147827805325,2.9623448848724365,183336625,0.0,0.0
2004-09-27 00:00:00-04:00,2.9556698873355542,2.988302107138377,2.912161286387829,2.9235329627990723,141994242,0.0,0.0
2004-09-28 00:00:00-04:00,2.998685341350608,3.14948417435316,2.971739432874207,3.1361353397369385,340190355,0.0,0.0
2004-09-29 00:00:00-04:00,3.1321804983924935,3.3378608199903863,3.12056152767822,3.240459442138672,613229953,0.0,0.0
2004-09-30 00:00:00-04:00,3.211287902676158,3.270618978872366,3.1890386603611853,3.203871488571167,276468402,0.0,0.0
2004-10-01 00:00:00-04:00,3.2335370231174445,3.318578259014805,3.1865663199041023,3.277541160583496,303934969,0.0,0.0
2004-10-04 00:00:00-04:00,3.3435466800488878,3.383594367088619,3.3133859668942374,3.338848829269409,261693228,0.0,0.0
2004-10-05 00:00:00-04:00,3.328961409378243,3.4246317329578724,3.2691359835260636,3.4206764698028564,300887589,0.0,0.0
2004-10-06 00:00:00-04:00,3.400405524248736,3.4226545299754116,3.3620879367795116,3.388786554336548,268900140,0.0,0.0
2004-10-07 00:00:00-04:00,3.3848311659748136,3.458005423829014,3.3756837033923746,3.432542324066162,283643194,0.0,0.0
2004-10-08 00:00:00-04:00,3.42932941525936,3.4530614663084003,3.3873026756740305,3.4048550128936768,222442656,0.0,0.0
2004-10-11 00:00:00-04:00,3.3868086013507015,3.432790844265309,3.308936722850243,3.343794107437134,210437827,0.0,0.0
2004-10-12 00:00:00-04:00,3.3235220763951854,3.401888299337561,3.2978119199087623,3.3966972827911377,234419380,0.0,0.0
2004-10-13 00:00:00-04:00,3.543046479766774,3.5487330282014424,3.462950391999943,3.4832212924957275,397203256,0.0,0.0
2004-10-14 00:00:00-04:00,3.4859409050274897,3.5198088810122745,3.425374311212974,3.5104143619537354,209835578,0.0,0.0
2004-10-15 00:00:00-04:00,3.5828479017061396,3.596939324292583,3.5091783505048073,3.5625760555267334,265150137,0.0,0.0
2004-10-18 00:00:00-04:00,3.540080059402136,3.6884073985148174,3.490884905721963,3.6874189376831055,282061287,0.0,0.0
2004-10-19 00:00:00-04:00,3.720545325114741,3.767516025472119,3.642673452270667,3.657258987426758,363918964,0.0,0.0
2004-10-20 00:00:00-04:00,3.6594835202268716,3.683216520115553,3.4510836908723275,3.473085641860962,456613107,0.0,0.0
2004-10-21 00:00:00-04:00,3.569745497669914,3.7113980646319513,3.501020847104898,3.692857265472412,585767401,0.0,0.0
2004-10-22 00:00:00-04:00,4.215959026580995,4.454024511994018,4.056259532181398,4.2626824378967285,1481207196,0.0,0.0
2004-10-25 00:00:00-04:00,4.36082515841415,4.806549296937671,4.265647998145629,4.632758617401123,1315480331,0.0,0.0
2004-10-26 00:00:00-04:00,4.606554838895178,4.7622986031616295,4.449821903796812,4.494320392608643,895628499,0.0,0.0
2004-10-27 00:00:00-04:00,4.517063018081171,4.685167130952526,4.493578023867496,4.597407341003418,536262538,0.0,0.0
2004-10-28 00:00:00-04:00,4.614958825987812,4.805559239609474,4.58826020975997,4.778613567352295,596097978,0.0,0.0
2004-10-29 00:00:00-04:00,4.916805315188448,4.943009821183279,4.711866645126363,4.712855815887451,849672890,0.0,0.0
2004-11-01 00:00:00-05:00,4.784794008947955,4.886644982179665,4.728429740279711,4.846102237701416,490828877,0.0,0.0
2004-11-02 00:00:00-05:00,4.914086647747198,4.925705380999971,4.779603442827424,4.817426681518555,455553149,0.0,0.0
2004-11-03 00:00:00-05:00,4.899253674677544,4.983799846496394,4.7155746127106335,4.738317966461182,557630330,0.0,0.0
2004-11-04 00:00:00-05:00,4.658469080765613,4.706922831082498,4.532638036861717,4.566011428833008,578544429,0.0,0.0
2004-11-05 00:00:00-05:00,4.498769222545851,4.506679747684616,4.166763337116468,4.186539649963379,796297573,0.0,0.0
2004-11-08 00:00:00-05:00,4.225600671361368,4.337093467130776,4.187776012362191,4.265647888183594,449349985,0.0,0.0
2004-11-09 00:00:00-05:00,4.303967146056438,4.331160352343493,4.0856784343935555,4.170472621917725,444226854,0.0,0.0
2004-11-10 00:00:00-05:00,4.219172653837214,4.264906894420615,4.1118826461575715,4.14970588684082,427355853,0.0,0.0
2004-11-11 00:00:00-05:00,4.18110180909542,4.542525837689442,4.142535985441548,4.524479389190674,601666773,0.0,0.0
2004-11-12 00:00:00-05:00,4.579113976750446,4.692089576410134,4.385546522385134,4.499263763427734,672354740,0.0,0.0
2004-11-15 00:00:00-05:00,4.460945463529832,4.655501594493057,4.418919911807078,4.570213317871094,477844390,0.0,0.0
2004-11-16 00:00:00-05:00,4.388017814625256,4.4367186141958825,4.223127799515203,4.265400409698486,839832142,0.0,0.0
2004-11-17 00:00:00-05:00,4.178383406754045,4.388019016080805,4.177888821291739,4.264412879943848,728034662,0.0,0.0
2004-11-18 00:00:00-05:00,4.209778650545255,4.311877648138396,4.0970500891738215,4.141795635223389,667677273,0.0,0.0
2004-11-19 00:00:00-05:00,4.180358722393149,4.2021138483496365,4.116578046915139,4.187775135040283,352086780,0.0,0.0
2004-11-22 00:00:00-05:00,4.065901261041375,4.190248546086964,3.9877823276818383,4.081475257873535,496582362,0.0,0.0
2004-11-23 00:00:00-05:00,4.152424821631761,4.223127805684918,4.116084395593661,4.141300201416016,498393124,0.0,0.0
2004-11-24 00:00:00-05:00,4.321765268867374,4.380849055358412,4.264659823954014,4.320282459259033,613531078,0.0,0.0
2004-11-26 00:00:00-05:00,4.34599159789428,4.450562065252447,4.3341253381572225,4.4347405433654785,260175560,0.0,0.0
2004-11-29 00:00:00-05:00,4.458721303644271,4.522749049439898,4.388265367733138,4.475779056549072,428263241,0.0,0.0
2004-11-30 00:00:00-05:00,4.467373291749205,4.5239850882506545,4.456001615904066,4.498769283294678,309154460,0.0,0.0
2004-12-01 00:00:00-05:00,4.498027901569956,4.511624028879101,4.438697065654367,4.448832988739014,315743063,0.0,0.0
2004-12-02 00:00:00-05:00,4.447349354621129,4.487150937633904,4.413975962015502,4.4349894523620605,251374696,0.0,0.0
2004-12-03 00:00:00-05:00,4.448585973863728,4.4760257580491265,4.390490417540125,4.459710121154785,235647968,0.0,0.0
2004-12-06 00:00:00-05:00,4.428313582525762,4.467126462551646,4.351430410408688,4.358105182647705,251097661,0.0,0.0
2004-12-07 00:00:00-05:00,4.3509354481202385,4.355880827761663,4.2162052081791375,4.237959861755371,275866153,0.0,0.0
2004-12-08 00:00:00-05:00,4.211261808115283,4.29358352958495,4.1712131728280495,4.202114582061768,302802741,0.0,0.0
2004-12-09 00:00:00-05:00,4.208789587834555,4.289133918896799,4.164785687102264,4.287403106689453,307307563,0.0,0.0
2004-12-10 00:00:00-05:00,4.287403043300692,4.323248887714649,4.234499919414357,4.243399143218994,173335277,0.0,0.0
2004-12-13 00:00:00-05:00,4.2562547655016845,4.281223518990809,4.189012922238095,4.213733673095703,193466452,0.0,0.0
2004-12-14 00:00:00-05:00,4.22733029748964,4.420650221273952,4.192720682037893,4.417436599731445,445198482,0.0,0.0
2004-12-15 00:00:00-05:00,4.4001321847227475,4.466878487664796,4.367252908659411,4.444382190704346,460559845,0.0,0.0
2004-12-16 00:00:00-05:00,4.374422240177597,4.461934983559034,4.349701016596481,4.362555503845215,344197318,0.0,0.0
2004-12-17 00:00:00-05:00,4.369723779928337,4.462181417743179,4.364532763857075,4.451798439025879,296555412,0.0,0.0
2004-12-20 00:00:00-05:00,4.4992648392065115,4.658963884173886,4.496050743587119,4.573922634124756,394854485,0.0,0.0
2004-12-21 00:00:00-05:00,4.6058128218375325,4.644624758419657,4.5338731308371925,4.5425262451171875,221479058,0.0,0.0
2004-12-22 00:00:00-05:00,4.546234237171928,4.619161675611621,4.524232524952559,4.605565547943115,156865776,0.0,0.0
2004-12-23 00:00:00-05:00,4.633994092459406,4.662423994778634,4.598149196056119,4.645118713378906,145125936,0.0,0.0
2004-12-27 00:00:00-05:00,4.676020717779941,4.778613331989905,4.674784017831929,4.744250774383545,245079187,0.0,0.0
2004-12-28 00:00:00-05:00,4.749194983539654,4.784794242961155,4.72200225516625,4.765264511108398,166453579,0.0,0.0
2004-12-29 00:00:00-05:00,4.741038084592707,4.78405329070084,4.741038084592707,4.768726348876953,107525527,0.0,0.0
2004-12-30 00:00:00-05:00,4.770455989410836,4.900489825859185,4.742768673008674,4.884915828704834,237057231,0.0,0.0
2004-12-31 00:00:00-05:00,4.9252108811788355,4.941279461634672,4.760319444800191,4.766005992889404,307889737,0.0,0.0
2005-01-03 00:00:00-05:00,4.8799699713047335,5.034230889505063,4.832011762332885,5.011240482330322,636143518,0.0,0.0
2005-01-04 00:00:00-05:00,4.978855600689007,5.0166788360937815,4.783062758393413,4.808279037475586,552298420,0.0,0.0
2005-01-05 00:00:00-05:00,4.782321614342157,4.867609896377033,4.752161848274865,4.7838053703308105,330698912,0.0,0.0
2005-01-06 00:00:00-05:00,4.822617963086634,4.842889811635498,4.6406696978437685,4.66118860244751,417041336,0.0,0.0
2005-01-07 00:00:00-05:00,4.712855426070616,4.802099445986728,4.666873661394117,4.792210578918457,387964757,0.0,0.0
2005-01-10 00:00:00-05:00,4.808279396920568,4.897275891914776,4.742273312111687,4.8221235275268555,302714411,0.0,0.0
2005-01-11 00:00:00-05:00,4.835968123534946,4.887635497345842,4.775647161526534,4.784547805786133,279391317,0.0,0.0
2005-01-12 00:00:00-05:00,4.804076805811812,4.843631331119076,4.709395178245303,4.830034255981445,328338096,0.0,0.0
2005-01-13 00:00:00-05:00,4.830034524503972,4.879724030017989,4.797155243557019,4.828798770904541,275002929,0.0,0.0
2005-01-14 00:00:00-05:00,4.845361558140155,4.9444939882759,4.7991332030590685,4.943505764007568,387057368,0.0,0.0
2005-01-18 00:00:00-05:00,4.968226093903593,5.068347222628478,4.9111206452567,5.0406599044799805,528878966,0.0,0.0
2005-01-19 00:00:00-05:00,5.059200300552589,5.075268882079044,4.862913331537003,4.877499103546143,451995865,0.0,0.0
2005-01-20 00:00:00-05:00,4.758836816469114,4.851541515829212,4.746476442307723,4.793940544128418,361413608,0.0,0.0
2005-01-21 00:00:00-05:00,4.809267457715732,4.829539777503669,4.650558096154134,4.654513359069824,371724110,0.0,0.0
2005-01-24 00:00:00-05:00,4.664649464575939,4.680470990144291,4.457732458839811,4.467621326446533,563010421,0.0,0.0
2005-01-25 00:00:00-05:00,4.497781182164835,4.505197596370265,4.358105539058382,4.37862491607666,427966132,0.0,0.0
2005-01-26 00:00:00-05:00,4.431774963959947,4.682447863500089,4.428808398365985,4.678245544433594,494161321,0.0,0.0
2005-01-27 00:00:00-05:00,4.666379260890734,4.668851714399439,4.578371464194,4.649569511413574,266089645,0.0,0.0
2005-01-28 00:00:00-05:00,4.697527142277113,4.8132236588227375,4.606553737883083,4.705438613891602,490158373,0.0,0.0
2005-01-31 00:00:00-05:00,4.788255436110656,4.854261046029834,4.739554634063694,4.835967540740967,385306832,0.0,0.0
2005-02-01 00:00:00-05:00,4.805312484974075,4.861677706328973,4.712608727093874,4.744004249572754,756384528,0.0,0.0
2005-02-02 00:00:00-05:00,5.328661462904591,5.359562400179233,5.034725821989391,5.0915846824646,1316889593,0.0,0.0
2005-02-03 00:00:00-05:00,5.092326473930291,5.274769306592338,5.087876152368806,5.212718486785889,521471303,0.0,0.0
2005-02-04 00:00:00-05:00,5.10419299540402,5.135835573704326,5.008521252649202,5.05203104019165,594993855,0.0,0.0
2005-02-07 00:00:00-05:00,5.0742797682972185,5.102461192700255,4.833247278877507,4.846102237701416,520359150,0.0,0.0
2005-02-08 00:00:00-05:00,4.869093539541066,4.944740008977527,4.809020118244761,4.910624980926514,460921194,0.0,0.0
2005-02-09 00:00:00-05:00,4.963034866369185,4.98380035410046,4.683684983290139,4.736093997955322,689434520,0.0,0.0
2005-02-10 00:00:00-05:00,4.745733983888598,4.7516671145082805,4.579607746399621,4.647096633911133,762154073,0.0,0.0
2005-02-11 00:00:00-05:00,4.6144651107590935,4.754387813430356,4.599879338025624,4.632758617401123,526606480,0.0,0.0
2005-02-14 00:00:00-05:00,4.52027696230646,4.7731752378394505,4.474542728810757,4.770949840545654,1548269624,0.0,0.0
2005-02-15 00:00:00-05:00,4.78602972839045,4.940290653045756,4.773175242945076,4.826325416564941,1035177611,0.0,0.0
2005-02-16 00:00:00-05:00,4.813223652243344,4.92768204888236,4.803334786026116,4.904938697814941,663770685,0.0,0.0
2005-02-17 00:00:00-05:00,4.890600314888566,4.938065361425156,4.865385455490798,4.892331600189209,418137429,0.0,0.0
2005-02-18 00:00:00-05:00,4.907411214175999,4.915568795314791,4.861676982160301,4.893567085266113,340708289,0.0,0.0
2005-02-22 00:00:00-05:00,4.857721910549001,4.91705179793666,4.70667460636707,4.73090124130249,541369609,0.0,0.0
2005-02-23 00:00:00-05:00,4.778613927691751,4.807784999562307,4.663907035168155,4.794683456420898,625776806,0.0,0.0
2005-02-24 00:00:00-05:00,4.533130865608584,4.693324426923733,4.504948971767149,4.669592380523682,1036442333,0.0,0.0
2005-02-25 00:00:00-05:00,4.6760209055510105,4.695056051822113,4.586034770626603,4.594934940338135,400435325,0.0,0.0
2005-02-28 00:00:00-05:00,4.5981496693753146,4.693819999268747,4.594441462020436,4.647344589233398,313908211,0.0,0.0
2005-03-01 00:00:00-05:00,4.679482482240674,4.690854159832838,4.499264086538154,4.599632263183594,373844027,0.0,0.0
2005-03-02 00:00:00-05:00,4.596912669169204,4.639433759588128,4.5576061470604845,4.577877521514893,292512314,0.0,0.0
2005-03-03 00:00:00-05:00,4.601362787014511,4.641410475483051,4.556370664852216,4.623116970062256,305484756,0.0,0.0
2005-03-04 00:00:00-05:00,4.615453687961312,4.62905028956319,4.575158941818851,4.595676898956299,271979640,0.0,0.0
2005-03-07 00:00:00-05:00,4.642153020356183,4.68714561538825,4.623611985785986,4.667614936828613,347995502,0.0,0.0
2005-03-08 00:00:00-05:00,4.674784434166306,4.69332546928995,4.572686396185259,4.578371524810791,323050350,0.0,0.0
2005-03-09 00:00:00-05:00,4.553898294211778,4.56477538593354,4.453777178069215,4.4831953048706055,456119263,0.0,0.0
2005-03-10 00:00:00-05:00,4.474789374283639,4.479486277881564,4.385545839486361,4.449326515197754,440063306,0.0,0.0
2005-03-11 00:00:00-05:00,4.460699304247974,4.473306735655559,4.379366273799024,4.395434856414795,322335682,0.0,0.0
2005-03-14 00:00:00-05:00,4.408537034843592,4.4102669002084856,4.266142847863409,4.325968265533447,447535208,0.0,0.0
2005-03-15 00:00:00-05:00,4.333632490611903,4.449821722338118,4.306685395784478,4.415459632873535,418446584,0.0,0.0
2005-03-16 00:00:00-05:00,4.3682409675186555,4.415458957034256,4.326462469949236,4.341048240661621,285317446,0.0,0.0
2005-03-17 00:00:00-05:00,4.378871862012987,4.440921263871658,4.345992584291486,4.432269096374512,331662510,0.0,0.0
2005-03-18 00:00:00-05:00,4.420403132607882,4.459710125355492,4.408042758589549,4.450809955596924,284663002,0.0,0.0
2005-03-21 00:00:00-05:00,4.431775109881834,4.50346632528408,4.381838551789139,4.471576690673828,300470030,0.0,0.0
2005-03-22 00:00:00-05:00,4.478992839694706,4.497780930200143,4.396671119913517,4.415212154388428,226112360,0.0,0.0
2005-03-23 00:00:00-05:00,4.399636619390501,4.455753833352526,4.399636619390501,4.424605369567871,194526410,0.0,0.0
2005-03-24 00:00:00-05:00,4.467126934871701,4.471082198113518,4.43004533624384,4.431281089782715,148763520,0.0,0.0
2005-03-28 00:00:00-05:00,4.491353460100909,4.568483694458521,4.473306536697458,4.484925270080566,350830087,0.0,0.0
2005-03-29 00:00:00-05:00,4.475778825662012,4.53090734473351,4.4021092717808825,4.4391913414001465,259890496,0.0,0.0
2005-03-30 00:00:00-05:00,4.465642510208693,4.485667299332739,4.43993259305444,4.4609456062316895,250378977,0.0,0.0
2005-03-31 00:00:00-05:00,4.3991424720618655,4.484183698337343,4.3914790025109225,4.462428569793701,271758815,0.0,0.0
2005-04-01 00:00:00-05:00,4.493331043150724,4.522748695451363,4.449574202167537,4.450809955596924,248206866,0.0,0.0
2005-04-04 00:00:00-04:00,4.4485866366613385,4.581338568860198,4.445866653509247,4.580597400665283,324266893,0.0,0.0
2005-04-05 00:00:00-04:00,4.640915699677431,4.7034606235005825,4.636960437260556,4.66168212890625,350777892,0.0,0.0
2005-04-06 00:00:00-04:00,4.678245649673133,4.688381573442994,4.637208315795968,4.677751064300537,210891521,0.0,0.0
2005-04-07 00:00:00-04:00,4.666874588966516,4.81124668138175,4.663413437475954,4.7899861335754395,389141150,0.0,0.0
2005-04-08 00:00:00-04:00,4.788255835641616,4.823112037039331,4.732879783227576,4.7477126121521,205431131,0.0,0.0
2005-04-11 00:00:00-04:00,4.773422924311327,4.815695539441531,4.754387776378439,4.776883602142334,217231195,0.0,0.0
2005-04-12 00:00:00-04:00,4.771196984770503,4.806301657489999,4.6824475521767805,4.7949299812316895,293881426,0.0,0.0
2005-04-13 00:00:00-04:00,4.782815952187525,4.8038294403056705,4.6903592548772295,4.769467353820801,263214910,0.0,0.0
2005-04-14 00:00:00-04:00,4.777872236177088,4.80481838347114,4.699506247898474,4.732879638671875,247030473,0.0,0.0
2005-04-15 00:00:00-04:00,4.699506245818942,4.705439377204911,4.565022565453566,4.573427677154541,464831797,0.0,0.0
2005-04-18 00:00:00-04:00,4.5630447020439755,4.6446247853996905,4.536098554733414,4.622128486633301,262994085,0.0,0.0
2005-04-19 00:00:00-04:00,4.6804708940724735,4.7464765045760045,4.648332784941443,4.7316436767578125,338463908,0.0,0.0
2005-04-20 00:00:00-04:00,4.90914123591963,4.956606281365857,4.8431361036707425,4.897275447845459,620376641,0.0,0.0
2005-04-21 00:00:00-04:00,4.95462969382681,5.0678528339513,4.927436016013968,5.048570156097412,712737539,0.0,0.0
2005-04-22 00:00:00-04:00,5.510363186113711,5.537556392113445,5.296770908516067,5.335089683532715,1333182435,0.0,0.0
2005-04-25 00:00:00-04:00,5.384778159964279,5.55584883689909,5.377361746422319,5.525936126708984,796574608,0.0,0.0
2005-04-26 00:00:00-04:00,5.444110113847223,5.488114018810421,5.396398001350962,5.407769680023193,693469588,0.0,0.0
2005-04-27 00:00:00-04:00,5.3889804024444885,5.459682912826469,5.358078995315643,5.433231353759766,412131000,0.0,0.0
2005-04-28 00:00:00-04:00,5.426309853950373,5.49009054007923,5.382058426670405,5.425074100494385,348613811,0.0,0.0
2005-04-29 00:00:00-04:00,5.485887684487733,5.494293742273478,5.384778347351072,5.438671112060547,368182886,0.0,0.0
2005-05-02 00:00:00-04:00,5.489349521761646,5.53013980276244,5.443862809150121,5.495283126831055,392160425,0.0,0.0
2005-05-03 00:00:00-04:00,5.48440530630286,5.640149061776523,5.471302816463274,5.591695785522461,713873782,0.0,0.0
2005-05-04 00:00:00-04:00,5.617405803039745,5.682916833500872,5.611719727485731,5.648801326751709,485151677,0.0,0.0
2005-05-05 00:00:00-04:00,5.651768351827531,5.651768351827531,5.5840323971811765,5.611225128173828,301509913,0.0,0.0
2005-05-06 00:00:00-04:00,5.646328092168003,5.667341579233755,5.59861693641845,5.636934757232666,271570110,0.0,0.0
2005-05-09 00:00:00-04:00,5.636441277300428,5.648801179015886,5.572907643512137,5.587492942810059,222302131,0.0,0.0
2005-05-10 00:00:00-04:00,5.573895927828322,5.631495952606201,5.555354893410865,5.631495952606201,254783425,0.0,0.0
2005-05-11 00:00:00-04:00,5.660419995171902,5.734830715963659,5.634709602886072,5.7177734375,460873014,0.0,0.0
2005-05-12 00:00:00-04:00,5.705907031942232,5.741011708172448,5.641384701398186,5.654240608215332,359269602,0.0,0.0
2005-05-13 00:00:00-04:00,5.665611898031194,5.712828469987945,5.619629659641629,5.667094707489014,297731805,0.0,0.0
2005-05-16 00:00:00-04:00,5.677973127487783,5.7259322946174525,5.6505328658543,5.711841106414795,228107811,0.0,0.0
2005-05-17 00:00:00-04:00,5.699726737920839,5.771170890051782,5.6908265684586725,5.763260364532471,313526787,0.0,0.0
2005-05-18 00:00:00-04:00,5.775126489689999,5.9323535180409745,5.772901092229098,5.91232967376709,494325936,0.0,0.0
2005-05-19 00:00:00-04:00,5.941501113905884,5.962019071526138,5.8903278547304225,5.9128241539001465,390116793,0.0,0.0
2005-05-20 00:00:00-04:00,5.963008178533388,5.974379855119046,5.924442353978418,5.972896099090576,327763952,0.0,0.0
2005-05-23 00:00:00-04:00,6.011215125018256,6.380549703632669,6.000090503983949,6.315038204193115,858738744,0.0,0.0
2005-05-24 00:00:00-04:00,6.352366788483514,6.562003284835457,6.266831451765874,6.328634738922119,1166078427,0.0,0.0
2005-05-25 00:00:00-04:00,6.2477964520185045,6.451746893883473,6.195882026430345,6.447544574737549,725023418,0.0,0.0
2005-05-26 00:00:00-04:00,6.451252764320758,6.520471524963323,6.385493734827362,6.407742977142334,543895039,0.0,0.0
2005-05-27 00:00:00-04:00,6.438890555768033,6.5770828951179325,6.408977847429246,6.575846195220947,489190760,0.0,0.0
2005-05-31 00:00:00-04:00,6.6606409626171414,6.882390787272927,6.659158153153847,6.854455471038818,892805959,0.0,0.0
2005-06-01 00:00:00-04:00,7.001053523208679,7.2406018144570625,6.971881977798275,7.119714260101318,1412944285,0.0,0.0
2005-06-02 00:00:00-04:00,7.137760287779762,7.163717261555126,7.035661784811907,7.117241859436035,721658854,0.0,0.0
2005-06-03 00:00:00-04:00,7.089800772898248,7.1518515908494145,6.857915977380997,6.928371906280518,754108027,0.0,0.0
2005-06-06 00:00:00-04:00,6.981027892093891,7.261861487342784,6.967183762490298,7.192394256591797,904413304,0.0,0.0
2005-06-07 00:00:00-04:00,7.344677639901368,7.406232927979346,7.176573522226402,7.246286392211914,976566743,0.0,0.0
2005-06-08 00:00:00-04:00,7.239613227911758,7.248018339906085,6.872502603742,6.911067485809326,1031889331,0.0,0.0
2005-06-09 00:00:00-04:00,7.038629172172136,7.13207503965259,6.935788549477506,7.077935218811035,660109011,0.0,0.0
2005-06-10 00:00:00-04:00,7.094746167700017,7.101915525738415,6.922438778325243,6.983747959136963,509767599,0.0,0.0
2005-06-13 00:00:00-04:00,6.917494447492414,7.025526084640933,6.835914370283058,6.989928245544434,514047581,0.0,0.0
2005-06-14 00:00:00-04:00,6.887088141879146,6.952598696648244,6.8663217087239925,6.881154537200928,405189077,0.0,0.0
2005-06-15 00:00:00-04:00,6.798338526089563,6.855196911647968,6.61119878260652,6.793394565582275,838454999,0.0,0.0
2005-06-16 00:00:00-04:00,6.780044323876012,6.8799183809154965,6.750626197977276,6.8586578369140625,500364485,0.0,0.0
2005-06-17 00:00:00-04:00,6.897224175340099,6.929360866546631,6.820588051420935,6.929360866546631,418940428,0.0,0.0
2005-06-20 00:00:00-04:00,6.825283825809353,7.11155597254379,6.7174992452563425,7.087576866149902,844140229,0.0,0.0
2005-06-21 00:00:00-04:00,7.121444967314567,7.176573485282668,7.044808849397769,7.115758419036865,607560783,0.0,0.0
2005-06-22 00:00:00-04:00,7.160999357173195,7.226510384257376,7.136278134507713,7.151852130889893,420530365,0.0,0.0
2005-06-23 00:00:00-04:00,7.119713749317416,7.288066343612155,7.082632153376918,7.161987781524658,564363474,0.0,0.0
2005-06-24 00:00:00-04:00,7.191406314665582,7.366926845295307,7.158773620758037,7.348385810852051,713512433,0.0,0.0
2005-06-27 00:00:00-04:00,7.389175872212796,7.5268731706897904,7.264580589676445,7.517725944519043,714785186,0.0,0.0
2005-06-28 00:00:00-04:00,7.571618920210429,7.645041421207215,7.465811252593994,7.465811252593994,764314139,0.0,0.0
2005-06-29 00:00:00-04:00,7.478172374890675,7.524647780757705,7.222307510214698,7.236398696899414,734691521,0.0,0.0
2005-06-30 00:00:00-04:00,7.2764473510621395,7.389917539655182,7.194867269653691,7.271749973297119,606039101,0.0,0.0
2005-07-01 00:00:00-04:00,7.29375186244946,7.323417519419525,7.149874846006975,7.200058460235596,370487492,0.0,0.0
2005-07-05 00:00:00-04:00,7.221071583001581,7.316989431333234,7.174842287710922,7.310315132141113,300883574,0.0,0.0
2005-07-06 00:00:00-04:00,7.349622022531823,7.357038436771532,7.203272552538936,7.206733703613281,321211484,0.0,0.0
2005-07-07 00:00:00-04:00,7.154077229559947,7.312539536096272,7.132322100167187,7.306112766265869,428484066,0.0,0.0
2005-07-08 00:00:00-04:00,7.32366429716154,7.354566653047642,7.269278365787153,7.323170185089111,299422117,0.0,0.0
2005-07-11 00:00:00-04:00,7.32737257265359,7.332317479723518,7.194372178764915,7.2519731521606445,336869956,0.0,0.0
2005-07-12 00:00:00-04:00,7.252961144108939,7.277929893343822,7.192147028265473,7.213160514831543,235475323,0.0,0.0
2005-07-13 00:00:00-04:00,7.23120649199001,7.397580743777272,7.221071515280343,7.388187408447266,459230882,0.0,0.0
2005-07-14 00:00:00-04:00,7.548380206925156,7.583236877005634,7.418099332227772,7.438370704650879,428307406,0.0,0.0
2005-07-15 00:00:00-04:00,7.447023183250122,7.500421362559527,7.4109307582700135,7.44578742980957,338801168,0.0,0.0
2005-07-18 00:00:00-04:00,7.416368548235268,7.463339482660273,7.36074592019363,7.404996871948242,249242734,0.0,0.0
2005-07-19 00:00:00-04:00,7.4682840991219575,7.672234068722687,7.4608676849596645,7.661109447479248,506748324,0.0,0.0
2005-07-20 00:00:00-04:00,7.554066297846159,7.728104023366689,7.460867484522873,7.713024139404297,574561556,0.0,0.0
2005-07-21 00:00:00-04:00,7.763702030134365,7.856406733371054,7.693494571879923,7.760983467102051,794543021,0.0,0.0
2005-07-22 00:00:00-04:00,7.573843149461397,7.64504119738858,7.3256427021002635,7.4756999015808105,938978379,0.0,0.0
2005-07-25 00:00:00-04:00,7.475452412757382,7.497701653544203,7.2917743047599854,7.313776016235352,387800142,0.0,0.0
2005-07-26 00:00:00-04:00,7.293010683050487,7.366927296028458,7.220824882251392,7.319709300994873,394147846,0.0,0.0
2005-07-27 00:00:00-04:00,7.360498930606527,7.372612249132836,7.2284881803012215,7.340475559234619,289798178,0.0,0.0
2005-07-28 00:00:00-04:00,7.352341965143498,7.352341965143498,7.250242498668638,7.255681991577148,237912424,0.0,0.0
2005-07-29 00:00:00-04:00,7.222060630130276,7.239365912180885,7.094746308075421,7.113781929016113,335785908,0.0,0.0
2005-08-01 00:00:00-04:00,7.122680689954768,7.230959384032792,7.1221861046094075,7.208957672119141,227344963,0.0,0.0
2005-08-02 00:00:00-04:00,7.208709874282693,7.404502716526444,7.196844086022745,7.3963446617126465,292701018,0.0,0.0
2005-08-03 00:00:00-04:00,7.366926576302393,7.409446716023146,7.30759526825037,7.349621295928955,238113174,0.0,0.0
2005-08-04 00:00:00-04:00,7.306360083339214,7.391647425437708,7.298943669255667,7.3602519035339355,210245108,0.0,0.0
2005-08-05 00:00:00-04:00,7.3545667962603885,7.3795346016018515,7.201541609654195,7.2272515296936035,238478538,0.0,0.0
2005-08-08 00:00:00-04:00,7.258154020660269,7.308831746980095,7.181270368583703,7.200058460235596,179943955,0.0,0.0
2005-08-09 00:00:00-04:00,7.217610526842746,7.235410393642591,7.132322239549831,7.2079691886901855,232038489,0.0,0.0
2005-08-10 00:00:00-04:00,7.201293815216471,7.226757151564879,7.042584452359704,7.062361240386963,276191367,0.0,0.0
2005-08-11 00:00:00-04:00,7.067552343625216,7.084610095648591,6.937271461186596,7.022065162658691,301722708,0.0,0.0
2005-08-12 00:00:00-04:00,7.005008230702353,7.174101045235437,6.962487142785602,7.162234783172607,264423423,0.0,0.0
2005-08-15 00:00:00-04:00,7.16421258124089,7.237634608599914,7.015143602260826,7.020829677581787,328213631,0.0,0.0
2005-08-16 00:00:00-04:00,7.042585087083491,7.1145233611633465,7.004513370501865,7.061620235443115,285433881,0.0,0.0
2005-08-17 00:00:00-04:00,7.05815819316949,7.084362696667147,7.020829069325556,7.048022270202637,155914222,0.0,0.0
2005-08-18 00:00:00-04:00,6.820834384916883,6.934305039260327,6.7983380881817315,6.921696662902832,476692087,0.0,0.0
2005-08-19 00:00:00-04:00,6.9464187809522056,6.957790458025431,6.912550805770829,6.9219441413879395,222547046,0.0,0.0
2005-08-22 00:00:00-04:00,6.952598421929256,6.958284497049887,6.75754815502693,6.773863792419434,273541472,0.0,0.0
2005-08-23 00:00:00-04:00,6.827015314093523,6.9155172218073,6.776583226538537,6.911561012268066,233740846,0.0,0.0
2005-08-24 00:00:00-04:00,6.86187134657529,7.039369730816951,6.834183561829624,6.985476970672607,345012362,0.0,0.0
2005-08-25 00:00:00-04:00,6.984983230263104,7.020829071404818,6.921202546879619,6.985971927642822,175720183,0.0,0.0
2005-08-26 00:00:00-04:00,7.007973618251692,7.046045329925232,6.987702718946889,7.010446071624756,150775031,0.0,0.0
2005-08-29 00:00:00-04:00,6.977320046905324,7.147402034001052,6.977320046905324,7.130838394165039,237005036,0.0,0.0
2005-08-30 00:00:00-04:00,7.104633976858962,7.157042986663578,7.0673048510140575,7.101668357849121,192398464,0.0,0.0
2005-08-31 00:00:00-04:00,7.125400008255078,7.132074780445012,7.0297282735327045,7.0702714920043945,202114747,0.0,0.0
2005-09-01 00:00:00-04:00,7.068047144205413,7.10735318998844,7.045549900647388,7.076452255249023,110095123,0.0,0.0
2005-09-02 00:00:00-04:00,7.082880179901439,7.16891010751329,7.081149367806679,7.130838394165039,137894934,0.0,0.0
2005-09-06 00:00:00-04:00,7.144435447193426,7.15407725848397,7.090048570066473,7.09771203994751,169123549,0.0,0.0
2005-09-07 00:00:00-04:00,7.067551536647953,7.305122391237271,7.052471654488404,7.289548397064209,301104399,0.0,0.0
2005-09-08 00:00:00-04:00,7.288560749690993,7.3985697885008355,7.252220320381695,7.302404880523682,265523531,0.0,0.0
2005-09-09 00:00:00-04:00,7.349127197857723,7.394119793921987,7.331327804261989,7.3938727378845215,176278267,0.0,0.0
2005-09-12 00:00:00-04:00,7.45963136842562,7.698685049301519,7.441090334419314,7.657153606414795,417017246,0.0,0.0
2005-09-13 00:00:00-04:00,7.638859799645758,7.8002886606232416,7.568898458524344,7.705112934112549,413540262,0.0,0.0
2005-09-14 00:00:00-04:00,7.632185439113398,7.744666931863644,7.423785620827784,7.490532875061035,452722579,0.0,0.0
2005-09-15 00:00:00-04:00,7.404503064709971,7.583237217809284,7.364701486135864,7.481139183044434,620966845,0.0,0.0
2005-09-16 00:00:00-04:00,7.515748320420719,7.527614582518233,7.413154753798438,7.4213128089904785,304328438,0.0,0.0
2005-09-19 00:00:00-04:00,7.4410909885576775,7.564696630699353,7.433921630349188,7.5100626945495605,231339881,0.0,0.0
2005-09-20 00:00:00-04:00,7.5684048465986615,7.695719169302589,7.545661491716823,7.61191463470459,375441994,0.0,0.0
2005-09-21 00:00:00-04:00,7.624274281925828,7.756533499231708,7.563707693370414,7.7105512619018555,406305245,0.0,0.0
2005-09-22 00:00:00-04:00,7.700664256094139,7.891511743289676,7.667784976523579,7.697450160980225,522206047,0.0,0.0
2005-09-23 00:00:00-04:00,7.737746068840546,7.841821503645109,7.727610145022,7.796087265014648,340623975,0.0,0.0
2005-09-26 00:00:00-04:00,7.898433809735158,7.934278707434711,7.726868531909622,7.769388675689697,397259466,0.0,0.0
2005-09-27 00:00:00-04:00,7.785951272500155,7.8714866176565,7.747139336311969,7.760983467102051,275954483,0.0,0.0
2005-09-28 00:00:00-04:00,7.7679060703201745,7.789659781583926,7.554808394004351,7.564696788787842,321095049,0.0,0.0
2005-09-29 00:00:00-04:00,7.581507294190375,7.681380404044954,7.566674466672403,7.654187202453613,225393676,0.0,0.0
2005-09-30 00:00:00-04:00,7.767906651843915,7.848991211166243,7.72019454000023,7.823281288146973,367424053,0.0,0.0
2005-10-03 00:00:00-04:00,7.753319570509985,7.913513160158238,7.732553138823288,7.878161430358887,367785402,0.0,0.0
2005-10-04 00:00:00-04:00,7.909558237883947,7.942437042382137,7.6818748003458275,7.688302516937256,367143003,0.0,0.0
2005-10-05 00:00:00-04:00,7.730080650430317,7.784715055639037,7.614138487562662,7.681132793426514,334384676,0.0,0.0
2005-10-06 00:00:00-04:00,7.765927084824792,7.774332196029451,7.6658059718861065,7.731564998626709,320950509,0.0,0.0
2005-10-07 00:00:00-04:00,7.781996292901767,7.828472647521511,7.676931211159216,7.737497806549072,271827070,0.0,0.0
2005-10-10 00:00:00-04:00,7.7454088542743165,7.782737977954517,7.642568235493622,7.679649829864502,223723439,0.0,0.0
2005-10-11 00:00:00-04:00,7.678661987578222,7.729093131922049,7.536514361250322,7.567169189453125,342984790,0.0,0.0
2005-10-12 00:00:00-04:00,7.544920549815109,7.594115468185457,7.391647826019548,7.440349578857422,373643277,0.0,0.0
2005-10-13 00:00:00-04:00,7.465811209666926,7.465811209666926,7.185967231453011,7.35308313369751,424292413,0.0,0.0
2005-10-14 00:00:00-04:00,7.413896543309593,7.422055545239483,7.231949238424538,7.320944786071777,342041267,0.0,0.0
2005-10-17 00:00:00-04:00,7.3545662439299875,7.544919596232261,7.281885391158313,7.539974689483643,303802474,0.0,0.0
2005-10-18 00:00:00-04:00,7.538987045307929,7.613150717862545,7.4841055773847875,7.497455596923828,284173173,0.0,0.0
2005-10-19 00:00:00-04:00,7.515254751569004,7.660368470146464,7.514265107510319,7.631444454193115,281479113,0.0,0.0
2005-10-20 00:00:00-04:00,7.663334248934284,7.69151614727147,7.446281333480058,7.495476245880127,558553779,0.0,0.0
2005-10-21 00:00:00-04:00,8.548602055091967,8.564177946592142,8.232170554302831,8.40274715423584,919128253,0.0,0.0
2005-10-24 00:00:00-04:00,8.488528755548849,8.635126703771412,8.459358156793911,8.619056701660156,378682093,0.0,0.0
2005-10-25 00:00:00-04:00,8.548105907095708,8.588154538911622,8.47592011536625,8.576041221618652,276163262,0.0,0.0
2005-10-26 00:00:00-04:00,8.560467612683764,8.800757521256378,8.55824221530634,8.78691291809082,357635500,0.0,0.0
2005-10-27 00:00:00-04:00,8.81559158877445,8.827704908317408,8.693962388074837,8.728078842163086,206145800,0.0,0.0
2005-10-28 00:00:00-04:00,8.78271086091023,8.87368521709653,8.776530674127095,8.854402542114258,237025111,0.0,0.0
2005-10-31 00:00:00-05:00,8.905575382290053,9.264280846771472,8.887529880431307,9.19975757598877,575866428,0.0,0.0
2005-11-01 00:00:00-05:00,9.192836802905294,9.49048063946053,9.122381343434167,9.378741264343262,656696267,0.0,0.0
2005-11-02 00:00:00-05:00,9.436094547536493,9.51767415738672,9.324107166094917,9.386157989501953,424200069,0.0,0.0
2005-11-03 00:00:00-05:00,9.453645936606394,9.556732664060055,9.428182128193273,9.541157722473145,299052737,0.0,0.0
2005-11-04 00:00:00-05:00,9.640784734666704,9.685530271614915,9.528798310860733,9.651909828186035,354319116,0.0,0.0
2005-11-07 00:00:00-05:00,9.767358192697618,9.825947387864769,9.694430282130568,9.765626907348633,385098052,0.0,0.0
2005-11-08 00:00:00-05:00,9.746343864805699,9.779471142595648,9.606175070476592,9.638806343078613,317084071,0.0,0.0
2005-11-09 00:00:00-05:00,9.558958971024408,9.599007607605635,9.34536718916607,9.373054504394531,420245300,0.0,0.0
2005-11-10 00:00:00-05:00,9.353526000534831,9.674654377863876,9.330534642589743,9.668473243713379,366516664,0.0,0.0
2005-11-11 00:00:00-05:00,9.76785214594816,9.811855568971527,9.612849574831516,9.651167869567871,283615089,0.0,0.0
2005-11-14 00:00:00-05:00,9.693690217244866,9.844490977135296,9.679104442732264,9.81358814239502,313486637,0.0,0.0
2005-11-15 00:00:00-05:00,9.749558271141469,9.81432764980813,9.664764103206366,9.710498809814453,346289130,0.0,0.0
2005-11-16 00:00:00-05:00,9.794552908982423,9.860064415952921,9.742885060921076,9.842759132385254,349111670,0.0,0.0
2005-11-17 00:00:00-05:00,9.932990825813501,9.982681275937885,9.876873132021252,9.973780632019043,369869183,0.0,0.0
2005-11-18 00:00:00-05:00,9.97477084969744,9.999738658831502,9.884786589178374,9.893685340881348,282077347,0.0,0.0
2005-11-21 00:00:00-05:00,9.867974394739367,10.135211424900136,9.727557578615434,10.11988353729248,414953540,0.0,0.0
2005-11-22 00:00:00-05:00,10.102330559920079,10.316417395036682,10.042506082464165,10.29565143585205,385278727,0.0,0.0
2005-11-23 00:00:00-05:00,10.309742467607386,10.499601725156495,10.278593527868292,10.453619956970215,404912042,0.0,0.0
2005-11-25 00:00:00-05:00,10.525805617967434,10.59922859109377,10.51394030194208,10.596014022827148,194329675,0.0,0.0
2005-11-28 00:00:00-05:00,10.625679380393999,10.660783108548841,10.443236544623085,10.468947410583496,441986487,0.0,0.0
2005-11-29 00:00:00-05:00,10.493173359985205,10.541132522305725,9.941395937258367,9.976005554199219,863054861,0.0,0.0
2005-11-30 00:00:00-05:00,9.993805281258124,10.097387079493515,9.778730211767169,10.009873390197754,626202395,0.0,0.0
2005-12-01 00:00:00-05:00,10.115927425135766,10.270186932663005,10.093431128632862,10.23681354522705,391257051,0.0,0.0
2005-12-02 00:00:00-05:00,10.307267919334583,10.37129612469046,10.231127344212382,10.326056480407715,302870996,0.0,0.0
2005-12-05 00:00:00-05:00,10.308753230412034,10.321114551754944,9.994299162508115,10.033111572265625,413118688,0.0,0.0
2005-12-06 00:00:00-05:00,10.103566374255278,10.294167732846462,9.930518299071913,10.000726699829102,607279734,0.0,0.0
2005-12-07 00:00:00-05:00,10.040775141759966,10.054124687408384,9.864018373159931,9.992816925048828,468385066,0.0,0.0
2005-12-08 00:00:00-05:00,10.019515168352203,10.151773452758789,9.953756610221292,10.151773452758789,357735875,0.0,0.0
2005-12-09 00:00:00-05:00,10.259310116664658,10.278592792266009,10.100104751583572,10.115927696228027,306881974,0.0,0.0
2005-12-12 00:00:00-05:00,10.25016333097286,10.264502046257443,10.134468224314679,10.200225830078125,279046027,0.0,0.0
2005-12-13 00:00:00-05:00,10.197507064304146,10.333474014476494,10.176246994401605,10.320866584777832,327775997,0.0,0.0
2005-12-14 00:00:00-05:00,10.309742241190758,10.376242911697679,10.271423944114568,10.357206344604492,266210095,0.0,0.0
2005-12-15 00:00:00-05:00,10.3609149909715,10.460541048523353,10.296392662142107,10.445955276489258,242738446,0.0,0.0
2005-12-16 00:00:00-05:00,10.514929902530026,10.691933747386988,10.450901676630721,10.633838653564453,655668429,0.0,0.0
2005-12-19 00:00:00-05:00,10.684515387274814,11.03086048934485,10.385635333178366,10.496634483337402,880760980,0.0,0.0
2005-12-20 00:00:00-05:00,10.577226163556482,10.684515690020394,10.498364173011792,10.623701095581055,404899997,0.0,0.0
2005-12-21 00:00:00-05:00,10.717890078813818,10.799717695995232,10.400469425051385,10.539402961730957,450558497,0.0,0.0
2005-12-22 00:00:00-05:00,10.673885812627612,10.700831959304661,10.5295142142441,10.680560111999512,302995460,0.0,0.0
2005-12-23 00:00:00-05:00,10.683277897019469,10.69193053646209,10.599967963464708,10.653118133544922,184492943,0.0,0.0
2005-12-27 00:00:00-05:00,10.676111521393517,10.676111521393517,10.45114945908896,10.497624397277832,269116950,0.0,0.0
2005-12-28 00:00:00-05:00,10.490206611769043,10.575247843108547,10.414066023769275,10.548301696777344,285783185,0.0,0.0
2005-12-29 00:00:00-05:00,10.580193254918125,10.598733819100872,10.362399603488525,10.386626243591309,278873383,0.0,0.0
2005-12-30 00:00:00-05:00,10.315427259570484,10.338665672237312,10.228162523775993,10.255849838256836,304621533,0.0,0.0
2006-01-03 00:00:00-05:00,10.445213416843583,10.770297493005314,10.338913066984041,10.759421348571777,526815259,0.0,0.0
2006-01-04 00:00:00-05:00,10.973752523644666,11.098842374019661,10.871159914842602,11.006878852844238,613747887,0.0,0.0
2006-01-05 00:00:00-05:00,11.025668872346097,11.162872057661843,10.91442266266785,11.155208587646484,433952486,0.0,0.0
2006-01-06 00:00:00-05:00,11.294388720212359,11.63134003918608,11.204650580394944,11.511689186096191,712938289,0.0,0.0
2006-01-09 00:00:00-05:00,11.530228867961643,11.70302988823591,11.395003081869083,11.542342185974121,513593887,0.0,0.0
2006-01-10 00:00:00-05:00,11.481035409735574,11.625159011492311,11.422198206843147,11.613045692443848,365247927,0.0,0.0
2006-01-11 00:00:00-05:00,11.650373451379913,11.745303544212929,11.598706559457604,11.659273147583008,361646478,0.0,0.0
2006-01-12 00:00:00-05:00,11.710939677721873,11.742336616058516,11.408846967915403,11.461503028869629,406530084,0.0,0.0
2006-01-13 00:00:00-05:00,11.478314572016318,11.542095733513582,11.41156779144289,11.526274681091309,307411953,0.0,0.0
2006-01-17 00:00:00-05:00,11.447412869932721,11.616507114718482,11.434311326912313,11.547533988952637,332051965,0.0,0.0
2006-01-18 00:00:00-05:00,11.057807287515542,11.306502798847678,10.957686169324298,10.998723030090332,822499417,0.0,0.0
2006-01-19 00:00:00-05:00,11.153477826918744,11.210831746575845,10.70429396102443,10.789582252502441,583671575,0.0,0.0
2006-01-20 00:00:00-05:00,10.84520536190858,10.878083695863541,9.758459712007008,9.875144004821777,1650832619,0.0,0.0
2006-01-23 00:00:00-05:00,10.070935004372384,10.590327227562474,10.030145202744725,10.56832504272461,913065614,0.0,0.0
2006-01-24 00:00:00-05:00,10.779196701763501,10.999709810249502,10.740879355657476,10.952245712280273,620902605,0.0,0.0
2006-01-25 00:00:00-05:00,11.155703478468416,11.229125508694018,10.610847382058925,10.704294204711914,752401655,0.0,0.0
2006-01-26 00:00:00-05:00,10.865968124103631,10.877093217063763,10.470922727509807,10.735687255859375,518982008,0.0,0.0
2006-01-27 00:00:00-05:00,10.753734994596476,10.833337207207725,10.604913548981951,10.716405868530273,339355237,0.0,0.0
2006-01-30 00:00:00-05:00,10.611093955638317,10.711215073498092,10.506523935857988,10.55151653289795,344843732,0.0,0.0
2006-01-31 00:00:00-05:00,10.644220664793167,10.867453299126328,10.481060508633815,10.695886611938477,885948351,0.0,0.0
2006-02-01 00:00:00-05:00,9.61730084343494,9.937935089967166,9.57997171753195,9.932496070861816,1088966472,0.0,0.0
2006-02-02 00:00:00-05:00,9.98292771348963,10.04918038078418,9.789112725502024,9.790596008300781,474078326,0.0,0.0
2006-02-03 00:00:00-05:00,9.73077044583356,9.737692747654224,9.210388086635552,9.432385444641113,734012987,0.0,0.0
2006-02-06 00:00:00-05:00,9.525336432275205,9.63880613574617,9.38318929970071,9.520145416259766,358956433,0.0,0.0
2006-02-07 00:00:00-05:00,9.467984284692939,9.485535675515104,8.982458594744578,9.09543514251709,667701363,0.0,0.0
2006-02-08 00:00:00-05:00,9.10927930053567,9.16391371058719,8.767879078094282,9.124112129211426,835283155,0.0,0.0
2006-02-09 00:00:00-05:00,9.176522667356371,9.255629838012844,8.80347933057641,8.869237899780273,478282024,0.0,0.0
2006-02-10 00:00:00-05:00,8.947850522400726,9.01088957172662,8.73005594092938,8.964165687561035,611222457,0.0,0.0
2006-02-13 00:00:00-05:00,8.569367639156033,8.667263356313304,8.451941243199425,8.54612922668457,791668286,0.0,0.0
2006-02-14 00:00:00-05:00,8.536981785698483,8.694208801532971,8.464548937740489,8.487292289733887,588357072,0.0,0.0
2006-02-15 00:00:00-05:00,8.436612907418185,8.553544225383508,8.351571690741219,8.464054107666016,519821141,0.0,0.0
2006-02-16 00:00:00-05:00,8.545387304439464,9.072690027965567,8.516215763407144,9.059341430664062,855815829,0.0,0.0
2006-02-17 00:00:00-05:00,9.143394658427237,9.19975845990749,8.989134189272267,9.115954399108887,574955025,0.0,0.0
2006-02-21 00:00:00-05:00,9.058848532942745,9.234369074966292,9.025969254158168,9.062556266784668,348742290,0.0,0.0
2006-02-22 00:00:00-05:00,9.076399101111129,9.120897582626537,8.995066554264747,9.035362243652344,260018976,0.0,0.0
2006-02-23 00:00:00-05:00,9.038329566130221,9.424722379882633,9.032891493428274,9.346356391906738,503945859,0.0,0.0
2006-02-24 00:00:00-05:00,9.327320515753605,9.395797634054412,9.233132531188573,9.329792022705078,260344190,0.0,0.0
2006-02-27 00:00:00-05:00,9.425463824073827,9.683306096838344,9.400989183186148,9.650674819946289,410019113,0.0,0.0
2006-02-28 00:00:00-05:00,9.72038604280663,9.827676499152227,8.368382034867285,8.964410781860352,1583416872,0.0,0.0
2006-03-01 00:00:00-05:00,9.111257539441164,9.133259726158174,8.931780314486243,9.018305778503418,484256334,0.0,0.0
2006-03-02 00:00:00-05:00,9.00545124668183,9.42126270550335,8.954030453844547,9.30630874633789,735960259,0.0,0.0
2006-03-03 00:00:00-05:00,9.500369233711778,9.573050095813935,9.289249896372073,9.349076271057129,480273461,0.0,0.0
2006-03-06 00:00:00-05:00,9.416563454828204,9.478118264107621,9.07615151112446,9.099884033203125,358928328,0.0,0.0
2006-03-07 00:00:00-05:00,9.023742842878034,9.108537011948096,8.853907448719522,9.009651184082031,416708092,0.0,0.0
2006-03-08 00:00:00-05:00,8.749585416555192,8.90038520770349,8.665780409309527,8.7483491897583,471585016,0.0,0.0
2006-03-09 00:00:00-05:00,8.7856780457943,8.863302863235642,8.442300445065257,8.479382514953613,558501584,0.0,0.0
2006-03-10 00:00:00-05:00,8.491742580803841,8.516464275355982,8.196324152340878,8.343414306640625,775921484,0.0,0.0
2006-03-13 00:00:00-05:00,8.428209884236137,8.556018330779885,8.292737966678642,8.332538604736328,547741403,0.0,0.0
2006-03-14 00:00:00-05:00,8.334515365571757,8.71101927755706,8.222775050457065,8.681106567382812,740794310,0.0,0.0
2006-03-15 00:00:00-05:00,8.671463941667014,8.70928906701885,8.418318627647547,8.516463279724121,512666424,0.0,0.0
2006-03-16 00:00:00-05:00,8.618067646804318,8.621528324312472,8.353303099635175,8.374811172485352,402169802,0.0,0.0
2006-03-17 00:00:00-05:00,8.375551677940722,8.44922169648454,8.279880422810919,8.400025367736816,343350155,0.0,0.0
2006-03-20 00:00:00-05:00,8.463065489293061,8.65465602667061,8.44328870080356,8.607685089111328,417864410,0.0,0.0
2006-03-21 00:00:00-05:00,8.652676846036279,8.693466645822648,8.382474239556688,8.403239250183105,394717975,0.0,0.0
2006-03-22 00:00:00-05:00,8.39903676388474,8.506574275040348,8.343413195195863,8.41065502166748,304978867,0.0,0.0
2006-03-23 00:00:00-05:00,8.463313649089057,8.547366667637366,8.410163463930918,8.451942443847656,298502683,0.0,0.0
2006-03-24 00:00:00-05:00,9.112739313574403,9.14908021446631,8.961692474724554,9.043025970458984,609500025,0.0,0.0
2006-03-27 00:00:00-05:00,9.074917301784081,9.189130089676237,9.02325040083581,9.139192581176758,282001062,0.0,0.0
2006-03-28 00:00:00-05:00,9.189129216993454,9.341164286055324,9.175779671624502,9.324848175048828,359173242,0.0,0.0
2006-03-29 00:00:00-05:00,9.392584842155383,9.863771862642833,9.381954805572882,9.764392852783203,763952790,0.0,0.0
2006-03-30 00:00:00-05:00,9.621254143675333,9.727802485783876,9.483309811702927,9.602713584899902,590673723,0.0,0.0
2006-03-31 00:00:00-05:00,9.610130278705265,9.687507083772463,9.49369212065922,9.641278266906738,1466331647,0.0,0.0
2006-04-03 00:00:00-04:00,9.629661603156084,9.702341516427268,9.59010707819108,9.63386344909668,326125835,0.0,0.0
2006-04-04 00:00:00-04:00,9.638806759991004,10.009625555344373,9.595298394639753,9.995781898498535,630984252,0.0,0.0
2006-04-05 00:00:00-04:00,10.091205763794804,10.248679839822264,9.95820537908922,10.086014747619629,538430634,0.0,0.0
2006-04-06 00:00:00-04:00,10.0489328680217,10.231869809454015,10.022728837484548,10.164875030517578,345229172,0.0,0.0
2006-04-07 00:00:00-04:00,10.195282827345657,10.206160866131391,9.987872174316271,10.040775299072266,282089392,0.0,0.0
2006-04-10 00:00:00-04:00,10.06351956237564,10.312956246996743,10.018278961632682,10.293426513671875,374201361,0.0,0.0
2006-04-11 00:00:00-04:00,10.294416175770323,10.360667902717786,10.042259022853408,10.127300262451172,445953300,0.0,0.0
2006-04-12 00:00:00-04:00,10.110984113530886,10.16858509185115,10.016796120584404,10.109747886657715,241582128,0.0,0.0
2006-04-13 00:00:00-04:00,10.101837269227255,10.129771642065547,9.900853853496296,9.941890716552734,263098475,0.0,0.0
2006-04-17 00:00:00-04:00,9.97377986773215,10.197507564449277,9.909257540220457,10.057090759277344,331618345,0.0,0.0
2006-04-18 00:00:00-04:00,10.084530440373888,10.13150137448276,9.925573082871795,9.99330997467041,326724069,0.0,0.0
2006-04-19 00:00:00-04:00,10.19923835178577,10.225690386901183,10.054865804001262,10.148065567016602,272284779,0.0,0.0
2006-04-20 00:00:00-04:00,10.160672889770069,10.284031462339247,10.091205659441059,10.259309768676758,492699864,0.0,0.0
2006-04-21 00:00:00-04:00,11.0973595137585,11.142352109304953,10.782659347542785,10.805649757385254,905433112,0.0,0.0
2006-04-24 00:00:00-04:00,10.862508648123178,10.99353069888127,10.791311074343795,10.889702796936035,354780840,0.0,0.0
2006-04-25 00:00:00-04:00,10.868194165684896,10.90305083610544,10.531243827420179,10.559920310974121,384194678,0.0,0.0
2006-04-26 00:00:00-04:00,10.574259635117567,10.631117546880285,10.470182783331687,10.530502319335938,292203159,0.0,0.0
2006-04-27 00:00:00-04:00,10.454855031241651,10.553739912272047,10.367835465086106,10.383658409118652,334766100,0.0,0.0
2006-04-28 00:00:00-04:00,10.349048474255973,10.524569006705791,10.29144844880065,10.331991195678711,297964674,0.0,0.0
2006-05-01 00:00:00-04:00,10.345091971162399,10.369072496325778,9.85264591404565,9.861297607421875,416001453,0.0,0.0
2006-05-02 00:00:00-04:00,9.91519168880047,9.950048361021578,9.601725855121407,9.759942054748535,526136725,0.0,0.0
2006-05-03 00:00:00-04:00,9.798259901745446,9.92557422532798,9.663035051752658,9.744368553161621,324098263,0.0,0.0
2006-05-04 00:00:00-04:00,9.76562744831453,9.860557549297022,9.695914101980387,9.758706092834473,186777474,0.0,0.0
2006-05-05 00:00:00-04:00,9.829161087015773,9.905302619704038,9.685283606122788,9.747581481933594,243509324,0.0,0.0
2006-05-08 00:00:00-04:00,9.767604679116458,9.817294174911797,9.642514823716718,9.75944709777832,205511431,0.0,0.0
2006-05-09 00:00:00-04:00,9.78219118433907,10.1109830076182,9.733984021007782,10.106039047241211,366994449,0.0,0.0
2006-05-10 00:00:00-04:00,10.093926180591454,10.177978243634497,9.934473748908424,9.96216106414795,248415646,0.0,0.0
2006-05-11 00:00:00-04:00,9.973039290519727,10.004930345401958,9.517180178631579,9.567116737365723,357045296,0.0,0.0
2006-05-12 00:00:00-04:00,9.481581229604076,9.514460508123854,9.234616056639515,9.248954772949219,405016432,0.0,0.0
2006-05-15 00:00:00-04:00,9.293451770221962,9.397774717818915,9.103592543699575,9.300125122070312,344891912,0.0,0.0
2006-05-16 00:00:00-04:00,9.294934427845757,9.31644249961094,9.144134655775385,9.17899227142334,260617209,0.0,0.0
2006-05-17 00:00:00-04:00,9.161934184632337,9.390111714117518,9.152293320526873,9.258099555969238,427347823,0.0,0.0
2006-05-18 00:00:00-04:00,9.36390825529417,9.438813561701364,9.164407196523666,9.171329498291016,234274840,0.0,0.0
2006-05-19 00:00:00-04:00,9.22793881829453,9.258098580667477,8.913732819861428,9.147347450256348,457636930,0.0,0.0
2006-05-22 00:00:00-04:00,9.093704891060984,9.221760377384273,9.029429618574344,9.170340538024902,345466056,0.0,0.0
2006-05-23 00:00:00-04:00,9.250933023650619,9.489986745867057,9.234863966970464,9.28480052947998,360666820,0.0,0.0
2006-05-24 00:00:00-04:00,9.32855723261266,9.479109024943792,9.1866571349285,9.424969673156738,383584400,0.0,0.0
2006-05-25 00:00:00-04:00,9.37132470984195,9.468231255556898,9.203961759137544,9.467984199523926,329012615,0.0,0.0
2006-05-26 00:00:00-04:00,9.506549697214162,9.539428974749548,9.394809375486235,9.427441596984863,147229793,0.0,0.0
2006-05-30 00:00:00-04:00,9.351546637943509,9.418788472355093,9.182700410554952,9.19481372833252,173287097,0.0,0.0
2006-05-31 00:00:00-04:00,9.240796134340844,9.350805172649425,9.067252990719211,9.191847801208496,320448635,0.0,0.0
2006-06-01 00:00:00-04:00,9.23436864351186,9.467984261884537,9.18640948240445,9.458837509155273,252061259,0.0,0.0
2006-06-02 00:00:00-04:00,9.56316021713997,9.569094294688048,9.33102883424832,9.380223274230957,256413512,0.0,0.0
2006-06-05 00:00:00-04:00,9.299631798621514,9.429912676093593,9.24944818846661,9.256617546081543,223173385,0.0,0.0
2006-06-06 00:00:00-04:00,9.309520887732951,9.641279274964546,9.302598585978444,9.641032218933105,411930250,0.0,0.0
2006-06-07 00:00:00-04:00,9.721376952146645,9.761424641866295,9.554756110156921,9.55500316619873,357788070,0.0,0.0
2006-06-08 00:00:00-04:00,9.58565526634857,9.746838005754258,9.35920904130861,9.722858428955078,415933198,0.0,0.0
2006-06-09 00:00:00-04:00,9.695419652078717,9.775515975417026,9.526326362170245,9.556486129760742,247223193,0.0,0.0
2006-06-12 00:00:00-04:00,9.600242563330049,9.65339274102339,9.41878889791731,9.432138442993164,201516513,0.0,0.0
2006-06-13 00:00:00-04:00,9.416317588252959,9.567116430384914,9.347591520002437,9.55525016784668,307512327,0.0,0.0
2006-06-14 00:00:00-04:00,9.637078637514373,9.668473688940116,9.357481221407003,9.502594947814941,312045255,0.0,0.0
2006-06-15 00:00:00-04:00,9.557721677814227,9.696902246282614,9.46823060553167,9.666000366210938,272445379,0.0,0.0
2006-06-16 00:00:00-04:00,9.619031968360906,9.664271624007544,9.591838763761558,9.658585548400879,212979318,0.0,0.0
2006-06-19 00:00:00-04:00,9.662292589317804,9.759941242562954,9.566621330766615,9.595297813415527,306468429,0.0,0.0
2006-06-20 00:00:00-04:00,9.592580601071997,9.68750976773477,9.555004413440379,9.571319580078125,162201701,0.0,0.0
2006-06-21 00:00:00-04:00,9.667485428328606,9.987378538930123,9.635100259625107,9.941149711608887,351087046,0.0,0.0
2006-06-22 00:00:00-04:00,9.927551357074686,10.036818270364646,9.591837252034193,9.887255668640137,237362370,0.0,0.0
2006-06-23 00:00:00-04:00,9.956723480117422,10.129524519238696,9.906785973298168,10.008638381958008,213388847,0.0,0.0
2006-06-26 00:00:00-04:00,10.055360914212386,10.093679212261998,9.968836396830927,9.992816925048828,142580431,0.0,0.0
2006-06-27 00:00:00-04:00,10.029649661876842,10.086262410616479,9.913460438536417,9.945845603942871,164899777,0.0,0.0
2006-06-28 00:00:00-04:00,9.987624433063138,10.048686082719284,9.916426860040618,10.039538383483887,148976315,0.0,0.0
2006-06-29 00:00:00-04:00,10.086014950160795,10.338418177711977,10.03236876915792,10.328777313232422,267326263,0.0,0.0
2006-06-30 00:00:00-04:00,10.274143398748192,10.366353988647461,10.193304959206156,10.366353988647461,251258261,0.0,0.0
2006-07-03 00:00:00-04:00,10.38390576298641,10.476115401308924,10.369319991773736,10.462024688720703,86591354,0.0,0.0
2006-07-05 00:00:00-04:00,10.420492498598152,10.452136496464203,10.275131728861389,10.419010162353516,200171490,0.0,0.0
2006-07-06 00:00:00-04:00,10.466476499498194,10.515918004127734,10.431866878312524,10.461779594421387,148036806,0.0,0.0
2006-07-07 00:00:00-04:00,10.532482403800651,10.57796911936836,10.281067348064166,10.39404296875,242581861,0.0,0.0
2006-07-10 00:00:00-04:00,10.467957733662384,10.512209162988183,10.293426363110084,10.338418960571289,178121149,0.0,0.0
2006-07-11 00:00:00-04:00,10.346081965009967,10.507758841336601,10.210610066635738,10.495645523071289,239747276,0.0,0.0
2006-07-12 00:00:00-04:00,10.434583667269985,10.450652721487035,10.302078337067371,10.314932823181152,197003661,0.0,0.0
2006-07-13 00:00:00-04:00,10.234589424424383,10.341878947664618,10.057337609488803,10.106780052185059,278018189,0.0,0.0
2006-07-14 00:00:00-04:00,10.143861873758448,10.172538357303276,9.854128579739557,9.975016593933105,303216285,0.0,0.0
2006-07-17 00:00:00-04:00,10.002951441522336,10.160426472394375,9.980455143765594,10.083542823791504,233347377,0.0,0.0
2006-07-18 00:00:00-04:00,10.129523649438209,10.149795496322142,9.832621930080373,9.963891983032227,342751921,0.0,0.0
2006-07-19 00:00:00-04:00,9.765132657020349,9.916673604388112,9.756480016697234,9.863770484924316,342017177,0.0,0.0
2006-07-20 00:00:00-04:00,9.994297699863083,9.998253435702885,9.533988815966978,9.57008171081543,503427925,0.0,0.0
2006-07-21 00:00:00-04:00,9.54585632207117,9.684543751992061,9.33696237411593,9.644000053405762,471946365,0.0,0.0
2006-07-24 00:00:00-04:00,9.710992532091911,9.737444562989914,9.42397971431966,9.663527488708496,324656348,0.0,0.0
2006-07-25 00:00:00-04:00,9.518167297760797,9.67366397789605,9.488007531868233,9.625457763671875,231307761,0.0,0.0
2006-07-26 00:00:00-04:00,9.59678178996005,9.688497319179893,9.468231247487708,9.530034065246582,222105397,0.0,0.0
2006-07-27 00:00:00-04:00,9.576263175649194,9.579229741281374,9.343389666672826,9.453398704528809,226489769,0.0,0.0
2006-07-28 00:00:00-04:00,9.443508976660347,9.63040164788821,9.436834677883358,9.594803810119629,163956253,0.0,0.0
2006-07-31 00:00:00-04:00,9.59183769660758,9.620761236961695,9.475894586012142,9.55722713470459,184500973,0.0,0.0
2006-08-01 00:00:00-04:00,9.520393925519308,9.536710037247332,9.283069610595703,9.283069610595703,219347097,0.0,0.0
2006-08-02 00:00:00-04:00,9.285294278124205,9.324107636649146,9.028194114181238,9.078378677368164,284976172,0.0,0.0
2006-08-03 00:00:00-04:00,9.022755524533295,9.34240060882591,8.982706888014944,9.280102729797363,254028606,0.0,0.0
2006-08-04 00:00:00-04:00,9.383190992165968,9.410878309058527,9.190118102368523,9.242033004760742,204571922,0.0,0.0
2006-08-07 00:00:00-04:00,9.183936146921909,9.387391978037455,9.175283507092807,9.343388557434082,158467758,0.0,0.0
2006-08-08 00:00:00-04:00,9.46378150562604,9.5053134236927,9.37157186330346,9.41878890991211,230589077,0.0,0.0
2006-08-09 00:00:00-04:00,9.463286113057022,9.509762936493908,9.304081694852341,9.31842041015625,173086347,0.0,0.0
2006-08-10 00:00:00-04:00,9.24277231275786,9.336466174265677,9.207668588302731,9.250683784484863,171114986,0.0,0.0
2006-08-11 00:00:00-04:00,9.255626588096607,9.277381714990828,9.097411355762516,9.109771728515625,151224711,0.0,0.0
2006-08-14 00:00:00-04:00,9.183938554064229,9.27367670401728,9.113977195636435,9.13276481628418,199476896,0.0,0.0
2006-08-15 00:00:00-04:00,9.248460491719575,9.435352232966762,9.211130418788226,9.418046951293945,268932260,0.0,0.0
2006-08-16 00:00:00-04:00,9.480098090257881,9.602962565202052,9.446477643096756,9.584916114807129,235005569,0.0,0.0
2006-08-17 00:00:00-04:00,9.55203751769548,9.64128060527456,9.490975859936132,9.53745174407959,203969673,0.0,0.0
2006-08-18 00:00:00-04:00,9.55005880130719,9.5693414772252,9.412608562992812,9.477130889892578,198830482,0.0,0.0
2006-08-21 00:00:00-04:00,9.34709688647911,9.36934612749709,9.275900261796384,9.327320098876953,161535213,0.0,0.0
2006-08-22 00:00:00-04:00,9.33794963326296,9.375772867677709,9.266505009810285,9.35179328918457,167188323,0.0,0.0
2006-08-23 00:00:00-04:00,9.335724341594243,9.35129928293515,9.212612826412633,9.231648445129395,146238089,0.0,0.0
2006-08-24 00:00:00-04:00,9.256616551439338,9.305069817634196,9.202723320392918,9.23906421661377,139822131,0.0,0.0
2006-08-25 00:00:00-04:00,9.222995754426158,9.278372271584175,9.208657986394424,9.227445602416992,99037832,0.0,0.0
2006-08-28 00:00:00-04:00,9.285539835839153,9.41755199432373,9.270459953025663,9.41755199432373,167184308,0.0,0.0
2006-08-29 00:00:00-04:00,9.413350310504665,9.451421552621376,9.324848397919233,9.368110656738281,179068687,0.0,0.0
2006-08-30 00:00:00-04:00,9.374536908578074,9.509021521993102,9.3572325748259,9.41260814666748,162382376,0.0,0.0
2006-08-31 00:00:00-04:00,9.430902978968154,9.447219090935988,9.349570421759111,9.357728004455566,118839777,0.0,0.0
2006-09-01 00:00:00-04:00,9.41854030810826,9.425708718261868,9.324599395804753,9.359456062316895,107316747,0.0,0.0
2006-09-05 00:00:00-04:00,9.390852890751097,9.52756195306864,9.330781362187512,9.501852035522461,163582859,0.0,0.0
2006-09-06 00:00:00-04:00,9.445981920755813,9.472928066431027,9.385661439737333,9.397528648376465,149522354,0.0,0.0
2006-09-07 00:00:00-04:00,9.37898733008968,9.437328518429926,9.32979100044034,9.356738090515137,154256030,0.0,0.0
2006-09-08 00:00:00-04:00,9.312981317873575,9.413597487085202,9.312981317873575,9.340916633605957,123798294,0.0,0.0
2006-09-11 00:00:00-04:00,9.351052732585798,9.51001009650167,9.338939414540484,9.495177268981934,181847062,0.0,0.0
2006-09-12 00:00:00-04:00,9.517673964645532,9.708768498469054,9.514707399017421,9.688250541687012,218503948,0.0,0.0
2006-09-13 00:00:00-04:00,9.768593119093836,10.055606900128161,9.767357838996183,10.050909996032715,392192544,0.0,0.0
2006-09-14 00:00:00-04:00,9.994793690043515,10.04374202563837,9.936204488906832,9.986883163452148,215448538,0.0,0.0
2006-09-15 00:00:00-04:00,10.073405854628753,10.136939005027983,10.055112351081092,10.132737159729004,314703180,0.0,0.0
2006-09-18 00:00:00-04:00,10.135704828541325,10.350531883761429,10.122601392901137,10.251646995544434,285333506,0.0,0.0
2006-09-19 00:00:00-04:00,10.270682336871888,10.27142350495884,9.709015126887248,9.982680320739746,573858932,0.0,0.0
2006-09-20 00:00:00-04:00,10.064013838656962,10.071183197062142,9.755492890355663,9.814329147338867,367283528,0.0,0.0
2006-09-21 00:00:00-04:00,9.895909726577884,10.097387251043077,9.885032634208978,10.057833671569824,429287065,0.0,0.0
2006-09-22 00:00:00-04:00,10.011604017559849,10.072665667241143,9.922112939179355,9.981938362121582,186681114,0.0,0.0
2006-09-25 00:00:00-04:00,10.02643768955882,10.12210801654093,9.95029614971402,9.986883163452148,230352192,0.0,0.0
2006-09-26 00:00:00-04:00,10.024459224709135,10.078352467013922,9.932248630186947,10.058327674865723,212369039,0.0,0.0
2006-09-27 00:00:00-04:00,10.044235099704526,10.165864284673246,9.947080553291311,9.960678100585938,235949093,0.0,0.0
2006-09-28 00:00:00-04:00,9.989353926881819,10.061045605905528,9.90184025077763,9.9769926071167,205061752,0.0,0.0
2006-09-29 00:00:00-04:00,10.015313169068149,10.027426487846318,9.923349632881987,9.935462951660156,132932403,0.0,0.0
2006-10-02 00:00:00-04:00,9.935461580838405,10.036817965604493,9.908268381350558,9.924089431762695,146623529,0.0,0.0
2006-10-03 00:00:00-04:00,9.920383118562757,10.048191553081349,9.843746522485866,9.98836612701416,219407321,0.0,0.0
2006-10-04 00:00:00-04:00,10.011357417427185,10.278346435380138,9.96389236656448,10.276616096496582,267470802,0.0,0.0
2006-10-05 00:00:00-04:00,10.251893162918888,10.339406839884171,10.156964019226228,10.180449485778809,232460064,0.0,0.0
2006-10-06 00:00:00-04:00,10.141141580322135,10.43013273735572,10.129522375559024,10.395276069641113,294559960,0.0,0.0
2006-10-09 00:00:00-04:00,10.501578864812261,10.678335628507162,10.467463360213031,10.60540771484375,304468963,0.0,0.0
2006-10-10 00:00:00-04:00,10.66869296797368,10.824189647895313,10.441999665476787,10.54731273651123,393011603,0.0,0.0
2006-10-11 00:00:00-04:00,10.507017839360618,10.627903967891058,10.475867953936099,10.543604850769043,226260915,0.0,0.0
2006-10-12 00:00:00-04:00,10.594531302999824,10.622219566063341,10.481802748882108,10.56684398651123,194486260,0.0,0.0
2006-10-13 00:00:00-04:00,10.574754299634233,10.617769502977414,10.520366945399495,10.563382148742676,145443121,0.0,0.0
2006-10-16 00:00:00-04:00,10.57326906535983,10.610351130363542,10.416042056318823,10.426177978515625,173423607,0.0,0.0
2006-10-17 00:00:00-04:00,10.390332329997356,10.475620615547111,10.301336310829052,10.398738861083984,209221284,0.0,0.0
2006-10-18 00:00:00-04:00,10.456833402864673,10.500342716719816,10.32111444471746,10.365859985351562,241594173,0.0,0.0
2006-10-19 00:00:00-04:00,10.388604588555145,10.61777039189652,10.37228847557623,10.532729148864746,461864718,0.0,0.0
2006-10-20 00:00:00-04:00,11.346798143212315,11.374239350426043,11.213304574018188,11.363609313964844,467662368,0.0,0.0
2006-10-23 00:00:00-04:00,11.428129925606498,11.98089746353816,11.380913824738348,11.885473251342773,606444615,0.0,0.0
2006-10-24 00:00:00-04:00,11.77422768822104,11.81328715248216,11.653835673850669,11.7008056640625,347706422,0.0,0.0
2006-10-25 00:00:00-04:00,11.804140239977576,12.07632122777849,11.745304930205632,12.029351234436035,368877480,0.0,0.0
2006-10-26 00:00:00-04:00,12.056049729910386,12.161855974366569,11.97002027395841,11.992269515991211,282322262,0.0,0.0
2006-10-27 00:00:00-04:00,11.962603122658422,11.995729454340639,11.680533298164658,11.747528076171875,265150137,0.0,0.0
2006-10-30 00:00:00-05:00,11.738134602875574,11.87756223509231,11.619225873172551,11.78139591217041,263508004,0.0,0.0
2006-10-31 00:00:00-05:00,11.818231893022647,11.919589240595366,11.713907979700727,11.776947975158691,252358369,0.0,0.0
2006-11-01 00:00:00-05:00,11.835535826056574,11.84468257831131,11.50179911047041,11.557174682617188,217865564,0.0,0.0
2006-11-02 00:00:00-05:00,11.557175211219565,11.71118767046361,11.529487897167211,11.616753578186035,210253137,0.0,0.0
2006-11-03 00:00:00-05:00,11.67410602526612,11.711682204984045,11.496855161647206,11.66347599029541,197043811,0.0,0.0
2006-11-06 00:00:00-05:00,11.712178466567442,11.857786296251714,11.676579677944153,11.790791511535645,200408375,0.0,0.0
2006-11-07 00:00:00-05:00,11.79079098060375,11.841964710232856,11.662734548375129,11.682512283325195,196618221,0.0,0.0
2006-11-08 00:00:00-05:00,11.627630290616985,11.90920505918877,11.5843680355675,11.742584228515625,319794191,0.0,0.0
2006-11-09 00:00:00-05:00,11.779667472586123,11.85358361361428,11.6649605792615,11.683996200561523,195899538,0.0,0.0
2006-11-10 00:00:00-05:00,11.712423592763468,11.735661056013804,11.626146145092351,11.706737518310547,112287309,0.0,0.0
2006-11-13 00:00:00-05:00,11.740113050723597,11.89511563903835,11.721324485307449,11.891654014587402,174326980,0.0,0.0
2006-11-14 00:00:00-05:00,11.883496284237243,12.112167008762329,11.878551376961637,12.096098899841309,290019003,0.0,0.0
2006-11-15 00:00:00-05:00,12.198196762396373,12.35690707417341,12.161114692687988,12.161114692687988,336083018,0.0,0.0
2006-11-16 00:00:00-05:00,12.237008076753746,12.30326073765883,12.176687599896727,12.259257316589355,204467533,0.0,0.0
2006-11-17 00:00:00-05:00,12.193747599059536,12.352210863703242,12.187566464948517,12.330703735351562,221266263,0.0,0.0
2006-11-20 00:00:00-05:00,12.321060841291443,12.321060841291443,12.178913700720228,12.238245010375977,205748315,0.0,0.0
2006-11-21 00:00:00-05:00,12.275079580735468,12.607827147387345,12.257527243145217,12.599175453186035,338363534,0.0,0.0
2006-11-22 00:00:00-05:00,12.631806861652787,12.681990471089199,12.503503380796849,12.558631896972656,180702789,0.0,0.0
2006-11-24 00:00:00-05:00,12.471860131260701,12.546024265410512,12.459498811185878,12.484220504760742,69567783,0.0,0.0
2006-11-27 00:00:00-05:00,12.394484310183982,12.404620234528874,11.983617782592773,11.983617782592773,294086191,0.0,0.0
2006-11-28 00:00:00-05:00,11.894126209248455,12.109943391195523,11.79276886309398,12.101042747497559,313073093,0.0,0.0
2006-11-29 00:00:00-05:00,12.218222160392827,12.230582535384801,11.92181359060902,11.981144905090332,253558852,0.0,0.0
2006-11-30 00:00:00-05:00,11.969773805305012,12.123292163002562,11.904509358806115,11.985100746154785,223936234,0.0,0.0
2006-12-01 00:00:00-05:00,12.014023687576774,12.073602055643635,11.829108396135625,11.885967254638672,226100315,0.0,0.0
2006-12-04 00:00:00-05:00,11.94035403704207,12.049868956463483,11.850121793111025,11.986087799072266,196730641,0.0,0.0
2006-12-05 00:00:00-05:00,12.049127804696676,12.099559421547795,11.987078874252445,12.039239883422852,164735162,0.0,0.0
2006-12-06 00:00:00-05:00,12.038250194380533,12.172733869143642,11.977930658852538,12.081512451171875,178679233,0.0,0.0
2006-12-07 00:00:00-05:00,12.11908850899311,12.157900917033652,11.926015639495034,11.9314546585083,187271318,0.0,0.0
2006-12-08 00:00:00-05:00,11.914151082270918,12.078794546675962,11.866191914717646,11.967796325683594,159591956,0.0,0.0
2006-12-11 00:00:00-05:00,11.987820168194494,12.08621000274849,11.960131905872464,11.963345527648926,131025281,0.0,0.0
2006-12-12 00:00:00-05:00,11.961367178415097,12.023417051135077,11.873112328327837,11.910194396972656,167866857,0.0,0.0
2006-12-13 00:00:00-05:00,11.982132711561672,12.002157501206524,11.792520529433618,11.84122085571289,187182988,0.0,0.0
2006-12-14 00:00:00-05:00,11.872373153736389,11.958896733002742,11.7984560600638,11.918601036071777,190668002,0.0,0.0
2006-12-15 00:00:00-05:00,11.931454710085935,11.967794664809388,11.862235478257977,11.87360668182373,208410256,0.0,0.0
2006-12-18 00:00:00-05:00,11.928240744461815,11.9339258727933,11.389564896018209,11.440985679626465,321865927,0.0,0.0
2006-12-19 00:00:00-05:00,11.414287026968633,11.601920880028802,11.334683868385678,11.58510971069336,264467588,0.0,0.0
2006-12-20 00:00:00-05:00,11.618979084417589,11.656060207523293,11.429366890263404,11.44345760345459,175366863,0.0,0.0
2006-12-21 00:00:00-05:00,11.47510005569433,11.501552088449605,11.182400196378305,11.277824401855469,279174507,0.0,0.0
2006-12-22 00:00:00-05:00,11.309962950483573,11.33814532307027,11.19204244373718,11.262497901916504,160129965,0.0,0.0
2006-12-26 00:00:00-05:00,11.285736433652994,11.358664346075779,11.238024328548502,11.310705184936523,83282999,0.0,0.0
2006-12-27 00:00:00-05:00,11.371766263705787,11.571514387414622,11.349517021220281,11.570277214050293,169894428,0.0,0.0
2006-12-28 00:00:00-05:00,11.547780462290389,11.583874307511278,11.427388448125814,11.435051918029785,125115211,0.0,0.0
2006-12-29 00:00:00-05:00,11.423681296855849,11.482270496134246,11.368305719322802,11.38363265991211,102751700,0.0,0.0
2007-01-03 00:00:00-05:00,11.520093091861579,11.783621419154969,11.399206966221994,11.55940055847168,309415434,0.0,0.0
2007-01-04 00:00:00-05:00,11.59425774959728,11.963839391417562,11.578188694473608,11.946782112121582,316686586,0.0,0.0
2007-01-05 00:00:00-05:00,11.927992669349171,12.051598291120035,11.819465983073322,12.04393482208252,275914333,0.0,0.0
2007-01-08 00:00:00-05:00,12.056296288471236,12.110189525776807,11.920577337533578,11.954692840576172,190888826,0.0,0.0
2007-01-09 00:00:00-05:00,12.000919084509373,12.070139251875643,11.895854026776675,12.002156257629395,216062832,0.0,0.0
2007-01-10 00:00:00-05:00,11.975706034993085,12.201164086257094,11.916622722398161,12.100054740905762,239634856,0.0,0.0
2007-01-11 00:00:00-05:00,12.291396082417567,12.403878522934885,12.266181220550711,12.353693962097168,289408724,0.0,0.0
2007-01-12 00:00:00-05:00,12.409809314592895,12.484220504760742,12.360614876610764,12.484220504760742,179618741,0.0,0.0
2007-01-16 00:00:00-05:00,12.54726148006774,12.681992222400691,12.442196395968637,12.466423034667969,303890804,0.0,0.0
2007-01-17 00:00:00-05:00,12.444419958587288,12.552699603410275,12.221682374829365,12.293374061584473,268968395,0.0,0.0
2007-01-18 00:00:00-05:00,12.225140882524332,12.273596044764325,12.049868366092051,12.059757232666016,238169384,0.0,0.0
2007-01-19 00:00:00-05:00,12.063465237304934,12.132190353116345,12.032811359413403,12.107221603393555,199878396,0.0,0.0
2007-01-22 00:00:00-05:00,12.175205269114915,12.178913002468414,11.829107244732258,11.886956214904785,216982266,0.0,0.0
2007-01-23 00:00:00-05:00,11.885719980480484,11.983616643532141,11.799196414125523,11.842705726623535,187319498,0.0,0.0
2007-01-24 00:00:00-05:00,11.976199571119636,12.34924280170746,11.94752308793358,12.337623596191406,243280470,0.0,0.0
2007-01-25 00:00:00-05:00,12.385335945567585,12.471860455466643,12.006112520623054,12.066184997558594,255694828,0.0,0.0
2007-01-26 00:00:00-05:00,12.13639317468781,12.30870007667407,12.039980746131796,12.257774353027344,220684089,0.0,0.0
2007-01-29 00:00:00-05:00,12.311174262579856,12.329714825580684,12.12576484627189,12.17446517944336,191744020,0.0,0.0
2007-01-30 00:00:00-05:00,12.212287158904097,12.311172991087057,12.14356298692654,12.220198631286621,167846782,0.0,0.0
2007-01-31 00:00:00-05:00,12.27384475006081,12.48422196651129,12.249617165685262,12.397697448730469,490074058,0.0,0.0
2007-02-01 00:00:00-05:00,12.508941897590722,12.509188953602818,11.904012473214587,11.909452438354492,628695706,0.0,0.0
2007-02-02 00:00:00-05:00,11.93071288752376,11.989797143975027,11.812051209116953,11.90327262878418,252402534,0.0,0.0
2007-02-05 00:00:00-05:00,11.80438776780441,11.816749088986723,11.524790376871767,11.548770904541016,289356529,0.0,0.0
2007-02-06 00:00:00-05:00,11.572008259450623,11.70055880453919,11.551242300228255,11.65556526184082,213673912,0.0,0.0
2007-02-07 00:00:00-05:00,11.713412533965219,11.726515022294883,11.588817733259491,11.61922550201416,165409681,0.0,0.0
2007-02-08 00:00:00-05:00,11.57077252008165,11.71168344559416,11.499080830509515,11.644441604614258,163679219,0.0,0.0
2007-02-09 00:00:00-05:00,11.659768538036143,11.68523045411572,11.408847645061602,11.418489456176758,195072449,0.0,0.0
2007-02-12 00:00:00-05:00,11.388577781702173,11.430850870429596,11.24865507909603,11.329493522644043,231042771,0.0,0.0
2007-02-13 00:00:00-05:00,11.350753095364137,11.440491232228096,11.304030160060348,11.349516868591309,163113105,0.0,0.0
2007-02-14 00:00:00-05:00,11.371766004517145,11.597471099360627,11.35248332813587,11.518362998962402,228806420,0.0,0.0
2007-02-15 00:00:00-05:00,11.520093227147909,11.523306848751444,11.38956528870324,11.408105850219727,162302076,0.0,0.0
2007-02-16 00:00:00-05:00,11.440985828731613,11.622686546051058,11.422691377067519,11.617494583129883,248006116,0.0,0.0
2007-02-20 00:00:00-05:00,11.581153635999813,11.686961769637637,11.488201881598604,11.670892715454102,163313855,0.0,0.0
2007-02-21 00:00:00-05:00,11.615023991266979,11.833558792010303,11.563109090839605,11.763845443725586,226469694,0.0,0.0
2007-02-22 00:00:00-05:00,11.83380493627729,11.971008117833685,11.727504583122114,11.763596534729004,230617182,0.0,0.0
2007-02-23 00:00:00-05:00,11.761125211657523,11.790790867222503,11.564591663401785,11.634305953979492,155886118,0.0,0.0
2007-02-26 00:00:00-05:00,11.688940140656333,11.748764620997465,11.464471261696588,11.493642807006836,159391206,0.0,0.0
2007-02-27 00:00:00-05:00,11.248161100677342,11.366822785729903,11.054593156122476,11.094147682189941,373908266,0.0,0.0
2007-02-28 00:00:00-05:00,11.134688723817263,11.215281053331648,10.952493889363007,11.110957145690918,322496281,0.0,0.0
2007-03-01 00:00:00-05:00,10.943346956518102,11.18437898668678,10.877341346566281,11.08079719543457,348710170,0.0,0.0
2007-03-02 00:00:00-05:00,11.003666766116112,11.09241573188961,10.844709396362305,10.844709396362305,264331078,0.0,0.0
2007-03-05 00:00:00-05:00,10.803670962692735,11.013307938309596,10.803176850644222,10.900826454162598,255156819,0.0,0.0
2007-03-06 00:00:00-05:00,11.062009562251985,11.347045040846421,11.05978416462319,11.311200141906738,302477526,0.0,0.0
2007-03-07 00:00:00-05:00,11.43826516588449,11.449390259614544,11.23060747743797,11.263980865478516,262343656,0.0,0.0
2007-03-08 00:00:00-05:00,11.352482899497659,11.507732528835195,11.225910700899398,11.24123764038086,215316044,0.0,0.0
2007-03-09 00:00:00-05:00,11.322323916039482,11.332212783865714,11.127025639139287,11.197728157043457,199854306,0.0,0.0
2007-03-12 00:00:00-04:00,11.188088250996323,11.254340920439441,11.15199440400616,11.241979598999023,139135567,0.0,0.0
2007-03-13 00:00:00-04:00,11.127271170886704,11.17226470874386,10.94730175233186,10.952245712280273,256048147,0.0,0.0
2007-03-14 00:00:00-04:00,10.957190882471458,11.091426544940456,10.85261992698153,11.07511043548584,321877972,0.0,0.0
2007-03-15 00:00:00-04:00,11.071649860202466,11.12010502769635,10.974743311514167,11.030365943908691,158359353,0.0,0.0
2007-03-16 00:00:00-04:00,11.017015243095054,11.042973162978303,10.874622000632991,10.898353576660156,227212468,0.0,0.0
2007-03-19 00:00:00-04:00,10.957684326268971,11.087471079364834,10.892914004434724,11.056074142456055,208687290,0.0,0.0
2007-03-20 00:00:00-04:00,11.020477143020093,11.065222680033962,10.966336851191164,11.007868766784668,137372985,0.0,0.0
2007-03-21 00:00:00-04:00,11.008362999534352,11.286971200975298,11.006138548747705,11.286477088928223,232801338,0.0,0.0
2007-03-22 00:00:00-04:00,11.263240917278427,11.425411917417835,11.187099377971535,11.422198295593262,228079706,0.0,0.0
2007-03-23 00:00:00-04:00,11.407612683060943,11.455571848201306,11.299581033467442,11.417006492614746,165068406,0.0,0.0
2007-03-26 00:00:00-04:00,11.385362780300005,11.49537181854248,11.26348747948712,11.49537181854248,189118214,0.0,0.0
2007-03-27 00:00:00-04:00,11.459526642075796,11.501058560060015,11.380170539782807,11.461256980895996,150208917,0.0,0.0
2007-03-28 00:00:00-04:00,11.417995405578425,11.50625026327499,11.375474314341268,11.418243408203125,184352418,0.0,0.0
2007-03-29 00:00:00-04:00,11.484248412361909,11.520094258429252,11.248161265636407,11.394510269165039,160137995,0.0,0.0
2007-03-30 00:00:00-04:00,11.423681249209693,11.455819359678923,11.276342135605544,11.326279640197754,135714793,0.0,0.0
2007-04-02 00:00:00-04:00,11.316390702662467,11.33542537689209,11.176963062799684,11.33542537689209,138457033,0.0,0.0
2007-04-03 00:00:00-04:00,11.47188691315018,11.724044037780889,11.47065068641121,11.683253288269043,261046814,0.0,0.0
2007-04-04 00:00:00-04:00,11.671880953532712,11.693141022343069,11.608593912544663,11.644192695617676,151718555,0.0,0.0
2007-04-05 00:00:00-04:00,11.651116217781242,11.670645951588055,11.609585243044235,11.656309127807617,109039179,0.0,0.0
2007-04-09 00:00:00-04:00,11.692646614035963,11.693141672656008,11.509956731192357,11.574727058410645,122943100,0.0,0.0
2007-04-10 00:00:00-04:00,11.547038353833454,11.638506819740584,11.499326252912951,11.532452583312988,119618686,0.0,0.0
2007-04-11 00:00:00-04:00,11.521577398650068,11.604147128870778,11.436289105260794,11.48375415802002,153051532,0.0,0.0
2007-04-12 00:00:00-04:00,11.47065075333305,11.569535640979892,11.427141440631434,11.554455757141113,108721995,0.0,0.0
2007-04-13 00:00:00-04:00,11.580660879910988,11.58857140662727,11.454829834323402,11.527263641357422,112211024,0.0,0.0
2007-04-16 00:00:00-04:00,11.580907422266387,11.791780643643621,11.57324395194759,11.724538803100586,203877329,0.0,0.0
2007-04-17 00:00:00-04:00,11.71291883074177,11.776947045344373,11.658531480775451,11.688197135925293,128885290,0.0,0.0
2007-04-18 00:00:00-04:00,11.650127878827892,11.86371872175018,11.607359731088003,11.76755428314209,227670177,0.0,0.0
2007-04-19 00:00:00-04:00,11.730223571788258,11.914397696131552,11.608843330646737,11.659769058227539,442034667,0.0,0.0
2007-04-20 00:00:00-04:00,12.126257760240915,12.175206091205636,11.916126667452353,11.927498817443848,488283372,0.0,0.0
2007-04-23 00:00:00-04:00,11.868662538369678,11.989796665487685,11.823174885083732,11.843446731567383,227834792,0.0,0.0
2007-04-24 00:00:00-04:00,11.83182909584559,11.865696598347085,11.756180724876177,11.805130004882812,148341946,0.0,0.0
2007-04-25 00:00:00-04:00,11.866191120709622,11.900059570957007,11.770025735970032,11.81650161743164,159266742,0.0,0.0
2007-04-26 00:00:00-04:00,11.819219419544792,11.976200338936035,11.794746673420846,11.89536190032959,165614446,0.0,0.0
2007-04-27 00:00:00-04:00,11.867920790990043,11.925521764112924,11.824906536394469,11.841715812683105,117466650,0.0,0.0
2007-04-30 00:00:00-04:00,11.845178003479957,11.899565357568843,11.653094291687012,11.653094291687012,146193924,0.0,0.0
2007-05-01 00:00:00-04:00,11.67311745168588,11.688444391583456,11.474853564006326,11.594257354736328,146876473,0.0,0.0
2007-05-02 00:00:00-04:00,11.585604684002154,11.645677163263226,11.51341793990042,11.514655113220215,122967190,0.0,0.0
2007-05-03 00:00:00-04:00,11.52553259457927,11.719595605093057,11.502542182126785,11.69882869720459,144306878,0.0,0.0
2007-05-04 00:00:00-04:00,11.621944831210612,11.738629114038565,11.517126810810916,11.646666526794434,158592223,0.0,0.0
2007-05-07 00:00:00-04:00,11.671881834308083,11.688691109928016,11.531712088668078,11.551488876342773,121256803,0.0,0.0
2007-05-08 00:00:00-04:00,11.5233070408165,11.5737386563237,11.488698370705492,11.540117263793945,116639561,0.0,0.0
2007-05-09 00:00:00-04:00,11.523801520738404,11.661745868476192,11.46768383285235,11.60043716430664,156179212,0.0,0.0
2007-05-10 00:00:00-04:00,11.545803146551044,11.606370684672953,11.396981702624805,11.408105850219727,148004686,0.0,0.0
2007-05-11 00:00:00-04:00,11.417005163284513,11.544814534475584,11.396487207603348,11.538386344909668,118205408,0.0,0.0
2007-05-14 00:00:00-04:00,11.507239006798287,11.55742262001548,11.371766158223679,11.415770530700684,155488633,0.0,0.0
2007-05-15 00:00:00-04:00,11.420219519330205,11.434558235543959,11.307738026877045,11.3223237991333,165377561,0.0,0.0
2007-05-16 00:00:00-04:00,11.421208189712297,11.696602778769352,11.34753911010584,11.683500289916992,263150670,0.0,0.0
2007-05-17 00:00:00-04:00,11.679791798772944,11.748021854957969,11.639001998671322,11.642709732055664,187122763,0.0,0.0
2007-05-18 00:00:00-04:00,11.66916231358177,11.685725479732993,11.612797569517266,11.6268892288208,148390126,0.0,0.0
2007-05-21 00:00:00-04:00,11.607358969886842,11.846413608879073,11.537892681268396,11.633811950683594,247295463,0.0,0.0
2007-05-22 00:00:00-04:00,11.693142924669667,11.841716374504298,11.693142924669667,11.763845443725586,154135581,0.0,0.0
2007-05-23 00:00:00-04:00,11.886461481751967,11.950490645415554,11.711683058761626,11.717122077941895,203166675,0.0,0.0
2007-05-24 00:00:00-04:00,11.74629170496999,11.84641281342764,11.656059463320728,11.726019859313965,167569747,0.0,0.0
2007-05-25 00:00:00-04:00,11.858773884081629,11.988560654018704,11.798701404790856,11.953208923339844,214741900,0.0,0.0
2007-05-29 00:00:00-04:00,11.989796848615372,12.157900967765135,11.965076100069744,12.04195785522461,209502334,0.0,0.0
2007-05-30 00:00:00-04:00,11.97743637928806,12.331938120149951,11.940354310189065,12.326005935668945,290918361,0.0,0.0
2007-05-31 00:00:00-04:00,12.37446001878253,12.577667877605695,12.28793550074237,12.308948516845703,358310019,0.0,0.0
2007-06-01 00:00:00-04:00,12.385338169925577,12.48471718354298,12.309443681471505,12.370506286621094,192679513,0.0,0.0
2007-06-04 00:00:00-04:00,12.308948398255176,12.620435902938818,12.3010378719304,12.535394668579102,285104652,0.0,0.0
2007-06-05 00:00:00-04:00,12.601647636562245,12.83031834610969,12.524022820428474,12.826362609863281,419450332,0.0,0.0
2007-06-06 00:00:00-04:00,12.774695998457405,12.874323002323498,12.737860984410421,12.81177806854248,316650452,0.0,0.0
2007-06-07 00:00:00-04:00,12.848858998351007,13.0157278379308,12.669877787063355,12.732916831970215,426813829,0.0,0.0
2007-06-08 00:00:00-04:00,12.761099777701318,12.846140065532358,12.594478933250532,12.743547439575195,255281284,0.0,0.0
2007-06-11 00:00:00-04:00,12.707207634480978,12.811778603197364,12.6078276825057,12.64095401763916,186604829,0.0,0.0
2007-06-12 00:00:00-04:00,12.575936291660021,12.649110304611547,12.438980180231058,12.478534698486328,257742474,0.0,0.0
2007-06-13 00:00:00-04:00,12.535888018655934,12.571733858139439,12.328229394978207,12.490153312683105,282414606,0.0,0.0
2007-06-14 00:00:00-04:00,12.49361626958383,12.505976644083212,12.402640959954812,12.430824279785156,185540856,0.0,0.0
2007-06-15 00:00:00-04:00,12.563080632493035,12.5831054220584,12.391021733920757,12.50622272491455,247889682,0.0,0.0
2007-06-18 00:00:00-04:00,12.513392146371977,12.756153556562712,12.465432041522023,12.736377716064453,194161046,0.0,0.0
2007-06-19 00:00:00-04:00,12.706960035575287,12.787056360304916,12.645898384658109,12.714376449584961,174864989,0.0,0.0
2007-06-20 00:00:00-04:00,12.779887190854353,12.824137669674931,12.584588931233831,12.607085227966309,174178426,0.0,0.0
2007-06-21 00:00:00-04:00,12.632054839503343,12.738602253000948,12.515865614420138,12.709432601928711,177049146,0.0,0.0
2007-06-22 00:00:00-04:00,12.76653789440163,12.978398377439124,12.758626422057013,12.978151321411133,289228049,0.0,0.0
2007-06-25 00:00:00-04:00,13.077035627745422,13.225610962228213,12.938597163293888,13.038471221923828,318188194,0.0,0.0
2007-06-26 00:00:00-04:00,13.169740475729729,13.181359682100524,13.00929982375218,13.10867977142334,228433026,0.0,0.0
2007-06-27 00:00:00-04:00,12.97864419096958,13.052561265003368,12.844161479458327,13.01053524017334,245842035,0.0,0.0
2007-06-28 00:00:00-04:00,12.975678704881858,13.089891474639002,12.94897961584772,12.97889232635498,167360967,0.0,0.0
2007-06-29 00:00:00-04:00,13.003862896096495,13.037978403524553,12.84169189100217,12.921789169311523,155805818,0.0,0.0
2007-07-02 00:00:00-04:00,12.990759574316495,13.147986608433865,12.95886946661447,13.11164665222168,140026895,0.0,0.0
2007-07-03 00:00:00-04:00,13.128455829901405,13.211024603519364,13.04044898403184,13.209541320800781,75152639,0.0,0.0
2007-07-05 00:00:00-04:00,13.239700453206131,13.45823711442073,13.155401344882486,13.389758110046387,198457088,0.0,0.0
2007-07-06 00:00:00-04:00,13.380366630646376,13.445135068654274,13.318068753014964,13.33463191986084,110291857,0.0,0.0
2007-07-09 00:00:00-04:00,13.4236292363527,13.565528383682867,13.355892337835297,13.412751197814941,149751208,0.0,0.0
2007-07-10 00:00:00-04:00,13.443157678657766,13.522511883076719,13.390253613612076,13.432032585144043,154818129,0.0,0.0
2007-07-11 00:00:00-04:00,13.438708488956982,13.510152171351203,13.349711522786215,13.459967613220215,132868163,0.0,0.0
2007-07-12 00:00:00-04:00,13.494330362914388,13.530422312849113,13.35490179039779,13.48122787475586,138179998,0.0,0.0
2007-07-13 00:00:00-04:00,13.545009876755717,13.662683336591682,13.528694711620918,13.65007495880127,210269197,0.0,0.0
2007-07-16 00:00:00-04:00,13.604092588513609,13.808783709892392,13.579617950445641,13.670592308044434,264969462,0.0,0.0
2007-07-17 00:00:00-04:00,13.721273625666035,13.787772406874257,13.655514119469535,13.720283508300781,173792986,0.0,0.0
2007-07-18 00:00:00-04:00,13.69284392743198,13.707923813214544,13.44365428134554,13.584318161010742,244111573,0.0,0.0
2007-07-19 00:00:00-04:00,13.682213006300335,13.683696289176117,13.404841001678838,13.561820983886719,446756299,0.0,0.0
2007-07-20 00:00:00-04:00,12.65479674780716,12.933651992033242,12.595465441982565,12.85800552368164,713556598,0.0,0.0
2007-07-23 00:00:00-04:00,12.830566680373765,12.855041321813497,12.660979262145847,12.669878959655762,255221059,0.0,0.0
2007-07-24 00:00:00-04:00,12.590522554499508,12.82265488844944,12.536383206610282,12.70671272277832,223719424,0.0,0.0
2007-07-25 00:00:00-04:00,12.78038050499027,12.781368729021338,12.498063641493477,12.601893424987793,222631361,0.0,0.0
2007-07-26 00:00:00-04:00,12.576679347883971,12.671856504730947,12.332926852487052,12.558384895324707,276368027,0.0,0.0
2007-07-27 00:00:00-04:00,12.571486717725278,12.771480924250573,12.496580471385446,12.654549598693848,221189978,0.0,0.0
2007-07-30 00:00:00-04:00,12.680012894062699,12.838722248265606,12.620187474604295,12.758872985839844,159126217,0.0,0.0
2007-07-31 00:00:00-04:00,12.860724512504714,12.865916475223772,12.607826232910156,12.607826232910156,171460275,0.0,0.0
2007-08-01 00:00:00-04:00,12.620187176168875,12.768761550652858,12.561845040775651,12.680506706237793,177791919,0.0,0.0
2007-08-02 00:00:00-04:00,12.699789154276953,12.731184198814772,12.5831048855708,12.632794380187988,126669014,0.0,0.0
2007-08-03 00:00:00-04:00,12.609065391640376,12.686937272089992,12.43478012084961,12.43478012084961,127524207,0.0,0.0
2007-08-06 00:00:00-04:00,12.434778162812695,12.611534912934454,12.422417789214617,12.607826232910156,146607469,0.0,0.0
2007-08-07 00:00:00-04:00,12.601647390698057,12.852073224852566,12.584095053826545,12.756649017333984,171211346,0.0,0.0
2007-08-08 00:00:00-04:00,12.838723247603182,12.997928619384766,12.783100615853389,12.997928619384766,163362034,0.0,0.0
2007-08-09 00:00:00-04:00,12.87481580554543,13.02363723625786,12.722285694914085,12.72475814819336,194586635,0.0,0.0
2007-08-10 00:00:00-04:00,12.612278850224866,12.823397242280976,12.499796405187698,12.74997615814209,235888868,0.0,0.0
2007-08-13 00:00:00-04:00,12.843667542530739,12.848858558799382,12.682731839580626,12.743793487548828,127648672,0.0,0.0
2007-08-14 00:00:00-04:00,12.749232984852044,12.790763956284136,12.558384564108152,12.573217391967773,145892800,0.0,0.0
2007-08-15 00:00:00-04:00,12.583105929974122,12.649606597566248,12.279281915990866,12.300047874450684,217191045,0.0,0.0
2007-08-16 00:00:00-04:00,12.163340370390156,12.272360237982252,11.877562790878233,12.150979995727539,347120233,0.0,0.0
2007-08-17 00:00:00-04:00,12.297328466164581,12.385336261026785,12.15419215317627,12.361603736877441,219997525,0.0,0.0
2007-08-20 00:00:00-04:00,12.421428994402332,12.423901447826674,12.261729517150808,12.309194564819336,108296406,0.0,0.0
2007-08-21 00:00:00-04:00,12.334410860440512,12.56234040617791,12.305487319158122,12.524023056030273,144965337,0.0,0.0
2007-08-22 00:00:00-04:00,12.606839586925357,12.76233628674519,12.58928724841106,12.675811767578125,130595677,0.0,0.0
2007-08-23 00:00:00-04:00,12.756154314383023,12.75936888255849,12.53366379008759,12.661967277526855,123529289,0.0,0.0
2007-08-24 00:00:00-04:00,12.672349616112335,12.74502952222716,12.57074427733026,12.731433868408203,99278731,0.0,0.0
2007-08-27 00:00:00-04:00,12.71734287597523,12.792001127330405,12.642437568584915,12.6884183883667,93352602,0.0,0.0
2007-08-28 00:00:00-04:00,12.645651477414336,12.730939772625856,12.503752321362656,12.518832206726074,131446855,0.0,0.0
2007-08-29 00:00:00-04:00,12.554428943476163,12.689406721490315,12.539349060579424,12.679023742675781,102354216,0.0,0.0
2007-08-30 00:00:00-04:00,12.666169513559383,12.741321879162237,12.622166087358664,12.642437934875488,106465569,0.0,0.0
2007-08-31 00:00:00-04:00,12.684463500713774,12.768515560204424,12.644167809775928,12.737613677978516,119550431,0.0,0.0
2007-09-04 00:00:00-04:00,12.731928328799837,13.052809621391503,12.722039461618001,12.982354164123535,148301796,0.0,0.0
2007-09-05 00:00:00-04:00,12.93909211234121,13.089397795366086,12.910663628137105,13.047866821289062,133012703,0.0,0.0
2007-09-06 00:00:00-04:00,13.086430156320029,13.098049362359568,12.811530627035099,12.942058563232422,145579631,0.0,0.0
2007-09-07 00:00:00-04:00,12.802136112892692,12.885693108265704,12.775931136740228,12.838969230651855,147093283,0.0,0.0
2007-09-10 00:00:00-04:00,12.886682461314107,12.906213140418373,12.629582316779208,12.718578338623047,129515644,0.0,0.0
2007-09-11 00:00:00-04:00,12.780628953521889,12.895829951948524,12.749480015079737,12.887919425964355,108549350,0.0,0.0
2007-09-12 00:00:00-04:00,12.868142288144414,13.052316417810642,12.8303190487116,12.920551300048828,119887690,0.0,0.0
2007-09-13 00:00:00-04:00,12.955408080687198,13.033279952070902,12.934642122108233,12.973207473754883,75927532,0.0,0.0
2007-09-14 00:00:00-04:00,12.934146917594388,13.108926278183723,12.90992122829193,13.07135009765625,111010541,0.0,0.0
2007-09-17 00:00:00-04:00,13.01646887327954,13.084451877904904,12.955655226451903,12.986062049865723,88229471,0.0,0.0
2007-09-18 00:00:00-04:00,13.016223098953049,13.281481790990115,12.960600463041539,13.23253345489502,169260059,0.0,0.0
2007-09-19 00:00:00-04:00,13.33141775935061,13.583078873505457,13.321281836192728,13.518804550170898,221904647,0.0,0.0
2007-09-20 00:00:00-04:00,13.52251288602482,13.764781149044978,13.498534251651304,13.666638374328613,221828362,0.0,0.0
2007-09-21 00:00:00-04:00,13.75341034666248,13.863420341190828,13.666639713819102,13.846362113952637,321669193,0.0,0.0
2007-09-24 00:00:00-04:00,13.868610220953496,14.127195545563277,13.8438894714934,14.042154312133789,212674178,0.0,0.0
2007-09-25 00:00:00-04:00,13.942774855968379,14.080225105418993,13.914593427764396,14.066380500793457,109633398,0.0,0.0
2007-09-26 00:00:00-04:00,14.100989816424809,14.135352375742915,13.938076716344352,14.045614242553711,134345680,0.0,0.0
2007-09-27 00:00:00-04:00,14.133868794172812,14.13411679678848,13.986777685560682,14.029297828674316,82560301,0.0,0.0
2007-09-28 00:00:00-04:00,14.016937723321371,14.079976766823423,13.945740151417978,14.023612022399902,105975740,0.0,0.0
2007-10-01 00:00:00-04:00,14.090360441735625,14.445851367021877,14.08145979823343,14.401352882385254,189158364,0.0,0.0
2007-10-02 00:00:00-04:00,14.421871534769872,14.753877931752596,14.338560642190817,14.446840286254883,283759629,0.0,0.0
2007-10-03 00:00:00-04:00,14.492822119205519,14.560558073879367,14.347214285618415,14.43769359588623,155761653,0.0,0.0
2007-10-04 00:00:00-04:00,14.464143566876976,14.464143566876976,14.265632635949313,14.314332962036133,119915795,0.0,0.0
2007-10-05 00:00:00-04:00,14.514081268203384,14.733853218423922,14.511608814831906,14.685646057128906,203507949,0.0,0.0
2007-10-08 00:00:00-04:00,14.709131654782485,15.086376738258906,14.683173733876338,15.070555686950684,201873847,0.0,0.0
2007-10-09 00:00:00-04:00,15.206276519973574,15.420609466517881,15.040149791548165,15.208006858825684,352026555,0.0,0.0
2007-10-10 00:00:00-04:00,15.360784067136644,15.467579483237143,15.2480555197764,15.460411071777344,216231462,0.0,0.0
2007-10-11 00:00:00-04:00,15.664360951795786,15.856444655398697,15.055229616626567,15.376605033874512,473729022,0.0,0.0
2007-10-12 00:00:00-04:00,15.425553496038718,15.782032623113572,15.283652466190548,15.757064819335938,273971076,0.0,0.0
2007-10-15 00:00:00-04:00,15.783766264855492,15.8181278821829,15.217155964422652,15.329883575439453,278793083,0.0,0.0
2007-10-16 00:00:00-04:00,15.289832017215454,15.473511065262334,15.129144323785576,15.228277206420898,241915372,0.0,0.0
2007-10-17 00:00:00-04:00,15.585498901703858,15.673258691101118,15.366469065669959,15.660404205322266,242124152,0.0,0.0
2007-10-18 00:00:00-04:00,15.7081170129815,15.85545517345334,15.537293384102377,15.812192916870117,493410518,0.0,0.0
2007-10-19 00:00:00-04:00,16.181529014570433,16.278683566691388,15.9014375087676,15.938024520874023,633927242,0.0,0.0
2007-10-22 00:00:00-04:00,15.788705491604034,16.192403495749026,15.729621247400335,16.087337493896484,267575192,0.0,0.0
2007-10-23 00:00:00-04:00,16.34691520174288,16.751106475536073,16.31601331716041,16.705867767333984,272766578,0.0,0.0
2007-10-24 00:00:00-04:00,16.63021723123049,16.747891622710814,16.305133158264248,16.707101821899414,297278110,0.0,0.0
2007-10-25 00:00:00-04:00,16.777806059171105,16.784975417765917,16.40377265111862,16.526390075683594,232688918,0.0,0.0
2007-10-26 00:00:00-04:00,16.662850219207307,16.724901985793814,16.515264057583277,16.676942825317383,134658850,0.0,0.0
2007-10-29 00:00:00-04:00,16.755306107482866,16.810434619967978,16.61488931835054,16.791399002075195,123111730,0.0,0.0
2007-10-30 00:00:00-04:00,16.748880116601143,17.302635842886353,16.748880116601143,17.175569534301758,277058606,0.0,0.0
2007-10-31 00:00:00-04:00,17.32191923901252,17.4779109954834,17.20696529055906,17.4779109954834,276103037,0.0,0.0
2007-11-01 00:00:00-04:00,17.373834275624525,17.64403596008212,17.348865524196537,17.38421630859375,262066622,0.0,0.0
2007-11-02 00:00:00-04:00,17.564681880875163,17.640576363956942,17.239103654504962,17.582975387573242,234535815,0.0,0.0
2007-11-05 00:00:00-05:00,17.477662901367456,18.052184638004597,17.454920493048384,17.938961029052734,356679932,0.0,0.0
2007-11-06 00:00:00-05:00,18.233389279580432,18.33795928955078,17.922891924499556,18.33795928955078,338716853,0.0,0.0
2007-11-07 00:00:00-05:00,18.32164545433195,18.47269229733567,17.876910510046645,18.119178771972656,332180444,0.0,0.0
2007-11-08 00:00:00-05:00,18.160216764734386,18.167384229621494,16.740723629584323,17.152578353881836,662963671,0.0,0.0
2007-11-09 00:00:00-05:00,16.70611179597737,16.856910626451253,16.34592304841438,16.414154052734375,457231416,0.0,0.0
2007-11-12 00:00:00-05:00,16.260142592783875,16.56149418021209,15.480682645797682,15.625548362731934,410625377,0.0,0.0
2007-11-13 00:00:00-05:00,15.944943645064715,16.338754708209066,15.625545662232657,16.329607009887695,339082217,0.0,0.0
2007-11-14 00:00:00-05:00,16.64430838072459,16.698942785836238,15.72937661622869,15.863118171691895,325001637,0.0,0.0
2007-11-15 00:00:00-05:00,15.78623750299343,16.006997696265937,15.426048723198953,15.565723419189453,279752666,0.0,0.0
2007-11-16 00:00:00-05:00,15.671777468535351,15.710094819146677,15.228772858236294,15.664113998413086,363067785,0.0,0.0
2007-11-19 00:00:00-05:00,15.564239374001088,15.741738246886117,15.290081012084904,15.471781730651855,221924722,0.0,0.0
2007-11-20 00:00:00-05:00,15.734568322173322,16.29376306383366,15.645324303596317,16.032705307006836,395099399,0.0,0.0
2007-11-21 00:00:00-05:00,15.914785891592453,16.562483527988245,15.87300786343337,16.328866958618164,281591533,0.0,0.0
2007-11-23 00:00:00-05:00,16.56322348039652,16.767916504922773,16.516502439061345,16.728857040405273,109958613,0.0,0.0
2007-11-26 00:00:00-05:00,16.815381272673033,17.14170158707504,16.439617568501188,16.464340209960938,272622038,0.0,0.0
2007-11-27 00:00:00-05:00,16.681887494013388,16.722183188641342,16.075227623516447,16.651479721069336,357515050,0.0,0.0
2007-11-28 00:00:00-05:00,16.862597819069595,17.163949373631336,16.616126778486937,17.11351776123047,317846919,0.0,0.0
2007-11-29 00:00:00-05:00,17.07618823028185,17.37383299081774,17.002518208201646,17.230697631835938,249250764,0.0,0.0
2007-11-30 00:00:00-05:00,17.57679406090118,17.578276397033324,16.862597697094554,17.131811141967773,317003771,0.0,0.0
2007-12-03 00:00:00-05:00,17.082617680457265,17.181256464865072,16.838619067548212,16.8482608795166,173652461,0.0,0.0
2007-12-04 00:00:00-05:00,16.768658964152753,17.107091662721565,16.739239417280235,16.91327667236328,169906473,0.0,0.0
2007-12-05 00:00:00-05:00,17.125137090059237,17.278410278175834,16.99584632267164,17.26802635192871,169015145,0.0,0.0
2007-12-06 00:00:00-05:00,17.250473594182342,17.71424412526894,17.23094386315611,17.682106018066406,197096005,0.0,0.0
2007-12-07 00:00:00-05:00,17.6754309361406,17.749843074063918,17.564433682322303,17.67246437072754,154661545,0.0,0.0
2007-12-10 00:00:00-05:00,17.70015376562694,17.917947376640377,17.650958379764305,17.760225296020508,154826159,0.0,0.0
2007-12-11 00:00:00-05:00,17.79780165811653,17.82375863135541,17.27469983136758,17.28508186340332,246484434,0.0,0.0
2007-12-12 00:00:00-05:00,17.65095681065697,17.658866389040043,17.02056454941593,17.288789749145508,247287433,0.0,0.0
2007-12-13 00:00:00-05:00,17.21364079432561,17.24602690828326,16.84035140611871,17.15777015686035,202387766,0.0,0.0
2007-12-14 00:00:00-05:00,16.99609215284493,17.297443687711212,16.989911019779605,17.056657791137695,147490767,0.0,0.0
2007-12-17 00:00:00-05:00,17.0082061145198,17.191637171487137,16.406739215127473,16.544189453125,220262515,0.0,0.0
2007-12-18 00:00:00-05:00,16.666063805601148,16.72910189945004,16.130601599450397,16.646039962768555,287742502,0.0,0.0
2007-12-19 00:00:00-05:00,16.667303424187423,16.798078435691963,16.53850486121948,16.74542236328125,177506855,0.0,0.0
2007-12-20 00:00:00-05:00,16.954559766989462,17.08236817824347,16.825515129156834,17.04998207092285,177551020,0.0,0.0
2007-12-21 00:00:00-05:00,17.25245345202672,17.28656801038538,17.1377456159829,17.223033905029297,216086922,0.0,0.0
2007-12-24 00:00:00-05:00,17.18100924437598,17.322908401489258,17.133298080761374,17.322908401489258,65380146,0.0,0.0
2007-12-26 00:00:00-05:00,17.279891867843798,17.631675041581232,17.26061013871752,17.572839736938477,101579322,0.0,0.0
2007-12-27 00:00:00-05:00,17.479642233426397,17.700402441898074,17.323156356811523,17.323156356811523,118141168,0.0,0.0
2007-12-28 00:00:00-05:00,17.42673624873623,17.501394499542997,17.219326556021763,17.36740493774414,102892225,0.0,0.0
2007-12-31 00:00:00-05:00,17.269511774441884,17.366418329311635,17.07198809098306,17.09423828125,95404263,0.0,0.0
2008-01-02 00:00:00-05:00,17.128599979868124,17.23984524613902,16.754320485768382,16.938739776611328,172921733,0.0,0.0
2008-01-03 00:00:00-05:00,16.94047507568356,16.979780658142946,16.72440985431327,16.942203521728516,130587647,0.0,0.0
2008-01-04 00:00:00-05:00,16.802777045351778,16.834173047129706,16.192410297810888,16.241851806640625,215195594,0.0,0.0
2008-01-07 00:00:00-05:00,16.16620270440377,16.37237807932855,15.756077352174398,16.05025863647461,257096061,0.0,0.0
2008-01-08 00:00:00-05:00,16.14296339092134,16.31502419639983,15.599096499551186,15.615907669067383,214364490,0.0,0.0
2008-01-09 00:00:00-05:00,15.575362970653726,16.151367934545693,15.38921241038142,16.147907257080078,270598482,0.0,0.0
2008-01-10 00:00:00-05:00,15.94544257749358,16.246794168162545,15.824308438752853,15.98796272277832,254317685,0.0,0.0
2008-01-11 00:00:00-05:00,15.88833410638773,16.055698000593203,15.577093679024916,15.778324127197266,199826201,0.0,0.0
2008-01-14 00:00:00-05:00,16.096983944774404,16.251739481871756,15.951376107906478,16.163236618041992,178566813,0.0,0.0
2008-01-15 00:00:00-05:00,15.967441592469056,16.045314411525922,15.707374887653348,15.7634916305542,223562839,0.0,0.0
2008-01-16 00:00:00-05:00,15.548912662151574,15.821340689265678,14.880450024746475,15.227041244506836,423983259,0.0,0.0
2008-01-17 00:00:00-05:00,15.34595053126052,15.469062052647638,14.78354215402173,14.85226821899414,329903943,0.0,0.0
2008-01-18 00:00:00-05:00,15.039407966305587,15.079703656522103,14.794420203482305,14.838918685913086,342864341,0.0,0.0
2008-01-22 00:00:00-05:00,13.89407204053911,14.770934450668587,13.87355313849596,14.445850372314453,381484558,0.0,0.0
2008-01-23 00:00:00-05:00,13.861440143576358,14.041658524855428,12.83031819979498,13.56256103515625,681171664,0.0,0.0
2008-01-24 00:00:00-05:00,13.81422372825566,14.33064938442308,13.699022734745089,14.202098846435547,377445475,0.0,0.0
2008-01-25 00:00:00-05:00,14.63027073727294,14.709131778175648,13.996665740335152,14.002104759216309,279684411,0.0,0.0
2008-01-28 00:00:00-05:00,14.115080488043848,14.146476481766879,13.562066865611655,13.74450969696045,233540097,0.0,0.0
2008-01-29 00:00:00-05:00,13.855508351145238,13.876768422357213,13.366027868321941,13.609532356262207,252262009,0.0,0.0
2008-01-30 00:00:00-05:00,13.57665265505567,13.854518748085706,13.436235852503925,13.553909301757812,318774383,0.0,0.0
2008-01-31 00:00:00-05:00,13.324989243528618,14.165264636028544,13.208305915067715,13.950189590454102,597081651,0.0,0.0
2008-02-01 00:00:00-05:00,13.06937243422163,13.26714316081025,12.607827262176155,12.753683090209961,706658840,0.0,0.0
2008-02-04 00:00:00-05:00,12.584836107682722,12.676552580802221,12.176441138541074,12.247639656066895,528256642,0.0,0.0
2008-02-05 00:00:00-05:00,12.099311900326226,12.583106306678303,12.076815602417081,12.528719902038574,449811709,0.0,0.0
2008-02-06 00:00:00-05:00,12.636009812857493,12.636751927563257,12.309442425900587,12.402888298034668,306600924,0.0,0.0
2008-02-07 00:00:00-05:00,12.282991263963291,12.711410105423449,12.231076364991171,12.482985496520996,318344779,0.0,0.0
2008-02-08 00:00:00-05:00,12.59324110555786,12.798922352026155,12.575689714918552,12.773212432861328,274179856,0.0,0.0
2008-02-11 00:00:00-05:00,12.86789553018312,12.946755632625239,12.691880871986605,12.883716583251953,233913491,0.0,0.0
2008-02-12 00:00:00-05:00,12.93884331517718,13.117083346319486,12.682731416578775,12.807821273803711,267490877,0.0,0.0
2008-02-13 00:00:00-05:00,12.916843749184762,13.22561174962426,12.822655760050251,13.21646499633789,265981240,0.0,0.0
2008-02-14 00:00:00-05:00,13.308674846960205,13.3751745698958,13.126973178482732,13.157875061035156,260039050,0.0,0.0
2008-02-15 00:00:00-05:00,13.06047304143853,13.168010567010434,12.962083214926784,13.093352317810059,210389647,0.0,0.0
2008-02-19 00:00:00-05:00,13.224373795092404,13.227340360450409,12.52130253811927,12.581869125366211,254968114,0.0,0.0
2008-02-20 00:00:00-05:00,12.447386141682598,12.63279554013428,12.331443976929988,12.58310604095459,267486862,0.0,0.0
2008-02-21 00:00:00-05:00,12.67828347378937,12.687184117786682,12.348256340721326,12.431319236755371,227963272,0.0,0.0
2008-02-22 00:00:00-05:00,12.411541907436675,12.583106711553121,12.300048638447997,12.553442001342773,221462998,0.0,0.0
2008-02-25 00:00:00-05:00,12.507706547441833,12.521304095836609,12.008091064779743,12.025396347045898,336167332,0.0,0.0
2008-02-26 00:00:00-05:00,11.401432330932845,11.531713222254925,11.046682558328998,11.475348472595215,934983461,0.0,0.0
2008-02-27 00:00:00-05:00,11.374979935519848,11.754698449128687,11.362866616764638,11.689682006835938,406393575,0.0,0.0
2008-02-28 00:00:00-05:00,11.631340689442101,11.843695313368777,11.553715864222653,11.752226829528809,264463573,0.0,0.0
2008-02-29 00:00:00-05:00,11.665206761732264,11.85976291300743,11.48671966480764,11.648148536682129,378429149,0.0,0.0
2008-03-03 00:00:00-05:00,11.656308024341588,11.686219789069808,11.127272082956182,11.298096656799316,303312645,0.0,0.0
2008-03-04 00:00:00-05:00,11.148038310397844,11.207615726775233,10.773016743195349,10.991058349609375,546910299,0.0,0.0
2008-03-05 00:00:00-05:00,11.007126178265061,11.227639285845651,10.976225245495911,11.067693710327148,298578968,0.0,0.0
2008-03-06 00:00:00-05:00,11.067448297825607,11.206134771590596,10.659301296055066,10.696877479553223,299923991,0.0,0.0
2008-03-07 00:00:00-05:00,10.602441835004916,10.877342337891376,10.537178333777323,10.712945938110352,324082204,0.0,0.0
2008-03-10 00:00:00-04:00,10.601204750489538,10.654849986770138,10.210857161829027,10.225194931030273,320701579,0.0,0.0
2008-03-11 00:00:00-04:00,10.512949615560562,10.881048899134335,10.497869732084858,10.873385429382324,354399416,0.0,0.0
2008-03-12 00:00:00-04:00,10.877587362159405,11.072143495801908,10.829628206060352,10.881789207458496,267073318,0.0,0.0
2008-03-13 00:00:00-04:00,10.696134851056538,11.04989637539944,10.599969472646121,10.951751708984375,310222448,0.0,0.0
2008-03-14 00:00:00-04:00,10.951009964399448,11.108236984750201,10.64545561993901,10.825920104980469,263961699,0.0,0.0
2008-03-17 00:00:00-04:00,10.580438918988547,10.721844897299366,10.187866874708465,10.379703521728516,316710676,0.0,0.0
2008-03-18 00:00:00-04:00,10.604912955326318,10.89810692831401,10.519624672322603,10.856575012207031,290573072,0.0,0.0
2008-03-19 00:00:00-04:00,10.904784068770711,11.06275228583717,10.671414529427325,10.679573059082031,248086416,0.0,0.0
2008-03-20 00:00:00-04:00,10.563877314518898,10.77104091371614,10.32111492598707,10.717889785766602,398022314,0.0,0.0
2008-03-24 00:00:00-04:00,10.838528210270322,11.514654265364555,10.82097587424907,11.385608673095703,271554050,0.0,0.0
2008-03-25 00:00:00-04:00,11.30897357108234,11.309220627109928,11.025668460825486,11.14383602142334,234138331,0.0,0.0
2008-03-26 00:00:00-04:00,11.188582177168337,11.442715758699245,11.107001621946692,11.327020645141602,209811488,0.0,0.0
2008-03-27 00:00:00-04:00,11.02566978054533,11.09019211418608,10.889456701306475,10.978204727172852,234162421,0.0,0.0
2008-03-28 00:00:00-04:00,11.061762197375366,11.212809045741162,10.736678089712607,10.829877853393555,175704123,0.0,0.0
2008-03-31 00:00:00-04:00,10.769557038513199,10.943841348515953,10.679818901955223,10.888959884643555,178522648,0.0,0.0
2008-04-01 00:00:00-04:00,11.068684300902866,11.532453927118347,11.047176226635615,11.512924194335938,244637537,0.0,0.0
2008-04-02 00:00:00-04:00,11.616506028736884,11.76087761710943,11.381407139011522,11.512676239013672,240859429,0.0,0.0
2008-04-03 00:00:00-04:00,11.41453446485858,11.453098872111257,11.078325265525182,11.251127243041992,272152284,0.0,0.0
2008-04-04 00:00:00-04:00,11.297848184736761,11.812545389162219,11.277824341547896,11.645923614501953,236772166,0.0,0.0
2008-04-07 00:00:00-04:00,11.792768645694673,12.000674350871902,11.70624412967373,11.787577629089355,238631108,0.0,0.0
2008-04-08 00:00:00-04:00,11.694132028035735,11.721324285050613,11.421455984270363,11.564839363098145,182561731,0.0,0.0
2008-04-09 00:00:00-04:00,11.597471781332949,11.668421357223755,11.310953021475065,11.475348472595215,242830791,0.0,0.0
2008-04-10 00:00:00-04:00,11.494382871982612,11.714401881214746,11.417499226147992,11.596234321594238,203656504,0.0,0.0
2008-04-11 00:00:00-04:00,11.472380574691746,11.551241614532932,11.248406778095548,11.30872631072998,167413162,0.0,0.0
2008-04-14 00:00:00-04:00,11.301557247925738,11.308726605657329,11.128262115093838,11.1655912399292,154280120,0.0,0.0
2008-04-15 00:00:00-04:00,11.32553864445167,11.364844220542535,10.96930464709987,11.046435356140137,183790319,0.0,0.0
2008-04-16 00:00:00-04:00,10.986113274901392,11.32924473266364,10.902062168986328,11.248900413513184,306372069,0.0,0.0
2008-04-17 00:00:00-04:00,11.263735778330853,11.356193435535126,11.038525713834991,11.113183975219727,536122013,0.0,0.0
2008-04-18 00:00:00-04:00,13.231050072454785,13.539818056638895,12.972959812752192,13.334878921508789,732158060,0.0,0.0
2008-04-21 00:00:00-04:00,13.3343858022686,13.413493908350993,13.109421859372594,13.294831275939941,298703433,0.0,0.0
2008-04-22 00:00:00-04:00,13.289392192856717,13.864409005464763,13.289145136802862,13.720283508300781,318730218,0.0,0.0
2008-04-23 00:00:00-04:00,13.792962915925987,13.826831362955904,13.372949683738529,13.509904861450195,197597880,0.0,0.0
2008-04-24 00:00:00-04:00,13.628566752778914,13.707673899340923,13.349957614835796,13.424615859985352,166023975,0.0,0.0
2008-04-25 00:00:00-04:00,13.572450330040606,13.670840160365469,13.416953638613997,13.449832916259766,167200368,0.0,0.0
2008-04-28 00:00:00-04:00,13.494825533628058,13.765028166609742,13.324743069967086,13.649085998535156,160945009,0.0,0.0
2008-04-29 00:00:00-04:00,13.617196417225788,13.927941809952257,13.596924569281233,13.806065559387207,174491595,0.0,0.0
2008-04-30 00:00:00-04:00,13.898522930950158,14.458459832957685,13.806065283385347,14.197154998779297,317304895,0.0,0.0
2008-05-01 00:00:00-04:00,14.296534151323902,14.70740157926456,14.263407818818697,14.661666870117188,265101957,0.0,0.0
2008-05-02 00:00:00-04:00,14.795410179798704,14.893306852740196,14.32101048668261,14.370205879211426,281001329,0.0,0.0
2008-05-05 00:00:00-04:00,14.804556937399553,14.808017615142072,14.514576564208255,14.706660270690918,252181709,0.0,0.0
2008-05-06 00:00:00-04:00,14.610247528041084,14.634969225133032,14.412477737605158,14.495542526245117,185866070,0.0,0.0
2008-05-07 00:00:00-04:00,14.59220015630817,14.820129687560154,14.250058803408631,14.313591957092285,265511486,0.0,0.0
2008-05-08 00:00:00-04:00,14.491586489310642,14.568222139529942,14.311368094710122,14.412724494934082,205684075,0.0,0.0
2008-05-09 00:00:00-04:00,14.313593261397306,14.46192059875726,14.123239892447444,14.170209884643555,180068420,0.0,0.0
2008-05-12 00:00:00-04:00,14.208528626195577,14.505182363605947,14.064156074181463,14.460436820983887,195285244,0.0,0.0
2008-05-13 00:00:00-04:00,14.49232675319833,14.53484689490923,14.30246750512034,14.412476539611816,207314163,0.0,0.0
2008-05-14 00:00:00-04:00,14.498755320334533,14.614944544966049,14.220888269485377,14.246845245361328,175688063,0.0,0.0
2008-05-15 00:00:00-04:00,14.313592757978642,14.411241419322304,14.22978680721553,14.363035202026367,174359100,0.0,0.0
2008-05-16 00:00:00-04:00,14.373666369963905,14.454009756261826,14.29678271500884,14.340044975280762,171604815,0.0,0.0
2008-05-19 00:00:00-04:00,14.302468059740049,14.557837869090466,14.17812030478467,14.277005195617676,225020282,0.0,0.0
2008-05-20 00:00:00-04:00,14.205561485818132,14.399622586790358,14.163040395957081,14.303704261779785,133040807,0.0,0.0
2008-05-21 00:00:00-04:00,14.301725529210204,14.373170154202215,13.54451397711174,13.596428871154785,259693761,0.0,0.0
2008-05-22 00:00:00-04:00,13.644884006607002,13.700753697736669,13.35564573626063,13.583327293395996,203813089,0.0,0.0
2008-05-23 00:00:00-04:00,13.521524481331758,13.670840037603607,13.295325276168555,13.463676452636719,177924414,0.0,0.0
2008-05-27 00:00:00-04:00,13.47208217749096,13.908164481698055,13.444640972357488,13.866137504577637,155199554,0.0,0.0
2008-05-28 00:00:00-04:00,14.040175749049984,14.127936490712944,13.871082455605134,14.047592163085938,162623276,0.0,0.0
2008-05-29 00:00:00-04:00,14.209515749204785,14.483674112606627,14.170209229067984,14.412476539611816,194526410,0.0,0.0
2008-05-30 00:00:00-04:00,14.424096109043106,14.58354853762476,14.370451818488055,14.481697082519531,129491554,0.0,0.0
2008-06-02 00:00:00-04:00,14.400116782281506,14.434479343512924,14.12249772937972,14.214707374572754,147518872,0.0,0.0
2008-06-03 00:00:00-04:00,14.251789419763222,14.3506752573947,13.858970311732106,14.024353981018066,172857493,0.0,0.0
2008-06-04 00:00:00-04:00,13.975653224481881,14.288871055301145,13.956370548258478,14.14598274230957,135032244,0.0,0.0
2008-06-05 00:00:00-04:00,14.266127166321846,14.53707190085274,14.24461909343815,14.494056701660156,157255230,0.0,0.0
2008-06-06 00:00:00-04:00,14.332132462857937,14.356112042054882,14.016937255859375,14.016937255859375,190089843,0.0,0.0
2008-06-09 00:00:00-04:00,14.043143152380132,14.091102317148579,13.48296011622242,13.79123306274414,212324874,0.0,0.0
2008-06-10 00:00:00-04:00,13.585797589675883,13.8147172304464,13.517073422131798,13.699763298034668,146844353,0.0,0.0
2008-06-11 00:00:00-04:00,13.750937073904028,13.77813027567856,13.459720487105775,13.47801399230957,153087667,0.0,0.0
2008-06-12 00:00:00-04:00,13.566023458872172,13.794447123245265,13.519546632135782,13.669605255126953,220487355,0.0,0.0
2008-06-13 00:00:00-04:00,13.880723088432656,14.232012158673632,13.877015354764115,14.128430366516113,248303226,0.0,0.0
2008-06-16 00:00:00-04:00,14.00457838148897,14.316064941800006,14.00457838148897,14.160569190979004,142243171,0.0,0.0
2008-06-17 00:00:00-04:00,14.248080670545072,14.290601757545458,14.051052070601989,14.077751159667969,139035192,0.0,0.0
2008-06-18 00:00:00-04:00,13.95538032772142,14.066131469725748,13.823122060219406,13.902724266052246,135754943,0.0,0.0
2008-06-19 00:00:00-04:00,13.728937072450503,13.937336899402442,13.616701684501212,13.848834037780762,228176066,0.0,0.0
2008-06-20 00:00:00-04:00,13.769230717401818,13.769230717401818,13.460957795609033,13.508421897888184,240221045,0.0,0.0
2008-06-23 00:00:00-04:00,13.481969681235887,13.674548436986951,13.399400905502484,13.478261947631836,145981130,0.0,0.0
2008-06-24 00:00:00-04:00,13.47653087705579,13.626094424744407,13.228329504697747,13.406322479248047,187604562,0.0,0.0
2008-06-25 00:00:00-04:00,13.472328531511971,13.789502085529593,13.440190423607751,13.621397972106934,165506041,0.0,0.0
2008-06-26 00:00:00-04:00,13.450821145290442,13.471339100446741,13.05923640655689,13.073080062866211,227228528,0.0,0.0
2008-06-27 00:00:00-04:00,13.044900714955359,13.102253690635138,12.733659301730127,13.054540634155273,218716743,0.0,0.0
2008-06-30 00:00:00-04:00,13.163313623173492,13.300020797986413,12.930686235842533,13.013749122619629,151176531,0.0,0.0
2008-07-01 00:00:00-04:00,12.844657379424698,13.268379310491394,12.780876218713665,13.219183921813965,199139637,0.0,0.0
2008-07-02 00:00:00-04:00,13.263187262768177,13.358858529936978,13.004850893068586,13.029077529907227,169553154,0.0,0.0
2008-07-03 00:00:00-04:00,13.124006140488707,13.330429496892634,13.04044914176422,13.275300979614258,96379907,0.0,0.0
2008-07-07 00:00:00-04:00,13.406324402246504,13.571956080538083,13.240691777380013,13.446125984191895,170845981,0.0,0.0
2008-07-08 00:00:00-04:00,13.49754555490776,13.72498196037095,13.349466207825712,13.70866584777832,198035514,0.0,0.0
2008-07-09 00:00:00-04:00,13.615464586894692,13.737093776545004,13.367510249729456,13.387782096862793,166782808,0.0,0.0
2008-07-10 00:00:00-04:00,13.473070821594375,13.584316080857914,13.120051421550288,13.363554954528809,173917451,0.0,0.0
2008-07-11 00:00:00-04:00,13.26294046861169,13.337103663389756,12.840948870750639,13.196192741394043,200002860,0.0,0.0
2008-07-14 00:00:00-04:00,13.324743270347165,13.35094824911409,12.742559021114907,12.895089149475098,177655409,0.0,0.0
2008-07-15 00:00:00-04:00,12.763077794709858,13.04045075416122,12.387809109118265,12.758380889892578,243750224,0.0,0.0
2008-07-16 00:00:00-04:00,12.707702294667975,13.262941382611038,12.622661055581046,13.240692138671875,190398997,0.0,0.0
2008-07-17 00:00:00-04:00,13.20509434814564,13.276538038522911,12.966286742144787,13.187294006347656,352813493,0.0,0.0
2008-07-18 00:00:00-04:00,12.31982422007175,12.335398215070262,11.82144407464707,11.898821830749512,453389067,0.0,0.0
2008-07-21 00:00:00-04:00,11.887945568253196,11.967300724619028,11.51267691369684,11.589313507080078,236944811,0.0,0.0
2008-07-22 00:00:00-04:00,11.537893306190579,11.872372174066976,11.510205043713107,11.794747352600098,188363396,0.0,0.0
2008-07-23 00:00:00-04:00,11.905991120081426,12.292135890600465,11.819218609697568,12.09411907196045,196497772,0.0,0.0
2008-07-24 00:00:00-04:00,12.279035213717881,12.283238006051635,11.757911682128906,11.757911682128906,142166886,0.0,0.0
2008-07-25 00:00:00-04:00,12.026630755712127,12.190780082996945,11.903272177505727,12.16235065460205,127817302,0.0,0.0
2008-07-28 00:00:00-04:00,12.165071062781584,12.165071062781584,11.74579896363432,11.794994354248047,126873778,0.0,0.0
2008-07-29 00:00:00-04:00,11.848885294373142,12.045666850042863,11.816749077684412,11.943074226379395,112532223,0.0,0.0
2008-07-30 00:00:00-04:00,12.002157798322237,12.015012284264518,11.688443974243404,11.932937622070312,140151360,0.0,0.0
2008-07-31 00:00:00-04:00,11.731708064973366,11.888192984969354,11.654577357175903,11.71168327331543,115033564,0.0,0.0
2008-08-01 00:00:00-04:00,11.681028317059383,11.6985806549286,11.433569980896927,11.56607437133789,120766974,0.0,0.0
2008-08-04 00:00:00-04:00,11.572502688055547,11.693389766404819,11.418737277708907,11.445930480957031,99852875,0.0,0.0
2008-08-05 00:00:00-04:00,11.559401106858077,11.868169099902484,11.528251220700701,11.862483024597168,143917423,0.0,0.0
2008-08-06 00:00:00-04:00,11.8258948582632,12.107717645823358,11.681028201415634,12.022923469543457,135538133,0.0,0.0
2008-08-07 00:00:00-04:00,11.915631356734622,11.965074741360956,11.777439964825462,11.84443473815918,111367875,0.0,0.0
2008-08-08 00:00:00-04:00,11.869898875707491,12.255550501951506,11.759641838892959,12.237256050109863,150132633,0.0,0.0
2008-08-11 00:00:00-04:00,12.174464501262479,12.580139986214704,12.157406275540025,12.381381034851074,170207597,0.0,0.0
2008-08-12 00:00:00-04:00,12.410056682934595,12.512156134612836,12.311172745870872,12.42513656616211,110641162,0.0,0.0
2008-08-13 00:00:00-04:00,12.400169143173677,12.448127357170023,12.209320725016308,12.361356735229492,145563571,0.0,0.0
2008-08-14 00:00:00-04:00,12.303757211373833,12.548744040606596,12.268899591668191,12.49633502960205,117181585,0.0,0.0
2008-08-15 00:00:00-04:00,12.533417094898821,12.624144403306627,12.496582080298815,12.611536026000977,142359606,0.0,0.0
2008-08-18 00:00:00-04:00,12.603871712893708,12.60782650244776,12.249616090441927,12.318589210510254,133855851,0.0,0.0
2008-08-19 00:00:00-04:00,12.124032607730854,12.31809465014828,12.030092626687562,12.125763893127441,122316761,0.0,0.0
2008-08-20 00:00:00-04:00,12.230087523583467,12.27878880216933,11.92972510930799,11.989797592163086,159881036,0.0,0.0
2008-08-21 00:00:00-04:00,11.938377237870075,12.110932168895525,11.84814498228294,12.027621269226074,141090868,0.0,0.0
2008-08-22 00:00:00-04:00,12.150486069457424,12.234044027387807,12.100549507495609,12.127989768981934,92232419,0.0,0.0
2008-08-25 00:00:00-04:00,12.017236980633363,12.28645041396236,11.90327127310775,11.940600395202637,80874004,0.0,0.0
2008-08-26 00:00:00-04:00,11.951724893612509,11.951724893612509,11.633562177111527,11.721817970275879,132823998,0.0,0.0
2008-08-27 00:00:00-04:00,11.711188076188304,11.738382225691453,11.491417055237577,11.583874702453613,176141757,0.0,0.0
2008-08-28 00:00:00-04:00,11.68053322688498,11.778428938623462,11.627135996197989,11.712424278259277,121642242,0.0,0.0
2008-08-29 00:00:00-04:00,11.612797777106802,11.64394671517295,11.429366719453101,11.45309829711914,154504960,0.0,0.0
2008-09-02 00:00:00-04:00,11.786341958437506,11.920084475175123,11.406871432714633,11.501553535461426,245376296,0.0,0.0
2008-09-03 00:00:00-04:00,11.587582689259385,11.725032936301782,11.361383473412232,11.480786323547363,173230887,0.0,0.0
2008-09-04 00:00:00-04:00,11.371765458952803,11.451862726232326,11.10972042140374,11.130980491638184,194666935,0.0,0.0
2008-09-05 00:00:00-04:00,11.013060493633041,11.185367392561535,10.879317997497715,10.982406616210938,182051827,0.0,0.0
2008-09-08 00:00:00-04:00,11.174489907660313,11.197233260835608,10.322349178933637,10.381680488586426,362068052,0.0,0.0
2008-09-09 00:00:00-04:00,10.461282883044818,10.688966314577648,10.259310317199562,10.3497896194458,290267933,0.0,0.0
2008-09-10 00:00:00-04:00,10.493420160856035,10.493668163465722,10.127794267638123,10.238545417785645,250005583,0.0,0.0
2008-09-11 00:00:00-04:00,10.094913761075397,10.755959965810503,10.046213433180432,10.722833633422852,259826256,0.0,0.0
2008-09-12 00:00:00-04:00,10.63532012829712,10.926535769542516,10.605407416925196,10.819494247436523,242023777,0.0,0.0
2008-09-15 00:00:00-04:00,10.481801962006166,10.926041845347779,10.474632604079945,10.725552558898926,263680649,0.0,0.0
2008-09-16 00:00:00-04:00,10.530255600181142,11.106754728056037,10.518637340049924,10.949775695800781,280676114,0.0,0.0
2008-09-17 00:00:00-04:00,10.839766436553516,10.8560825489307,10.220747123340814,10.2467041015625,366444394,0.0,0.0
2008-09-18 00:00:00-04:00,10.448181375682722,10.85707145272658,10.14806600952814,10.854598999023438,344863807,0.0,0.0
2008-09-19 00:00:00-04:00,11.39648734424018,11.422938431176355,10.958426713415719,11.103540420532227,401740198,0.0,0.0
2008-09-22 00:00:00-04:00,11.226653013391767,11.226653013391767,10.605408323260825,10.633590698242188,176952786,0.0,0.0
2008-09-23 00:00:00-04:00,10.710473270330727,10.89687185390012,10.524322689386247,10.612083435058594,208948265,0.0,0.0
2008-09-24 00:00:00-04:00,10.638533958769182,11.000947179946948,10.632848830196428,10.756454467773438,170316002,0.0,0.0
2008-09-25 00:00:00-04:00,10.848665010938516,11.124553716691768,10.777962495674577,10.867453575134277,201564693,0.0,0.0
2008-09-26 00:00:00-04:00,10.58068565739927,10.80713189389581,10.408378763436888,10.655838012695312,212493504,0.0,0.0
2008-09-29 00:00:00-04:00,10.370803724384444,10.469688612540876,9.411619552007176,9.41878890991211,432129680,0.0,0.0
2008-09-30 00:00:00-04:00,9.789112726274498,10.508500150853866,9.698632475543215,9.901347160339355,123914728,0.0,0.0
2008-10-01 00:00:00-04:00,10.16413385095422,10.308258385182725,9.965127855728111,10.178224563598633,250326782,0.0,0.0
2008-10-02 00:00:00-04:00,10.130513846193312,10.135210750611837,9.542395531384273,9.653392791748047,240293315,0.0,0.0
2008-10-03 00:00:00-04:00,9.822982107217465,10.197508683053906,9.469962660719176,9.564892768859863,320914374,0.0,0.0
2008-10-06 00:00:00-04:00,9.245245410868975,9.294934909051042,8.829434027445755,9.176767349243164,450506303,0.0,0.0
2008-10-07 00:00:00-04:00,9.229177995153787,9.269967804193959,8.537972852949027,8.553793907165527,443833384,0.0,0.0
2008-10-08 00:00:00-04:00,8.16196214840915,8.874674348078566,8.061841029826436,8.358494758605957,474829130,0.0,0.0
2008-10-09 00:00:00-04:00,8.516957928028429,8.617079034400911,7.952077129687079,8.132789611816406,324210683,0.0,0.0
2008-10-10 00:00:00-04:00,7.741701454052031,8.451941682195375,7.670998462113421,8.207448959350586,425500926,0.0,0.0
2008-10-13 00:00:00-04:00,8.795566767603654,9.442274269445397,8.547365379361825,9.419282913208008,357555200,0.0,0.0
2008-10-14 00:00:00-04:00,9.728546124290352,9.752525705085404,8.825479636176508,8.96663761138916,312559174,0.0,0.0
2008-10-15 00:00:00-04:00,8.767384905517035,8.874922439387001,8.376295182997149,8.384699821472168,269863738,0.0,0.0
2008-10-16 00:00:00-04:00,8.226236338196307,8.813118368072477,7.6497368135615345,8.72708797454834,652022815,0.0,0.0
2008-10-17 00:00:00-04:00,9.368358440341428,9.542395695735115,8.987402758333504,9.209647178649902,572104380,0.0,0.0
2008-10-20 00:00:00-04:00,9.387888337817262,9.418295165930157,8.889508091174898,9.37725830078125,271148536,0.0,0.0
2008-10-21 00:00:00-04:00,9.205939091215571,9.487513866921466,8.949085063835827,8.967626571655273,232146894,0.0,0.0
2008-10-22 00:00:00-04:00,8.82523189705598,9.139190873999487,8.504102616142832,8.79259967803955,263383540,0.0,0.0
2008-10-23 00:00:00-04:00,8.742663785267316,8.850200368007082,8.35552886904966,8.709784507751465,260127380,0.0,0.0
2008-10-24 00:00:00-04:00,8.070741110712458,8.664049543063138,8.027973908864906,8.387666702270508,295463334,0.0,0.0
2008-10-27 00:00:00-04:00,8.276915255976194,8.479382893313533,8.049232756564509,8.145398139953613,248957670,0.0,0.0
2008-10-28 00:00:00-04:00,8.381734124422945,9.12979805679045,8.121172349196364,9.115954399108887,325431241,0.0,0.0
2008-10-29 00:00:00-04:00,9.042779419954186,9.171577024613809,8.711020068520533,8.850200653076172,391726805,0.0,0.0
2008-10-30 00:00:00-04:00,9.108783635020794,9.196296362708388,8.859346046333433,8.89197826385498,320753774,0.0,0.0
2008-10-31 00:00:00-04:00,8.804714334855596,9.195309012097457,8.757991396534885,8.883822441101074,298044974,0.0,0.0
2008-11-03 00:00:00-05:00,8.839818853462349,8.973560422273833,8.440569648861782,8.565659523010254,239072757,0.0,0.0
2008-11-04 00:00:00-05:00,8.737471285083528,9.205196608950823,8.54118385620117,9.071208000183105,295097969,0.0,0.0
2008-11-05 00:00:00-05:00,8.952794182782432,9.119167969799411,8.437603766587094,8.460594177246094,278901487,0.0,0.0
2008-11-06 00:00:00-05:00,8.404476950710718,8.51448598368665,8.05442411479176,8.188166618347168,344277618,0.0,0.0
2008-11-07 00:00:00-05:00,8.235135125139504,8.433647944728405,8.042556382740354,8.186187744140625,187953866,0.0,0.0
2008-11-10 00:00:00-05:00,8.108563366684605,8.144162152273605,7.650478897977016,7.88063383102417,324415448,0.0,0.0
2008-11-11 00:00:00-05:00,7.631197011488964,7.819324977172187,7.429224442009525,7.699674129486084,407385278,0.0,0.0
2008-11-12 00:00:00-05:00,7.467049309868721,7.725138189607322,7.113782787231751,7.193878650665283,403550960,0.0,0.0
2008-11-13 00:00:00-05:00,7.212913191028895,7.7377458802197125,6.921944125795591,7.715001106262207,531372276,0.0,0.0
2008-11-14 00:00:00-05:00,7.496713374281245,8.034152547614553,7.479655622059971,7.664076328277588,382110897,0.0,0.0
2008-11-17 00:00:00-05:00,7.490532464124107,7.667537223721161,7.365691076753555,7.41933536529541,302883041,0.0,0.0
2008-11-18 00:00:00-05:00,7.455181743538959,7.5085794497889236,7.054203178094899,7.352588176727295,335095329,0.0,0.0
2008-11-19 00:00:00-05:00,7.302404756646439,7.421065961087248,6.886840408697164,6.926393985748291,314558640,0.0,0.0
2008-11-20 00:00:00-05:00,6.7956180459470925,6.99462402348513,6.40378675055354,6.4166412353515625,392642224,0.0,0.0
2008-11-21 00:00:00-05:00,6.489570572572853,6.659158938204855,6.1135607173778785,6.487593650817871,411315956,0.0,0.0
2008-11-24 00:00:00-05:00,6.656439276917175,6.67349608359811,6.155833667367579,6.364233493804932,403695499,0.0,0.0
2008-11-25 00:00:00-05:00,6.64209977480522,7.0865881112540725,6.608478857661633,6.972622871398926,432462924,0.0,0.0
2008-11-26 00:00:00-05:00,6.928866480300914,7.304135138731462,6.828003722333568,7.220824718475342,255217044,0.0,0.0
2008-11-28 00:00:00-05:00,7.1834957231870185,7.328609438852076,7.126636389905261,7.242331504821777,103004645,0.0,0.0
2008-12-01 00:00:00-05:00,7.087083346577598,7.1043876832955775,6.575353568021709,6.575600624084473,229304279,0.0,0.0
2008-12-02 00:00:00-05:00,6.668057425638932,6.867063898445893,6.491301140831792,6.801057815551758,234463545,0.0,0.0
2008-12-03 00:00:00-05:00,6.671023889915885,6.955564753369042,6.559531101739346,6.907852649688721,237077306,0.0,0.0
2008-12-04 00:00:00-05:00,6.836161829527028,7.008221217224731,6.644325653037038,6.782022953033447,196196647,0.0,0.0
2008-12-05 00:00:00-05:00,6.699947506705406,7.026761435590291,6.5268984950981395,7.0205817222595215,261825722,0.0,0.0
2008-12-08 00:00:00-05:00,7.1689103669645355,7.649737746204132,6.97138764139891,7.468531131744385,326993073,0.0,0.0
2008-12-09 00:00:00-05:00,7.359263233721479,7.8613511237609135,7.342452065100219,7.563954830169678,276629001,0.0,0.0
2008-12-10 00:00:00-05:00,7.644793838020093,7.78471559030217,7.527862023151684,7.634410858154297,210265182,0.0,0.0
2008-12-11 00:00:00-05:00,7.51945642432149,7.734778531345744,7.361982817517597,7.421807765960693,248094446,0.0,0.0
2008-12-12 00:00:00-05:00,7.310314350740536,7.823527295696689,7.268040796222067,7.805974960327148,229741913,0.0,0.0
2008-12-15 00:00:00-05:00,7.762713090478667,7.873464713481484,7.542694547113402,7.680144786834717,270526212,0.0,0.0
2008-12-16 00:00:00-05:00,7.775321918997754,8.145645660700033,7.69497711988262,8.041321754455566,283442445,0.0,0.0
2008-12-17 00:00:00-05:00,7.877172917178548,7.963449901019609,7.723407040248889,7.793120384216309,232456049,0.0,0.0
2008-12-18 00:00:00-05:00,7.829213926859294,7.919446175644369,7.641580071279197,7.67050313949585,191254191,0.0,0.0
2008-12-19 00:00:00-05:00,7.688055113745848,7.856159228812514,7.638860200595553,7.667784214019775,225345496,0.0,0.0
2008-12-22 00:00:00-05:00,7.627982498938085,7.651219963725797,7.184730863487457,7.344924449920654,157291365,0.0,0.0
2008-12-23 00:00:00-05:00,7.426999037322376,7.498195660265303,7.334046812658931,7.367420673370361,151674390,0.0,0.0
2008-12-24 00:00:00-05:00,7.452956010206923,7.573100962176386,7.376319895235398,7.4892964363098145,77148090,0.0,0.0
2008-12-26 00:00:00-05:00,7.516983700866222,7.546402298619008,7.374589982623984,7.425268650054932,78657728,0.0,0.0
2008-12-29 00:00:00-05:00,7.421807881328095,7.450483892637661,7.208216109753402,7.352588176727295,148631025,0.0,0.0
2008-12-30 00:00:00-05:00,7.436145415887894,7.584719797153127,7.384478996638343,7.493251800537109,154316255,0.0,0.0
2008-12-31 00:00:00-05:00,7.520198108123485,7.688302224384214,7.480891115242134,7.6054863929748535,115904817,0.0,0.0
2009-01-02 00:00:00-05:00,7.628972058211705,7.955786984186112,7.5523368803840905,7.943426609039307,144961322,0.0,0.0
2009-01-05 00:00:00-05:00,7.935514608062785,8.188660416745213,7.787187285290105,8.109798431396484,196293007,0.0,0.0
2009-01-06 00:00:00-05:00,8.23167512421103,8.424995050534973,8.068762021500074,8.258374214172363,257971329,0.0,0.0
2009-01-07 00:00:00-05:00,8.116474356345345,8.180501626970345,7.879892640078224,7.960483551025391,180453860,0.0,0.0
2009-01-08 00:00:00-05:00,7.868275073695751,8.039097785949707,7.845036183960453,8.039097785949707,144567852,0.0,0.0
2009-01-09 00:00:00-05:00,8.096202688266217,8.096202688266217,7.747632679012727,7.788917064666748,174270770,0.0,0.0
2009-01-12 00:00:00-05:00,7.819572162599201,7.884836606626043,7.669267432394783,7.730081081390381,132667413,0.0,0.0
2009-01-13 00:00:00-05:00,7.707337167062875,7.925626308319049,7.67322213799667,7.770376682281494,177964564,0.0,0.0
2009-01-14 00:00:00-05:00,7.663582235007733,7.757522696344606,7.360746887809182,7.440349578857422,219535801,0.0,0.0
2009-01-15 00:00:00-05:00,7.356296608426515,7.50487147220352,7.089801234521902,7.391400337219238,238269759,0.0,0.0
2009-01-16 00:00:00-05:00,7.540469032601637,7.620319245345931,7.310067986653761,7.4082112312316895,209759293,0.0,0.0
2009-01-20 00:00:00-05:00,7.3951081755707015,7.404008345275938,6.989928245544434,6.989928245544434,202684876,0.0,0.0
2009-01-21 00:00:00-05:00,7.128367227168413,7.502893305769517,7.128367227168413,7.49251127243042,197718329,0.0,0.0
2009-01-22 00:00:00-05:00,7.367914962310988,7.6475123377886485,7.29647080834475,7.577056407928467,331919470,0.0,0.0
2009-01-23 00:00:00-05:00,7.645534452968606,8.206458560157639,7.52069165529629,8.026982307434082,430921167,0.0,0.0
2009-01-26 00:00:00-05:00,8.03069159426455,8.108563465401119,7.9246378241476645,8.006464958190918,185119281,0.0,0.0
2009-01-27 00:00:00-05:00,8.070245673334325,8.25367768725912,8.016353378880192,8.19459342956543,197830749,0.0,0.0
2009-01-28 00:00:00-05:00,8.355281201158736,8.710031912720265,8.31399728387002,8.619551658630371,308809170,0.0,0.0
2009-01-29 00:00:00-05:00,8.517452055048475,8.530059484407115,8.407937140484522,8.487292289733887,292444059,0.0,0.0
2009-01-30 00:00:00-05:00,8.52116048627148,8.622764883805422,8.306333431527882,8.368878364562988,187580472,0.0,0.0
2009-02-02 00:00:00-05:00,8.264059988931189,8.528823588322652,8.207448189481031,8.419309616088867,209056670,0.0,0.0
2009-02-03 00:00:00-05:00,8.468750794061485,8.47938177531454,8.25268752998351,8.416342735290527,263243015,0.0,0.0
2009-02-04 00:00:00-05:00,8.406948714009216,8.762193523677386,8.384699472076202,8.479382514953613,273718132,0.0,0.0
2009-02-05 00:00:00-05:00,8.427714832303952,8.785431155670244,8.331055339306886,8.744393348693848,291665150,0.0,0.0
2009-02-06 00:00:00-05:00,8.8121302570949,9.241044156507376,8.78691350248941,9.178499221801758,282579221,0.0,0.0
2009-02-09 00:00:00-05:00,9.178498469897264,9.418788374766441,9.080106752827371,9.363659858703613,199838246,0.0,0.0
2009-02-10 00:00:00-05:00,9.294688711982213,9.332264895767443,8.847482240440765,8.862809181213379,285213056,0.0,0.0
2009-02-11 00:00:00-05:00,8.873685911486199,9.023249472381137,8.726593857553045,8.851189613342285,210048373,0.0,0.0
2009-02-12 00:00:00-05:00,8.730549635115768,8.9891340102597,8.689017716323272,8.975043296813965,222844155,0.0,0.0
2009-02-13 00:00:00-05:00,8.953782244713924,8.973559979875526,8.78172238551704,8.842289924621582,166489714,0.0,0.0
2009-02-17 00:00:00-05:00,8.566154001162609,8.580492718488166,8.397555750718686,8.470977783203125,228067661,0.0,0.0
2009-02-18 00:00:00-05:00,8.58420013864923,8.7359881422878,8.418072473215762,8.729312896728516,241883252,0.0,0.0
2009-02-19 00:00:00-05:00,8.837097885983875,8.894697912404556,8.440075048534148,8.470481872558594,200295955,0.0,0.0
2009-02-20 00:00:00-05:00,8.357011923755113,8.62573126511431,8.281612505904404,8.56467056274414,249616129,0.0,0.0
2009-02-23 00:00:00-05:00,8.578265659746007,8.647485832629064,8.146880302100902,8.159488677978516,209626799,0.0,0.0
2009-02-24 00:00:00-05:00,8.183221344431892,8.64303613667408,8.18000677647142,8.539948463439941,244749957,0.0,0.0
2009-02-25 00:00:00-05:00,8.45836911191041,8.709290976966773,8.378520784863776,8.445761680603027,258529413,0.0,0.0
2009-02-26 00:00:00-05:00,8.552556018667145,8.713985830977009,8.335009466142447,8.335503578186035,225064447,0.0,0.0
2009-02-27 00:00:00-05:00,8.230933084424613,8.499652401239,8.185445435264333,8.355527877807617,217612620,0.0,0.0
2009-03-02 00:00:00-05:00,8.240327279209584,8.422523047266502,8.059120681803071,8.087797164916992,232407869,0.0,0.0
2009-03-03 00:00:00-05:00,8.159736259443529,8.249227336694457,7.968888789490973,8.046265602111816,261970262,0.0,0.0
2009-03-04 00:00:00-05:00,7.98891273327143,8.133285274195782,7.796581031585786,7.884094715118408,313908211,0.0,0.0
2009-03-05 00:00:00-05:00,7.823775279956306,7.888050552026945,7.481633433821192,7.555797100067139,262175027,0.0,0.0
2009-03-06 00:00:00-05:00,7.594856230040466,7.668278251655848,7.274221998498297,7.62822961807251,290452622,0.0,0.0
2009-03-09 00:00:00-04:00,7.415874688672648,7.578787788854988,7.155559985452319,7.191158771514893,259822241,0.0,0.0
2009-03-10 00:00:00-04:00,7.37310756677791,7.675941940996219,7.274222206689649,7.618340969085693,270217058,0.0,0.0
2009-03-11 00:00:00-04:00,7.6660532181000445,7.9107939328162225,7.557527464551755,7.859126091003418,237832124,0.0,0.0
2009-03-12 00:00:00-04:00,7.849979475433954,8.034399226417756,7.753813627154195,7.998059272766113,201717262,0.0,0.0
2009-03-13 00:00:00-04:00,8.061594361080731,8.095214809409825,7.886815453173391,8.020061492919922,156841686,0.0,0.0
2009-03-16 00:00:00-04:00,8.058873793401128,8.151331434031382,7.87593685348258,7.903130054473877,198613673,0.0,0.0
2009-03-17 00:00:00-04:00,7.915243070432992,8.290017127990723,7.88829739816941,8.290017127990723,189206544,0.0,0.0
2009-03-18 00:00:00-04:00,8.276913199227,8.405216661595913,8.109797336050143,8.234640121459961,201239478,0.0,0.0
2009-03-19 00:00:00-04:00,8.199537951292688,8.306333364426473,8.093236650225201,8.156522750854492,165064391,0.0,0.0
2009-03-20 00:00:00-04:00,8.165421286428995,8.231921953466866,8.067525572509165,8.161961555480957,190226352,0.0,0.0
2009-03-23 00:00:00-04:00,8.246013720249481,8.638833754333472,8.232911231492398,8.617820739746094,171500425,0.0,0.0
2009-03-24 00:00:00-04:00,8.565904875482941,8.747359463041034,8.50410206542819,8.58246898651123,153372732,0.0,0.0
2009-03-25 00:00:00-04:00,8.66231948786046,8.68555695400379,8.31251369634956,8.505833625793457,174102141,0.0,0.0
2009-03-26 00:00:00-04:00,8.72980890477739,8.878877415199337,8.615349066318252,8.733763694763184,241032074,0.0,0.0
2009-03-27 00:00:00-04:00,8.652431334771995,8.701874729890056,8.540443947445205,8.595572471618652,133410187,0.0,0.0
2009-03-30 00:00:00-04:00,8.468257164012417,8.49940610177446,8.30756946146673,8.471718788146973,124227898,0.0,0.0
2009-03-31 00:00:00-04:00,8.625979289399488,8.739202903474522,8.55799627768791,8.604472160339355,146760038,0.0,0.0
2009-04-01 00:00:00-04:00,8.498664344426901,8.781969468547965,8.420298357955831,8.7535400390625,132542948,0.0,0.0
2009-04-02 00:00:00-04:00,8.981469644015007,9.14092205732496,8.907553513303899,8.961444854736328,180192885,0.0,0.0
2009-04-03 00:00:00-04:00,9.010888616216878,9.189375709021064,8.850199969570685,9.141416549682617,152160204,0.0,0.0
2009-04-06 00:00:00-04:00,9.072691050929498,9.142405343477092,8.934252583147572,9.103346824645996,131703815,0.0,0.0
2009-04-07 00:00:00-04:00,8.963917770033518,8.992347198168376,8.783700336685719,8.8662691116333,147755757,0.0,0.0
2009-04-08 00:00:00-04:00,8.98616730537148,9.023249375147254,8.805949866123486,8.949085235595703,111022586,0.0,0.0
2009-04-09 00:00:00-04:00,9.134495975322166,9.25439389633959,9.054151636806887,9.208660125732422,135811153,0.0,0.0
2009-04-13 00:00:00-04:00,9.17973532446838,9.371819994271043,9.154272458114676,9.347345352172852,122461301,0.0,0.0
2009-04-14 00:00:00-04:00,9.31842021260587,9.319656439288595,9.038081674640864,9.119908332824707,137658049,0.0,0.0
2009-04-15 00:00:00-04:00,9.075162725561817,9.420271587807084,9.002481873612137,9.381706237792969,197967259,0.0,0.0
2009-04-16 00:00:00-04:00,9.431150054932937,9.712970939689312,9.419282846274701,9.61013126373291,408931050,0.0,0.0
2009-04-17 00:00:00-04:00,9.542889871509072,9.884042082557231,9.512977158877705,9.696656227111816,430840867,0.0,0.0
2009-04-20 00:00:00-04:00,9.54610178202279,9.657347985320836,9.292462331652844,9.376762390136719,177820024,0.0,0.0
2009-04-21 00:00:00-04:00,9.299385468334991,9.500368873814837,9.297655129446309,9.430407524108887,148370051,0.0,0.0
2009-04-22 00:00:00-04:00,9.437329508881904,9.64127947319107,9.369593559006987,9.48949146270752,140597024,0.0,0.0
2009-04-23 00:00:00-04:00,9.579724052542227,9.635098677922853,9.42150786221966,9.510009765625,104751167,0.0,0.0
2009-04-24 00:00:00-04:00,9.543630418291503,9.719893060902676,9.406428185362628,9.628671646118164,135923572,0.0,0.0
2009-04-27 00:00:00-04:00,9.501357092297816,9.628671401489473,9.462050574162623,9.541157722473145,91967429,0.0,0.0
2009-04-28 00:00:00-04:00,9.48677274057019,9.61779478973993,9.432138334146275,9.485782623291016,118185333,0.0,0.0
2009-04-29 00:00:00-04:00,9.541652981878066,9.764143497689274,9.538191357799912,9.677619934082031,144941247,0.0,0.0
2009-04-30 00:00:00-04:00,9.783673126641082,9.981195836633761,9.759941549842072,9.788865089416504,174881049,0.0,0.0
2009-05-01 00:00:00-04:00,9.765628328023084,9.828915383237401,9.679598862832858,9.732502937316895,97471985,0.0,0.0
2009-05-04 00:00:00-04:00,9.843251942446276,9.947822905069678,9.759694941335999,9.937440872192383,128600225,0.0,0.0
2009-05-05 00:00:00-04:00,9.887996875381939,10.012097562553228,9.820507986369783,9.962408065795898,96391952,0.0,0.0
2009-05-06 00:00:00-04:00,10.056349297721814,10.093184310038017,9.913212987206453,9.974274635314941,105710750,0.0,0.0
2009-05-07 00:00:00-04:00,9.989848872371823,10.01185010922362,9.703082159523852,9.804686546325684,120441759,0.0,0.0
2009-05-08 00:00:00-04:00,9.958948125708112,10.138919473412283,9.76488700994869,10.06969928741455,155183494,0.0,0.0
2009-05-11 00:00:00-04:00,9.95771132072944,10.185145794498537,9.918156799562135,10.08576774597168,102755715,0.0,0.0
2009-05-12 00:00:00-04:00,10.135950409199726,10.160177042368765,9.767604112221258,9.86401653289795,152200354,0.0,0.0
2009-05-13 00:00:00-04:00,9.742390054850453,9.799248914819893,9.600489960970874,9.629908561706543,114138220,0.0,0.0
2009-05-14 00:00:00-04:00,9.611613508027238,9.69591261365782,9.510009123203124,9.579475402832031,117920344,0.0,0.0
2009-05-15 00:00:00-04:00,9.668471465868992,9.742882652294142,9.618781971775267,9.641278266906738,120799094,0.0,0.0
2009-05-18 00:00:00-04:00,9.758211354604477,9.821992512109503,9.527562309535725,9.810373306274414,134570520,0.0,0.0
2009-05-19 00:00:00-04:00,9.792079435513244,9.929033660704553,9.715442848330564,9.860803604125977,113925426,0.0,0.0
2009-05-20 00:00:00-04:00,9.94015922066495,10.02866112684513,9.764885747080141,9.818778038024902,91702440,0.0,0.0
2009-05-21 00:00:00-04:00,9.79702270745665,9.958698614771219,9.736208121961019,9.801966667175293,109199779,0.0,0.0
2009-05-22 00:00:00-04:00,9.805923114971854,9.855119450778865,9.690722113361002,9.727804183959961,69001669,0.0,0.0
2009-05-26 00:00:00-04:00,9.689487195211958,10.01209885504047,9.64128002834456,9.99627685546875,124645457,0.0,0.0
2009-05-27 00:00:00-04:00,10.027920190179584,10.18168559419587,10.007400340703672,10.025941848754883,121826932,0.0,0.0
2009-05-28 00:00:00-04:00,10.103071604922688,10.175752454373658,10.002456387862384,10.14559268951416,107152133,0.0,0.0
2009-05-29 00:00:00-04:00,10.187865677375157,10.314437866210938,10.153009008901012,10.314437866210938,106325044,0.0,0.0
2009-06-01 00:00:00-04:00,10.351521770513306,10.620241136796743,10.346577809732928,10.545088768005371,133394127,0.0,0.0
2009-06-02 00:00:00-04:00,10.537423140262927,10.629139604713362,10.46696769062286,10.59057331085205,105337356,0.0,0.0
2009-06-03 00:00:00-04:00,10.531244722188088,10.69094326334703,10.48180227647969,10.670919418334961,141841672,0.0,0.0
2009-06-04 00:00:00-04:00,10.761150568650567,10.907995554501532,10.741373781703984,10.884262084960938,146069460,0.0,0.0
2009-06-05 00:00:00-04:00,11.002679044309808,11.058795790903536,10.86399256886224,10.984137535095215,147783862,0.0,0.0
2009-06-08 00:00:00-04:00,10.864979812206688,10.900083536284795,10.73197943579998,10.846933364868164,124412588,0.0,0.0
2009-06-09 00:00:00-04:00,10.842237958873275,10.889703008983783,10.673638776509813,10.769062042236328,130684007,0.0,0.0
2009-06-10 00:00:00-04:00,10.784141791430251,10.825179597682835,10.547807607721678,10.694404602050781,134859599,0.0,0.0
2009-06-11 00:00:00-04:00,10.673885780081175,10.722340000689092,10.589833718640229,10.60540771484375,115037579,0.0,0.0
2009-06-12 00:00:00-04:00,10.552504802771391,10.573270762506676,10.41282915993345,10.502568244934082,117173555,0.0,0.0
2009-06-15 00:00:00-04:00,10.419998549288389,10.419998549288389,10.234590087103538,10.303067207336426,150036273,0.0,0.0
2009-06-16 00:00:00-04:00,10.365859475081415,10.40986289885208,10.269693152570671,10.284031867980957,122445241,0.0,0.0
2009-06-17 00:00:00-04:00,10.288730383801738,10.375997023500734,10.174270538344404,10.263267517089844,140127270,0.0,0.0
2009-06-18 00:00:00-04:00,10.276121173789425,10.350531419361857,10.20986756332827,10.236072540283203,123870563,0.0,0.0
2009-06-19 00:00:00-04:00,10.338665494719866,10.394288125338257,10.248927360372578,10.385141372680664,171002566,0.0,0.0
2009-06-22 00:00:00-04:00,10.307516642880325,10.320867134504395,9.935215504009792,10.07019329071045,165594371,0.0,0.0
2009-06-23 00:00:00-04:00,10.052890213368553,10.11073730257585,9.951531912785557,10.028909683227539,116418737,0.0,0.0
2009-06-24 00:00:00-04:00,10.104555064707633,10.190832515459025,10.050662776633645,10.118151664733887,98680498,0.0,0.0
2009-06-25 00:00:00-04:00,10.061540665558287,10.281559683312725,10.049427347238899,10.278346061706543,122236461,0.0,0.0
2009-06-26 00:00:00-04:00,10.22667888201373,10.586373560919247,10.212588167926773,10.514434814453125,130756276,0.0,0.0
2009-06-29 00:00:00-04:00,10.531243680513095,10.57574121464686,10.438290983063636,10.485261917114258,87097243,0.0,0.0
2009-06-30 00:00:00-04:00,10.481801455985531,10.561155661691062,10.338913149305975,10.422223091125488,104144903,0.0,0.0
2009-07-01 00:00:00-04:00,10.486744937791068,10.541131337359474,10.33718139240319,10.35794734954834,92778458,0.0,0.0
2009-07-02 00:00:00-04:00,10.269446970019354,10.269446970019354,10.05684435366707,10.098376274108887,101081463,0.0,0.0
2009-07-06 00:00:00-04:00,10.049179695508117,10.151525255068282,9.929528855617592,10.126062393188477,90843231,0.0,0.0
2009-07-07 00:00:00-04:00,10.092195331901067,10.115681748839659,9.789113401112182,9.805182456970215,130860666,0.0,0.0
2009-07-08 00:00:00-04:00,9.888492683727646,10.036819070614213,9.840533522040868,9.950048446655273,138163938,0.0,0.0
2009-07-09 00:00:00-04:00,10.039786504645722,10.24571577567123,10.031875977884487,10.145347595214844,131515110,0.0,0.0
2009-07-10 00:00:00-04:00,10.125321487669275,10.317899294181675,10.103566358681999,10.244477272033691,117502785,0.0,0.0
2009-07-13 00:00:00-04:00,10.288235306895762,10.494656784549761,10.263760666748372,10.489218711853027,162434571,0.0,0.0
2009-07-14 00:00:00-04:00,10.474630872520924,10.54928911187671,10.404422480807035,10.498858451843262,116266167,0.0,0.0
2009-07-15 00:00:00-04:00,10.621724615366626,10.844709252299323,10.592800127737673,10.832101821899414,151646285,0.0,0.0
2009-07-16 00:00:00-04:00,10.795267071216857,11.019487940362547,10.73148590983324,10.941617012023926,263162715,0.0,0.0
2009-07-17 00:00:00-04:00,10.70429356989867,10.765601330665438,10.54854887471339,10.636308670043945,275191634,0.0,0.0
2009-07-20 00:00:00-04:00,10.627162345518583,10.70058436780978,10.537424213098806,10.634331703186035,126612804,0.0,0.0
2009-07-21 00:00:00-04:00,10.653367010920856,10.677099536158236,10.524322351517487,10.578214645385742,119173022,0.0,0.0
2009-07-22 00:00:00-04:00,10.580685350545716,10.635071747511017,10.469440103453154,10.573020935058594,103855823,0.0,0.0
2009-07-23 00:00:00-04:00,10.59749575073251,10.907252866522803,10.518882719115398,10.8115816116333,139649486,0.0,0.0
2009-07-24 00:00:00-04:00,10.773759004019013,11.136667290627443,10.75373515918459,11.043468475341797,145619780,0.0,0.0
2009-07-27 00:00:00-04:00,11.026655118153,11.04420745251557,10.818255342607943,10.996001243591309,100551484,0.0,0.0
2009-07-28 00:00:00-04:00,10.902063761809066,10.946808357305274,10.780928678778798,10.87363338470459,101679697,0.0,0.0
2009-07-29 00:00:00-04:00,10.808863188042316,10.822954847515255,10.67685196930013,10.78438949584961,79777911,0.0,0.0
2009-07-30 00:00:00-04:00,10.941864099695412,11.160893952881635,10.941864099695412,11.016769409179688,128423566,0.0,0.0
2009-07-31 00:00:00-04:00,11.124059361540947,11.191301197684288,10.937413736715236,10.952741622924805,114844859,0.0,0.0
2009-08-03 00:00:00-04:00,11.09340537087669,11.22096769761579,11.06621216713557,11.179187774658203,104000363,0.0,0.0
2009-08-04 00:00:00-04:00,11.108979856645686,11.22343874232215,11.085741443796115,11.216763496398926,95950302,0.0,0.0
2009-08-05 00:00:00-04:00,11.272882575977095,11.295377928443099,11.072145276948783,11.15273666381836,94031136,0.0,0.0
2009-08-06 00:00:00-04:00,11.230854974233505,11.245192743427976,11.088213717519093,11.133453369140625,84752487,0.0,0.0
2009-08-07 00:00:00-04:00,11.264721894701648,11.357426590626956,11.247912619450807,11.300073623657227,102105287,0.0,0.0
2009-08-10 00:00:00-04:00,11.251619156734977,11.332457582406857,11.218245772653836,11.287960052490234,69941178,0.0,0.0
2009-08-11 00:00:00-04:00,11.215281953231436,11.303289757201725,11.183391843892807,11.221956253051758,68756755,0.0,0.0
2009-08-12 00:00:00-04:00,11.258296306655035,11.4150282783059,11.24618204163681,11.336662292480469,94007046,0.0,0.0
2009-08-13 00:00:00-04:00,11.424914621297454,11.488447770340786,11.344818307696244,11.428128242492676,80107140,0.0,0.0
2009-08-14 00:00:00-04:00,11.44049025228253,11.45037817246846,11.294881493098055,11.37176513671875,67255147,0.0,0.0
2009-08-17 00:00:00-04:00,11.16163528207529,11.173748599882156,10.954470759510832,10.998228073120117,105200846,0.0,0.0
2009-08-18 00:00:00-04:00,11.003418918685364,11.067694186817048,10.93469474902917,11.007868766784668,94396500,0.0,0.0
2009-08-19 00:00:00-04:00,10.877095020249344,11.000947719942703,10.841743287444013,10.975485801696777,90538092,0.0,0.0
2009-08-20 00:00:00-04:00,11.173996979437813,11.425659066919454,11.154961357811672,11.381902694702148,160555554,0.0,0.0
2009-08-21 00:00:00-04:00,11.508721994041728,11.52231859510063,11.437277364542796,11.50130558013916,142953825,0.0,0.0
2009-08-24 00:00:00-04:00,11.55346613191322,11.621202078505842,11.481034227704562,11.587581634521484,98503838,0.0,0.0
2009-08-25 00:00:00-04:00,11.597470762352618,11.726515415502568,11.587334839094522,11.652846336364746,93990986,0.0,0.0
2009-08-26 00:00:00-04:00,11.687209666609016,11.69314279802217,11.537399045001793,11.569536209106445,79810030,0.0,0.0
2009-08-27 00:00:00-04:00,11.583873801527528,11.583873801527528,11.389811769198495,11.521575927734375,80255695,0.0,0.0
2009-08-28 00:00:00-04:00,11.600684324516068,11.67756702480139,11.45532356180011,11.489192008972168,71129616,0.0,0.0
2009-08-31 00:00:00-04:00,11.366574766526503,11.417746602217418,11.32232333946926,11.413049697875977,78609548,0.0,0.0
2009-09-01 00:00:00-04:00,11.363855238209096,11.540363994356442,11.233821413334294,11.266947746276855,104185053,0.0,0.0
2009-09-02 00:00:00-04:00,11.268431362136836,11.330481237586598,11.188582092954503,11.198965072631836,72462593,0.0,0.0
2009-09-03 00:00:00-04:00,11.268431206506099,11.328504632811264,11.248160306084992,11.310458183288574,66094814,0.0,0.0
2009-09-04 00:00:00-04:00,11.311693372869422,11.436041123669842,11.267441945542954,11.40390396118164,60192775,0.0,0.0
2009-09-08 00:00:00-04:00,11.477820047762746,11.544567772514128,11.268926126057664,11.337650299072266,106666319,0.0,0.0
2009-09-09 00:00:00-04:00,11.348527538123301,11.52676756770269,11.342099348846224,11.469908714294434,88145156,0.0,0.0
2009-09-10 00:00:00-04:00,11.536163380218934,11.642217636108398,11.421209426776162,11.642217636108398,101764012,0.0,0.0
2009-09-11 00:00:00-04:00,11.628866476845463,11.700558159445114,11.560388415709621,11.671881675720215,76401301,0.0,0.0
2009-09-14 00:00:00-04:00,11.631587283451488,11.78708398377498,11.620215132473016,11.745552062988281,79324216,0.0,0.0
2009-09-15 00:00:00-04:00,11.744561461967564,11.839244499040769,11.68597226842299,11.805376052856445,96283547,0.0,0.0
2009-09-16 00:00:00-04:00,11.86124669902679,12.09782888973753,11.828614476878782,12.07112979888916,103799614,0.0,0.0
2009-09-17 00:00:00-04:00,12.127493462534947,12.295597572236565,12.042947295644945,12.155922889709473,179996150,0.0,0.0
2009-09-18 00:00:00-04:00,12.280766138368575,12.28595810166819,12.143810949671249,12.149496078491211,131832295,0.0,0.0
2009-09-21 00:00:00-04:00,12.057532629950925,12.333422275824807,12.019956449013321,12.28645133972168,84973311,0.0,0.0
2009-09-22 00:00:00-04:00,12.383358358196473,12.409809444173785,12.3064747138959,12.337376594543457,122103967,0.0,0.0
2009-09-23 00:00:00-04:00,12.379897066062775,12.533663412211284,12.304003536959698,12.32254409790039,108573440,0.0,0.0
2009-09-24 00:00:00-04:00,12.372233046852623,12.395470511003246,12.187564827429863,12.28076457977295,101482963,0.0,0.0
2009-09-25 00:00:00-04:00,12.21945676685859,12.35888440162682,12.162845911749873,12.174711227416992,82291296,0.0,0.0
2009-09-28 00:00:00-04:00,12.23305359733526,12.397696083140763,12.194981412774458,12.324274063110352,73847766,0.0,0.0
2009-09-29 00:00:00-04:00,12.348995756856764,12.354433829015631,12.187813001902551,12.324274063110352,84282733,0.0,0.0
2009-09-30 00:00:00-04:00,12.36061587780433,12.364076555486704,12.04517264596128,12.25802230834961,126139035,0.0,0.0
2009-10-01 00:00:00-04:00,12.18756519577612,12.273348537349992,12.03923881720572,12.044182777404785,112949783,0.0,0.0
2009-10-02 00:00:00-04:00,11.958648972077029,12.156418764300465,11.930466596835954,11.979413986206055,104421937,0.0,0.0
2009-10-05 00:00:00-04:00,12.055308477968845,12.173476042671465,11.948759172990185,12.076815605163574,86105539,0.0,0.0
2009-10-06 00:00:00-04:00,12.155430508189445,12.345041770637144,12.155430508189445,12.3294677734375,109701653,0.0,0.0
2009-10-07 00:00:00-04:00,12.335894147590189,12.830071535961787,12.306475547648034,12.794225692749023,195698788,0.0,0.0
2009-10-08 00:00:00-04:00,12.844410006792273,12.935383421293757,12.690396601249773,12.711161613464355,172797268,0.0,0.0
2009-10-09 00:00:00-04:00,12.772223690535892,12.892368643502202,12.719072568984663,12.762334823608398,109934523,0.0,0.0
2009-10-12 00:00:00-04:00,12.9395862066789,12.997434234704318,12.83822886626187,12.954914093017578,133386097,0.0,0.0
2009-10-13 00:00:00-04:00,12.963566206424957,13.039459739601934,12.889155009490981,13.006086349487305,121951397,0.0,0.0
2009-10-14 00:00:00-04:00,13.1630669021943,13.240196659980922,13.102252308370838,13.233769416809082,130824531,0.0,0.0
2009-10-15 00:00:00-04:00,13.19495622984882,13.272828097715077,13.034762646050385,13.100027084350586,244930632,0.0,0.0
2009-10-16 00:00:00-04:00,13.530671060121431,13.714104024119278,13.461452770398013,13.592968940734863,355001664,0.0,0.0
2009-10-19 00:00:00-04:00,13.66317686811372,13.68567316644961,13.565281148590193,13.648344039916992,129198459,0.0,0.0
2009-10-20 00:00:00-04:00,13.637219961736404,13.669605127893876,13.366769321667377,13.639198303222656,162354271,0.0,0.0
2009-10-21 00:00:00-04:00,13.594451296555718,13.827819857030075,13.571954998964115,13.623869895935059,147374332,0.0,0.0
2009-10-22 00:00:00-04:00,13.596676991108874,13.720282629259941,13.547234546533476,13.697786331176758,93810311,0.0,0.0
2009-10-23 00:00:00-04:00,13.726463989378317,13.791728433786727,13.626342871811946,13.687898635864258,96066737,0.0,0.0
2009-10-26 00:00:00-04:00,13.73882349732881,13.884431314701398,13.618678542458806,13.700752258300781,119261352,0.0,0.0
2009-10-27 00:00:00-04:00,13.620655969608187,13.709404931250925,13.452303852199456,13.554403305053711,129142249,0.0,0.0
2009-10-28 00:00:00-04:00,13.544020883736476,13.596676949795928,13.3062024704762,13.356881141662598,103096990,0.0,0.0
2009-10-29 00:00:00-04:00,13.423875932046636,13.64191661041363,13.374185484978192,13.622633934020996,101282213,0.0,0.0
2009-10-30 00:00:00-04:00,13.596676289832509,13.600878135411937,13.2070689379613,13.253545761108398,139260032,0.0,0.0
2009-11-02 00:00:00-05:00,13.277276268124755,13.336113460392712,13.05874150603925,13.200888633728027,128564090,0.0,0.0
2009-11-03 00:00:00-05:00,13.102500308743661,13.287662666503259,13.060227219863139,13.282470703125,95564863,0.0,0.0
2009-11-04 00:00:00-05:00,13.369241352815267,13.485430575178952,13.260962656422018,13.357622146606445,93657741,0.0,0.0
2009-11-05 00:00:00-05:00,13.435742562676795,13.590992202222525,13.415222712384912,13.563302993774414,74185025,0.0,0.0
2009-11-06 00:00:00-05:00,13.540311948716296,13.640680118476894,13.485430486204157,13.623869895935059,73341877,0.0,0.0
2009-11-09 00:00:00-05:00,13.731405853069509,13.907668480004277,13.701246089041629,13.905937194824219,106393299,0.0,0.0
2009-11-10 00:00:00-05:00,13.911378388663856,14.06094195216997,13.89333193862592,14.011004447937012,89566463,0.0,0.0
2009-11-11 00:00:00-05:00,14.102967795007261,14.177626047740564,13.98875501840026,14.10494613647461,93135792,0.0,0.0
2009-11-12 00:00:00-05:00,14.080223600108555,14.162792374057096,13.979855433465744,14.03795051574707,75734813,0.0,0.0
2009-11-13 00:00:00-05:00,14.073547942592116,14.153151095336234,14.007295280552706,14.141778945922852,66921903,0.0,0.0
2009-11-16 00:00:00-05:00,14.214706292618708,14.263901678448306,14.159825778502869,14.246350288391113,88297726,0.0,0.0
2009-11-17 00:00:00-05:00,14.21149290822764,14.27651029302806,14.183064426597769,14.276263236999512,76955370,0.0,0.0
2009-11-18 00:00:00-05:00,14.255497932434082,14.308153999048942,14.142275273053857,14.255497932434082,62216331,0.0,0.0
2009-11-19 00:00:00-05:00,14.18429981093132,14.189986832503818,14.091100999844985,14.165018081665039,87045048,0.0,0.0
2009-11-20 00:00:00-05:00,14.078742442043385,14.13065734523628,14.07626998827112,14.09011459350586,80548789,0.0,0.0
2009-11-23 00:00:00-05:00,14.251542375770386,14.501474113243617,14.23596837931288,14.396409034729004,102281946,0.0,0.0
2009-11-24 00:00:00-05:00,14.400610749222103,14.444367116228399,14.252777535663883,14.414701461791992,64448667,0.0,0.0
2009-11-25 00:00:00-05:00,14.496777286250488,14.51284539487994,14.404813750121724,14.48021411895752,58667077,0.0,0.0
2009-11-27 00:00:00-05:00,14.140544591748203,14.399128977962476,14.115081726779943,14.332381248474121,55591593,0.0,0.0
2009-11-30 00:00:00-05:00,14.353888290030428,14.42904065269728,14.266868718622934,14.412476539611816,69262644,0.0,0.0
2009-12-01 00:00:00-05:00,14.539297381683388,14.61568597444276,14.412477172504763,14.58231258392334,93159882,0.0,0.0
2009-12-02 00:00:00-05:00,14.610246159518493,14.659936605101135,14.492079544321717,14.523969650268555,66777363,0.0,0.0
2009-12-03 00:00:00-05:00,14.561793728625895,14.621372098301674,14.461920612779446,14.48021411895752,57362205,0.0,0.0
2009-12-04 00:00:00-05:00,14.660184580223586,14.704930121711309,14.318043194134434,14.462167739868164,100920864,0.0,0.0
2009-12-07 00:00:00-05:00,14.442389125978208,14.553140274183287,14.363034918293925,14.492820739746094,65693315,0.0,0.0
2009-12-08 00:00:00-05:00,14.424838242464778,14.601842062359548,14.387757118789379,14.512598037719727,61188493,0.0,0.0
2009-12-09 00:00:00-05:00,14.523724092895474,14.56896374830618,14.426816591755518,14.561300277709961,71507025,0.0,0.0
2009-12-10 00:00:00-05:00,14.596403200629894,14.701962383897994,14.595661085977579,14.622607231140137,66982128,0.0,0.0
2009-12-11 00:00:00-05:00,14.701221713658928,14.702951105898332,14.52940891378246,14.598133087158203,69057879,0.0,0.0
2009-12-14 00:00:00-05:00,14.717784771424443,14.76623899385559,14.65004881833002,14.727179527282715,76822876,0.0,0.0
2009-12-15 00:00:00-05:00,14.66710652370994,14.743247112615933,14.60999966216815,14.663150787353516,91557900,0.0,0.0
2009-12-16 00:00:00-05:00,14.798128783141312,14.841886099987464,14.749675508329602,14.777362823486328,112797213,0.0,0.0
2009-12-17 00:00:00-05:00,14.744731853487766,14.774397510752879,14.678479183312279,14.682928085327148,105947635,0.0,0.0
2009-12-18 00:00:00-05:00,14.734595127632586,14.806286813263496,14.709132264294876,14.74423599243164,141789477,0.0,0.0
2009-12-21 00:00:00-05:00,14.773654020960112,14.82878254134967,14.725695805205701,14.8001070022583,103233500,0.0,0.0
2009-12-22 00:00:00-05:00,14.865865929551617,14.869821666281164,14.804311106918044,14.860427856445312,75513988,0.0,0.0
2009-12-23 00:00:00-05:00,14.919263220010373,15.150900494785304,14.903193219013875,15.121481895446777,83218760,0.0,0.0
2009-12-24 00:00:00-05:00,15.152384775609063,15.315297888272138,15.13606866408041,15.289587020874023,34476745,0.0,0.0
2009-12-28 00:00:00-05:00,15.368200538282613,15.475243010820638,15.289586548799084,15.398113250732422,68170566,0.0,0.0
2009-12-29 00:00:00-05:00,15.444342419946436,15.446813926985923,15.28489093304151,15.31233024597168,57205620,0.0,0.0
2009-12-30 00:00:00-05:00,15.290082342631269,15.394652366638184,15.277969023444356,15.394652366638184,58843737,0.0,0.0
2009-12-31 00:00:00-05:00,15.444588290168324,15.460657344278232,15.326667785644531,15.326667785644531,48974884,0.0,0.0
2010-01-04 00:00:00-05:00,15.498974912798028,15.562261012875917,15.431980132530704,15.494030952453613,78541293,0.0,0.0
2010-01-05 00:00:00-05:00,15.504663292007882,15.520979404801551,15.365235638346038,15.425803184509277,120638494,0.0,0.0
2010-01-06 00:00:00-05:00,15.472028932171234,15.472028932171234,14.989965816064197,15.036935806274414,159744526,0.0,0.0
2010-01-07 00:00:00-05:00,15.065117209595943,15.079950036407807,14.651036178676762,14.686882019042969,257533695,0.0,0.0
2010-01-08 00:00:00-05:00,14.634968834459002,14.91308294980098,14.563525147974998,14.882676124572754,189680313,0.0,0.0
2010-01-11 00:00:00-05:00,14.942995738769534,14.942995738769534,14.68540052603563,14.860179901123047,289597429,0.0,0.0
2010-01-12 00:00:00-05:00,14.7746439031238,14.787251333607701,14.536084322053597,14.597392082214355,194859654,0.0,0.0
2010-01-13 00:00:00-05:00,14.251542886097655,14.545478060420972,14.18751561252418,14.513587951660156,260838034,0.0,0.0
2010-01-14 00:00:00-05:00,14.43472652273635,14.689356113742189,14.407780375446327,14.581818580627441,170239717,0.0,0.0
2010-01-15 00:00:00-05:00,14.668095066714255,14.67353408600071,14.289859834632743,14.338314056396484,218194794,0.0,0.0
2010-01-19 00:00:00-05:00,14.367978273906237,14.595908750390574,14.246597095474211,14.526688575744629,173315202,0.0,0.0
2010-01-20 00:00:00-05:00,14.486147006285535,14.486147006285535,14.221876555608025,14.34844970703125,130515377,0.0,0.0
2010-01-21 00:00:00-05:00,14.423354686502252,14.506912634358784,14.14672386753648,14.411982536315918,253253712,0.0,0.0
2010-01-22 00:00:00-05:00,13.955135231643604,14.1059350270476,13.22239727366543,13.596924781799316,273035583,0.0,0.0
2010-01-25 00:00:00-05:00,13.51237657135496,13.593710067339561,13.23846621181555,13.349464416503906,177458675,0.0,0.0
2010-01-26 00:00:00-05:00,13.299280329264814,13.58678824646174,13.257749356979714,13.409290313720703,174873019,0.0,0.0
2010-01-27 00:00:00-05:00,13.380859729971977,13.538580860414344,13.23352063177421,13.401378631591797,159170382,0.0,0.0
2010-01-28 00:00:00-05:00,13.460462512066817,13.52251333598086,13.117084897290832,13.208307266235352,129648138,0.0,0.0
2010-01-29 00:00:00-05:00,13.312134449931941,13.373937263472637,12.993724681026071,13.100768089294434,166240784,0.0,0.0
2010-02-01 00:00:00-05:00,13.215968900545752,13.245881609561291,13.109666661760167,13.176908493041992,90369462,0.0,0.0
2010-02-02 00:00:00-05:00,13.224868233609055,13.224868233609055,13.043167520807819,13.129940032958984,164462143,0.0,0.0
2010-02-03 00:00:00-05:00,13.069372368926377,13.401379715403424,13.058495277189428,13.369735717773438,120413655,0.0,0.0
2010-02-04 00:00:00-05:00,13.275301968191586,13.300021771349796,12.992490949658642,13.022650718688965,135614418,0.0,0.0
2010-02-05 00:00:00-05:00,13.062698241962085,13.188775380057637,12.915853252629482,13.13414192199707,126713179,0.0,0.0
2010-02-08 00:00:00-05:00,13.164055430285348,13.398907279837083,13.140075849279194,13.188035011291504,108175956,0.0,0.0
2010-02-09 00:00:00-05:00,13.338094039648094,13.387288483363234,13.227589940174365,13.261457443237305,113206742,0.0,0.0
2010-02-10 00:00:00-05:00,13.202869297321385,13.294831895148198,13.045148136495712,13.212263107299805,107380987,0.0,0.0
2010-02-11 00:00:00-05:00,13.184326002880669,13.36157782102874,13.089891910591373,13.260468482971191,96761331,0.0,0.0
2010-02-12 00:00:00-05:00,13.175673637087096,13.279008367323831,13.114611990452934,13.179381370544434,91529795,0.0,0.0
2010-02-16 00:00:00-05:00,13.272088305438166,13.45156459559376,13.20855514130331,13.381603240966797,146723904,0.0,0.0
2010-02-17 00:00:00-05:00,13.39890685175077,13.433516467363448,13.290381100592246,13.305213928222656,81492313,0.0,0.0
2010-02-18 00:00:00-05:00,13.288649853761475,13.473318085008215,13.254040238048427,13.42906665802002,93826371,0.0,0.0
2010-02-19 00:00:00-05:00,13.362566685977214,13.449091203056902,13.342048728771942,13.368253707885742,102506786,0.0,0.0
2010-02-22 00:00:00-05:00,13.531164534521782,13.534872267979589,13.374184571120567,13.418683052062988,86105539,0.0,0.0
2010-02-23 00:00:00-05:00,13.423627113132767,13.439201107194112,13.158861641492031,13.227587699890137,115334688,0.0,0.0
2010-02-24 00:00:00-05:00,13.2006425845775,13.310898671338688,13.114860189410592,13.138591766357422,93412827,0.0,0.0
2010-02-25 00:00:00-05:00,13.03105434897562,13.064922795790652,12.855039709042455,13.013996124267578,132864148,0.0,0.0
2010-02-26 00:00:00-05:00,13.038471662417333,13.145515082551094,12.941070053995846,13.023144721984863,82279251,0.0,0.0
2010-03-01 00:00:00-05:00,13.082476155620423,13.183585498770327,13.046382308597046,13.168752670288086,89851528,0.0,0.0
2010-03-02 00:00:00-05:00,13.237725128021061,13.48938624770415,13.22610497529231,13.375669479370117,174925214,0.0,0.0
2010-03-03 00:00:00-05:00,13.407804962569818,13.550200101033408,13.330923211737872,13.48098087310791,124039193,0.0,0.0
2010-03-04 00:00:00-05:00,13.510153618638725,13.74821910878625,13.50273720399667,13.710148811340332,127829347,0.0,0.0
2010-03-05 00:00:00-05:00,13.877262154668413,14.033500009429522,13.841416312518183,13.947964668273926,157074555,0.0,0.0
2010-03-08 00:00:00-05:00,13.962055998966196,13.97194486595834,13.868856243625297,13.905197143554688,95813793,0.0,0.0
2010-03-09 00:00:00-05:00,13.84018239740871,13.959090192417486,13.757365610990151,13.848587036132812,127540267,0.0,0.0
2010-03-10 00:00:00-05:00,13.936840254282911,14.301230853259522,13.898521959415765,14.250553131103516,227043838,0.0,0.0
2010-03-11 00:00:00-05:00,14.196413621796381,14.49183301015103,14.194931285562749,14.366496086120605,169966698,0.0,0.0
2010-03-12 00:00:00-05:00,14.53954506404608,14.54300574195387,14.317548634340843,14.326942443847656,110548817,0.0,0.0
2010-03-15 00:00:00-04:00,14.009026081519922,14.077504143128008,13.745003648720976,13.922502517700195,186853758,0.0,0.0
2010-03-16 00:00:00-04:00,13.88912887147019,14.052041019572714,13.862676838846735,13.97243881225586,137774484,0.0,0.0
2010-03-17 00:00:00-04:00,14.049075397797992,14.126947271621477,13.948954281942818,13.981338500976562,133362007,0.0,0.0
2010-03-18 00:00:00-04:00,13.960572842677909,14.052536372155794,13.917063531353094,14.002104759216309,71354455,0.0,0.0
2010-03-19 00:00:00-04:00,13.843889236450195,14.041659015072709,13.776647398129558,13.843889236450195,192486794,0.0,0.0
2010-03-22 00:00:00-04:00,13.747723811924407,14.013229540079452,13.702484159793984,13.782086372375488,160792439,0.0,0.0
2010-03-23 00:00:00-04:00,13.770713667877857,13.802109661464314,13.398906651693224,13.571954727172852,220876809,0.0,0.0
2010-03-24 00:00:00-04:00,13.485678712165305,13.840181407060012,13.34204828364588,13.777883529663086,263592319,0.0,0.0
2010-03-25 00:00:00-04:00,13.819662535037272,14.140543838438111,13.810762838246273,13.91508674621582,157825359,0.0,0.0
2010-03-26 00:00:00-04:00,13.974170107104035,14.026579117319457,13.8443842816187,13.910388946533203,108252241,0.0,0.0
2010-03-29 00:00:00-04:00,13.918051792700483,13.960572880033274,13.857979315119822,13.90445613861084,124645457,0.0,0.0
2010-03-30 00:00:00-04:00,13.913850165781966,14.032512794718462,13.850811117446899,14.009769439697266,79412546,0.0,0.0
2010-03-31 00:00:00-04:00,13.968730409120132,14.084673518233664,13.913354835987876,14.019904136657715,121686407,0.0,0.0
2010-04-01 00:00:00-04:00,14.124473786989004,14.176388681273096,13.98109042430185,14.061434745788574,84423257,0.0,0.0
2010-04-05 00:00:00-04:00,14.11335028420923,14.211740111957514,14.066379347902549,14.116069793701172,76345092,0.0,0.0
2010-04-06 00:00:00-04:00,14.077751084570675,14.113102813778218,13.977382918370886,14.047097206115723,82712870,0.0,0.0
2010-04-07 00:00:00-04:00,14.024353966051914,14.06020075658967,13.889871233755356,13.931402206420898,103626969,0.0,0.0
2010-04-08 00:00:00-04:00,13.925965037189346,14.087394873516116,13.845126590996685,14.029051780700684,78191988,0.0,0.0
2010-04-09 00:00:00-04:00,14.029050917533299,14.060694915729432,13.94277440363606,13.997655868530273,82572346,0.0,0.0
2010-04-12 00:00:00-04:00,14.025588978571262,14.18998630242766,13.9976546098368,14.158589363098145,94448695,0.0,0.0
2010-04-13 00:00:00-04:00,14.153646034647917,14.557837275861587,14.119035472349351,14.50567626953125,157078570,0.0,0.0
2010-04-14 00:00:00-04:00,14.587008397489203,14.643372194461483,14.437444844871772,14.56080436706543,136618166,0.0,0.0
2010-04-15 00:00:00-04:00,14.639170209021664,14.779339951900313,14.54325189144291,14.716547966003418,271485795,0.0,0.0
2010-04-16 00:00:00-04:00,13.91805141870774,14.061681837782182,13.587529272882025,13.600383758544922,491254466,0.0,0.0
2010-04-19 00:00:00-04:00,13.565776313562742,13.695315085396201,13.4730716098941,13.599149703979492,156343827,0.0,0.0
2010-04-20 00:00:00-04:00,13.699763442892136,13.835482387322706,13.622879800074957,13.721271514892578,119542401,0.0,0.0
2010-04-21 00:00:00-04:00,13.756376314439695,13.850069239397722,13.65007406594113,13.702978134155273,96018557,0.0,0.0
2010-04-22 00:00:00-04:00,13.64611966421698,13.658480038924115,13.432280827539119,13.52399730682373,131719875,0.0,0.0
2010-04-23 00:00:00-04:00,13.528693776583902,13.579866559212814,13.405582252403505,13.472823143005371,83889263,0.0,0.0
2010-04-26 00:00:00-04:00,13.472328537075235,13.472822649125568,13.082722131961916,13.142794609069824,175407013,0.0,0.0
2010-04-27 00:00:00-04:00,13.076294314958963,13.308180538841802,13.03377417332427,13.07901382446289,154364435,0.0,0.0
2010-04-28 00:00:00-04:00,13.154165497527593,13.22165438664983,12.880502207600241,13.08222770690918,136754676,0.0,0.0
2010-04-29 00:00:00-04:00,13.185561781191241,13.262938586686188,13.019929186721786,13.151692390441895,122814620,0.0,0.0
2010-04-30 00:00:00-04:00,13.13018731362538,13.292110295272138,12.989523455833156,12.995950698852539,97781139,0.0,0.0
2010-05-03 00:00:00-04:00,13.015729052783078,13.174439378593304,12.980625321405164,13.117085456848145,74590540,0.0,0.0
2010-05-04 00:00:00-04:00,13.016222431533158,13.021661450789809,12.464692058915505,12.518089294433594,243963019,0.0,0.0
2010-05-05 00:00:00-04:00,12.384840050255542,12.749231569941974,12.372232621261462,12.601893424987793,183975008,0.0,0.0
2010-05-06 00:00:00-04:00,12.57692647023162,12.793730926728609,11.371766267810061,12.327735900878906,200753664,0.0,0.0
2010-05-07 00:00:00-04:00,12.359873879835964,12.492132160027612,11.899069875508426,12.191027641296387,204322993,0.0,0.0
2010-05-10 00:00:00-04:00,12.70597090179408,12.92475464242821,12.672103399863804,12.895830154418945,165738910,0.0,0.0
2010-05-11 00:00:00-04:00,12.747998200688059,12.852075063518122,12.563825951501999,12.584343910217285,133402157,0.0,0.0
2010-05-12 00:00:00-04:00,12.658259511040425,12.658259511040425,12.410058102873478,12.493864059448242,154649500,0.0,0.0
2010-05-13 00:00:00-04:00,12.768514967100192,12.904481917373678,12.616974021707977,12.629581451416016,133530637,0.0,0.0
2010-05-14 00:00:00-04:00,12.602140898292664,12.632300663733831,12.267910078556007,12.546765327453613,165257111,0.0,0.0
2010-05-17 00:00:00-04:00,12.528224338098473,12.56728380117526,12.319824534155295,12.557642936706543,112170874,0.0,0.0
2010-05-18 00:00:00-04:00,12.607827088853123,12.631807616192116,12.288182012868468,12.320319175720215,113443627,0.0,0.0
2010-05-19 00:00:00-04:00,12.268158162388907,12.346771203934845,12.057532952111833,12.222918510437012,138344613,0.0,0.0
2010-05-20 00:00:00-04:00,11.991527695480823,12.00413512632127,11.712919471022442,11.74283218383789,197268650,0.0,0.0
2010-05-21 00:00:00-04:00,11.595740618196984,11.989797864720222,11.480539610568753,11.669657707214355,389084940,0.0,0.0
2010-05-24 00:00:00-04:00,11.88423625561891,12.108210999512316,11.787082657430338,11.795981407165527,174475535,0.0,0.0
2010-05-25 00:00:00-04:00,11.573242427390282,11.803150292967723,11.470897817065605,11.793756484985352,121148398,0.0,0.0
2010-05-26 00:00:00-04:00,11.917363954586104,12.107470258690276,11.74258459025396,11.754203796386719,139545096,0.0,0.0
2010-05-27 00:00:00-04:00,11.988560916751956,12.17050964400044,11.892148480532834,12.124774932861328,112785168,0.0,0.0
2010-05-28 00:00:00-04:00,12.181139633036361,12.198691024101247,11.940354652876158,12.00537109375,116226017,0.0,0.0
2010-06-01 00:00:00-04:00,11.87682073315718,12.139605989374775,11.869156317002572,11.924779891967773,107071833,0.0,0.0
2010-06-02 00:00:00-04:00,12.03132789039325,12.209073821916178,11.90228418129673,12.1967134475708,102012942,0.0,0.0
2010-06-03 00:00:00-04:00,12.239729342986235,12.558386235185168,12.229594364745926,12.499055862426758,146575349,0.0,0.0
2010-06-04 00:00:00-04:00,12.353692602748582,12.589285600702148,12.279034356396405,12.328970909118652,157399770,0.0,0.0
2010-06-07 00:00:00-04:00,12.337379081179256,12.383113798029626,11.944063923936007,12.002654075622559,145852650,0.0,0.0
2010-06-08 00:00:00-04:00,12.060252311485206,12.084726004006098,11.805376623151496,11.984357833862305,107806577,0.0,0.0
2010-06-09 00:00:00-04:00,12.044677404777495,12.085715210567413,11.668420530282598,11.71835708618164,109569158,0.0,0.0
2010-06-10 00:00:00-04:00,11.87533660761648,12.076319996905909,11.763349235214227,12.039485931396484,103502504,0.0,0.0
2010-06-11 00:00:00-04:00,11.927993318946065,12.081511657211724,11.906238190675165,12.076319694519043,71535130,0.0,0.0
2010-06-14 00:00:00-04:00,12.224153515246497,12.22464762730866,11.945051193237305,11.945051193237305,81921917,0.0,0.0
2010-06-15 00:00:00-04:00,11.942332078857724,12.370504805832878,11.920083783276702,12.31092643737793,171022641,0.0,0.0
2010-06-16 00:00:00-04:00,12.265933543476029,12.459500540612712,12.264450260587147,12.392011642456055,91915234,0.0,0.0
2010-06-17 00:00:00-04:00,12.44590357913157,12.505728053938933,12.278787688903726,12.362591743469238,79388456,0.0,0.0
2010-06-18 00:00:00-04:00,12.422665440693407,12.446397964947161,12.314385798785663,12.361356735229492,115346733,0.0,0.0
2010-06-21 00:00:00-04:00,12.358144090869171,12.384595180139554,11.987079153755507,12.077805519104004,119787316,0.0,0.0
2010-06-22 00:00:00-04:00,12.110930792697078,12.276562455833794,12.007843114644915,12.020698547363281,89120799,0.0,0.0
2010-06-23 00:00:00-04:00,12.03652001915496,12.03652001915496,11.820703790909786,11.9168701171875,81468223,0.0,0.0
2010-06-24 00:00:00-04:00,11.857785643444734,11.934173286631163,11.699569444879213,11.74505615234375,76027907,0.0,0.0
2010-06-25 00:00:00-04:00,11.79350894692754,11.808094718078472,11.63282124796791,11.685230255126953,90144622,0.0,0.0
2010-06-28 00:00:00-04:00,11.68300613522689,11.805623545627428,11.594504228294413,11.670397758483887,70756221,0.0,0.0
2010-06-29 00:00:00-04:00,11.456806378780126,11.484246635212655,11.152240262366828,11.229865074157715,140609069,0.0,0.0
2010-06-30 00:00:00-04:00,11.247171262901109,11.318121781616634,10.99402590806622,10.999711036682129,144668227,0.0,0.0
2010-07-01 00:00:00-04:00,11.008117082755502,11.08500073592244,10.719867987116464,10.864734649658203,141070793,0.0,0.0
2010-07-02 00:00:00-04:00,10.917391110016984,10.933706275592495,10.778457573967684,10.792054176330566,77730264,0.0,0.0
2010-07-06 00:00:00-04:00,10.976227056532771,11.066953421728192,10.719868067381881,10.780187606811523,102787835,0.0,0.0
2010-07-07 00:00:00-04:00,10.835561448258801,11.156442717984222,10.763128601346015,11.129496574401855,125657235,0.0,0.0
2010-07-08 00:00:00-04:00,11.212313846496427,11.305760665052082,11.11614846489044,11.286725044250488,107156148,0.0,0.0
2010-07-09 00:00:00-04:00,11.667432732554003,11.699569896259622,11.440491405393624,11.556928634643555,173909421,0.0,0.0
2010-07-12 00:00:00-04:00,11.677568136222858,11.852347514502037,11.645678027396004,11.763103485107422,133875926,0.0,0.0
2010-07-13 00:00:00-04:00,11.921813218330952,12.187318949194179,11.873112888027368,12.093626022338867,159648166,0.0,0.0
2010-07-14 00:00:00-04:00,12.110437244453875,12.20808590809926,12.025890123591697,12.146529197692871,125187481,0.0,0.0
2010-07-15 00:00:00-04:00,12.156170107047208,12.229592128006214,11.932443366700346,12.21278190612793,195056389,0.0,0.0
2010-07-16 00:00:00-04:00,11.597224305757997,11.632822147154119,11.359899999192889,11.362125396728516,314165171,0.0,0.0
2010-07-19 00:00:00-04:00,11.396734382582467,11.610325205425926,11.310457873630881,11.524542808532715,182694226,0.0,0.0
2010-07-20 00:00:00-04:00,11.397228518451755,11.940107166343935,11.386598483150692,11.905497550964355,162787890,0.0,0.0
2010-07-21 00:00:00-04:00,11.965075739595175,12.007100821541675,11.753214311656716,11.804387092590332,131675710,0.0,0.0
2010-07-22 00:00:00-04:00,11.946040332730508,12.088188432678091,11.927499770080773,11.985100746154785,86230004,0.0,0.0
2010-07-23 00:00:00-04:00,11.885227335586563,12.127989735194104,11.866438769277801,12.114888191223145,90915501,0.0,0.0
2010-07-26 00:00:00-04:00,12.090906788863057,12.131943649985066,11.986829933346112,12.08794116973877,80107140,0.0,0.0
2010-07-27 00:00:00-04:00,12.12774139560852,12.298812083066357,12.11760641862341,12.178420066833496,98415508,0.0,0.0
2010-07-28 00:00:00-04:00,12.235526178421578,12.243189648580648,11.9321972074478,11.97372817993164,100214225,0.0,0.0
2010-07-29 00:00:00-04:00,12.013282153830701,12.085715006249439,11.849627885230865,11.989548683166504,107421137,0.0,0.0
2010-07-30 00:00:00-04:00,11.857538206761166,12.048138617707584,11.84492983026852,11.986087799072266,86085465,0.0,0.0
2010-08-02 00:00:00-04:00,12.088436192254136,12.194489504124606,12.037757515505564,12.123539924621582,74626675,0.0,0.0
2010-08-03 00:00:00-04:00,12.125763636836968,12.174216909120974,12.033305993959486,12.109199523925781,72362219,0.0,0.0
2010-08-04 00:00:00-04:00,12.167293680476932,12.533662599930986,12.139358366287887,12.516852378845215,153071607,0.0,0.0
2010-08-05 00:00:00-04:00,12.506224309071763,12.57321814792838,12.448624279566092,12.560857772827148,97178890,0.0,0.0
2010-08-06 00:00:00-04:00,12.494110974111516,12.502515612676694,12.26296779508322,12.36605453491211,133277692,0.0,0.0
2010-08-09 00:00:00-04:00,12.416237543584293,12.496580918165904,12.394235359287126,12.49287223815918,75168699,0.0,0.0
2010-08-10 00:00:00-04:00,12.418712998984656,12.508945262155224,12.32526522049292,12.452333450317383,83270954,0.0,0.0
2010-08-11 00:00:00-04:00,12.304497158322832,12.311172403666154,12.150483762288987,12.156416893005371,89253294,0.0,0.0
2010-08-12 00:00:00-04:00,11.963591558380237,12.230828560493638,11.928240775293927,12.163092613220215,88514535,0.0,0.0
2010-08-13 00:00:00-04:00,12.08868197062886,12.142821319706657,12.01476583301566,12.023170471191406,77678069,0.0,0.0
2010-08-16 00:00:00-04:00,11.957164135537372,12.11018931117452,11.878550151658409,12.00438117980957,52395658,0.0,0.0
2010-08-17 00:00:00-04:00,12.077062508875857,12.229592631903907,12.015259691043894,12.12625789642334,75911472,0.0,0.0
2010-08-18 00:00:00-04:00,12.124280230921304,12.13491026695912,11.904509205357646,11.919341087341309,107858771,0.0,0.0
2010-08-19 00:00:00-04:00,11.891159806816606,11.928241878671912,11.550994863097147,11.568795204162598,157588475,0.0,0.0
2010-08-20 00:00:00-04:00,11.568792511054964,11.65828262820009,11.396979740267557,11.421701431274414,157291365,0.0,0.0
2010-08-23 00:00:00-04:00,11.408847483686632,11.57571537002123,11.315648674815716,11.472380638122559,119895720,0.0,0.0
2010-08-24 00:00:00-04:00,11.314906311519794,11.33146947711955,11.147296314220185,11.158915519714355,110922211,0.0,0.0
2010-08-25 00:00:00-04:00,11.124551998603291,11.317624840919983,11.124551998603291,11.238763809204102,104072633,0.0,0.0
2010-08-26 00:00:00-04:00,11.274362877693736,11.304028529663409,11.135430318593649,11.148778915405273,71346425,0.0,0.0
2010-08-27 00:00:00-04:00,11.187840467396718,11.371518579267416,11.066458337893174,11.342841148376465,92842698,0.0,0.0
2010-08-30 00:00:00-04:00,11.350752879654754,11.365833710106813,11.18437909836078,11.191054344177246,49440624,0.0,0.0
2010-08-31 00:00:00-04:00,11.127273095549914,11.244946556644043,11.075112084621288,11.125049591064453,78163883,0.0,0.0
2010-09-01 00:00:00-04:00,11.247664596652632,11.493888579064555,11.186355893715007,11.379922866821289,129616018,0.0,0.0
2010-09-02 00:00:00-04:00,11.441975686236619,11.48128315807667,11.379430745673323,11.450380325317383,67620512,0.0,0.0
2010-09-03 00:00:00-04:00,11.631835206141306,11.665455656328371,11.55569366121768,11.626397132873535,101996882,0.0,0.0
2010-09-07 00:00:00-04:00,11.483010821651579,11.55940035609664,11.446423811758635,11.480538368225098,68652365,0.0,0.0
2010-09-08 00:00:00-04:00,11.500068594100094,11.6807801322073,11.483257425981002,11.633315086364746,96432101,0.0,0.0
2010-09-09 00:00:00-04:00,11.812545975219988,11.876079131959735,11.633315815413615,11.771756172180176,97588419,0.0,0.0
2010-09-10 00:00:00-04:00,11.84196286038455,11.860997531102653,11.74456032336666,11.770764350891113,79268006,0.0,0.0
2010-09-13 00:00:00-04:00,11.888439520295707,11.973727806702493,11.854572019026609,11.922307968139648,89996068,0.0,0.0
2010-09-14 00:00:00-04:00,11.91588003649256,11.98361693364766,11.868168877126914,11.876821517944336,88992319,0.0,0.0
2010-09-15 00:00:00-04:00,11.864954136162464,11.912913293617732,11.829107349504131,11.882011413574219,96472251,0.0,0.0
2010-09-16 00:00:00-04:00,11.86495571345954,11.926757588612807,11.851605221084572,11.892395973205566,79075287,0.0,0.0
2010-09-17 00:00:00-04:00,11.958895941368771,12.143069130033759,11.895362779440779,12.117111206054688,226509844,0.0,0.0
2010-09-20 00:00:00-04:00,12.17520613681506,12.61796272827901,12.164328098843374,12.565306663513184,176800216,0.0,0.0
2010-09-21 00:00:00-04:00,12.599918261236166,12.854547877730386,12.580882638365994,12.693364143371582,179321632,0.0,0.0
2010-09-22 00:00:00-04:00,12.678530192996803,12.800159387871307,12.64935959438171,12.756155014038086,101864387,0.0,0.0
2010-09-23 00:00:00-04:00,12.721791553641287,12.84737552022392,12.639963951922747,12.693856239318848,93043447,0.0,0.0
2010-09-24 00:00:00-04:00,12.898054157946207,13.048606884270715,12.812024704742793,13.035257339477539,134779299,0.0,0.0
2010-09-27 00:00:00-04:00,13.073823257544216,13.271593037986069,13.073823257544216,13.112388610839844,124761892,0.0,0.0
2010-09-28 00:00:00-04:00,13.18828125361421,13.191000763028017,12.816721298963676,13.0322904586792,146735949,0.0,0.0
2010-09-29 00:00:00-04:00,13.04910077802777,13.174932754050454,12.971475964016935,13.045145988464355,87213678,0.0,0.0
2010-09-30 00:00:00-04:00,13.081485553790555,13.14848033067718,12.828340219678422,12.998174667358398,130250387,0.0,0.0
2010-10-01 00:00:00-04:00,13.102251460298643,13.117578399135507,12.929202445328285,12.993971824645996,89333594,0.0,0.0
2010-10-04 00:00:00-04:00,12.977409836214798,13.058989438498493,12.826610058768665,12.91313362121582,77910939,0.0,0.0
2010-10-05 00:00:00-04:00,13.062205323356537,13.34946621300419,13.016964719681033,13.305709838867188,140809819,0.0,0.0
2010-10-06 00:00:00-04:00,13.331172373723867,13.34822965409285,13.100770354551152,13.209790229797363,110906151,0.0,0.0
2010-10-07 00:00:00-04:00,13.255769330620376,13.280243967267989,13.080989983112568,13.102498054504395,96191202,0.0,0.0
2010-10-08 00:00:00-04:00,13.170730604467352,13.290134396769108,13.043415339503156,13.259231567382812,114796679,0.0,0.0
2010-10-11 00:00:00-04:00,13.311890592672944,13.463184514810727,13.279505422163098,13.32079029083252,105445761,0.0,0.0
2010-10-12 00:00:00-04:00,13.352430268276336,13.497543979065343,13.294830242085096,13.383827209472656,150706777,0.0,0.0
2010-10-13 00:00:00-04:00,13.522512102047429,13.534625419838672,13.407064052419296,13.431044578552246,122682126,0.0,0.0
2010-10-14 00:00:00-04:00,13.45279802086005,13.479251000792472,13.278019606286867,13.372454643249512,266358649,0.0,0.0
2010-10-15 00:00:00-04:00,14.81469043697434,14.873279629585532,14.62507825640179,14.868582725524902,595214680,0.0,0.0
2010-10-18 00:00:00-04:00,14.846335639964138,15.319499067398965,14.846335639964138,15.270551681518555,284992232,0.0,0.0
2010-10-19 00:00:00-04:00,15.051519095951207,15.199105243882972,14.903438836002584,15.0263032913208,184203863,0.0,0.0
2010-10-20 00:00:00-04:00,15.033968827914148,15.262394383625999,15.018147775451554,15.030014038085938,141532518,0.0,0.0
2010-10-21 00:00:00-04:00,15.117280306478428,15.228278513396878,14.981065345491706,15.129145622253418,117257870,0.0,0.0
2010-10-22 00:00:00-04:00,15.127414325740569,15.19910600737395,15.081185506025088,15.142495155334473,90582257,0.0,0.0
2010-10-25 00:00:00-04:00,15.218140530663131,15.44433970623703,15.202813592726802,15.240636825561523,126809538,0.0,0.0
2010-10-26 00:00:00-04:00,15.15658599569011,15.357569395903793,15.105414158780288,15.292553901672363,100892759,0.0,0.0
2010-10-27 00:00:00-04:00,15.222590541322337,15.32716054538725,15.137549320604002,15.239895820617676,90012128,0.0,0.0
2010-10-28 00:00:00-04:00,15.328398900378577,15.351884369376204,15.161531003570083,15.292058944702148,87699492,0.0,0.0
2010-10-29 00:00:00-04:00,15.25472907964012,15.302442130019912,15.153866799688945,15.171418190002441,91473585,0.0,0.0
2010-11-01 00:00:00-04:00,15.221603464259807,15.343479710957299,15.10986408778781,15.203557014465332,123946848,0.0,0.0
2010-11-02 00:00:00-04:00,15.294283042378009,15.327162319585312,15.193173703838344,15.218389511108398,80203500,0.0,0.0
2010-11-03 00:00:00-04:00,15.26535991570269,15.372401435057249,15.166474084919878,15.331611633300781,135726838,0.0,0.0
2010-11-04 00:00:00-04:00,15.441869805521657,15.572397748708564,15.379077814229392,15.432723999023438,143367369,0.0,0.0
2010-11-05 00:00:00-04:00,15.405776400675151,15.462883261362744,15.354603617720867,15.452746391296387,70892731,0.0,0.0
2010-11-08 00:00:00-05:00,15.426542901325442,15.561767749388808,15.404540714744561,15.494525909423828,84367048,0.0,0.0
2010-11-09 00:00:00-05:00,15.574376015638139,15.59538808474137,15.339771218856498,15.446319580078125,89823423,0.0,0.0
2010-11-10 00:00:00-05:00,15.37858155880366,15.401324910294687,15.265605969376882,15.398358345031738,100254375,0.0,0.0
2010-11-11 00:00:00-05:00,15.319746026398041,15.323454706666165,15.184027070766758,15.257696151733398,90803081,0.0,0.0
2010-11-12 00:00:00-05:00,15.178587631698518,15.250527318421014,14.862650298834293,14.914071083068848,136228712,0.0,0.0
2010-11-15 00:00:00-05:00,14.908880688989749,14.931624991285307,14.685648031300124,14.720751762390137,139677591,0.0,0.0
2010-11-16 00:00:00-05:00,14.653757524991594,14.780576790268709,14.423602571112912,14.430276870727539,132791878,0.0,0.0
2010-11-17 00:00:00-05:00,14.46192082644224,14.5731670411448,14.372181739961393,14.426074981689453,98066204,0.0,0.0
2010-11-18 00:00:00-05:00,14.560804194870997,14.832243037172349,14.549926157300328,14.747695922851562,103988318,0.0,0.0
2010-11-19 00:00:00-05:00,14.758573948636792,14.780576134619018,14.593931450838712,14.60604476928711,92244464,0.0,0.0
2010-11-22 00:00:00-05:00,14.52298170986745,14.670567883213195,14.406298367541092,14.615686416625977,87791837,0.0,0.0
2010-11-23 00:00:00-05:00,14.511610334677412,14.561052781261628,14.29381575639888,14.412724494934082,86828238,0.0,0.0
2010-11-24 00:00:00-05:00,14.519026043844443,14.74868687387518,14.512597854032517,14.708390235900879,96215292,0.0,0.0
2010-11-26 00:00:00-05:00,14.596897662754923,14.659195538901352,14.511362321000588,14.585525512695312,52640573,0.0,0.0
2010-11-29 00:00:00-05:00,14.565006634529086,14.580581576879327,14.337077093488356,14.390475273132324,114816754,0.0,0.0
2010-11-30 00:00:00-05:00,14.197899732244572,14.197899732244572,13.678505517567997,13.737836837768555,285763111,0.0,0.0
2010-12-01 00:00:00-05:00,13.91805311456688,14.129914563546583,13.903220285783302,13.95142650604248,150726852,0.0,0.0
2010-12-02 00:00:00-05:00,14.057974214676792,14.173422263402578,13.976146609644575,14.136093139648438,102298006,0.0,0.0
2010-12-03 00:00:00-05:00,14.077505292721895,14.251295495780603,14.041659448247632,14.165266036987305,105642495,0.0,0.0
2010-12-06 00:00:00-05:00,14.352403959708077,14.387756636498947,14.254508244103798,14.297770500183105,84065923,0.0,0.0
2010-12-07 00:00:00-05:00,14.61692050745057,14.659688648691125,14.486639635609965,14.514822006225586,122144116,0.0,0.0
2010-12-08 00:00:00-05:00,14.634226776085404,14.647823376994687,14.42953470120181,14.598875045776367,70539412,0.0,0.0
2010-12-09 00:00:00-05:00,14.68144442828119,14.723469510192949,14.56080441511426,14.622607231140137,75036204,0.0,0.0
2010-12-10 00:00:00-05:00,14.663150016019706,14.68416303031906,14.592694559452775,14.640159606933594,68443585,0.0,0.0
2010-12-13 00:00:00-05:00,14.761542278606218,14.906903054614858,14.686636966276641,14.699739456176758,96299607,0.0,0.0
2010-12-14 00:00:00-05:00,14.760799566065298,14.790465222533953,14.646834791277278,14.706907272338867,65978380,0.0,0.0
2010-12-15 00:00:00-05:00,14.689356579636453,14.744979214872917,14.56451376048969,14.59294319152832,87033003,0.0,0.0
2010-12-16 00:00:00-05:00,14.655983309587516,14.678726665292414,14.537814789194295,14.627799987792969,64115423,0.0,0.0
2010-12-17 00:00:00-05:00,14.610246771201261,14.64881307102285,14.527925048135115,14.605302810668945,123946848,0.0,0.0
2010-12-20 00:00:00-05:00,14.700481133845898,14.780330409696413,14.552400842989256,14.710616111755371,79227857,0.0,0.0
2010-12-21 00:00:00-05:00,14.797386070516895,14.949422071691636,14.773652601099247,14.908631324768066,75461793,0.0,0.0
2010-12-22 00:00:00-05:00,14.931622205130836,15.005785390083606,14.913821866989483,14.968456268310547,48481040,0.0,0.0
2010-12-23 00:00:00-05:00,14.964751426064964,14.9810665915782,14.8829238095671,14.937310218811035,44598542,0.0,0.0
2010-12-27 00:00:00-05:00,14.900473609595878,14.92618352855324,14.820377287206602,14.89157485961914,48505130,0.0,0.0
2010-12-28 00:00:00-05:00,14.883416617472411,14.928409213157027,14.78354255866404,14.806038856506348,42751645,0.0,0.0
2010-12-29 00:00:00-05:00,14.882181717915351,14.89231669507423,14.806039235178805,14.857460021972656,40920808,0.0,0.0
2010-12-30 00:00:00-05:00,14.783295828484606,14.865617551697365,14.768215944245547,14.804556846618652,39728356,0.0,0.0
2010-12-31 00:00:00-05:00,14.752147152853318,14.793679069885542,14.635708983600571,14.683669090270996,61802787,0.0,0.0
2011-01-03 00:00:00-05:00,14.745719982629513,14.970930027194816,14.745719982629513,14.940276145935059,94962614,0.0,0.0
2011-01-04 00:00:00-05:00,14.971671596612408,14.985514306434327,14.835703699714152,14.885146141052246,73253547,0.0,0.0
2011-01-05 00:00:00-05:00,14.834467703650931,15.088107140967299,14.83397359163108,15.05695915222168,101671667,0.0,0.0
2011-01-06 00:00:00-05:00,15.096760052906102,15.288350584207706,15.08118605727605,15.166474342346191,82620526,0.0,0.0
2011-01-07 00:00:00-05:00,15.226052320152002,15.283900346084149,15.083164013923616,15.239153861999512,84363033,0.0,0.0
2011-01-10 00:00:00-05:00,15.19861248968747,15.213198261235293,15.044352029447747,15.184026718139648,63404769,0.0,0.0
2011-01-11 00:00:00-05:00,15.270552147221641,15.297498294511362,15.191196988199389,15.22852611541748,57787794,0.0,0.0
2011-01-12 00:00:00-05:00,15.31109603690979,15.31109603690979,15.197872420018381,15.249786376953125,65552790,0.0,0.0
2011-01-13 00:00:00-05:00,15.252257888249733,15.319005617209058,15.18279159618226,15.245336532592773,53560006,0.0,0.0
2011-01-14 00:00:00-05:00,15.262888114222504,15.432723520644705,15.254977588188927,15.430498123168945,94978674,0.0,0.0
2011-01-18 00:00:00-05:00,15.476971922564864,15.870781108642783,15.45744219165898,15.812439918518066,145222296,0.0,0.0
2011-01-19 00:00:00-05:00,15.873996597151892,15.894761609352699,15.565969786271229,15.617636680603027,136754676,0.0,0.0
2011-01-20 00:00:00-05:00,15.62900958935379,15.675238413490646,15.408496451180696,15.494525909423828,220254485,0.0,0.0
2011-01-21 00:00:00-05:00,15.811204762947485,15.864355887142128,15.113571528624938,15.125190734863281,357511035,0.0,0.0
2011-01-24 00:00:00-05:00,15.019878774804882,15.141506071340832,14.86314490996954,15.106649398803711,184657557,0.0,0.0
2011-01-25 00:00:00-05:00,15.035452523211763,15.344220503629936,14.993920605466771,15.324938774108887,146418764,0.0,0.0
2011-01-26 00:00:00-05:00,15.33531890893721,15.388717082286034,15.210477061694966,15.240636825561523,81829572,0.0,0.0
2011-01-27 00:00:00-05:00,15.275001659156716,15.319746253048464,15.160294770381682,15.247808456420898,81070738,0.0,0.0
2011-01-28 00:00:00-05:00,15.304173407028534,15.336064463218674,14.826807147309527,14.857213973999023,169878368,0.0,0.0
2011-01-31 00:00:00-05:00,14.921733930038103,14.94324105574597,14.722727940223805,14.84163761138916,112616538,0.0,0.0
2011-02-01 00:00:00-05:00,14.943736508528223,15.162767307587172,14.909621950187718,15.105661392211914,110223602,0.0,0.0
2011-02-02 00:00:00-05:00,15.104672827260686,15.187242556544547,15.018889476161867,15.129393577575684,70691981,0.0,0.0
2011-02-03 00:00:00-05:00,15.067095052380445,15.11579537971534,14.98427922236373,15.083658218383789,60028160,0.0,0.0
2011-02-04 00:00:00-05:00,15.083659517653958,15.115549625707366,14.996145829323243,15.104177474975586,62264511,0.0,0.0
2011-02-07 00:00:00-05:00,15.083906127452305,15.287361035199423,15.060420658544464,15.186004638671875,72253814,0.0,0.0
2011-02-08 00:00:00-05:00,15.20182585421496,15.318016973232144,15.191443821014033,15.287114143371582,68050116,0.0,0.0
2011-02-09 00:00:00-05:00,15.249782630547985,15.313563782047968,15.137796214636847,15.240636825561523,73976246,0.0,0.0
2011-02-10 00:00:00-05:00,15.176362822446405,15.265359785418939,15.118514796514258,15.239153861999512,93725996,0.0,0.0
2011-02-11 00:00:00-05:00,15.173644289602395,15.450769226195845,15.15411455701119,15.438408851623535,103984303,0.0,0.0
2011-02-14 00:00:00-05:00,15.409731068803621,15.56547481390939,15.32815146259338,15.528640747070312,85439051,0.0,0.0
2011-02-15 00:00:00-05:00,15.508124055813042,15.57660117864173,15.403800140781728,15.429757118225098,83993653,0.0,0.0
2011-02-16 00:00:00-05:00,15.466343748174006,15.48784992849578,15.379077120699314,15.431486129760742,67612482,0.0,0.0
2011-02-17 00:00:00-05:00,15.358064291388901,15.506391623737061,15.33408471072549,15.457196235656738,59373716,0.0,0.0
2011-02-18 00:00:00-05:00,15.475491736864138,15.603547230915474,15.430499138065707,15.576354026794434,129198459,0.0,0.0
2011-02-22 00:00:00-05:00,15.327905476601654,15.449039614204171,15.024823549831721,15.085143089294434,146141730,0.0,0.0
2011-02-23 00:00:00-05:00,15.088108514319796,15.196140153872538,14.931623602019323,15.112582206726074,116017237,0.0,0.0
2011-02-24 00:00:00-05:00,15.114313456628798,15.1563394887678,14.866112053701464,15.050780296325684,108874565,0.0,0.0
2011-02-25 00:00:00-05:00,15.125932844978449,15.196635364376405,15.06759070069327,15.080940246582031,77585724,0.0,0.0
2011-02-28 00:00:00-05:00,15.079950355423058,15.240390997828255,15.030754023310648,15.16400146484375,91602065,0.0,0.0
2011-03-01 00:00:00-05:00,15.27228164714719,15.307881382298756,14.815434313379464,14.851527214050293,133426247,0.0,0.0
2011-03-02 00:00:00-05:00,14.827793580388994,14.981064868763935,14.713828811509671,14.85226821899414,81371863,0.0,0.0
2011-03-03 00:00:00-05:00,14.990459684081701,15.116784827497858,14.95634323419968,15.069072723388672,78103658,0.0,0.0
2011-03-04 00:00:00-05:00,15.038665781509627,15.054734835630496,14.837682389996814,14.848064422607422,120891439,0.0,0.0
2011-03-07 00:00:00-05:00,14.846335995249042,14.923959868294482,14.511363023241882,14.626564025878906,139027162,0.0,0.0
2011-03-08 00:00:00-05:00,14.657957515916378,14.782800317004243,14.590468627290619,14.642630577087402,91738575,0.0,0.0
2011-03-09 00:00:00-05:00,14.610246384700732,14.697018900497802,14.48046150806785,14.62928295135498,86362499,0.0,0.0
2011-03-10 00:00:00-05:00,14.472798050232512,14.501968649081054,14.324717765238248,14.345730781555176,125592995,0.0,0.0
2011-03-11 00:00:00-05:00,14.294310021553802,14.338313446338292,14.173422948195071,14.256980895996094,121734587,0.0,0.0
2011-03-14 00:00:00-04:00,14.160321881780124,14.296040840935595,14.04215431397667,14.09085464477539,113066217,0.0,0.0
2011-03-15 00:00:00-04:00,13.78208515995558,14.11582186757849,13.73264271981051,14.080223083496094,160824559,0.0,0.0
2011-03-16 00:00:00-04:00,14.041906222411843,14.085909645430485,13.628319292312336,13.772196769714355,152509508,0.0,0.0
2011-03-17 00:00:00-04:00,13.954639827005781,14.066379198420378,13.85723822441704,13.877510070800781,116406692,0.0,0.0
2011-03-18 00:00:00-04:00,13.958595262953702,14.041412044522868,13.837462077398547,13.870094299316406,132438559,0.0,0.0
2011-03-21 00:00:00-04:00,14.096538514634,14.333368687751717,14.066872860667289,14.251788139343262,121288923,0.0,0.0
2011-03-22 00:00:00-04:00,14.27082321398221,14.319276482562863,14.153150719836407,14.272059440612793,75758903,0.0,0.0
2011-03-23 00:00:00-04:00,14.219404323366083,14.398881546871127,14.140544223436077,14.391712188720703,72920303,0.0,0.0
2011-03-24 00:00:00-04:00,14.472550255780746,14.545726176442143,14.308648915466124,14.508644104003906,84262658,0.0,0.0
2011-03-25 00:00:00-04:00,14.50839599694846,14.509137165056075,14.319524970536682,14.331886291503906,114764559,0.0,0.0
2011-03-28 00:00:00-04:00,14.389485780402824,14.4616725223495,14.207538009238478,14.223607063293457,89068604,0.0,0.0
2011-03-29 00:00:00-04:00,14.239429493201454,14.385037324748856,14.165513351912766,14.381082534790039,64432607,0.0,0.0
2011-03-30 00:00:00-04:00,14.446591546292339,14.474279805918187,14.352650622903464,14.383800506591797,57105245,0.0,0.0
2011-03-31 00:00:00-04:00,14.412476558173715,14.540038876620372,14.381328566523207,14.505428314208984,81480268,0.0,0.0
2011-04-01 00:00:00-04:00,14.554871594104409,14.713828959030556,14.554871594104409,14.630023956298828,104919797,0.0,0.0
2011-04-04 00:00:00-04:00,14.659688637697736,14.702702888346131,14.414947944899327,14.52817153930664,82488031,0.0,0.0
2011-04-05 00:00:00-04:00,14.365013040375603,14.375148017588526,13.984305357537147,14.068605422973633,242806701,0.0,0.0
2011-04-06 00:00:00-04:00,14.144994579432499,14.218663665356873,14.041659835666115,14.194437026977539,107132058,0.0,0.0
2011-04-07 00:00:00-04:00,14.232754864999368,14.354136055591251,14.194683623143938,14.338314056396484,101639547,0.0,0.0
2011-04-08 00:00:00-04:00,14.459201397222513,14.459201397222513,14.290356099132849,14.292827606201172,76357137,0.0,0.0
2011-04-11 00:00:00-04:00,14.244372821745237,14.291343759664514,14.165265667180938,14.273297309875488,74606600,0.0,0.0
2011-04-12 00:00:00-04:00,14.214706897441571,14.261924890510027,14.042895043626391,14.106181144714355,83736694,0.0,0.0
2011-04-13 00:00:00-04:00,14.227315615612552,14.27898156168642,14.134362916215172,14.246350288391113,83086265,0.0,0.0
2011-04-14 00:00:00-04:00,14.219403721174498,14.3247167982753,14.143016078069277,14.301478385925293,219070062,0.0,0.0
2011-04-15 00:00:00-04:00,13.480240278451381,13.491612429233111,13.1037363278907,13.11955738067627,563853569,0.0,0.0
2011-04-18 00:00:00-04:00,13.013749748907989,13.044404575835687,12.830318685719565,13.02413272857666,202347616,0.0,0.0
2011-04-19 00:00:00-04:00,13.101016026908962,13.124006436556337,12.877289277823163,12.892863273620605,107766427,0.0,0.0
2011-04-20 00:00:00-04:00,13.000894495938928,13.023637848823796,12.889402182310748,12.996691703796387,122858785,0.0,0.0
2011-04-21 00:00:00-04:00,13.040203415342186,13.059733148935253,12.914124369882291,12.981119155883789,99174342,0.0,0.0
2011-04-25 00:00:00-04:00,12.98482619333787,13.02808750108611,12.90472892753386,12.979881286621094,65476506,0.0,0.0
2011-04-26 00:00:00-04:00,13.01622091236683,13.286177410421107,12.983835749799969,13.171964645385742,140524754,0.0,0.0
2011-04-27 00:00:00-04:00,13.300022456114556,13.302742912478122,13.20979020042324,13.294090270996094,92280599,0.0,0.0
2011-04-28 00:00:00-04:00,13.301506517944734,13.330925119982828,13.203115734127763,13.299281120300293,80299860,0.0,0.0
2011-04-29 00:00:00-04:00,13.34946453561131,13.450821876525879,13.31262952221594,13.450821876525879,169773978,0.0,0.0
2011-05-02 00:00:00-04:00,13.490375364370832,13.491117479041966,13.27826782177753,13.313865661621094,85667905,0.0,0.0
2011-05-03 00:00:00-04:00,13.278513973888769,13.39915303532786,13.09310458715598,13.198416709899902,83572079,0.0,0.0
2011-05-04 00:00:00-04:00,13.230062044432707,13.324743195510596,13.176909972497432,13.245388984680176,84997401,0.0,0.0
2011-05-05 00:00:00-04:00,13.19767638596691,13.335125677558777,13.13933329963804,13.207812309265137,80211530,0.0,0.0
2011-05-06 00:00:00-04:00,13.30373087771319,13.385558492962462,13.230309794299155,13.233275413513184,82552271,0.0,0.0
2011-05-09 00:00:00-04:00,13.225857777663668,13.312135233628835,13.129445345001306,13.292110443115234,78240168,0.0,0.0
2011-05-10 00:00:00-04:00,13.349464560160028,13.458979483262965,13.288649966184485,13.41522216796875,82022292,0.0,0.0
2011-05-11 00:00:00-04:00,13.352924482899073,13.437222641427528,13.193472077666014,13.236980438232422,93902656,0.0,0.0
2011-05-12 00:00:00-04:00,13.231790600787871,13.273816629080674,13.124747188708685,13.227093696594238,58149143,0.0,0.0
2011-05-13 00:00:00-04:00,13.216218225416288,13.248603393266631,13.078767973955946,13.0911283493042,84664157,0.0,0.0
2011-05-16 00:00:00-04:00,13.01103117359873,13.03476369853325,12.766043400747419,12.815979957580566,118771522,0.0,0.0
2011-05-17 00:00:00-04:00,12.742063647047376,13.13241218325635,12.732175726175269,13.11362361907959,132639308,0.0,0.0
2011-05-18 00:00:00-04:00,13.090878961678046,13.110408692016884,12.995949819254083,13.097554206848145,78420843,0.0,0.0
2011-05-19 00:00:00-04:00,13.169739978826293,13.26392890642735,13.095329732117895,13.133153915405273,99118132,0.0,0.0
2011-05-20 00:00:00-04:00,13.146750812253437,13.151447716961078,12.932418801764397,12.954668045043945,93047462,0.0,0.0
2011-05-23 00:00:00-04:00,12.770986573478726,12.855039576295344,12.691879424009823,12.815237998962402,92344839,0.0,0.0
2011-05-24 00:00:00-04:00,12.864187024126185,12.952935989340656,12.809305560633259,12.81202507019043,76284867,0.0,0.0
2011-05-25 00:00:00-04:00,12.78903479045274,12.923517521136084,12.787056448986535,12.846882820129395,52259149,0.0,0.0
2011-05-26 00:00:00-04:00,12.79817924579252,12.907448050283215,12.731433419438071,12.808809280395508,85057626,0.0,0.0
2011-05-27 00:00:00-04:00,12.817463397629437,12.89929100309161,12.763570161192947,12.877288818359375,70093747,0.0,0.0
2011-05-31 00:00:00-04:00,12.978644924330208,13.078766032251675,12.941562857215816,13.078024864196777,107894906,0.0,0.0
2011-06-01 00:00:00-04:00,13.05379831123364,13.181359685583832,12.98630941705491,12.993478775024414,118679178,0.0,0.0
2011-06-02 00:00:00-04:00,13.042179353931926,13.10966729792651,12.91634737857566,13.054291725158691,88510520,0.0,0.0
2011-06-03 00:00:00-04:00,12.904483761716614,13.04292223856847,12.892123386263755,12.931181907653809,70202152,0.0,0.0
2011-06-06 00:00:00-04:00,12.942553367875648,13.023638865311145,12.836499118235514,12.881244659423828,77975179,0.0,0.0
2011-06-07 00:00:00-04:00,12.926484625584857,12.969500775507232,12.830072185346467,12.831060409545898,76590006,0.0,0.0
2011-06-08 00:00:00-04:00,12.769256848696491,12.885693119078924,12.750715341930663,12.83452033996582,66383894,0.0,0.0
2011-06-09 00:00:00-04:00,12.85504078921345,12.85504078921345,12.747256199331192,12.774202346801758,67817246,0.0,0.0
2011-06-10 00:00:00-04:00,12.708689215943844,12.773212490039622,12.590275542950963,12.59571361541748,97961814,0.0,0.0
2011-06-13 00:00:00-04:00,12.607827580362384,12.61277248758993,12.414260587870935,12.477546691894531,97455925,0.0,0.0
2011-06-14 00:00:00-04:00,12.562093520174779,12.708689570018821,12.533417034541504,12.567532539367676,94011061,0.0,0.0
2011-06-15 00:00:00-04:00,12.484961130975023,12.567035787013896,12.375694222361053,12.433541297912598,83242849,0.0,0.0
2011-06-16 00:00:00-04:00,12.430081948773926,12.523033705089375,12.27829394001648,12.36976146697998,110693357,0.0,0.0
2011-06-17 00:00:00-04:00,12.513393491194135,12.52600092216788,11.984853522709967,11.990291595458984,210602442,0.0,0.0
2011-06-20 00:00:00-04:00,11.989797913132955,12.020204739447705,11.84715664453966,11.979413986206055,121598077,0.0,0.0
2011-06-21 00:00:00-04:00,12.0439372644058,12.21080611818203,11.983122665209256,12.187566757202148,111030616,0.0,0.0
2011-06-22 00:00:00-04:00,12.149247906424787,12.171497147290282,12.032564576399315,12.039485931396484,96644896,0.0,0.0
2011-06-23 00:00:00-04:00,11.918847713229978,11.936894164664459,11.711189047127446,11.87162971496582,192787918,0.0,0.0
2011-06-24 00:00:00-04:00,11.883001674886192,11.884732013730288,11.693636534416987,11.739618301391602,152794573,0.0,0.0
2011-06-27 00:00:00-04:00,11.717862052887611,12.07384799911008,11.70797318626902,11.935409545898438,138304463,0.0,0.0
2011-06-28 00:00:00-04:00,11.965570694199908,12.266922272697876,11.965570694199908,12.203636169433594,109011074,0.0,0.0
2011-06-29 00:00:00-04:00,12.275079022326604,12.366795495861915,12.17223840156717,12.300542831420898,94071286,0.0,0.0
2011-06-30 00:00:00-04:00,12.409810540062637,12.525505654186464,12.39769722138444,12.518336296081543,97500090,0.0,0.0
2011-07-01 00:00:00-04:00,12.527237171631004,12.884212334909776,12.518336527914471,12.88050365447998,146013250,0.0,0.0
2011-07-05 00:00:00-04:00,12.986061261515655,13.235745916520356,12.986061261515655,13.16257095336914,154545110,0.0,0.0
2011-07-06 00:00:00-04:00,13.188776608455997,13.31263025386865,13.177404457681122,13.234758377075195,108228151,0.0,0.0
2011-07-07 00:00:00-04:00,13.374186266661939,13.61348892343214,13.247614055812308,13.512624740600586,158010049,0.0,0.0
2011-07-08 00:00:00-04:00,13.175179812727576,13.291369031166534,13.034763011977478,13.151446342468262,191523195,0.0,0.0
2011-07-11 00:00:00-04:00,13.057258623942246,13.250084422187905,12.99100501660723,13.035009384155273,113997696,0.0,0.0
2011-07-12 00:00:00-04:00,13.0567658870037,13.335127069987879,13.003368648595009,13.201385498046875,114073981,0.0,0.0
2011-07-13 00:00:00-04:00,13.275301897091822,13.448349984021345,13.262445517053658,13.306449890136719,112026334,0.0,0.0
2011-07-14 00:00:00-04:00,13.327709974983051,13.39890755132634,13.021413488285182,13.076047897338867,266976958,0.0,0.0
2011-07-15 00:00:00-04:00,14.770935373768525,14.838919327071018,14.540039260359208,14.77390193939209,551342851,0.0,0.0
2011-07-18 00:00:00-04:00,14.647082641627467,14.883417788877665,14.634969322341675,14.707650184631348,179401931,0.0,0.0
2011-07-19 00:00:00-04:00,14.737314442206548,14.948432813453222,14.722234558546072,14.895776748657227,119144917,0.0,0.0
2011-07-20 00:00:00-04:00,14.886631108742373,14.90269921670754,14.71778392791748,14.71778392791748,89446014,0.0,0.0
2011-07-21 00:00:00-04:00,14.685152705746022,15.031991928194659,14.684657647101204,15.005539894104004,139300182,0.0,0.0
2011-07-22 00:00:00-04:00,14.965983761625958,15.314800341419508,14.93829645033772,15.283404350280762,141656982,0.0,0.0
2011-07-25 00:00:00-04:00,15.163015007713408,15.460905918479972,15.154115310400927,15.301947593688965,125733520,0.0,0.0
2011-07-26 00:00:00-04:00,15.278956467155703,15.512572090812132,15.25843851034687,15.389460563659668,94067271,0.0,0.0
2011-07-27 00:00:00-04:00,15.257447768555961,15.350646573751742,14.9501630943962,15.011223793029785,157965884,0.0,0.0
2011-07-28 00:00:00-04:00,14.961040425665885,15.227782360177802,14.90690108087368,15.103187561035156,124802042,0.0,0.0
2011-07-29 00:00:00-04:00,14.937309277468337,15.202568900281822,14.923959732055664,14.923959732055664,166116320,0.0,0.0
2011-08-01 00:00:00-04:00,15.11011107315731,15.215917317882848,14.812467234385524,15.000101089477539,159238637,0.0,0.0
2011-08-02 00:00:00-04:00,14.981065655963173,15.071792964297467,14.624338503115226,14.644857406616211,128503865,0.0,0.0
2011-08-03 00:00:00-04:00,14.691085343072054,14.906901561137785,14.42805208009102,14.861661911010742,153601587,0.0,0.0
2011-08-04 00:00:00-04:00,14.696772342860928,14.804309874621168,14.275769915406535,14.277005195617676,197320845,0.0,0.0
2011-08-05 00:00:00-04:00,14.40110543069418,14.585525660966114,13.89333144742955,14.314580917358398,238052949,0.0,0.0
2011-08-08 00:00:00-04:00,13.917557353760122,14.06637878949243,13.45700138760067,13.498286247253418,300987964,0.0,0.0
2011-08-09 00:00:00-04:00,13.868610145964064,14.20506734407368,13.37443274972809,14.17540168762207,259758001,0.0,0.0
2011-08-10 00:00:00-04:00,13.878004088932075,13.945740036147066,13.540558686416396,13.572202682495117,215589063,0.0,0.0
2011-08-11 00:00:00-04:00,13.691111220300137,14.054019505391022,13.557370603821905,13.896546363830566,193948251,0.0,0.0
2011-08-12 00:00:00-04:00,14.078741054111832,14.103461803097614,13.853777126836981,13.937088966369629,126644924,0.0,0.0
2011-08-15 00:00:00-04:00,13.681472567799663,13.967250172816433,13.499029710923432,13.775412559509277,286867234,0.0,0.0
2011-08-16 00:00:00-04:00,13.65674967449953,13.65699673054123,13.109668207812923,13.324743270874023,278616423,0.0,0.0
2011-08-17 00:00:00-04:00,13.350204832216441,13.440685075716909,13.121286133984361,13.180123329162598,163775579,0.0,0.0
2011-08-18 00:00:00-04:00,12.940822337123649,12.975926064699772,12.372727880210332,12.481254577636719,252571164,0.0,0.0
2011-08-19 00:00:00-04:00,12.344300265430507,12.728220631183833,12.134663269646541,12.136147499084473,217211120,0.0,0.0
2011-08-22 00:00:00-04:00,12.459500842023143,12.533664988261346,12.225392035693536,12.315377235412598,196971541,0.0,0.0
2011-08-23 00:00:00-04:00,12.447138352436403,12.889895863841417,12.337376381221214,12.825867652893066,174523715,0.0,0.0
2011-08-24 00:00:00-04:00,12.838476092845266,13.102252426781114,12.78656214178457,12.936372756958008,144318923,0.0,0.0
2011-08-25 00:00:00-04:00,13.111647337281745,13.28197686978536,12.81301430598572,12.856029510498047,132213719,0.0,0.0
2011-08-26 00:00:00-04:00,12.854794166250686,13.113377611001196,12.685452858815895,13.024628639221191,144391193,0.0,0.0
2011-08-29 00:00:00-04:00,13.214981817546557,13.335867944109486,13.190260122384556,13.32672119140625,93782206,0.0,0.0
2011-08-30 00:00:00-04:00,13.30471896309746,13.423381584974758,13.122277075110794,13.366768836975098,120008140,0.0,0.0
2011-08-31 00:00:00-04:00,13.466642467052601,13.50520687136276,13.250579194206361,13.373196601867676,108135806,0.0,0.0
2011-09-01 00:00:00-04:00,13.368004806631545,13.444145386713972,13.132410869471302,13.164053916931152,96982155,0.0,0.0
2011-09-02 00:00:00-04:00,12.96554369140507,13.050831980737694,12.873086990548662,12.974691390991211,96408011,0.0,0.0
2011-09-06 00:00:00-04:00,12.627604950027061,12.92327044820209,12.620188535975647,12.908931732177734,109039179,0.0,0.0
2011-09-07 00:00:00-04:00,13.113376638507113,13.249096541130228,13.0379772184803,13.201878547668457,110645177,0.0,0.0
2011-09-08 00:00:00-04:00,13.196192289597677,13.327215285977097,13.149222299398836,13.224868774414062,95576908,0.0,0.0
2011-09-09 00:00:00-04:00,13.136861364122819,13.21720474006945,12.8844581400507,12.974937438964844,131242091,0.0,0.0
2011-09-12 00:00:00-04:00,12.80460942047217,13.151447719935094,12.793237269490637,13.105219841003418,107216373,0.0,0.0
2011-09-13 00:00:00-04:00,13.151695109756094,13.198171939068887,12.939092486185585,13.090387344360352,94520965,0.0,0.0
2011-09-14 00:00:00-04:00,13.166278748535126,13.27406332577062,12.998915807968586,13.153424263000488,108179971,0.0,0.0
2011-09-15 00:00:00-04:00,13.23821982802126,13.472576623473087,13.214982361256256,13.412751197814941,118875912,0.0,0.0
2011-09-16 00:00:00-04:00,13.468126777187164,13.518557443610762,13.427088972653713,13.514601707458496,141901897,0.0,0.0
2011-09-19 00:00:00-04:00,13.35811685250224,13.594203971233648,13.23525238758388,13.514354705810547,99106087,0.0,0.0
2011-09-20 00:00:00-04:00,13.58184381586984,13.80730184958893,13.415469090147871,13.51336669921875,111580670,0.0,0.0
2011-09-21 00:00:00-04:00,13.53957019452283,13.720281735530957,13.321281527236275,13.329686164855957,100948969,0.0,0.0
2011-09-22 00:00:00-04:00,13.009547408864321,13.072091393964621,12.706712564278199,12.871355056762695,176671736,0.0,0.0
2011-09-23 00:00:00-04:00,12.769999544444527,13.013750151726885,12.719073815256344,12.991253852844238,111508400,0.0,0.0
2011-09-26 00:00:00-04:00,13.034269430703969,13.174686247369435,12.688172296418257,13.14897632598877,105762945,0.0,0.0
2011-09-27 00:00:00-04:00,13.304966582409842,13.52374938089624,13.251815456347956,13.333148956298828,120887424,0.0,0.0
2011-09-28 00:00:00-04:00,13.386546742455828,13.448843673161349,13.04539359335587,13.073575019836426,90871336,0.0,0.0
2011-09-29 00:00:00-04:00,13.251568479071905,13.282718365393453,12.840454914664603,13.040450096130371,116699786,0.0,0.0
2011-09-30 00:00:00-04:00,12.860232221642637,12.953925154125933,12.716106723820763,12.732423782348633,109352349,0.0,0.0
2011-10-03 00:00:00-04:00,12.604118279597174,12.657269399661416,12.2370081854846,12.249862670898438,179646846,0.0,0.0
2011-10-04 00:00:00-04:00,12.114143184231056,12.445655426023967,11.88102170621129,12.407584190368652,166975528,0.0,0.0
2011-10-05 00:00:00-04:00,12.27038420474738,12.55344228423114,11.885226663097853,12.476805686950684,182043797,0.0,0.0
2011-10-06 00:00:00-04:00,12.546025996253391,12.737120539555605,12.42489091157204,12.724266052246094,137485405,0.0,0.0
2011-10-07 00:00:00-04:00,12.776673827019641,12.867400183848442,12.615243063967096,12.734399795532227,114664185,0.0,0.0
2011-10-10 00:00:00-04:00,12.983095269554534,13.286919282359225,12.934146939089123,13.279502868652344,93236167,0.0,0.0
2011-10-11 00:00:00-04:00,13.187786849192172,13.517567824377878,13.187786849192172,13.428077697753906,114563810,0.0,0.0
2011-10-12 00:00:00-04:00,13.550449308081003,13.725969859102742,13.463924786151644,13.559596061706543,127588447,0.0,0.0
2011-10-13 00:00:00-04:00,13.597417844573414,13.819168145204673,13.547728345109824,13.818921089172363,228356741,0.0,0.0
2011-10-14 00:00:00-04:00,14.819635827725769,14.822849449210398,14.525452681821958,14.627057075500488,342474886,0.0,0.0
2011-10-17 00:00:00-04:00,14.43027621727777,14.63076550473508,14.288871185781357,14.397891998291016,160928949,0.0,0.0
2011-10-18 00:00:00-04:00,14.34301128871456,14.648812704288863,14.274038166154929,14.598133087158203,152601853,0.0,0.0
2011-10-19 00:00:00-04:00,14.519766857465559,14.636452083052346,14.319030520052156,14.355618476867676,117699519,0.0,0.0
2011-10-20 00:00:00-04:00,14.385284539587824,14.558084619007428,14.326200283742715,14.429040908813477,135666613,0.0,0.0
2011-10-21 00:00:00-04:00,14.573413393707472,14.653509717852023,14.503946158561813,14.597639083862305,136148412,0.0,0.0
2011-10-24 00:00:00-04:00,14.504440186879892,14.83199673263582,14.499002114393827,14.74423599243164,137589795,0.0,0.0
2011-10-25 00:00:00-04:00,14.662161317188307,14.70913225412773,14.408768910734276,14.41643238067627,102000897,0.0,0.0
2011-10-26 00:00:00-04:00,14.574400970469657,14.589974965797,14.161803209984738,14.494303703308105,115354763,0.0,0.0
2011-10-27 00:00:00-04:00,14.79367885289319,14.899485092156889,14.667105708843163,14.799858093261719,151778780,0.0,0.0
2011-10-28 00:00:00-04:00,14.697265283540897,14.889596977224002,14.690590038058394,14.836197853088379,100696024,0.0,0.0
2011-10-31 00:00:00-04:00,14.711357745834585,14.825074515520775,14.626810626746886,14.650789260864258,102695490,0.0,0.0
2011-11-01 00:00:00-04:00,14.34078605977094,14.474527621006127,14.257970225724181,14.304939270019531,125472546,0.0,0.0
2011-11-02 00:00:00-04:00,14.459447327901797,14.535093801858054,14.350180409203833,14.45746898651123,85153986,0.0,0.0
2011-11-03 00:00:00-04:00,14.511363402135435,14.770936012268066,14.430276956061286,14.770936012268066,107192283,0.0,0.0
2011-11-04 00:00:00-04:00,14.6720507330912,14.826312148135134,14.645598698069584,14.73731517791748,113817021,0.0,0.0
2011-11-07 00:00:00-05:00,14.667600853803156,15.049791819699994,14.64065470675072,15.038666725158691,134799374,0.0,0.0
2011-11-08 00:00:00-05:00,15.055229531272282,15.187982868430176,14.921735026002677,15.137798309326172,121630197,0.0,0.0
2011-11-09 00:00:00-05:00,14.938050714010595,15.064870916386168,14.799611305614928,14.856223106384277,148996390,0.0,0.0
2011-11-10 00:00:00-05:00,14.97933534055949,14.97982945261224,14.624090545853361,14.71111011505127,115166059,0.0,0.0
2011-11-11 00:00:00-05:00,14.864877359222916,15.13161933510801,14.798129627949917,15.039161682128906,159676271,0.0,0.0
2011-11-14 00:00:00-05:00,15.030507190506732,15.279696796768807,15.025069118196432,15.15411376953125,128026081,0.0,0.0
2011-11-15 00:00:00-05:00,15.149169936233898,15.279697879553073,15.092312022811708,15.242121696472168,107441212,0.0,0.0
2011-11-16 00:00:00-05:00,15.131369968294658,15.285136309510017,15.09503001566085,15.116289138793945,104731092,0.0,0.0
2011-11-17 00:00:00-05:00,15.081185546383328,15.1365611184668,14.753134905972388,14.85424518585205,140255750,0.0,0.0
2011-11-18 00:00:00-05:00,14.882181866678867,14.9439837407162,14.678230949481254,14.70616626739502,132000924,0.0,0.0
2011-11-21 00:00:00-05:00,14.530150474729997,14.54844492722843,14.142769442354483,14.361552238464355,120501984,0.0,0.0
2011-11-22 00:00:00-05:00,14.338314056396484,14.461178529832411,14.220641546202154,14.338314056396484,96572626,0.0,0.0
2011-11-23 00:00:00-05:00,14.223360284394973,14.344493465797056,14.093820571899414,14.093820571899414,93380707,0.0,0.0
2011-11-25 00:00:00-05:00,13.972193927355063,14.196661869203108,13.876769707525591,13.91805362701416,62730250,0.0,0.0
2011-11-28 00:00:00-05:00,14.322737520920763,14.55635310758385,14.251787013028444,14.540779113769531,113580136,0.0,0.0
2011-11-29 00:00:00-05:00,14.533117886606277,14.594425647316054,14.371193004286964,14.410747528076172,73546641,0.0,0.0
2011-11-30 00:00:00-05:00,14.782060583192477,14.820624990024095,14.637193925164171,14.817658424377441,136389312,0.0,0.0
2011-12-01 00:00:00-05:00,14.832738079723827,15.22827858221467,14.808017330766505,15.173150062561035,145366836,0.0,0.0
2011-12-02 00:00:00-05:00,15.254234825204561,15.426047619189447,15.23470414712462,15.33606243133545,164040568,0.0,0.0
2011-12-05 00:00:00-05:00,15.516033270554043,15.621345400897336,15.386493557193775,15.466837882995605,128379401,0.0,0.0
2011-12-06 00:00:00-05:00,15.401078843412273,15.540258470550683,15.333095840582466,15.420361518859863,93408812,0.0,0.0
2011-12-07 00:00:00-05:00,15.368694746582825,15.467085525429978,15.280193782033711,15.410968780517578,90630437,0.0,0.0
2011-12-08 00:00:00-05:00,15.352874613984785,15.51133788364292,15.210974512488542,15.229515075683594,96885796,0.0,0.0
2011-12-09 00:00:00-05:00,15.27771992458751,15.552866497782038,15.2532452868585,15.51059341430664,111062736,0.0,0.0
2011-12-12 00:00:00-05:00,15.373639500391041,15.479939857836651,15.334332032507813,15.460411071777344,87683432,0.0,0.0
2011-12-13 00:00:00-05:00,15.543720693923877,15.736546509259453,15.397617812994557,15.466343879699707,161731947,0.0,0.0
2011-12-14 00:00:00-05:00,15.37289723297756,15.433958883823331,15.14150606272117,15.279450416564941,156733281,0.0,0.0
2011-12-15 00:00:00-05:00,15.3894592522583,15.426047207459908,15.29477621614335,15.315790176391602,96705121,0.0,0.0
2011-12-16 00:00:00-05:00,15.433958862178581,15.557564499922117,15.363503402555303,15.474501609802246,179040582,0.0,0.0
2011-12-19 00:00:00-05:00,15.525179373175192,15.537293638202474,15.327162538993885,15.37240219116211,86061375,0.0,0.0
2011-12-20 00:00:00-05:00,15.524931701321092,15.619861796872348,15.524684645293066,15.583521842956543,95886062,0.0,0.0
2011-12-21 00:00:00-05:00,15.574621557522942,15.619367094148506,15.301451433690179,15.471039772033691,100290510,0.0,0.0
2011-12-22 00:00:00-05:00,15.523695221523463,15.617141080535495,15.500457758062295,15.566957473754883,73165217,0.0,0.0
2011-12-23 00:00:00-05:00,15.623818047102588,15.690070714086044,15.58821926009959,15.651999473571777,58365953,0.0,0.0
2011-12-27 00:00:00-05:00,15.62505363794693,15.932585400884864,15.623818357741587,15.827768325805664,64496847,0.0,0.0
2011-12-28 00:00:00-05:00,15.889571212664176,15.94519384540946,15.774617266817323,15.81417179107666,85406931,0.0,0.0
2011-12-29 00:00:00-05:00,15.858422211539457,15.895752284699574,15.702925517870266,15.880919456481934,63252199,0.0,0.0
2011-12-30 00:00:00-05:00,15.871523235834845,15.988702567937672,15.871523235834845,15.967440605163574,71559220,0.0,0.0
2012-01-03 00:00:00-05:00,16.141481773386513,16.517491614973853,16.127389166241187,16.44975471496582,147611217,0.0,0.0
2012-01-04 00:00:00-05:00,16.440360884953495,16.569405548070847,16.33134006729404,16.52070426940918,114989399,0.0,0.0
2012-01-05 00:00:00-05:00,16.368667030217,16.414153734498576,16.222811216146592,16.291536331176758,131808205,0.0,0.0
2012-01-06 00:00:00-05:00,16.29499909479282,16.31601305750842,16.06360886119694,16.06929588317871,108119746,0.0,0.0
2012-01-09 00:00:00-05:00,15.982275176685587,15.99463744470011,15.357569828451519,15.387977600097656,233776981,0.0,0.0
2012-01-10 00:00:00-05:00,15.568195224727383,15.66831633865773,15.250774604327395,15.404787063598633,176483032,0.0,0.0
2012-01-11 00:00:00-05:00,15.41368701507932,15.559295785332305,15.354850761803792,15.474501609802246,96359832,0.0,0.0
2012-01-12 00:00:00-05:00,15.604535876366416,15.645820739837973,15.487850644106818,15.565475463867188,75289148,0.0,0.0
2012-01-13 00:00:00-05:00,15.481918418388467,15.498975697714169,15.35336787032486,15.450522422790527,92637933,0.0,0.0
2012-01-17 00:00:00-05:00,15.623323405210368,15.623323405210368,15.467578717353884,15.539270401000977,76658261,0.0,0.0
2012-01-18 00:00:00-05:00,15.491064983742573,15.67325982116047,15.379571716355628,15.64631462097168,110882061,0.0,0.0
2012-01-19 00:00:00-05:00,15.846062585929813,15.846062585929813,15.610468608748793,15.810957908630371,253157352,0.0,0.0
2012-01-20 00:00:00-05:00,14.598627401773788,14.610245660812993,14.380339681347452,14.486392974853516,424637703,0.0,0.0
2012-01-23 00:00:00-05:00,14.486640622777186,14.552399176503048,14.416432220756155,14.474774360656738,137027695,0.0,0.0
2012-01-24 00:00:00-05:00,14.494550779421326,14.528172170097706,14.28887048553129,14.36130428314209,122690156,0.0,0.0
2012-01-25 00:00:00-05:00,14.276757963262426,14.306423619460942,14.001610421883486,14.07849407196045,200255805,0.0,0.0
2012-01-26 00:00:00-05:00,14.140049594249135,14.20185241255929,13.956370531563428,14.044130325317383,129531704,0.0,0.0
2012-01-27 00:00:00-05:00,14.110383672174688,14.346224683905502,14.074538776559873,14.33781909942627,145242371,0.0,0.0
2012-01-30 00:00:00-05:00,14.290106781062246,14.33831299664329,14.175153789007389,14.281207084655762,93569411,0.0,0.0
2012-01-31 00:00:00-05:00,14.412476664946473,14.437198360198492,14.218415569476186,14.341032981872559,86017210,0.0,0.0
2012-02-01 00:00:00-05:00,14.460435810017009,14.474280413698676,14.317053385384135,14.358832359313965,93175942,0.0,0.0
2012-02-02 00:00:00-05:00,14.45870652542475,14.496776819395665,14.389733402261948,14.464638710021973,96950036,0.0,0.0
2012-02-03 00:00:00-05:00,14.601841325070477,14.76030457512628,14.537318999380371,14.742011070251465,127215053,0.0,0.0
2012-02-06 00:00:00-05:00,14.709379607396398,15.100469317824343,14.684657911680066,15.057455062866211,147735682,0.0,0.0
2012-02-07 00:00:00-05:00,15.00949584496521,15.064871420862872,14.925689893140877,15.000101089477539,83997668,0.0,0.0
2012-02-08 00:00:00-05:00,15.046328783312195,15.113323560591255,14.949916354734976,15.076241493225098,73731331,0.0,0.0
2012-02-09 00:00:00-05:00,15.129888649120709,15.191197359432927,15.05523039286007,15.116044044494629,90927546,0.0,0.0
2012-02-10 00:00:00-05:00,15.02754210388183,15.033721344490885,14.931623781363939,14.978840827941895,93356617,0.0,0.0
2012-02-13 00:00:00-05:00,15.092312339325451,15.174881121417405,15.080446076358951,15.134337425231934,72924318,0.0,0.0
2012-02-14 00:00:00-05:00,15.118021897689724,15.129393101709997,14.950411883882204,15.074017524719238,72418428,0.0,0.0
2012-02-15 00:00:00-05:00,15.152383920511458,15.152383920511458,14.896024001742402,14.97018814086914,97399715,0.0,0.0
2012-02-16 00:00:00-05:00,14.90245280228536,15.050533083998367,14.77662176322225,14.993921279907227,101615457,0.0,0.0
2012-02-17 00:00:00-05:00,14.955602497858246,15.021361052925242,14.89206934027164,14.947444915771484,98331193,0.0,0.0
2012-02-21 00:00:00-05:00,14.928408137688288,15.27475227709444,14.90393350017644,15.178833961486816,99603946,0.0,0.0
2012-02-22 00:00:00-05:00,15.12840598875509,15.247562736413633,14.998619204425653,15.02902603149414,78974912,0.0,0.0
2012-02-23 00:00:00-05:00,15.005786861204125,15.02902432697771,14.841391422255017,14.983784675598145,82508106,0.0,0.0
2012-02-24 00:00:00-05:00,15.014440314385048,15.120741621365639,14.968952657935397,15.077479362487793,77714204,0.0,0.0
2012-02-27 00:00:00-05:00,14.995651076212186,15.138292333480221,14.957827838363354,15.06289291381836,72827958,0.0,0.0
2012-02-28 00:00:00-05:00,15.079951446007867,15.32147759645064,15.022597528115902,15.287361145019531,114330940,0.0,0.0
2012-02-29 00:00:00-05:00,15.292554809579205,15.465602902810184,15.215918211246645,15.283902168273926,125946315,0.0,0.0
2012-03-01 00:00:00-05:00,15.383033958679675,15.468075194800628,15.281429554855288,15.386494636535645,89843498,0.0,0.0
2012-03-02 00:00:00-05:00,15.376604258676318,15.426047647456283,15.335073288757856,15.358063697814941,63167885,0.0,0.0
2012-03-05 00:00:00-05:00,15.3377928537705,15.388718578892078,15.114065163043533,15.185015678405762,63970883,0.0,0.0
2012-03-06 00:00:00-05:00,15.031744223960132,15.050531840707006,14.680454221730718,14.955354690551758,127451937,0.0,0.0
2012-03-07 00:00:00-05:00,15.056465682963038,15.109369754688565,14.97760558062764,15.000843048095703,50769586,0.0,0.0
2012-03-08 00:00:00-05:00,15.080939473444257,15.117033319306021,14.98971805450171,15.009248733520508,54021731,0.0,0.0
2012-03-09 00:00:00-05:00,15.029272043100551,15.12691975526981,14.832737552318681,14.838918685913086,107224403,0.0,0.0
2012-03-12 00:00:00-04:00,14.832738171224166,15.005787201292346,14.814444665430923,14.960052490234375,67010233,0.0,0.0
2012-03-13 00:00:00-04:00,15.04904899656409,15.274012932207802,14.969941839606845,15.272281646728516,90168712,0.0,0.0
2012-03-14 00:00:00-04:00,15.203557471685265,15.395889184492118,15.165487176059173,15.228032112121582,117916329,0.0,0.0
2012-03-15 00:00:00-04:00,15.243110399967682,15.413686017562766,15.199353086967522,15.355097770690918,97769094,0.0,0.0
2012-03-16 00:00:00-04:00,15.349164814740922,15.473265512169386,15.328398855393942,15.45175838470459,122477361,0.0,0.0
2012-03-19 00:00:00-04:00,15.404293434522476,15.75409923087636,15.357817555017514,15.672765731811523,87237768,0.0,0.0
2012-03-20 00:00:00-04:00,15.597119952825821,15.724187222386787,15.506886752800728,15.660653114318848,61850967,0.0,0.0
2012-03-21 00:00:00-04:00,15.688339270352682,16.004276608666064,15.636425319738755,15.82109260559082,99154267,0.0,0.0
2012-03-22 00:00:00-04:00,15.78450760118239,16.039135319369656,15.599098177087088,15.971152305603027,96769361,0.0,0.0
2012-03-23 00:00:00-04:00,15.984746342366952,16.031717277588285,15.843836376427381,15.885615348815918,77898894,0.0,0.0
2012-03-26 00:00:00-04:00,15.945194082366049,16.056193240038905,15.810216289628992,16.052236557006836,73040752,0.0,0.0
2012-03-27 00:00:00-04:00,15.99537949523395,16.155324146272925,15.940250974079499,15.995131492614746,80588939,0.0,0.0
2012-03-28 00:00:00-04:00,16.118983448771825,16.28115442695398,16.095498928396985,16.211193084716797,101936657,0.0,0.0
2012-03-29 00:00:00-04:00,16.15384108231682,16.231712008089357,15.927889881752705,16.02949333190918,77260510,0.0,0.0
2012-03-30 00:00:00-04:00,16.11206019518048,16.15507633961988,15.8463083782738,15.852240562438965,92774443,0.0,0.0
2012-04-02 00:00:00-04:00,15.840621656638119,16.00699637652237,15.694025617219156,15.992657661437988,91710470,0.0,0.0
2012-04-03 00:00:00-04:00,15.955328519451106,16.018120505373762,15.787965575664945,15.88635540008545,82102591,0.0,0.0
2012-04-04 00:00:00-04:00,15.7832702847164,15.796866886531111,15.60156955386532,15.701690673828125,65348026,0.0,0.0
2012-04-05 00:00:00-04:00,15.629749830914019,15.733331621072358,15.53902347347985,15.631728172302246,93095642,0.0,0.0
2012-04-09 00:00:00-04:00,15.536799266899763,15.70614056983726,15.457939165451315,15.595141410827637,87635252,0.0,0.0
2012-04-10 00:00:00-04:00,15.661393311599669,15.68561900034677,15.439643020503336,15.496749877929688,99652126,0.0,0.0
2012-04-11 00:00:00-04:00,15.672519581502355,15.722703197670308,15.606513965480636,15.721714973449707,88289696,0.0,0.0
2012-04-12 00:00:00-04:00,15.879680352314535,16.146421316133004,15.828012518956122,16.093765258789062,231127086,0.0,0.0
2012-04-13 00:00:00-04:00,16.0082331184405,16.04383190469937,15.414675797819493,15.44088077545166,327595322,0.0,0.0
2012-04-16 00:00:00-04:00,15.40132663421481,15.421350478693677,14.87377491010243,14.982796669006348,228537416,0.0,0.0
2012-04-17 00:00:00-04:00,15.044353825127303,15.270058940713417,15.006035524880529,15.069321632385254,121409373,0.0,0.0
2012-04-18 00:00:00-04:00,15.03174433396934,15.149168832646279,14.902204624263431,15.016911506652832,107180238,0.0,0.0
2012-04-19 00:00:00-04:00,14.973402661837536,15.23470561014359,14.808018041513446,14.815434455871582,132277959,0.0,0.0
2012-04-20 00:00:00-04:00,14.937803930349114,15.051520699446929,14.72965117518718,14.735336303710938,122794545,0.0,0.0
2012-04-23 00:00:00-04:00,14.65721775679904,14.794420944545813,14.590470029809426,14.773406982421875,88241516,0.0,0.0
2012-04-24 00:00:00-04:00,14.78922948155103,14.996639174603477,14.76648518125044,14.864134788513184,77453230,0.0,0.0
2012-04-25 00:00:00-04:00,14.931622591771122,15.113323298856388,14.903933386517531,15.073027610778809,73117037,0.0,0.0
2012-04-26 00:00:00-04:00,15.102447085844636,15.277720560408964,15.072534374711342,15.21517562866211,84013728,0.0,0.0
2012-04-27 00:00:00-04:00,15.204051235335195,15.246571378559338,15.094784311627809,15.203063011169434,65701345,0.0,0.0
2012-04-30 00:00:00-04:00,15.153866197830256,15.230254782774969,14.84781679944018,14.952634811401367,96652926,0.0,0.0
2012-05-01 00:00:00-04:00,14.926431121040492,15.119503996052629,14.837436045475993,14.942254066467285,80392204,0.0,0.0
2012-05-02 00:00:00-04:00,14.862403104166866,15.03322672842045,14.847817332819936,15.012214660644531,64701612,0.0,0.0
2012-05-03 00:00:00-04:00,15.070556818010822,15.199354421811218,15.053993650811579,15.1051664352417,75000069,0.0,0.0
2012-05-04 00:00:00-04:00,14.97908680225123,15.027788074674165,14.753876784056144,14.757831573486328,88626955,0.0,0.0
2012-05-07 00:00:00-04:00,14.709132168075714,15.094040734613724,14.709132168075714,15.019383430480957,80079035,0.0,0.0
2012-05-08 00:00:00-04:00,14.969445704546635,15.25052634816142,14.850041923955954,15.148921012878418,107493407,0.0,0.0
2012-05-09 00:00:00-04:00,15.001337046968661,15.23767217437668,14.877483408181382,15.058937072753906,93501157,0.0,0.0
2012-05-10 00:00:00-04:00,15.153124902302231,15.232975115542708,15.085636009814122,15.170430183410645,61666277,0.0,0.0
2012-05-11 00:00:00-04:00,15.088601649781717,15.192431436913429,14.950657307738648,14.962029457092285,84290763,0.0,0.0
2012-05-14 00:00:00-04:00,14.852021250737426,15.042869679699013,14.847077290096289,14.931624412536621,73249532,0.0,0.0
2012-05-15 00:00:00-04:00,14.964997156567472,15.20355673588377,14.925442633423287,15.107391357421875,84399167,0.0,0.0
2012-05-16 00:00:00-04:00,15.276731287769044,15.576846621219465,15.226793786486896,15.547922134399414,194128926,0.0,0.0
2012-05-17 00:00:00-04:00,15.669058960422685,15.768437968898505,15.357570495644525,15.402563095092773,134654835,0.0,0.0
2012-05-18 00:00:00-04:00,15.453241171607509,15.634200722106314,14.751158098993077,14.842626571655273,239835606,0.0,0.0
2012-05-21 00:00:00-04:00,14.845346548340071,15.22061520601366,14.832738171171226,15.181554794311523,123477094,0.0,0.0
2012-05-22 00:00:00-04:00,15.16499284754714,15.174138654033873,14.733854493984122,14.852516174316406,122533571,0.0,0.0
2012-05-23 00:00:00-04:00,14.873527925495635,15.070062423821248,14.761541493608604,15.066600799560547,127600492,0.0,0.0
2012-05-24 00:00:00-04:00,15.059183780776603,15.127414787049348,14.80480315643592,14.9232177734375,75935562,0.0,0.0
2012-05-25 00:00:00-04:00,14.85745890939609,14.875505357987182,14.543003920604784,14.6233491897583,143813034,0.0,0.0
2012-05-29 00:00:00-04:00,14.729155734601669,14.811229451051645,14.543994340670308,14.692815780639648,104618672,0.0,0.0
2012-05-30 00:00:00-04:00,14.540038688926696,14.632495385127694,14.425579807453152,14.541769027709961,76553871,0.0,0.0
2012-05-31 00:00:00-04:00,14.553882459913913,14.585525510044898,14.313592545113877,14.359573364257812,119177037,0.0,0.0
2012-06-01 00:00:00-04:00,14.135352625872441,14.156612696831111,14.05031139546292,14.115327835083008,122774470,0.0,0.0
2012-06-04 00:00:00-04:00,14.096539778450364,14.350428198648542,14.091348761828188,14.303457260131836,97672734,0.0,0.0
2012-06-05 00:00:00-04:00,14.225832105376055,14.2920847725628,14.003835691148158,14.101237297058105,93946821,0.0,0.0
2012-06-06 00:00:00-04:00,14.251294305838309,14.387013255526401,14.1803447375269,14.35240364074707,84146223,0.0,0.0
2012-06-07 00:00:00-04:00,14.526194833570356,14.533364191210044,14.270329981952532,14.294556617736816,70603652,0.0,0.0
2012-06-08 00:00:00-04:00,14.235720943760764,14.363035261374092,14.20432400249001,14.349437713623047,56627461,0.0,0.0
2012-06-11 00:00:00-04:00,14.442389162084433,14.469830366461213,14.009273435425456,14.0540189743042,106842978,0.0,0.0
2012-06-12 00:00:00-04:00,14.0854149410016,14.098517429799339,13.808784126364518,13.969966888427734,129451404,0.0,0.0
2012-06-13 00:00:00-04:00,13.886408345596225,14.016937222757752,13.811255986765206,13.870834350585938,78460993,0.0,0.0
2012-06-14 00:00:00-04:00,13.87602572828512,13.969224537904775,13.75785816821962,13.820403099060059,94147570,0.0,0.0
2012-06-15 00:00:00-04:00,13.852294659521624,13.955629396043008,13.771950332928435,13.955381393432617,120497969,0.0,0.0
2012-06-18 00:00:00-04:00,13.90865811335968,14.195177793806495,13.825348169834815,14.112114906311035,100250360,0.0,0.0
2012-06-19 00:00:00-04:00,14.17985123947705,14.444120739259958,14.168232033180741,14.376137733459473,83359284,0.0,0.0
2012-06-20 00:00:00-04:00,14.333617053744081,14.338313958288936,14.177873302759972,14.276758193969727,94219840,0.0,0.0
2012-06-21 00:00:00-04:00,14.334356896157177,14.334356896157177,13.936097858526615,13.972685813903809,80753554,0.0,0.0
2012-06-22 00:00:00-04:00,14.041658959200372,14.127689361572266,13.987766666342932,14.127689361572266,89450029,0.0,0.0
2012-06-25 00:00:00-04:00,14.025095934643085,14.043883552577629,13.778377821920714,13.861193656921387,63501129,0.0,0.0
2012-06-26 00:00:00-04:00,13.912120140404538,14.007049292659282,13.831033698795974,13.959585189819336,54210435,0.0,0.0
2012-06-27 00:00:00-04:00,14.034241743924634,14.189737479808644,13.99271077448425,14.073795318603516,67945726,0.0,0.0
2012-06-28 00:00:00-04:00,13.989745013266335,13.997902595379434,13.77491700986484,13.950437545776367,77124000,0.0,0.0
2012-06-29 00:00:00-04:00,14.213719818957697,14.341528258184798,14.145489751946924,14.340044975280762,101157748,0.0,0.0
2012-07-02 00:00:00-04:00,14.383307015811083,14.412477614761537,14.251789898045686,14.349933624267578,66468209,0.0,0.0
2012-07-03 00:00:00-04:00,14.338562334356695,14.54622100364443,14.288872828134174,14.531882286071777,47758342,0.0,0.0
2012-07-05 00:00:00-04:00,14.554871605385458,14.83422193023268,14.549432586397828,14.7318754196167,94187720,0.0,0.0
2012-07-06 00:00:00-04:00,14.646093467494406,14.672544555418774,14.408027996725922,14.486146926879883,86796118,0.0,0.0
2012-07-09 00:00:00-04:00,14.460685804131913,14.550919010224678,14.369217317696418,14.486889839172363,68861145,0.0,0.0
2012-07-10 00:00:00-04:00,14.590222725474753,14.64559830102844,14.307164660482345,14.380340576171875,77212330,0.0,0.0
2012-07-11 00:00:00-04:00,14.246844782212627,14.285163077970603,13.966011174874378,14.120519638061523,140496649,0.0,0.0
2012-07-12 00:00:00-04:00,14.019904374448265,14.138813104467562,13.895555678886687,14.102967262268066,92738308,0.0,0.0
2012-07-13 00:00:00-04:00,14.14425240197135,14.317301440899003,14.055256375414926,14.252284049987793,79336261,0.0,0.0
2012-07-16 00:00:00-04:00,14.248575303897953,14.318289594565265,14.135105591078316,14.212730407714844,58723287,0.0,0.0
2012-07-17 00:00:00-04:00,14.299500936026634,14.354876510595005,14.051546603919308,14.257475852966309,67455897,0.0,0.0
2012-07-18 00:00:00-04:00,14.263654621887458,14.429534284075292,14.242642554339463,14.357100486755371,62160121,0.0,0.0
2012-07-19 00:00:00-04:00,14.490101237518502,14.795161480583698,14.486640559939994,14.661172866821289,187688877,0.0,0.0
2012-07-20 00:00:00-04:00,15.049296862700492,15.15263255618126,14.787746846788703,15.100223541259766,259517101,0.0,0.0
2012-07-23 00:00:00-04:00,14.844604607221468,15.286372993877567,14.789477033158223,15.216164588928223,143002005,0.0,0.0
2012-07-24 00:00:00-04:00,15.203556500856353,15.275989353626988,14.940028174291745,15.019878387451172,80677269,0.0,0.0
2012-07-25 00:00:00-04:00,15.038418614360959,15.163507529142278,14.965490704574188,15.03026008605957,73193322,0.0,0.0
2012-07-26 00:00:00-04:00,15.203556204118684,15.249784078319461,15.080691739811156,15.163013458251953,67660662,0.0,0.0
2012-07-27 00:00:00-04:00,15.299722038720692,15.697981098281206,15.265360425358649,15.696992874145508,142520206,0.0,0.0
2012-07-30 00:00:00-04:00,15.723938868473793,15.885861852640147,15.562013991157773,15.631234169006348,87795852,0.0,0.0
2012-07-31 00:00:00-04:00,15.531360351940844,15.735063259257993,15.53037118122455,15.647796630859375,74903709,0.0,0.0
2012-08-01 00:00:00-04:00,15.75484063991745,15.809475049055871,15.60849164372073,15.64062786102295,74060561,0.0,0.0
2012-08-02 00:00:00-04:00,15.463376921987411,15.772886064184764,15.411462025866529,15.543473243713379,79404516,0.0,0.0
2012-08-03 00:00:00-04:00,15.821588113909542,15.913551648686262,15.726163901413495,15.854467391967773,76168432,0.0,0.0
2012-08-06 00:00:00-04:00,15.81194599908411,16.05347214475574,15.802305134233054,15.891301155090332,71563235,0.0,0.0
2012-08-07 00:00:00-04:00,15.865838031125197,15.92689968057057,15.734321870148408,15.83493709564209,79569131,0.0,0.0
2012-08-08 00:00:00-04:00,15.798102624465049,15.96670180695494,15.78450602307109,15.876716613769531,53086237,0.0,0.0
2012-08-09 00:00:00-04:00,15.933078806398397,15.979059619780841,15.859161733435995,15.879680633544922,42972470,0.0,0.0
2012-08-10 00:00:00-04:00,15.786730732438407,15.876962977730948,15.725915193014803,15.871028900146484,57599089,0.0,0.0
2012-08-13 00:00:00-04:00,16.005018017360044,16.319720061623595,15.986724512777782,16.316259384155273,131205956,0.0,0.0
2012-08-14 00:00:00-04:00,16.297469621174777,16.633677839667897,16.291290380977237,16.53009605407715,147016998,0.0,0.0
2012-08-15 00:00:00-04:00,16.570147789111065,16.668290568755225,16.417370598908644,16.502410888671875,96789436,0.0,0.0
2012-08-16 00:00:00-04:00,16.501670896267548,16.677932612393235,16.491038966749674,16.634174346923828,68965534,0.0,0.0
2012-08-17 00:00:00-04:00,16.66507640017943,16.742453212551283,16.605250978184838,16.739734649658203,87434502,0.0,0.0
2012-08-20 00:00:00-04:00,16.69919182954356,16.782501777262993,16.62898247806597,16.700180053710938,70587592,0.0,0.0
2012-08-21 00:00:00-04:00,16.640108189104634,16.760993370583822,16.369656608064233,16.551111221313477,89221174,0.0,0.0
2012-08-22 00:00:00-04:00,16.498456285668638,16.825270742217814,16.481645115106417,16.740724563598633,76654246,0.0,0.0
2012-08-23 00:00:00-04:00,16.66878308657361,16.822302376820822,16.587945597135004,16.7313289642334,71635505,0.0,0.0
2012-08-24 00:00:00-04:00,16.701663101558033,16.82156005278525,16.664085974909433,16.776567459106445,57277890,0.0,0.0
2012-08-27 00:00:00-04:00,16.3899280929797,16.612666616997917,16.297224340107963,16.543941497802734,104939872,0.0,0.0
2012-08-28 00:00:00-04:00,16.439616842020147,16.75159842708169,16.433189599195522,16.74245262145996,82652646,0.0,0.0
2012-08-29 00:00:00-04:00,16.74542104464078,17.03268191435427,16.715261275333322,17.008455276489258,120060335,0.0,0.0
2012-08-30 00:00:00-04:00,16.915256781692747,16.993129611006093,16.81488954488436,16.851970672607422,65319921,0.0,0.0
2012-08-31 00:00:00-04:00,16.909320761250765,17.02254435990754,16.811424101827278,16.936267852783203,85402916,0.0,0.0
2012-09-04 00:00:00-04:00,16.92291409608023,16.934038241035203,16.64974591228377,16.836143493652344,75867307,0.0,0.0
2012-09-05 00:00:00-04:00,16.810434327890636,16.971122958725903,16.789174259743273,16.82823371887207,68584110,0.0,0.0
2012-09-06 00:00:00-04:00,16.957774179717795,17.302141882860546,16.9273664104361,17.290027618408203,122196311,0.0,0.0
2012-09-07 00:00:00-04:00,17.304860779405185,17.607696571907393,17.24725980779487,17.456897735595703,129804723,0.0,0.0
2012-09-10 00:00:00-04:00,17.546136994626092,17.621537351093657,17.265057308840902,17.323894500732422,102783820,0.0,0.0
2012-09-11 00:00:00-04:00,17.254427126231786,17.32092778654245,17.082368239553894,17.111785888671875,75232938,0.0,0.0
2012-09-12 00:00:00-04:00,17.043063927603274,17.179031838523084,16.832191652173737,17.079404830932617,106088160,0.0,0.0
2012-09-13 00:00:00-04:00,17.134036793087933,17.527349964247417,17.070996807304418,17.45417594909668,106758663,0.0,0.0
2012-09-14 00:00:00-04:00,17.542184408815864,17.6262364688472,17.478156193078217,17.54416275024414,105132591,0.0,0.0
2012-09-17 00:00:00-04:00,17.505353508231373,17.623272138058354,17.428468903184836,17.55158233642578,60558139,0.0,0.0
2012-09-18 00:00:00-04:00,17.497191824840584,17.766159174379183,17.472471076144306,17.756765365600586,82981875,0.0,0.0
2012-09-19 00:00:00-04:00,17.73748415408708,18.01090041339166,17.71053706056425,17.984695434570312,124396528,0.0,0.0
2012-09-20 00:00:00-04:00,17.90978968913897,18.080614275283224,17.82944630466349,18.000022888183594,116731906,0.0,0.0
2012-09-21 00:00:00-04:00,18.101135303140243,18.16813009271388,18.04946745536575,18.145137786865234,255317419,0.0,0.0
2012-09-24 00:00:00-04:00,18.071219856683413,18.541911783101675,18.052680241290943,18.525596618652344,143086320,0.0,0.0
2012-09-25 00:00:00-04:00,18.616321290648,18.90902116008914,18.483073844747054,18.520156860351562,243248350,0.0,0.0
2012-09-26 00:00:00-04:00,18.53721413922605,18.818789861251904,18.31843229838322,18.62645721435547,227766537,0.0,0.0
2012-09-27 00:00:00-04:00,18.786896916232227,18.858340587430952,18.581709814128175,18.70160675048828,157833389,0.0,0.0
2012-09-28 00:00:00-04:00,18.643514686724696,18.770830896057515,18.569352441042042,18.65216827392578,111757330,0.0,0.0
2012-10-01 00:00:00-04:00,18.764647270088435,18.911737408324417,18.69443982341832,18.832136154174805,127194978,0.0,0.0
2012-10-02 00:00:00-04:00,18.916684928659613,18.93621466089452,18.547598357625784,18.71372413635254,112026334,0.0,0.0
2012-10-03 00:00:00-04:00,18.682329327589223,18.88504402330228,18.59531069641895,18.849939346313477,88663090,0.0,0.0
2012-10-04 00:00:00-04:00,18.85611954970308,19.032629256987217,18.773301822056553,18.987140655517578,98535958,0.0,0.0
2012-10-05 00:00:00-04:00,19.05289752266058,19.143624821797005,18.91198661519621,18.977251052856445,109846193,0.0,0.0
2012-10-08 00:00:00-04:00,18.812858237555698,18.8766384548236,18.64351598660249,18.734739303588867,78637653,0.0,0.0
2012-10-09 00:00:00-04:00,18.779974845118957,18.820764644155823,18.356253911264275,18.394819259643555,120578269,0.0,0.0
2012-10-10 00:00:00-04:00,18.339692050992344,18.479860849634072,18.251437201518005,18.40643882751465,81901842,0.0,0.0
2012-10-11 00:00:00-04:00,18.61261550984444,18.751053979606397,18.548093179532003,18.577510833740234,95713418,0.0,0.0
2012-10-12 00:00:00-04:00,18.58665618504331,18.66131253661861,18.39506566666818,18.411134719848633,96528461,0.0,0.0
2012-10-15 00:00:00-04:00,18.34166655751036,18.388389485444726,18.06380144305985,18.317934036254883,121216653,0.0,0.0
2012-10-16 00:00:00-04:00,18.29692506081384,18.466513415401373,18.206197752204186,18.409900665283203,82636586,0.0,0.0
2012-10-17 00:00:00-04:00,18.39136083856193,18.697655426214894,18.30013752576551,18.6766414642334,92059774,0.0,0.0
2012-10-18 00:00:00-04:00,18.677881216817628,18.773797656174118,16.711553507286876,17.181257247924805,499561487,0.0,0.0
2012-10-19 00:00:00-04:00,17.442805035221408,17.470492348875748,16.612666485602713,16.854686737060547,461009524,0.0,0.0
2012-10-22 00:00:00-04:00,16.835404451890188,16.924895526114632,16.555807082231535,16.777557373046875,162832055,0.0,0.0
2012-10-23 00:00:00-04:00,16.61291451899051,16.99164289378993,16.612666516385694,16.819087982177734,117101285,0.0,0.0
2012-10-24 00:00:00-04:00,16.978543332730403,16.983488240482167,16.69350688521083,16.74369239807129,100234300,0.0,0.0
2012-10-25 00:00:00-04:00,16.81043673214498,16.859880122992465,16.64999608093914,16.755062103271484,96403996,0.0,0.0
2012-10-26 00:00:00-04:00,16.72391275779891,16.88534353151078,16.59288975563141,16.690540313720703,78324483,0.0,0.0
2012-10-31 00:00:00-04:00,16.806973983398777,16.835155406435817,16.686829038470687,16.817852020263672,61710442,0.0,0.0
2012-11-01 00:00:00-04:00,16.798073659959904,17.079895452396027,16.77879004016093,16.99806785583496,82311371,0.0,0.0
2012-11-02 00:00:00-04:00,17.17606576613893,17.194853385174092,16.99263469161708,17.006229400634766,93324497,0.0,0.0
2012-11-05 00:00:00-05:00,16.921682921730987,16.980024119387046,16.70067471990842,16.88361167907715,65681270,0.0,0.0
2012-11-06 00:00:00-05:00,16.94590661078534,16.971123361849408,16.74986719590648,16.852954864501953,63549309,0.0,0.0
2012-11-07 00:00:00-05:00,16.686832417002215,16.766681691590133,16.476454246205662,16.492029190063477,89626688,0.0,0.0
2012-11-08 00:00:00-05:00,16.568168591493755,16.60005869850724,16.099207008896812,16.125411987304688,104269368,0.0,0.0
2012-11-09 00:00:00-05:00,16.183753236218422,16.52218782628189,16.076216652381408,16.39091682434082,125030896,0.0,0.0
2012-11-12 00:00:00-05:00,16.40871811565167,16.558282640683217,16.337522425704943,16.461870193481445,56446786,0.0,0.0
2012-11-13 00:00:00-05:00,16.39017681656199,16.503892642584955,16.272256304944655,16.29252815246582,64007018,0.0,0.0
2012-11-14 00:00:00-05:00,16.332328100201973,16.369905230185786,16.08116202573565,16.131839752197266,66986143,0.0,0.0
2012-11-15 00:00:00-05:00,16.068799304606983,16.31601247536235,15.918000463130538,16.00106430053711,74233205,0.0,0.0
2012-11-16 00:00:00-05:00,15.969665869866109,16.14345698826709,15.722699792815957,15.999083518981934,138043489,0.0,0.0
2012-11-19 00:00:00-05:00,16.20970936702485,16.536523787037318,16.20550657485415,16.518972396850586,95083064,0.0,0.0
2012-11-20 00:00:00-05:00,16.55111068393327,16.760992826389177,16.42898738650989,16.562482833862305,83861158,0.0,0.0
2012-11-21 00:00:00-05:00,16.538255118044866,16.558278960552958,16.325898642865234,16.461124420166016,84804682,0.0,0.0
2012-11-23 00:00:00-05:00,16.562483935218935,16.5632241567801,16.466811718300367,16.51304054260254,37038310,0.0,0.0
2012-11-26 00:00:00-05:00,16.47521736807388,16.489061972416856,16.291786299565814,16.34444236755371,88514535,0.0,0.0
2012-11-27 00:00:00-05:00,16.32021445804906,16.686830457024897,16.26657017005615,16.58077621459961,100724129,0.0,0.0
2012-11-28 00:00:00-05:00,16.514027260028346,16.93181697952069,16.412177704693963,16.90116310119629,122136087,0.0,0.0
2012-11-29 00:00:00-05:00,17.002770476714684,17.154065348270642,16.859883084475765,17.1043758392334,111476280,0.0,0.0
2012-11-30 00:00:00-05:00,17.090036935631318,17.28558040089717,16.95110433532669,17.264568328857422,127018318,0.0,0.0
2012-12-03 00:00:00-05:00,17.360238072666892,17.450469375863364,17.15925372302671,17.187435150146484,88028721,0.0,0.0
2012-12-04 00:00:00-05:00,17.181253571959623,17.19386194755305,16.95134571177692,17.083110809326172,79966615,0.0,0.0
2012-12-05 00:00:00-05:00,17.11079994660879,17.168895031162194,16.868037575492288,17.00375747680664,74775229,0.0,0.0
2012-12-06 00:00:00-05:00,16.998071909618858,17.196335814224316,16.921931315700125,17.085586547851562,58711242,0.0,0.0
2012-12-07 00:00:00-05:00,17.181255534527143,17.22773046662909,16.87026215307848,16.914512634277344,77059760,0.0,0.0
2012-12-10 00:00:00-05:00,16.94368346823257,17.0984389843641,16.904129893108266,16.944425582885742,54872909,0.0,0.0
2012-12-11 00:00:00-05:00,17.05764922986423,17.352327468334597,17.001286372803808,17.227731704711914,107906951,0.0,0.0
2012-12-12 00:00:00-05:00,17.285830799684327,17.39163706406857,17.14368173336438,17.244544982910156,97403730,0.0,0.0
2012-12-13 00:00:00-05:00,17.69842319686048,17.71202169181383,17.29373781795018,17.371610641479492,138312493,0.0,0.0
2012-12-14 00:00:00-05:00,17.28434411974137,17.498182962680236,17.266050613187215,17.353315353393555,85523366,0.0,0.0
2012-12-17 00:00:00-05:00,17.44082713075737,17.846750609769003,17.404240119674395,17.81856918334961,121871097,0.0,0.0
2012-12-18 00:00:00-05:00,17.715231967988657,18.024246980331196,17.676914621394857,17.82573699951172,120646524,0.0,0.0
2012-12-19 00:00:00-05:00,17.816836688146196,17.873449435908846,17.717211579857615,17.802003860473633,77031655,0.0,0.0
2012-12-20 00:00:00-05:00,17.879876162944164,17.914238721631264,17.724378532902705,17.857627868652344,66528434,0.0,0.0
2012-12-21 00:00:00-05:00,17.650215844710747,17.77011468634188,17.564927563493622,17.691251754760742,141568653,0.0,0.0
2012-12-24 00:00:00-05:00,17.663566566053895,17.680131626771217,17.489529305283224,17.539714813232422,33762076,0.0,0.0
2012-12-26 00:00:00-05:00,17.504359763704723,17.623268486306944,17.36443897435896,17.524137496948242,47473277,0.0,0.0
2012-12-27 00:00:00-05:00,17.481369718996795,17.52339574650683,17.270497466811573,17.460355758666992,66142994,0.0,0.0
2012-12-28 00:00:00-05:00,17.34663902998335,17.475683671112883,17.30510711669922,17.30510711669922,56290202,0.0,0.0
2012-12-31 00:00:00-05:00,17.304858068474818,17.566161902761056,17.20597319768038,17.487300872802734,80195470,0.0,0.0
2013-01-02 00:00:00-05:00,17.784947034106594,17.972332866512907,17.713995576484184,17.879627227783203,102033017,0.0,0.0
2013-01-03 00:00:00-05:00,17.921162643537404,18.094211688458817,17.817086728469196,17.8900146484375,93075567,0.0,0.0
2013-01-04 00:00:00-05:00,18.030185517093237,18.330052889306984,17.989147706621523,18.243528366088867,110954331,0.0,0.0
2013-01-07 00:00:00-05:00,18.181228559191982,18.27838310884587,18.060837490072565,18.163925170898438,66476239,0.0,0.0
2013-01-08 00:00:00-05:00,18.183456896099564,18.20224451582003,17.90880249325739,18.128080368041992,67295297,0.0,0.0
2013-01-09 00:00:00-05:00,18.102616643805245,18.252921380745473,18.0118893317524,18.247236251831055,81291563,0.0,0.0
2013-01-10 00:00:00-05:00,18.36367180696925,18.417317991328474,18.133023693935503,18.330297470092773,73703226,0.0,0.0
2013-01-11 00:00:00-05:00,18.34315416288162,18.353784198888068,18.20224323856604,18.29346466064453,51600690,0.0,0.0
2013-01-14 00:00:00-05:00,18.219544116826416,18.348094648523265,17.857378934651805,17.879627227783203,114985384,0.0,0.0
2013-01-15 00:00:00-05:00,17.782723180596644,18.170105168595956,17.603989016455742,17.921161651611328,157696879,0.0,0.0
2013-01-16 00:00:00-05:00,17.858618015781257,17.906577180177553,17.642800829423013,17.680377960205078,81239368,0.0,0.0
2013-01-17 00:00:00-05:00,17.74267738855677,17.79038855448718,17.577291805837927,17.58470916748047,88791570,0.0,0.0
2013-01-18 00:00:00-05:00,17.560972844778526,17.62055216151631,17.33774019527731,17.41635513305664,129555794,0.0,0.0
2013-01-22 00:00:00-05:00,17.42006299721135,17.436872273323544,17.194109902063406,17.375810623168945,152264594,0.0,0.0
2013-01-23 00:00:00-05:00,18.194581243130568,18.516202805626683,18.189636335508208,18.330793380737305,237249950,0.0,0.0
2013-01-24 00:00:00-05:00,18.32436526063843,18.709768879249964,18.306317865064134,18.64499855041504,135815168,0.0,0.0
2013-01-25 00:00:00-05:00,18.55995543698168,18.750555821104225,18.547099059697675,18.63164710998535,89369729,0.0,0.0
2013-01-28 00:00:00-05:00,18.58443235966809,18.679360559566632,18.488760151980618,18.558969497680664,65327951,0.0,0.0
2013-01-29 00:00:00-05:00,18.460576390414094,18.7127344440137,18.455385374362667,18.631895065307617,70145942,0.0,0.0
2013-01-30 00:00:00-05:00,18.633380407550604,18.811620447825913,18.612860558410468,18.635604858398438,69579828,0.0,0.0
2013-01-31 00:00:00-05:00,18.553528885246127,18.72929646863058,18.547101642283845,18.68158531188965,65613015,0.0,0.0
2013-02-01 00:00:00-05:00,18.74363418107624,19.198506895555536,18.741163620953397,19.173784255981445,150405652,0.0,0.0
2013-02-04 00:00:00-05:00,18.978239406894435,19.046964522406633,18.745366865190828,18.763906478881836,122075862,0.0,0.0
2013-02-05 00:00:00-05:00,18.816070819649784,19.062789888621047,18.775034904462622,18.930036544799805,75108474,0.0,0.0
2013-02-06 00:00:00-05:00,18.765144406366304,19.108522012457012,18.751053692876134,19.03955078125,83435569,0.0,0.0
2013-02-07 00:00:00-05:00,19.02793148027994,19.25314056063493,18.924101688651916,19.13299560546875,114033831,0.0,0.0
2013-02-08 00:00:00-05:00,19.285774942537884,19.447451832477086,19.271684228239252,19.415313720703125,121256803,0.0,0.0
2013-02-11 00:00:00-05:00,19.24300723107076,19.356723054222005,19.12805328801439,19.342384338378906,87037018,0.0,0.0
2013-02-12 00:00:00-05:00,19.325822683509582,19.477857746779943,19.266985485081285,19.299863815307617,74638720,0.0,0.0
2013-02-13 00:00:00-05:00,19.28577495609761,19.414819622243957,19.28182016606798,19.35326385498047,48107646,0.0,0.0
2013-02-14 00:00:00-05:00,19.27588355499256,19.498622059992815,19.227428393414375,19.47587776184082,69672173,0.0,0.0
2013-02-15 00:00:00-05:00,19.465495463202018,19.61036306172087,19.457337881303772,19.601215362548828,109601278,0.0,0.0
2013-02-19 00:00:00-05:00,19.67785206740604,19.950033982335377,19.660300676778448,19.946325302124023,117711564,0.0,0.0
2013-02-20 00:00:00-05:00,19.90800439425618,19.998731691643236,19.574020636157286,19.59058380126953,110982436,0.0,0.0
2013-02-21 00:00:00-05:00,19.72754075779838,19.911713923129486,19.55993075828572,19.666479110717773,140781714,0.0,0.0
2013-02-22 00:00:00-05:00,19.758691310674216,19.807886702465215,19.623713513248106,19.769817352294922,82463941,0.0,0.0
2013-02-25 00:00:00-05:00,19.833841648310916,19.984890379272365,19.541885789052113,19.54880714416504,92501423,0.0,0.0
2013-02-26 00:00:00-05:00,19.65337673603371,19.676863150061845,19.3913326468404,19.532983779907227,88430220,0.0,0.0
2013-02-27 00:00:00-05:00,19.648431996993093,19.89440892756911,19.55721247553635,19.77154541015625,81347773,0.0,0.0
2013-02-28 00:00:00-05:00,19.804173893867777,19.949783590454423,19.802445448422425,19.8066463470459,90971711,0.0,0.0
2013-03-01 00:00:00-05:00,19.722596352668816,19.953492455910304,19.681806550428476,19.930007934570312,87342157,0.0,0.0
2013-03-04 00:00:00-05:00,19.908004424090592,20.34161517609933,19.900588957426756,20.308488845825195,111440145,0.0,0.0
2013-03-05 00:00:00-05:00,20.49216847673805,20.769541393207515,20.49142636210562,20.73122215270996,162370331,0.0,0.0
2013-03-06 00:00:00-05:00,20.79129970840676,20.864721742874973,20.489205984760794,20.5527400970459,115350748,0.0,0.0
2013-03-07 00:00:00-05:00,20.61899008535104,20.68227618674466,20.508238934624785,20.582897186279297,82415761,0.0,0.0
2013-03-08 00:00:00-05:00,20.62986434037971,20.640248265544752,20.396249688535423,20.556196212768555,116912581,0.0,0.0
2013-03-11 00:00:00-04:00,20.560400515268515,20.758416397922687,20.55570171779301,20.63777732849121,64027093,0.0,0.0
2013-03-12 00:00:00-04:00,20.53617601311892,20.565345666231877,20.362136852921147,20.45953941345215,80633104,0.0,0.0
2013-03-13 00:00:00-04:00,20.466705748119725,20.535676973794732,20.32851340102451,20.402677536010742,65898080,0.0,0.0
2013-03-14 00:00:00-04:00,20.44421235590837,20.44421235590837,20.20688898338784,20.309480667114258,66295564,0.0,0.0
2013-03-15 00:00:00-04:00,20.23432678894922,20.278825272945166,20.106766361310562,20.1304988861084,124452737,0.0,0.0
2013-03-18 00:00:00-04:00,19.900591299144885,20.092427948723763,19.813324668672895,19.969562530517578,73807616,0.0,0.0
2013-03-19 00:00:00-04:00,20.054849189834716,20.252865045385615,19.936432694321418,20.056825637817383,84242583,0.0,0.0
2013-03-20 00:00:00-04:00,20.193040687216637,20.20984996169565,20.059793252265543,20.14063262939453,58771467,0.0,0.0
2013-03-21 00:00:00-04:00,20.056085756779552,20.19526633050705,20.02048697133419,20.05534553527832,59325536,0.0,0.0
2013-03-22 00:00:00-04:00,20.14137527747919,20.153735652104245,20.015297184523963,20.0318603515625,59751126,0.0,0.0
2013-03-25 00:00:00-04:00,20.083774054278724,20.252374181356643,19.945583591029457,20.015296936035156,68736680,0.0,0.0
2013-03-26 00:00:00-04:00,20.110721612983475,20.1230819877413,19.96956268771654,20.084022521972656,47854701,0.0,0.0
2013-03-27 00:00:00-04:00,19.942123856601395,19.950037223524333,19.809866505739333,19.84274673461914,86852328,0.0,0.0
2013-03-28 00:00:00-04:00,19.875624382263897,19.90974083690057,19.61135579918623,19.63335609436035,91855009,0.0,0.0
2013-04-01 00:00:00-04:00,19.653625030840505,19.832607183674725,19.61011477276908,19.8064022064209,72562968,0.0,0.0
2013-04-02 00:00:00-04:00,19.8892179256301,20.143600440717535,19.875869327625473,20.099348068237305,81966082,0.0,0.0
2013-04-03 00:00:00-04:00,20.109732186588992,20.128027586460902,19.79354776920413,19.93025779724121,69800653,0.0,0.0
2013-04-04 00:00:00-04:00,19.882048812232327,19.919129934389236,19.5619096341437,19.655107498168945,98270968,0.0,0.0
2013-04-05 00:00:00-04:00,19.43237191282522,19.45536421877559,19.193566193830478,19.357961654663086,137870844,0.0,0.0
2013-04-08 00:00:00-04:00,19.251659156453087,19.27143499847793,18.99579429170259,19.155244827270508,113708616,0.0,0.0
2013-04-09 00:00:00-04:00,19.171312349081898,19.375263245770896,19.112229044046515,19.224464416503906,86615444,0.0,0.0
2013-04-10 00:00:00-04:00,19.354743499427247,19.587864023167633,19.18367284036105,19.53421974182129,79440651,0.0,0.0
2013-04-11 00:00:00-04:00,19.600969213318848,19.606408232289866,19.382927594464746,19.539413452148438,81452163,0.0,0.0
2013-04-12 00:00:00-04:00,19.578965014761277,19.58168547054188,19.354990287905416,19.531005859375,65713390,0.0,0.0
2013-04-15 00:00:00-04:00,19.429649761503654,19.702819887657743,19.20888958844845,19.330270767211914,98491793,0.0,0.0
2013-04-16 00:00:00-04:00,19.445472869543465,19.678099328802137,19.379468202295843,19.613082885742188,69941178,0.0,0.0
2013-04-17 00:00:00-04:00,19.449426047457976,19.550535372943735,19.235587245201415,19.345844268798828,81785407,0.0,0.0
2013-04-18 00:00:00-04:00,19.41481631960745,19.42594235936351,18.819282594206157,18.934236526489258,133398142,0.0,0.0
2013-04-19 00:00:00-04:00,19.014582262447988,19.86202614151746,18.942890574190578,19.773771286010742,232998073,0.0,0.0
2013-04-22 00:00:00-04:00,19.79181549627337,19.87487742861608,19.15895077862757,19.779701232910156,115768308,0.0,0.0
2013-04-23 00:00:00-04:00,19.801707727669974,20.16016618930054,19.78588478107879,19.9722843170166,92035684,0.0,0.0
2013-04-24 00:00:00-04:00,19.977474398999732,20.221967120324244,19.97475583591747,20.109485626220703,73438237,0.0,0.0
2013-04-25 00:00:00-04:00,20.178703196410368,20.184142215275838,19.965606488601388,20.00194549560547,79986690,0.0,0.0
2013-04-26 00:00:00-04:00,19.96486708665305,19.96832587115536,19.692437165341786,19.812088012695312,99880980,0.0,0.0
2013-04-29 00:00:00-04:00,19.857330082291767,20.338157958227708,19.851148948062583,20.248172760009766,92376959,0.0,0.0
2013-04-30 00:00:00-04:00,20.246685919384255,20.46027862944078,20.214053699792284,20.384384155273438,92613843,0.0,0.0
2013-05-01 00:00:00-04:00,20.352002903207193,20.388093912369484,20.18142631342851,20.282041549682617,58418148,0.0,0.0
2013-05-02 00:00:00-04:00,20.27388279458543,20.631103116451985,20.24792581818956,20.508981704711914,81034603,0.0,0.0
2013-05-03 00:00:00-04:00,20.690682511761267,20.933939005145366,20.66694998624577,20.90723991394043,100880714,0.0,0.0
2013-05-06 00:00:00-04:00,20.97002969854118,21.305991807649683,20.97002969854118,21.298574447631836,85973045,0.0,0.0
2013-05-07 00:00:00-04:00,21.33466935393702,21.355929425618246,21.029609096533516,21.19178009033203,78653713,0.0,0.0
2013-05-08 00:00:00-04:00,21.186091673192372,21.603385355544255,21.084982347091877,21.597206115722656,99102072,0.0,0.0
2013-05-09 00:00:00-04:00,21.528234901526815,21.74627651611647,21.463712576102285,21.544057846069336,88353936,0.0,0.0
2013-05-10 00:00:00-04:00,21.63874105028752,21.768031817232597,21.560868229724676,21.76036834716797,76192522,0.0,0.0
2013-05-13 00:00:00-04:00,21.727243036563596,21.81574589696937,21.591030907829392,21.693622589111328,58157173,0.0,0.0
2013-05-14 00:00:00-04:00,21.692877259289215,21.96950805463311,21.68397945650718,21.93020248413086,63408784,0.0,0.0
2013-05-15 00:00:00-04:00,22.13786521179807,22.65404390725673,22.101278195673597,22.641931533813477,160033605,0.0,0.0
2013-05-16 00:00:00-04:00,22.718811438550325,22.743038075592132,22.298797240371446,22.344778060913086,128865215,0.0,0.0
2013-05-17 00:00:00-04:00,22.49681347378275,22.582595868256398,22.261960693856153,22.47604751586914,112098604,0.0,0.0
2013-05-20 00:00:00-04:00,22.37271338121169,22.75836501876726,22.37271338121169,22.459980010986328,91248746,0.0,0.0
2013-05-21 00:00:00-04:00,22.44737230565103,22.537357501125577,22.190025096780627,22.421415328979492,79617311,0.0,0.0
2013-05-22 00:00:00-04:00,22.312394469722587,22.47926237070568,21.924766372993517,21.987558364868164,102807910,0.0,0.0
2013-05-23 00:00:00-04:00,21.680516910921188,22.000904071675855,21.606354671222526,21.823652267456055,91345105,0.0,0.0
2013-05-24 00:00:00-04:00,21.637503455076182,21.725510300521712,21.53243743858692,21.58954429626465,92216359,0.0,0.0
2013-05-28 00:00:00-04:00,21.841207927059738,22.05479875975986,21.764571332584023,21.78607940673828,90638467,0.0,0.0
2013-05-29 00:00:00-04:00,21.648629474944965,21.70499422285568,21.366313516452852,21.4656925201416,80837869,0.0,0.0
2013-05-30 00:00:00-04:00,21.505494415915678,21.72749083989415,21.41872189523095,21.526260375976562,85145956,0.0,0.0
2013-05-31 00:00:00-04:00,21.4609953795902,21.68051934431037,21.446162551355748,21.537630081176758,79071272,0.0,0.0
2013-06-03 00:00:00-04:00,21.581634488918954,21.60561312359966,21.137147539544348,21.448881149291992,99399181,0.0,0.0
2013-06-04 00:00:00-04:00,21.45431787280848,21.522054763466205,21.113658864546235,21.238008499145508,75024159,0.0,0.0
2013-06-05 00:00:00-04:00,21.32230728769201,21.493872076934526,21.18930784892684,21.25284194946289,84587872,0.0,0.0
2013-06-06 00:00:00-04:00,21.366560082594713,21.41674559074977,20.944321416052667,21.37496566772461,103550684,0.0,0.0
2013-06-07 00:00:00-04:00,21.51785283516794,21.754682066236168,21.391774749975124,21.74800682067871,107385002,0.0,0.0
2013-06-10 00:00:00-04:00,21.80659551913268,22.026615469727574,21.756906022206497,22.00733184814453,93862506,0.0,0.0
2013-06-11 00:00:00-04:00,21.852826329204863,21.927732585309062,21.742817290461495,21.74998664855957,70567517,0.0,0.0
2013-06-12 00:00:00-04:00,21.88965911579377,21.90300771331268,21.49881649682102,21.55641746520996,88522565,0.0,0.0
2013-06-13 00:00:00-04:00,21.482255213092387,21.74627765958949,21.396224810286117,21.680519104003906,83106340,0.0,0.0
2013-06-14 00:00:00-04:00,21.757152762979192,21.870870465126462,21.609566616878162,21.632062911987305,90136592,0.0,0.0
2013-06-17 00:00:00-04:00,21.735647986849244,21.987804175100884,21.71216346415857,21.909191131591797,86173794,0.0,0.0
2013-06-18 00:00:00-04:00,21.968522258462407,22.27382862344969,21.961104897791603,22.264434814453125,87000883,0.0,0.0
2013-06-19 00:00:00-04:00,22.282974101773743,22.517082868103646,22.187301896185495,22.26591682434082,117073180,0.0,0.0
2013-06-20 00:00:00-04:00,22.100532154022446,22.273827284257717,21.836509721230914,21.87186050415039,135385563,0.0,0.0
2013-06-21 00:00:00-04:00,21.960858675252496,21.99892802312418,21.583364619575264,21.777673721313477,159889066,0.0,0.0
2013-06-24 00:00:00-04:00,21.553947124360732,21.663710053222108,21.340602400543922,21.50227928161621,121128323,0.0,0.0
2013-06-25 00:00:00-04:00,21.686942745035342,21.74676815945571,21.371748513913687,21.41352653503418,102510801,0.0,0.0
2013-06-26 00:00:00-04:00,21.600176387328496,21.70524052066892,21.52156334271417,21.59770393371582,73530581,0.0,0.0
2013-06-27 00:00:00-04:00,21.725017213841316,21.87062503588244,21.671867036318602,21.682249069213867,77348840,0.0,0.0
2013-06-28 00:00:00-04:00,21.628604384064783,21.80016917835607,21.61105299361772,21.76382827758789,94324230,0.0,0.0
2013-07-01 00:00:00-04:00,21.914133101997557,22.053315572088085,21.87828820627408,21.949485778808594,69250599,0.0,0.0
2013-07-02 00:00:00-04:00,22.006837867812283,22.026615601553075,21.687192812007098,21.81178855895996,75943592,0.0,0.0
2013-07-03 00:00:00-04:00,21.75221019624093,21.981375963796822,21.7176015271233,21.913639068603516,42036977,0.0,0.0
2013-07-05 00:00:00-04:00,22.002140609926705,22.135636050944097,21.936134057469605,22.088171005249023,68331166,0.0,0.0
2013-07-08 00:00:00-04:00,22.229579135215122,22.40411051045011,22.176923066067527,22.37493896484375,79075287,0.0,0.0
2013-07-09 00:00:00-04:00,22.521040083051275,22.569245351146936,22.199168682338243,22.378644943237305,79472771,0.0,0.0
2013-07-10 00:00:00-04:00,22.334396196065224,22.524502506668544,22.258501716133573,22.397188186645508,68592140,0.0,0.0
2013-07-11 00:00:00-04:00,22.57048188375305,22.763554747648527,22.459730737890922,22.74946403503418,103755449,0.0,0.0
2013-07-12 00:00:00-04:00,22.74353147947464,22.81769561767578,22.625858975628603,22.81769561767578,103113050,0.0,0.0
2013-07-15 00:00:00-04:00,22.849834263798297,22.941301792106096,22.653546822267977,22.859474182128906,78713937,0.0,0.0
2013-07-16 00:00:00-04:00,22.919797881924108,22.94056195001607,22.59273541222724,22.73389434814453,79617311,0.0,0.0
2013-07-17 00:00:00-04:00,22.768251111755944,22.91311870346591,22.65206284294416,22.707685470581055,60469809,0.0,0.0
2013-07-18 00:00:00-04:00,22.71856343735286,22.743532189088757,22.327968785889457,22.51313018798828,145924920,0.0,0.0
2013-07-19 00:00:00-04:00,21.918089168367892,22.32203428694864,21.64615526524069,22.165054321289062,295475379,0.0,0.0
2013-07-22 00:00:00-04:00,22.298552913681824,22.562327379224193,22.174945371898644,22.513626098632812,116563276,0.0,0.0
2013-07-23 00:00:00-04:00,22.513624689462194,22.57048354931559,22.23847808982934,22.343050003051758,82134711,0.0,0.0
2013-07-24 00:00:00-04:00,22.428579624607007,22.503731974570105,22.266408664520878,22.3207950592041,83451629,0.0,0.0
2013-07-25 00:00:00-04:00,22.097567023718266,22.17123515980171,21.904988258910816,21.945037841796875,120493954,0.0,0.0
2013-07-26 00:00:00-04:00,21.927483710043592,22.001647848494812,21.804126077331873,21.88694190979004,71374530,0.0,0.0
2013-07-29 00:00:00-04:00,21.875816994943946,22.121051829943266,21.776685993499818,21.810800552368164,75959652,0.0,0.0
2013-07-30 00:00:00-04:00,21.889661338891234,22.140581299667918,21.77618972928339,22.024639129638672,70487217,0.0,0.0
2013-07-31 00:00:00-04:00,22.075812559265362,22.16283118625421,21.907460433903946,21.946271896362305,87265872,0.0,0.0
2013-08-01 00:00:00-04:00,22.12550404147214,22.361591191893044,22.12550404147214,22.35343360900879,85856610,0.0,0.0
2013-08-02 00:00:00-04:00,22.334148921815594,22.42215766980443,22.269380480794382,22.411527633666992,68812965,0.0,0.0
2013-08-05 00:00:00-04:00,22.382354900418385,22.38556946861133,22.22932971690616,22.372713088989258,52584363,0.0,0.0
2013-08-06 00:00:00-04:00,22.365048696679068,22.48915033393575,22.143546404452838,22.1643123626709,60469809,0.0,0.0
2013-08-07 00:00:00-04:00,22.126490109552012,22.210790172874205,21.979398056733753,22.017963409423828,55374783,0.0,0.0
2013-08-08 00:00:00-04:00,22.137613106658208,22.146266693521113,21.885456937632153,22.06765365600586,59743096,0.0,0.0
2013-08-09 00:00:00-04:00,22.015736434529334,22.13835383387249,22.001891832306104,22.01202964782715,53146462,0.0,0.0
2013-08-12 00:00:00-04:00,21.925260312224818,21.927732765816888,21.795473536989075,21.890897750854492,55286453,0.0,0.0
2013-08-13 00:00:00-04:00,21.923527840241906,21.964811753133404,21.66073974703933,21.78558349609375,57004870,0.0,0.0
2013-08-14 00:00:00-04:00,21.714387668794608,21.760368489483092,21.437262731589303,21.50277328491211,83600184,0.0,0.0
2013-08-15 00:00:00-04:00,21.37002056626542,21.381886829129268,21.21081613494199,21.251853942871094,75048249,0.0,0.0
2013-08-16 00:00:00-04:00,21.29190292890886,21.320580363624558,21.174724522573865,21.18387222290039,67255147,0.0,0.0
2013-08-19 00:00:00-04:00,21.203643534644158,21.556910910301028,21.197216292100602,21.399930953979492,72707508,0.0,0.0
2013-08-20 00:00:00-04:00,21.466680872789947,21.559632633587672,21.347772135428592,21.394248962402344,49504863,0.0,0.0
2013-08-21 00:00:00-04:00,21.52354181644316,21.67829735977136,21.420950127061563,21.49091148376465,70555472,0.0,0.0
2013-08-22 00:00:00-04:00,21.574219098864678,21.6248968245929,21.51365155882871,21.59918785095215,34926424,0.0,0.0
2013-08-23 00:00:00-04:00,21.701036949171314,21.70523974153204,21.501290723054105,21.51266098022461,43245489,0.0,0.0
2013-08-26 00:00:00-04:00,21.50746931680666,21.628604390637637,21.409820657596804,21.41822624206543,42257801,0.0,0.0
2013-08-27 00:00:00-04:00,21.250864829534216,21.352468281192426,20.961131518831067,21.016754150390625,69623993,0.0,0.0
2013-08-28 00:00:00-04:00,21.01922367159126,21.146784081095134,20.957914026863108,20.977197647094727,53395392,0.0,0.0
2013-08-29 00:00:00-04:00,20.99005555976772,21.269652953592562,20.978189297117865,21.147281646728516,59361671,0.0,0.0
2013-08-30 00:00:00-04:00,21.155442681207724,21.21180743294831,20.903286474465514,20.936412811279297,74743109,0.0,0.0
2013-09-03 00:00:00-04:00,21.120827134531897,21.413280860918203,21.110691212399114,21.269649505615234,82210996,0.0,0.0
2013-09-04 00:00:00-04:00,21.268910457687646,21.593994554793873,21.140855917561147,21.547765731811523,81954037,0.0,0.0
2013-09-05 00:00:00-04:00,21.593996210806033,21.75171831227067,21.547273272163977,21.743806838989258,51845604,0.0,0.0
2013-09-06 00:00:00-04:00,21.815004324144866,21.848130660319953,21.599929248488042,21.74430274963379,62698130,0.0,0.0
2013-09-09 00:00:00-04:00,21.846891313438707,21.995713695491553,21.814507096631953,21.95368766784668,49569103,0.0,0.0
2013-09-10 00:00:00-04:00,22.00238945628156,22.051336839956893,21.853567070742915,21.96901512145996,51697050,0.0,0.0
2013-09-11 00:00:00-04:00,21.96580059489063,22.174200399669,21.904986949221573,22.154918670654297,64665477,0.0,0.0
2013-09-12 00:00:00-04:00,22.184829924867817,22.197190298539194,22.002140989458397,22.07754135131836,43984248,0.0,0.0
2013-09-13 00:00:00-04:00,22.113142295186506,22.142313840062847,21.874334703172963,21.978904724121094,53214717,0.0,0.0
2013-09-16 00:00:00-04:00,22.15516766843708,22.174943510394368,21.875076167615628,21.94651985168457,53660381,0.0,0.0
2013-09-17 00:00:00-04:00,21.93786931248166,21.962095950702167,21.77940510011866,21.905731201171875,50564822,0.0,0.0
2013-09-18 00:00:00-04:00,21.911662396223782,22.34724962674453,21.830576903536553,22.331180572509766,77678069,0.0,0.0
2013-09-19 00:00:00-04:00,22.397188579876296,22.397188579876296,22.13539057716796,22.209306716918945,64155573,0.0,0.0
2013-09-20 00:00:00-04:00,22.20930449492436,22.351205521989495,22.140827381323227,22.32598876953125,174463490,0.0,0.0
2013-09-23 00:00:00-04:00,22.15393051346851,22.288414184372307,21.883232832890883,21.91537094116211,71362485,0.0,0.0
2013-09-24 00:00:00-04:00,21.91537102795759,22.00436609968859,21.789292940951505,21.92377471923828,59694916,0.0,0.0
2013-09-25 00:00:00-04:00,21.916606918066265,21.916606918066265,21.645909217191328,21.68620491027832,66207234,0.0,0.0
2013-09-26 00:00:00-04:00,21.712660522086512,21.822669576031007,21.631079008695643,21.70944595336914,50584897,0.0,0.0
2013-09-27 00:00:00-04:00,21.626624347190166,21.693371119326788,21.539853732727508,21.665437698364258,50540732,0.0,0.0
2013-09-30 00:00:00-04:00,21.48472773772554,21.775449275710777,21.46569211721018,21.65357208251953,69154239,0.0,0.0
2013-10-01 00:00:00-04:00,21.760862677103155,21.944293741563555,21.755919663135995,21.927732467651367,67644602,0.0,0.0
2013-10-02 00:00:00-04:00,21.822170890458533,21.98607221139436,21.700789709841256,21.952205657958984,60036190,0.0,0.0
2013-10-03 00:00:00-04:00,21.952452132258706,22.103250967225982,21.559385044079495,21.658021926879883,84997401,0.0,0.0
2013-10-04 00:00:00-04:00,21.631073748928912,21.693125511725867,21.507468121666626,21.565563201904297,54523605,0.0,0.0
2013-10-07 00:00:00-04:00,21.444432772041303,21.606109657440612,21.361863043856726,21.402158737182617,51937949,0.0,0.0
2013-10-08 00:00:00-04:00,21.39177802695896,21.408093192876912,21.053343403981447,21.103775024414062,78039419,0.0,0.0
2013-10-09 00:00:00-04:00,21.16829333278656,21.325767405431993,20.839502477992518,21.15791130065918,106449509,0.0,0.0
2013-10-10 00:00:00-04:00,21.355187847072603,21.478547380964084,21.265450653567438,21.46396255493164,90550137,0.0,0.0
2013-10-11 00:00:00-04:00,21.40932536311382,21.593498523988423,21.391279861598086,21.556663513183594,56567236,0.0,0.0
2013-10-14 00:00:00-04:00,21.424903151939418,21.66198040851254,21.393507155620604,21.658517837524414,49930453,0.0,0.0
2013-10-15 00:00:00-04:00,21.649865265783006,21.89386386814716,21.606356898792797,21.804372787475586,63914673,0.0,0.0
2013-10-16 00:00:00-04:00,21.899797561873047,22.20782438901305,21.853814847010636,22.200407028198242,80604999,0.0,0.0
2013-10-17 00:00:00-04:00,22.075810837007154,22.172471267991025,21.896334577879035,21.971981048583984,170902191,0.0,0.0
2013-10-18 00:00:00-04:00,24.142255568446643,25.103416999121283,24.0784753641953,25.0032958984375,464390148,0.0,0.0
2013-10-21 00:00:00-04:00,25.004537154237497,25.19093479132392,24.710106923276086,24.802812576293945,145675990,0.0,0.0
2013-10-22 00:00:00-04:00,24.844837980807398,25.042607763799207,24.617154538433077,24.89427947998047,88675135,0.0,0.0
2013-10-23 00:00:00-04:00,24.745950982941036,25.580294259220327,24.73680517652171,25.497724533081055,106927293,0.0,0.0
2013-10-24 00:00:00-04:00,25.509095444307626,25.72417049696788,25.33431608201745,25.35285758972168,83997668,0.0,0.0
2013-10-25 00:00:00-04:00,25.433692901776908,25.433692901776908,24.986733558962488,25.09699058532715,81524432,0.0,0.0
2013-10-28 00:00:00-04:00,25.09699164435045,25.300446535600233,25.042357240879888,25.0920467376709,46521724,0.0,0.0
2013-10-29 00:00:00-04:00,25.19340550427265,25.634431760254998,25.05496704087366,25.617128372192383,64440637,0.0,0.0
2013-10-30 00:00:00-04:00,25.64654648113705,25.648524822586392,25.363982527679475,25.473251342773438,53162522,0.0,0.0
2013-10-31 00:00:00-04:00,25.436415474158792,25.747654955850788,25.313798064563414,25.477205276489258,65845885,0.0,0.0
2013-11-01 00:00:00-04:00,25.50711679127927,25.611194585346425,25.34173313273895,25.389690399169922,51524405,0.0,0.0
2013-11-04 00:00:00-05:00,25.499948575634583,25.521456649545954,25.26583978873607,25.366701126098633,45722740,0.0,0.0
2013-11-05 00:00:00-05:00,25.224307507655034,25.503656889275295,25.15187560060295,25.253231048583984,47433127,0.0,0.0
2013-11-06 00:00:00-05:00,25.354095369649542,25.38870404058131,25.101197064573718,25.283639907836914,36652871,0.0,0.0
2013-11-07 00:00:00-05:00,25.28017787723006,25.312810098056463,24.91010119384044,24.91776466369629,67435822,0.0,0.0
2013-11-08 00:00:00-05:00,24.937539469360203,25.178571488772747,24.931358335951085,25.117509841918945,51825529,0.0,0.0
2013-11-11 00:00:00-05:00,24.956329320816106,25.115041530849687,24.919002087020772,24.983028411865234,44670812,0.0,0.0
2013-11-12 00:00:00-05:00,24.911582227095604,25.155332806693725,24.844835452743812,25.0124454498291,48906630,0.0,0.0
2013-11-13 00:00:00-05:00,24.888098246876314,25.533321496963556,24.8819171133996,25.523927688598633,63412799,0.0,0.0
2013-11-14 00:00:00-05:00,25.559773160130742,25.703898643194144,25.471518309619125,25.592159271240234,46842923,0.0,0.0
2013-11-15 00:00:00-05:00,25.583258927223216,25.660635737871804,25.47052944085405,25.550874710083008,51243355,0.0,0.0
2013-11-18 00:00:00-05:00,25.605012343122183,25.926141621531023,25.444077593181095,25.501182556152344,70651832,0.0,0.0
2013-11-19 00:00:00-05:00,25.50538860326317,25.580292962286215,25.291053772571335,25.34420394897461,45433661,0.0,0.0
2013-11-20 00:00:00-05:00,25.461630466919477,25.545930528064552,25.22455322833032,25.27276039123535,38692487,0.0,0.0
2013-11-21 00:00:00-05:00,25.388702919267928,25.668300303190918,25.3639821706728,25.5634822845459,43835693,0.0,0.0
2013-11-22 00:00:00-05:00,25.547411476550593,25.61539447709599,25.443583582317466,25.50958824157715,50356042,0.0,0.0
2013-11-25 00:00:00-05:00,25.63987070794221,26.036152370167706,25.586966640320288,25.85667610168457,64761837,0.0,0.0
2013-11-26 00:00:00-05:00,25.92268300290514,26.24158596277221,25.78276030868679,26.165197372436523,91794785,0.0,0.0
2013-11-27 00:00:00-05:00,26.25468633370854,26.402272485999855,26.20450272554853,26.28138542175293,45112461,0.0,0.0
2013-11-29 00:00:00-05:00,26.25790628891616,26.368161447934703,26.190911499044283,26.194372177124023,47890836,0.0,0.0
2013-12-02 00:00:00-05:00,26.291273470714955,26.361482815114595,25.976077321841274,26.06804084777832,55133884,0.0,0.0
2013-12-03 00:00:00-05:00,25.980776896346196,26.289545834217492,25.933065736355072,26.037883758544922,67295297,0.0,0.0
2013-12-04 00:00:00-05:00,25.99115944728253,26.302894934314654,25.957291000053278,26.15951156616211,47842656,0.0,0.0
2013-12-05 00:00:00-05:00,26.135285583950846,26.196099231662625,25.9842387422383,26.13874626159668,45517975,0.0,0.0
2013-12-06 00:00:00-05:00,26.446521338411635,26.45171235414724,26.20647756335272,26.44849967956543,57366220,0.0,0.0
2013-12-09 00:00:00-05:00,26.47619065804801,26.756036045482542,26.402768633552856,26.65294647216797,59526286,0.0,0.0
2013-12-10 00:00:00-05:00,26.603752619070477,27.003246954792058,26.59139035174987,26.814128875732422,74433955,0.0,0.0
2013-12-11 00:00:00-05:00,26.881866855502476,26.978773404528724,26.579525162153665,26.631935119628906,68728650,0.0,0.0
2013-12-12 00:00:00-05:00,26.688298814605062,26.771608758894786,26.42699493853059,26.450727462768555,64099363,0.0,0.0
2013-12-13 00:00:00-05:00,26.58521033159766,26.607212516373572,26.15234167310414,26.22403335571289,86820208,0.0,0.0
2013-12-16 00:00:00-05:00,26.30338850021625,26.56765704059968,26.254193114446267,26.5253849029541,64320188,0.0,0.0
2013-12-17 00:00:00-05:00,26.521431454522766,26.717717002330378,26.411668527724117,26.44825553894043,61658247,0.0,0.0
2013-12-18 00:00:00-05:00,26.49745179424136,26.821299672979407,26.180773273674166,26.816356658935547,88743390,0.0,0.0
2013-12-19 00:00:00-05:00,26.71796188565253,26.995334808934267,26.676183859859904,26.852693557739258,66877738,0.0,0.0
2013-12-20 00:00:00-05:00,26.90411496438666,27.222277707924572,26.896699496896254,27.208681106567383,130953011,0.0,0.0
2013-12-23 00:00:00-05:00,27.38716649247562,27.58394804242081,27.31992560227558,27.56664276123047,69122119,0.0,0.0
2013-12-24 00:00:00-05:00,27.563428368191854,27.57010172038458,27.393593921323845,27.486051559448242,29478078,0.0,0.0
2013-12-26 00:00:00-05:00,27.539696458564382,27.663055979674503,27.408179355826235,27.624984741210938,53712576,0.0,0.0
2013-12-27 00:00:00-05:00,27.68777745259011,27.69469880771043,27.513246093209005,27.648223876953125,63023345,0.0,0.0
2013-12-30 00:00:00-05:00,27.69618484444383,27.700139634320717,27.416339444921853,27.427217483520508,49629328,0.0,0.0
2013-12-31 00:00:00-05:00,27.495941856332166,27.71249925301623,27.348109580851222,27.70532989501953,54519590,0.0,0.0
2014-01-02 00:00:00-05:00,27.57554153466605,27.632152383652336,27.39754762028654,27.51769256591797,73129082,0.0,0.0
2014-01-03 00:00:00-05:00,27.56417254839006,27.61188370713167,27.315229042277636,27.316959381103516,66917888,0.0,0.0
2014-01-06 00:00:00-05:00,27.514976455250533,27.659594157134602,27.352557467192675,27.621524810791016,71037271,0.0,0.0
2014-01-07 00:00:00-05:00,27.811384812482252,28.1745401597779,27.716456603691757,28.154020309448242,102486711,0.0,0.0
2014-01-08 00:00:00-05:00,28.330526921990565,28.36315913878217,28.016319017301836,28.21260643005371,90036218,0.0,0.0
2014-01-09 00:00:00-05:00,28.267245917447386,28.286527647901906,27.825229521769234,27.9409236907959,83692529,0.0,0.0
2014-01-10 00:00:00-05:00,28.15945973476639,28.15945973476639,27.743400339190934,27.93943977355957,86061375,0.0,0.0
2014-01-13 00:00:00-05:00,27.847726330100286,28.35302883884031,27.61781843096385,27.761449813842773,97118665,0.0,0.0
2014-01-14 00:00:00-05:00,28.131527014369667,28.454138678979785,27.887774506436593,28.414583206176758,99676216,0.0,0.0
2014-01-15 00:00:00-05:00,28.503332501295823,28.55302200246811,28.275897064376025,28.395299911499023,78300393,0.0,0.0
2014-01-16 00:00:00-05:00,28.40716578673846,28.625455414297893,28.37997258427314,28.583181381225586,67608467,0.0,0.0
2014-01-17 00:00:00-05:00,28.598756092432655,28.69220196146803,28.286032373462916,28.44251823425293,108457005,0.0,0.0
2014-01-21 00:00:00-05:00,28.69961600903359,28.775510483475113,28.461550553285235,28.768095016479492,79492846,0.0,0.0
2014-01-22 00:00:00-05:00,28.84003341712915,28.871677413414226,28.64844478009377,28.80072784423828,63091600,0.0,0.0
2014-01-23 00:00:00-05:00,28.676627583068395,28.73818334667171,28.537447000918974,28.679100036621094,78256228,0.0,0.0
2014-01-24 00:00:00-05:00,28.454383558789228,28.51717555004189,27.761943209278712,27.782461166381836,156283602,0.0,0.0
2014-01-27 00:00:00-05:00,27.838581874093983,27.84846979602752,26.755048887088734,27.22376251220703,174796734,0.0,0.0
2014-01-28 00:00:00-05:00,27.448476019498052,27.829924852869812,27.439082210847502,27.762187957763672,88739375,0.0,0.0
2014-01-29 00:00:00-05:00,27.666023316222983,27.731039754760886,27.179014354251148,27.364423751831055,95552818,0.0,0.0
2014-01-30 00:00:00-05:00,28.305806740415804,28.490970023166028,27.867004953948797,28.068235397338867,204419353,0.0,0.0
2014-01-31 00:00:00-05:00,28.95721086879043,29.332726554083028,28.457349332667814,29.195030212402344,223486554,0.0,0.0
2014-02-03 00:00:00-05:00,29.151275119719585,29.213572999774513,27.984682144009657,28.019784927368164,183449044,0.0,0.0
2014-02-04 00:00:00-05:00,28.13251214311548,28.553020432946553,28.10828550725049,28.136714935302734,112897588,0.0,0.0
2014-02-05 00:00:00-05:00,28.26576328011204,28.44845224365308,27.886044742679452,28.26131248474121,96139007,0.0,0.0
2014-02-06 00:00:00-05:00,28.457350470745922,28.68058310575789,28.36884761740817,28.67563819885254,78155853,0.0,0.0
2014-02-07 00:00:00-05:00,28.865248936628348,29.119137347920034,28.690471464431408,29.107765197753906,105843245,0.0,0.0
2014-02-10 00:00:00-05:00,28.968333926095475,29.23037989504854,28.89961070571254,28.99627113342285,78099643,0.0,0.0
2014-02-11 00:00:00-05:00,29.175254951145476,29.464494155059178,28.97847528749137,29.422714233398438,82339476,0.0,0.0
2014-02-12 00:00:00-05:00,29.393542193202432,29.41826483526887,29.205168117581266,29.336437225341797,69238554,0.0,0.0
2014-02-13 00:00:00-05:00,29.189593448963937,29.663005828857422,29.162646355734932,29.663005828857422,73731331,0.0,0.0
2014-02-14 00:00:00-05:00,29.55694950087877,29.774002902124952,29.48748415834723,29.734695434570312,87795852,0.0,0.0
2014-02-18 00:00:00-05:00,29.700335633622757,29.983639817446974,29.66547896003377,29.934444427490234,84672187,0.0,0.0
2014-02-19 00:00:00-05:00,29.79649784151013,29.89340627790681,29.60367297912276,29.723323822021484,84459392,0.0,0.0
2014-02-20 00:00:00-05:00,29.74310168636427,29.835807336889342,29.670915886071818,29.76708221435547,68287001,0.0,0.0
2014-02-21 00:00:00-05:00,29.85854762123341,29.909473346115536,29.73568410379381,29.75916862487793,74771214,0.0,0.0
2014-02-24 00:00:00-05:00,29.797983259326887,30.163857157662445,29.791554122927867,29.97473907470703,67223027,0.0,0.0
2014-02-25 00:00:00-05:00,30.05953153887454,30.271144014581722,29.923069529588947,30.15989875793457,57763704,0.0,0.0
2014-02-26 00:00:00-05:00,30.25878466253596,30.3794256247088,30.005640262411926,30.164104461669922,79585191,0.0,0.0
2014-02-27 00:00:00-05:00,30.120103274413452,30.264474882850987,30.08598682075947,30.14037322998047,50588912,0.0,0.0
2014-02-28 00:00:00-05:00,30.16830460382076,30.263480807510035,29.819241891710405,30.0523624420166,92890878,0.0,0.0
2014-03-03 00:00:00-05:00,29.832344690111114,29.859291783705388,29.47116768694904,29.731977462768555,84507572,0.0,0.0
2014-03-04 00:00:00-05:00,30.03629541957471,30.061018062054746,29.900329405108366,30.03407096862793,58928052,0.0,0.0
2014-03-05 00:00:00-05:00,30.03753288525861,30.23604478908692,29.94754768801312,30.11688804626465,49597208,0.0,0.0
2014-03-06 00:00:00-05:00,30.21626559057383,30.311937805248533,30.12529217352503,30.15026092529297,50914126,0.0,0.0
2014-03-07 00:00:00-05:00,30.32800579563993,30.332702699951245,29.94828730219298,30.031103134155273,60831159,0.0,0.0
2014-03-10 00:00:00-04:00,30.05335330448285,30.101560470483317,29.766588441542215,29.951501846313477,48766105,0.0,0.0
2014-03-11 00:00:00-04:00,30.005888869438866,30.019487364588603,29.5824139727308,29.665231704711914,68776830,0.0,0.0
2014-03-12 00:00:00-04:00,29.57648008820269,29.859538144362556,29.274634414920147,29.8459415435791,78866507,0.0,0.0
2014-03-13 00:00:00-04:00,29.862010411402576,29.92505040518776,29.288724908593956,29.39502716064453,94175675,0.0,0.0
2014-03-14 00:00:00-04:00,29.220244663362557,29.439770499498177,28.98638200564451,28.993057250976562,92099924,0.0,0.0
2014-03-17 00:00:00-04:00,29.152511871008993,29.593044019561752,29.12432855144671,29.470178604125977,86808163,0.0,0.0
2014-03-18 00:00:00-04:00,29.533713727258203,29.950513365574288,29.493912146622318,29.943838119506836,72872123,0.0,0.0
2014-03-19 00:00:00-04:00,29.957187683468327,29.961884587886992,29.527283675806498,29.646936416625977,64757822,0.0,0.0
2014-03-20 00:00:00-04:00,29.66423756702064,29.90304513227115,29.550767861698745,29.595266342163086,67640587,0.0,0.0
2014-03-21 00:00:00-04:00,29.821466268012806,29.90354187616886,29.23161764428301,29.24620246887207,128821050,0.0,0.0
2014-03-24 00:00:00-04:00,29.274633883536683,29.292185273619577,28.329291516316022,28.62545394897461,121939352,0.0,0.0
2014-03-25 00:00:00-04:00,28.82495748858277,28.919885701046052,28.355253761050957,28.64498519897461,96769361,0.0,0.0
2014-03-26 00:00:00-04:00,28.72631609669665,28.962651221925043,27.97207201652116,27.983692169189453,103586819,0.0,0.0
2014-03-27 00:00:00-04:00,28.111403272843383,28.111403272843383,27.365066798834906,27.639249801635742,262719,0.0,2.002
2014-03-28 00:00:00-04:00,27.774855654005634,28.033698441343773,27.649642732143338,27.7149715423584,824257,0.0,0.0
2014-03-31 00:00:00-04:00,28.056465970595397,28.061910669262357,27.563527639961663,27.565505981445312,216593,0.0,0.0
2014-04-01 00:00:00-04:00,27.651618027981318,28.133670685709433,27.651618027981318,28.06982421875,158434,0.0,0.0
2014-04-02 00:00:00-04:00,29.694646140549036,29.934186361176028,27.82385273059401,28.061908721923828,2942055,0.0,0.0
2014-04-03 00:00:00-04:00,28.202962093765564,29.06560607805258,27.919868049368258,28.19751739501953,101983228,0.0,0.0
2014-04-04 00:00:00-04:00,28.440520545106562,28.594935287589795,26.874102109049193,26.881031036376953,127386783,0.0,0.0
2014-04-07 00:00:00-04:00,26.762248889194563,27.145316336545424,26.08965451248994,26.634065628051758,88033033,0.0,0.0
2014-04-08 00:00:00-04:00,26.854306727068867,27.46800525747312,26.805308228253676,27.463056564331055,63024560,0.0,0.0
2014-04-09 00:00:00-04:00,27.69665655026287,27.981234788515962,27.366546172519186,27.920360565185547,66616395,0.0,0.0
2014-04-10 00:00:00-04:00,27.962924021776036,27.962924021776036,26.72067708510407,26.77264404296875,80737057,0.0,0.0
2014-04-11 00:00:00-04:00,26.356911660396783,26.725625265254777,26.058969667508304,26.26040267944336,78496923,0.0,0.0
2014-04-14 00:00:00-04:00,26.63901491393918,26.928541849738313,26.208931088577188,26.355426788330078,51501009,0.0,0.0
2014-04-15 00:00:00-04:00,26.56824502691573,26.648917820372763,25.659572867464078,26.5494384765625,77101101,0.0,0.0
2014-04-16 00:00:00-04:00,26.874105569538035,27.56699081893623,26.725627724902978,27.544225692749023,97865955,0.0,0.0
2014-04-17 00:00:00-04:00,27.16165055074946,27.195801077550115,26.287623106722613,26.532608032226562,136190888,0.0,0.0
2014-04-21 00:00:00-04:00,26.532610508102668,26.56230645651346,26.012946556112546,26.162410736083984,51334553,0.0,0.0
2014-04-22 00:00:00-04:00,26.163400218887826,26.588535371928256,26.107472791679132,26.468765258789062,47307527,0.0,0.0
2014-04-23 00:00:00-04:00,26.418283257852938,26.422243727047444,26.045115052654587,26.07926368713379,41046384,0.0,0.0
2014-04-24 00:00:00-04:00,26.23417365109313,26.312370197511243,25.840710892957095,25.991167068481445,37663121,0.0,0.0
2014-04-25 00:00:00-04:00,25.86001413385832,25.96840263382247,25.509116943198357,25.546730041503906,42007014,0.0,0.0
2014-04-28 00:00:00-04:00,25.596222235934945,25.66649973807318,24.884528586446,25.594738006591797,66710653,0.0,0.0
2014-04-29 00:00:00-04:00,25.58236284833261,26.203980399183948,25.553657021569304,26.11687469482422,53981801,0.0,0.0
2014-04-30 00:00:00-04:00,26.1119290620317,26.131725729290338,25.860509305382212,26.065406799316406,35023895,0.0,0.0
2014-05-01 00:00:00-04:00,26.087677315081667,26.375720048740817,25.927817857487767,26.297523498535156,38110345,0.0,0.0
2014-05-02 00:00:00-04:00,26.416796457065338,26.428674077193264,26.013436339545997,26.128257751464844,33770463,0.0,0.0
2014-05-05 00:00:00-04:00,25.974340242309964,26.176267366619932,25.801118945622882,26.1223201751709,20482080,0.0,0.0
2014-05-06 00:00:00-04:00,25.99463534149701,26.072831899373735,25.49130356949155,25.495262145996094,33780490,0.0,0.0
2014-05-07 00:00:00-04:00,25.527426486741664,25.57147439589596,24.909273422531815,25.238887786865234,64486563,0.0,0.0
2014-05-08 00:00:00-04:00,25.16465439079652,25.598698746016666,25.065175046554323,25.29036521911621,40426688,0.0,0.0
2014-05-09 00:00:00-04:00,25.277990373148377,25.73084125697126,24.953818770378668,25.672935485839844,48789585,0.0,0.0
2014-05-12 00:00:00-04:00,25.9095067517187,26.240111270774708,25.68679283427638,26.226749420166016,38250730,0.0,0.0
2014-05-13 00:00:00-04:00,26.274755764151575,26.531122290828577,26.20645660759243,26.383636474609375,33068541,0.0,0.0
2014-05-14 00:00:00-04:00,26.379183196360838,26.379183196360838,25.997601846007054,26.064910888671875,23835261,0.0,0.0
2014-05-15 00:00:00-04:00,26.017894383994697,26.02630943475929,25.608101289831623,25.734800338745117,34087331,0.0,0.0
2014-05-16 00:00:00-04:00,25.804582779191744,25.82487545091561,25.510107128356427,25.766969680786133,29705333,0.0,0.0
2014-05-19 00:00:00-04:00,25.720946567273806,26.21982375991587,25.61617018386486,26.174291610717773,25555972,0.0,0.0
2014-05-20 00:00:00-04:00,26.217839896790164,26.539043029996478,26.04758894628008,26.21932601928711,35695734,0.0,0.0
2014-05-21 00:00:00-04:00,26.374237934754284,26.685195377864662,26.325241322281286,26.67317008972168,23925508,0.0,0.0
2014-05-22 00:00:00-04:00,26.7815548598574,27.101767890719593,26.764232539498952,26.976058959960938,32316482,0.0,0.0
2014-05-23 00:00:00-04:00,27.084937494909,27.400695918869378,26.90874584672179,27.35417366027832,38643806,0.0,0.0
2014-05-27 00:00:00-04:00,27.517496928369795,28.01241544756073,27.435834028567097,28.00994110107422,42083223,0.0,0.0
2014-05-28 00:00:00-04:00,27.94164192337702,28.103479707301386,27.764956167395024,27.79861068725586,33040464,0.0,0.0
2014-05-29 00:00:00-04:00,27.8812649106808,27.913435204857173,27.651622056318296,27.71942710876465,27082150,0.0,0.0
2014-05-30 00:00:00-04:00,27.755058109698556,27.78227970852706,27.51304353779234,27.71002197265625,35422988,0.0,0.0
2014-06-02 00:00:00-04:00,27.750109585374247,27.760006971808732,27.00921599928648,27.415048599243164,28700582,0.0,0.0
2014-06-03 00:00:00-04:00,27.269545736298625,27.336360674011512,26.851833580439887,26.97011947631836,37332215,0.0,0.0
2014-06-04 00:00:00-04:00,26.7998656951882,27.151752993745287,26.663763380351984,26.956260681152344,36329469,0.0,0.0
2014-06-05 00:00:00-04:00,27.042374823494566,27.46553164082849,26.945865838911313,27.413564682006836,33782496,0.0,0.0
2014-06-06 00:00:00-04:00,27.619452122956346,27.619452122956346,27.16758947958007,27.533830642700195,34735104,0.0,0.0
2014-06-09 00:00:00-04:00,27.57441184856213,27.85899008423656,27.519476435823965,27.820384979248047,29350361,0.0,0.0
2014-06-10 00:00:00-04:00,27.740708897959,27.893639435090442,27.61153549815518,27.74268913269043,27034019,0.0,0.0
2014-06-11 00:00:00-04:00,27.616482690953728,27.709527214176386,27.468996860774247,27.658056259155273,22002242,0.0,0.0
2014-06-12 00:00:00-04:00,27.581838714583295,27.61598924349205,27.144329906925343,27.287363052368164,29169867,0.0,0.0
2014-06-13 00:00:00-04:00,27.332398787551572,27.334379022193698,27.000804142483325,27.307653427124023,24410836,0.0,0.0
2014-06-16 00:00:00-04:00,27.18392336343055,27.201739794863556,26.800853995848826,26.93745231628418,34051232,0.0,0.0
2014-06-17 00:00:00-04:00,26.933491541485893,26.988922962847827,26.692467088641862,26.874597549438477,28891103,0.0,0.0
2014-06-18 00:00:00-04:00,26.966158244988733,27.396738097995538,26.92359456106564,27.3873348236084,34835379,0.0,0.0
2014-06-19 00:00:00-04:00,27.430392160554018,27.46800525747312,27.14680213174952,27.463056564331055,49136535,0.0,0.0
2014-06-20 00:00:00-04:00,27.559565806971463,27.59569467491953,27.239947244468603,27.535314559936523,90166875,0.0,0.0
2014-06-23 00:00:00-04:00,27.47542994715904,27.962925472818256,27.430887919906326,27.960451126098633,30736155,0.0,0.0
2014-06-24 00:00:00-04:00,27.972328323711764,28.341341066848763,27.765452495069045,27.94411849975586,44142862,0.0,0.0
2014-06-25 00:00:00-04:00,27.975793598695297,28.70332537717009,27.97381525718208,28.638490676879883,39387843,0.0,0.0
2014-06-26 00:00:00-04:00,28.754796830309935,28.826558562137034,28.301944067596043,28.507335662841797,34839390,0.0,0.0
2014-06-27 00:00:00-04:00,28.56573614653608,28.698868105572522,28.39845176878858,28.56870460510254,44738493,0.0,0.0
2014-06-30 00:00:00-04:00,28.638985066525446,28.68402120394466,28.445471093902913,28.471702575683594,26275943,0.0,0.0
2014-07-01 00:00:00-04:00,28.622157243984784,28.923067708090947,28.539506114728198,28.837448120117188,28959290,0.0,0.0
2014-07-02 00:00:00-04:00,28.871100354201687,28.974538258879953,28.7246027631896,28.820865631103516,21127848,0.0,0.0
2014-07-03 00:00:00-04:00,28.871100548551073,28.953255666630707,28.750834436783983,28.93939781188965,14283107,0.0,0.0
2014-07-07 00:00:00-04:00,28.891393905867766,29.023537649743812,28.68501218871977,28.816659927368164,21292298,0.0,0.0
2014-07-08 00:00:00-04:00,28.58949546651898,28.681945547077735,28.019100770776884,28.264333724975586,38190565,0.0,0.0
2014-07-09 00:00:00-04:00,28.288583302575113,28.542971514488734,28.17950380004083,28.51129722595215,22335153,0.0,0.0
2014-07-10 00:00:00-04:00,28.007961375404143,28.536534424082646,27.963419351538683,28.26482391357422,27134293,0.0,0.0
2014-07-11 00:00:00-04:00,28.30491607259482,28.747373576249302,28.280664823758357,28.664722442626953,32434806,0.0,0.0
2014-07-14 00:00:00-04:00,28.83398393356375,28.963157324596025,28.60780555137639,28.94632911682129,37081529,0.0,0.0
2014-07-15 00:00:00-04:00,28.989389730706453,28.99260619216672,28.53505271725767,28.941875457763672,32460877,0.0,0.0
2014-07-16 00:00:00-04:00,29.10124161848168,29.121038286186028,28.814187097043867,28.83695411682129,27942506,0.0,0.0
2014-07-17 00:00:00-04:00,28.682043532223275,28.75430127038592,28.141590939077307,28.394990921020508,60331186,0.0,0.0
2014-07-18 00:00:00-04:00,29.348701088885736,29.53677037978957,28.80428988399833,29.451644897460938,80283816,0.0,0.0
2014-07-21 00:00:00-04:00,29.286835240271564,29.417986974677863,28.964295533092123,29.173992156982422,41242922,0.0,0.0
2014-07-22 00:00:00-04:00,29.235857672630303,29.677819147484275,29.229916968899396,29.434814453125,33983045,0.0,0.0
2014-07-23 00:00:00-04:00,29.360084880841377,29.58873762695325,29.323954115894285,29.496187210083008,24663528,0.0,0.0
2014-07-24 00:00:00-04:00,29.519448669431895,29.670398974644343,29.28782556863385,29.366024017333984,20702684,0.0,0.0
2014-07-25 00:00:00-04:00,29.220017295712246,29.292275027470527,29.053228927821966,29.151718139648438,18649061,0.0,0.0
2014-07-28 00:00:00-04:00,29.10470460328326,29.32395216634851,28.940540124682755,29.229917526245117,19736037,0.0,0.0
2014-07-29 00:00:00-04:00,29.138355063718237,29.185371430640377,28.879264307613425,28.98295021057129,26997920,0.0,0.0
2014-07-30 00:00:00-04:00,29.029476763388097,29.17547836476661,28.90327182887873,29.072534561157227,20329662,0.0,0.0
2014-07-31 00:00:00-04:00,28.734997675164088,28.8859479618891,28.210383191500185,28.289569854736328,42055146,0.0,0.0
2014-08-01 00:00:00-04:00,28.230183256703334,28.505358251335863,27.856519039827283,28.01588249206543,39105069,0.0,0.0
2014-08-04 00:00:00-04:00,28.16287206493181,28.475164129636447,27.918381259966456,28.366283416748047,28546159,0.0,0.0
2014-08-05 00:00:00-04:00,28.21286167441242,28.308380547206898,27.84464025341804,27.96639060974121,31024946,0.0,0.0
2014-08-06 00:00:00-04:00,27.80356226459092,28.245031537475334,27.715466433479335,28.030927658081055,26687069,0.0,0.0
2014-08-07 00:00:00-04:00,28.111398656913845,28.204939176726118,27.769904766490523,27.881755828857422,22218835,0.0,0.0
2014-08-08 00:00:00-04:00,27.891656764946823,28.222757283950475,27.73278743064291,28.14950942993164,29895854,0.0,0.0
2014-08-11 00:00:00-04:00,28.209889148276574,28.234634507310837,28.012416601761007,28.10546112060547,24294518,0.0,0.0
2014-08-12 00:00:00-04:00,27.93917015764675,28.007469320901034,27.759019921315726,27.8505802154541,30840441,0.0,0.0
2014-08-13 00:00:00-04:00,28.077252884833936,28.457846031905834,28.00004455842122,28.446956634521484,28784812,0.0,0.0
2014-08-14 00:00:00-04:00,28.516245349937087,28.601370826932218,28.253938097840184,28.440523147583008,19709966,0.0,0.0
2014-08-15 00:00:00-04:00,28.599391169937064,28.674619261734527,28.23612034298134,28.382617950439453,30383189,0.0,0.0
2014-08-18 00:00:00-04:00,28.512781926150467,28.92851383272542,28.507337227367646,28.81220817565918,25682318,0.0,0.0
2014-08-19 00:00:00-04:00,28.95276257049356,29.06857410542184,28.90326995994611,29.044816970825195,19573592,0.0,0.0
2014-08-20 00:00:00-04:00,28.996317826841945,29.036899384160296,28.832497902442395,28.927522659301758,20734771,0.0,0.0
2014-08-21 00:00:00-04:00,28.89436419979162,28.928016829215643,28.761724450954137,28.87209129333496,18296094,0.0,0.0
2014-08-22 00:00:00-04:00,28.882981390867617,28.96444551844739,28.73697978776567,28.83200454711914,15781209,0.0,0.0
2014-08-25 00:00:00-04:00,28.938906369320172,28.952764225339543,28.655812331381256,28.71520233154297,27228551,0.0,0.0
2014-08-26 00:00:00-04:00,28.76766072056369,28.794386312801276,28.536039552221116,28.599388122558594,32793789,0.0,0.0
2014-08-27 00:00:00-04:00,28.5701899866071,28.630570102255636,28.215481891405123,28.259876251220703,34067276,0.0,0.0
2014-08-28 00:00:00-04:00,28.188608042971467,28.371232615445287,28.06685769693904,28.17078971862793,25858801,0.0,0.0
2014-08-29 00:00:00-04:00,28.27620800456131,28.31134675507116,28.065324386461864,28.289569854736328,21675347,0.0,0.0
2014-09-02 00:00:00-04:00,28.3019437647394,28.597905530730934,28.269279360484266,28.57316017150879,31568434,0.0,0.0
2014-09-03 00:00:00-04:00,28.7053033865859,28.853285223212545,28.457845996265913,28.603351593017578,24302540,0.0,0.0
2014-09-04 00:00:00-04:00,28.705301937206965,29.002253819636948,28.66669872257297,28.80329704284668,29163850,0.0,0.0
2014-09-05 00:00:00-04:00,28.902282119411257,29.02947527155029,28.801812667679968,29.006214141845703,32647388,0.0,0.0
2014-09-08 00:00:00-04:00,29.031950372646644,29.287822806046933,29.017102399584513,29.186365127563477,28620362,0.0,0.0
2014-09-09 00:00:00-04:00,29.14578537124317,29.150734065174476,28.70530617575876,28.755294799804688,25744488,0.0,0.0
2014-09-10 00:00:00-04:00,28.77954364727392,28.87852698338416,28.553859369162833,28.85873031616211,19547521,0.0,0.0
2014-09-11 00:00:00-04:00,28.72312291133001,28.79488654195704,28.520205646741463,28.772119522094727,24420864,0.0,0.0
2014-09-12 00:00:00-04:00,28.75479692258089,28.78647121000378,28.43111944104643,28.488529205322266,32033708,0.0,0.0
2014-09-15 00:00:00-04:00,28.35589244747082,28.455371787947527,28.121795013808622,28.363811492919922,31951483,0.0,0.0
2014-09-16 00:00:00-04:00,28.34698346393758,28.779543576051,28.34203477043176,28.702829360961914,29607064,0.0,0.0
2014-09-17 00:00:00-04:00,28.705797897454318,29.077481861969815,28.644675667758815,28.94137954711914,33856699,0.0,0.0
2014-09-18 00:00:00-04:00,29.051747846272765,29.177456775849173,28.952764511690937,29.164094924926758,28891103,0.0,0.0
2014-09-19 00:00:00-04:00,29.274460476302036,29.520929631130112,29.175477146090916,29.50113296508789,74732617,0.0,0.0
2014-09-22 00:00:00-04:00,29.38928171711909,29.395665417748972,28.876544851402457,29.070058822631836,33790518,0.0,0.0
2014-09-23 00:00:00-04:00,29.0443225804467,29.0443225804467,28.75479563905012,28.761228561401367,29428575,0.0,0.0
2014-09-24 00:00:00-04:00,28.777562763084788,29.181911149159884,28.73104050150551,29.100744247436523,34562632,0.0,0.0
2014-09-25 00:00:00-04:00,29.078968545244336,29.10024944090368,28.417261613732588,28.460813522338867,38519466,0.0,0.0
2014-09-26 00:00:00-04:00,28.510306161063177,28.668185379562765,28.441016882364394,28.561777114868164,28873054,0.0,0.0
2014-09-29 00:00:00-04:00,28.29699739153789,28.615724308337672,28.268291560870885,28.525156021118164,25648224,0.0,0.0
2014-09-30 00:00:00-04:00,28.553365099563624,28.69788058017242,28.351437959122745,28.57464599609375,32434806,0.0,0.0
2014-10-01 00:00:00-04:00,28.507834825042334,28.585537269174832,28.062406946052203,28.124767303466797,28909153,0.0,0.0
2014-10-02 00:00:00-04:00,28.077251591545302,28.30491419786202,27.87977904296319,28.214344024658203,23568530,0.0,0.0
2014-10-03 00:00:00-04:00,28.361335736419,28.567963556782207,28.334114137362675,28.471702575683594,22834521,0.0,0.0
2014-10-06 00:00:00-04:00,28.645913709147397,28.75479631798948,28.4301287259948,28.57415008544922,24292512,0.0,0.0
2014-10-07 00:00:00-04:00,28.428149040913947,28.47120683733513,27.900564193725586,27.900564193725586,38226664,0.0,0.0
2014-10-08 00:00:00-04:00,27.99113782092391,28.40241514702492,27.591242111359616,28.334115982055664,39817018,0.0,0.0
2014-10-09 00:00:00-04:00,28.26878638837514,28.284128473848554,27.668943787170136,27.75901985168457,50496258,0.0,0.0
2014-10-10 00:00:00-04:00,27.60262344575716,27.969358714700608,26.926068558667644,26.947845458984375,61638766,0.0,0.0
2014-10-13 00:00:00-04:00,26.97259615909079,27.195806118525795,26.384138874003106,26.38958168029785,51633371,0.0,0.0
2014-10-14 00:00:00-04:00,26.671186770159036,27.081473954588855,26.387596734753227,26.623674392700195,44451708,0.0,0.0
2014-10-15 00:00:00-04:00,26.28069359334205,26.369285423075027,25.651652981985617,26.232192993164062,74387672,0.0,0.0
2014-10-16 00:00:00-04:00,25.686297081541145,26.202498430022867,25.48833041507961,25.95899772644043,74171079,0.0,0.0
2014-10-17 00:00:00-04:00,26.09460761336129,26.279212440961928,25.168119011143347,25.298778533935547,110787334,0.0,0.0
2014-10-20 00:00:00-04:00,25.213650999177094,25.822896859831506,25.146836067166017,25.777362823486328,52150788,0.0,0.0
2014-10-21 00:00:00-04:00,25.99265047972397,26.07183903406791,25.691740031295698,26.059465408325195,46725935,0.0,0.0
2014-10-22 00:00:00-04:00,26.225265142240943,26.71572911451871,26.171317948384278,26.364831924438477,58385859,0.0,0.0
2014-10-23 00:00:00-04:00,26.691974454615732,27.082959098130512,26.52023737581479,26.922607421875,46976621,0.0,0.0
2014-10-24 00:00:00-04:00,26.941413245062737,26.967148721954974,26.517266308961016,26.714740753173828,39462046,0.0,0.0
2014-10-27 00:00:00-04:00,26.578635911412512,26.943886951971482,26.578635911412512,26.763736724853516,23706909,0.0,0.0
2014-10-28 00:00:00-04:00,26.87410208462468,27.170061938728143,26.805802928620214,27.16610336303711,25419598,0.0,0.0
2014-10-29 00:00:00-04:00,27.220547877712022,27.42791971665571,27.071081810626236,27.187387466430664,35410955,0.0,0.0
2014-10-30 00:00:00-04:00,27.16857848674587,27.35912210038772,26.89934232386607,27.23588752746582,29113713,0.0,0.0
2014-10-31 00:00:00-04:00,27.683293261387313,27.69418265769691,27.455630667053693,27.669931411743164,40701440,0.0,0.0
2014-11-03 00:00:00-05:00,27.492754951274847,27.611534956131738,27.380407869444056,27.478897094726562,27645693,0.0,0.0
2014-11-04 00:00:00-05:00,27.369024311207873,27.49275490257699,27.185903717515508,27.423959732055664,24884132,0.0,0.0
2014-11-05 00:00:00-05:00,27.557091887354975,27.557091887354975,26.926069128909596,27.018619537353516,40645286,0.0,0.0
2014-11-06 00:00:00-05:00,26.997834478058966,27.0663816460781,26.773636319645533,26.82659339904785,26665008,0.0,0.0
2014-11-07 00:00:00-05:00,27.032972361041363,27.032972361041363,26.659804149900104,26.775615692138672,32675465,0.0,0.0
2014-11-10 00:00:00-05:00,26.79788688616924,27.200256934770962,26.776109984555116,27.096323013305664,22692131,0.0,0.0
2014-11-11 00:00:00-05:00,27.145817367712095,27.316564341223838,27.03742885792777,27.234901428222656,19310873,0.0,0.0
2014-11-12 00:00:00-05:00,27.239850205637918,27.243312776528988,26.981501525129378,27.087413787841797,22593862,0.0,0.0
2014-11-13 00:00:00-05:00,27.2106491056552,27.2106491056552,26.897859131126566,26.991893768310547,26787343,0.0,0.0
2014-11-14 00:00:00-05:00,27.05623298812105,27.05623298812105,26.83203484110155,26.943391799926758,25790614,0.0,0.0
2014-11-17 00:00:00-05:00,26.902809307904384,26.91320270015758,26.43169709376961,26.552902221679688,34520517,0.0,0.0
2014-11-18 00:00:00-05:00,26.60190069518458,26.821644284173253,26.4370925301556,26.479656219482422,39253475,0.0,0.0
2014-11-19 00:00:00-05:00,26.47817092950736,26.638522613236567,26.23467021210594,26.57666015625,27844237,0.0,0.0
2014-11-20 00:00:00-05:00,26.29257339030651,26.483611120766522,26.284160233293687,26.46975326538086,31267610,0.0,0.0
2014-11-21 00:00:00-05:00,26.805309558982536,26.831541041607057,26.55537593195529,26.601898193359375,44485801,0.0,0.0
2014-11-24 00:00:00-05:00,26.609320212983086,26.859255723575124,26.5088526539462,26.689496994018555,34127440,0.0,0.0
2014-11-25 00:00:00-05:00,26.67613753658498,26.9226086054168,26.656439312658637,26.779081344604492,35798014,0.0,0.0
2014-11-26 00:00:00-05:00,26.769181733894126,26.802342145815018,26.57923254857312,26.743942260742188,30459397,0.0,0.0
2014-11-28 00:00:00-05:00,26.75631234502441,26.82461150619762,26.557355565215207,26.816198348999023,22966883,0.0,0.0
2014-12-01 00:00:00-05:00,26.671185405775134,26.795410094965384,26.3227625843339,26.41877555847168,42307838,0.0,0.0
2014-12-02 00:00:00-05:00,26.40442601308456,26.50291523590655,26.220811311556766,26.416303634643555,30533600,0.0,0.0
2014-12-03 00:00:00-05:00,26.301980299897913,26.527465812424595,26.19408779368993,26.29604148864746,25559983,0.0,0.0
2014-12-04 00:00:00-05:00,26.288121915849587,26.593982994593507,26.16092685576388,26.592496871948242,27842232,0.0,0.0
2014-12-05 00:00:00-05:00,26.280200791545013,26.37374131905478,25.947616035587508,25.996116638183594,51312493,0.0,0.0
2014-12-08 00:00:00-05:00,26.088666554914024,26.280200294444658,25.923364297363943,26.08124351501465,46587556,0.0,0.0
2014-12-09 00:00:00-05:00,25.841702483992933,26.438080628550374,25.76053747428999,26.397497177124023,37426473,0.0,0.0
2014-12-10 00:00:00-05:00,26.383145942752922,26.54399363037066,26.010965941436655,26.03571319580078,34245764,0.0,0.0
2014-12-11 00:00:00-05:00,26.121826347502157,26.424717037264593,26.08718170915765,26.14855194091797,32216207,0.0,0.0
2014-12-12 00:00:00-05:00,25.909504139051727,26.15646927929489,25.66946792602539,25.66946792602539,39891221,0.0,0.0
2014-12-15 00:00:00-05:00,25.871397296317806,25.889213727936987,25.402708337398277,25.428939819335938,56268061,0.0,0.0
2014-12-16 00:00:00-05:00,25.31807914818297,25.391821115256416,24.20154110503644,24.517793655395508,79285081,0.0,0.0
2014-12-17 00:00:00-05:00,24.597477897230497,25.092396482037596,24.588074622075247,24.98796844482422,57663883,0.0,0.0
2014-12-18 00:00:00-05:00,25.38687317623009,25.43240532099234,24.9785643164784,25.295312881469727,58534266,0.0,0.0
2014-12-19 00:00:00-05:00,25.315605026421405,25.622950333161143,25.087991619073403,25.555147171020508,73804074,0.0,0.0
2014-12-22 00:00:00-05:00,25.541781727974794,26.055508732256172,25.541781727974794,25.976816177368164,54475152,0.0,0.0
2014-12-23 00:00:00-05:00,26.082230903522248,26.456389181039327,26.047090262819182,26.259906768798828,43952341,0.0,0.0
2014-12-24 00:00:00-05:00,26.255947818275477,26.317764831917643,26.08322063575982,26.169832229614258,14118657,0.0,0.0
2014-12-26 00:00:00-05:00,26.169833509274035,26.441049919449163,26.09757577209625,26.430160522460938,20810980,0.0,0.0
2014-12-29 00:00:00-05:00,26.339096090997707,26.501924001358134,26.231252819785603,26.247039794921875,45570772,0.0,0.0
2014-12-30 00:00:00-05:00,26.136177925052493,26.287622321099978,26.08866554933866,26.251493453979492,17525986,0.0,0.0
2014-12-31 00:00:00-05:00,26.292576079506574,26.359391016685507,26.022843877104407,26.052539825439453,27364925,0.0,0.0
2015-01-02 00:00:00-05:00,26.181714310408097,26.29356728683362,25.938709587323952,25.973848342895508,28951268,0.0,0.0
2015-01-05 00:00:00-05:00,25.897132041111814,25.950089115556363,25.39231612115554,25.432403564453125,41196796,0.0,0.0
2015-01-06 00:00:00-05:00,25.488327392061557,25.546481158334082,24.797916594869015,24.842952728271484,57998800,0.0,0.0
2015-01-07 00:00:00-05:00,25.092393436806667,25.104469838041965,24.728628529366702,24.800392150878906,41301082,0.0,0.0
2015-01-08 00:00:00-05:00,24.64647244330592,24.91818296214316,24.30052395365088,24.878589630126953,67071641,0.0,0.0
2015-01-09 00:00:00-05:00,24.981531607052183,24.9894487583582,24.48809732902655,24.556396484375,41427428,0.0,0.0
2015-01-12 00:00:00-05:00,24.495525125626433,24.546799197270783,24.130274037731017,24.377239227294922,46535413,0.0,0.0
2015-01-13 00:00:00-05:00,24.688540129355534,24.893435717258516,24.369317233372897,24.55689239501953,47409807,0.0,0.0
2015-01-14 00:00:00-05:00,24.48117159689095,24.905810769814128,24.39950868840014,24.789011001586914,44714427,0.0,0.0
2015-01-15 00:00:00-05:00,25.02162239591221,25.02706709466939,24.635090433447488,24.834543228149414,54316718,0.0,0.0
2015-01-16 00:00:00-05:00,24.746445738471735,25.151290111600403,24.74594973326353,25.145845413208008,45965854,0.0,0.0
2015-01-20 00:00:00-05:00,25.29036154068997,25.364597614269712,25.043693619157004,25.087444305419922,44640224,0.0,0.0
2015-01-21 00:00:00-05:00,25.10477040885701,25.700158461709435,25.052803445681647,25.6387882232666,45374234,0.0,0.0
2015-01-22 00:00:00-05:00,25.809037151493435,26.543991939021335,25.720943216827767,26.44797706604004,53538588,0.0,0.0
2015-01-23 00:00:00-05:00,26.507369064617308,26.83302488981985,26.37918389838782,26.72315216064453,45634948,0.0,0.0
2015-01-26 00:00:00-05:00,26.65286991407661,26.676131040308466,26.214372979006974,26.488555908203125,30874534,0.0,0.0
2015-01-27 00:00:00-05:00,26.229223389778692,26.265354151354362,25.646209015409116,25.667985916137695,38080263,0.0,0.0
2015-01-28 00:00:00-05:00,25.873376483338056,25.883769874649197,25.240869522094727,25.240869522094727,33676205,0.0,0.0
2015-01-29 00:00:00-05:00,25.290364890770473,25.294817579118426,24.805343696310814,25.273536682128906,83727244,0.0,0.0
2015-01-30 00:00:00-05:00,25.53089426372995,26.719194061633104,25.514066055740642,26.45441246032715,112127002,0.0,0.0
2015-02-02 00:00:00-05:00,26.316329013940756,26.3791834761452,25.66402536353375,26.155481338500977,56996054,0.0,0.0
2015-02-03 00:00:00-05:00,26.131724021104986,26.398979958201462,25.89713248819256,26.19309425354004,40773638,0.0,0.0
2015-02-04 00:00:00-05:00,26.193094054451183,26.362951226696786,25.798644967489174,25.872386932373047,33273101,0.0,0.0
2015-02-05 00:00:00-05:00,25.923363851359532,26.156471153875355,25.83922660153243,26.110937118530273,36995292,0.0,0.0
2015-02-06 00:00:00-05:00,26.11390668393877,26.587048309286068,26.05303056567567,26.28019905090332,35270570,0.0,0.0
2015-02-09 00:00:00-05:00,26.13172324593803,26.329691792860846,26.033730036292727,26.123310089111328,25355423,0.0,0.0
2015-02-10 00:00:00-05:00,26.196061834675948,26.611795592304738,26.078271960105003,26.574180603027344,34997823,0.0,0.0
2015-02-11 00:00:00-05:00,26.493016041431826,26.648916924208883,26.397892838565813,26.52617645263672,27555446,0.0,0.0
2015-02-12 00:00:00-05:00,26.589524101373243,26.964176506067773,26.461982615543246,26.870635986328125,32404724,0.0,0.0
2015-02-13 00:00:00-05:00,26.891428952499112,27.216094688026462,26.880539554494778,27.171552658081055,38006060,0.0,0.0
2015-02-17 00:00:00-05:00,27.06365870027936,27.220547807186694,26.77957454044964,26.866186141967773,32336537,0.0,0.0
2015-02-18 00:00:00-05:00,26.794916438311088,26.997337674374798,26.602390695274185,26.710779190063477,29061570,0.0,0.0
2015-02-19 00:00:00-05:00,26.628625825319926,26.87954958885191,26.627141595819996,26.867671966552734,19782163,0.0,0.0
2015-02-20 00:00:00-05:00,26.880539940270566,26.91122600681879,26.517763199671524,26.673664093017578,28887092,0.0,0.0
2015-02-23 00:00:00-05:00,26.530132855967732,26.549386187455156,26.201506695406554,26.325237274169922,29157834,0.0,0.0
2015-02-24 00:00:00-05:00,26.230705677054466,26.56675675809664,26.144095978917477,26.53211212158203,20101036,0.0,0.0
2015-02-25 00:00:00-05:00,26.52270907289407,27.033465676930266,26.50019005896849,26.917160034179688,36519991,0.0,0.0
2015-02-26 00:00:00-05:00,26.8844965445219,27.52442655054161,26.79986518405902,27.49176025390625,46230579,0.0,0.0
2015-02-27 00:00:00-05:00,27.43039244821075,27.948572119288958,27.36407162955321,27.63627815246582,48203982,0.0,0.0
2015-03-02 00:00:00-05:00,27.741695027018952,28.316790322933638,27.653599205083474,28.276702880859375,42592618,0.0,0.0
2015-03-03 00:00:00-05:00,28.23265803670051,28.477146970896623,28.03815393594288,28.39053726196289,34095352,0.0,0.0
2015-03-04 00:00:00-05:00,28.302934497661848,28.562271395948056,28.111896761190057,28.377172470092773,37536775,0.0,0.0
2015-03-05 00:00:00-05:00,28.458832429090155,28.601865563263097,28.379151654214173,28.47417640686035,27792094,0.0,0.0
2015-03-06 00:00:00-05:00,28.45190381367786,28.540989756905017,28.05002979161154,28.095809936523438,33182854,0.0,0.0
2015-03-09 00:00:00-04:00,28.05497987744902,28.223748497953903,27.89042162198169,28.153470993041992,21242161,0.0,0.0
2015-03-10 00:00:00-04:00,27.925805557771707,27.9554996085572,27.454642282579353,27.4685001373291,35846146,0.0,0.0
2015-03-11 00:00:00-04:00,27.47493423904803,27.62341017879839,27.254200563943048,27.278945922851562,36415706,0.0,0.0
2015-03-12 00:00:00-04:00,27.39426465233852,27.535809778013064,27.24331246566813,27.493247985839844,27792094,0.0,0.0
2015-03-13 00:00:00-04:00,27.393766935144612,27.636277506929524,26.934483160511437,27.087907791137695,34071287,0.0,0.0
2015-03-16 00:00:00-04:00,27.26756633508862,27.559569563426887,27.02258137790224,27.443758010864258,32819860,0.0,0.0
2015-03-17 00:00:00-04:00,27.30517899842508,27.408616914344403,27.121564297537436,27.262121200561523,36110871,0.0,0.0
2015-03-18 00:00:00-04:00,27.344276992712242,27.704579368331956,27.07207234275031,27.69072151184082,42690887,0.0,0.0
2015-03-19 00:00:00-04:00,27.685277075020142,27.75506047023238,27.524675497036917,27.615989685058594,23945563,0.0,0.0
2015-03-20 00:00:00-04:00,27.79712665149198,27.80059111522456,27.668447381346034,27.733280181884766,52337299,0.0,0.0
2015-03-23 00:00:00-04:00,27.73674720017304,27.832266064542157,27.509082705624692,27.65656852722168,32876014,0.0,0.0
2015-03-24 00:00:00-04:00,27.84216480966913,28.43755282343975,27.775351769814907,28.21978759765625,51665459,0.0,0.0
2015-03-25 00:00:00-04:00,28.23513046840236,28.32223617666849,27.65310622132637,27.655332565307617,43045859,0.0,0.0
2015-03-26 00:00:00-04:00,27.596187663525384,27.661022356998778,27.25271353624772,27.47641944885254,31452115,0.0,0.0
2015-03-27 00:00:00-04:00,27.3690244702723,27.481865664657267,27.12799810229777,27.138391494750977,37949906,0.0,0.0
2015-03-30 00:00:00-04:00,27.30072173414462,27.392282019548453,27.129974788872463,27.321014404296875,25750504,0.0,0.0
2015-03-31 00:00:00-04:00,27.220548201746528,27.453655521368695,27.05821439377653,27.121564865112305,31760961,0.0,0.0
2015-04-01 00:00:00-04:00,27.151255648014672,27.276964565050687,26.700879154158553,26.852325439453125,39261497,0.0,0.0
2015-04-02 00:00:00-04:00,26.76769570951711,26.76769570951711,26.42110354657176,26.504398345947266,34327989,0.0,0.0
2015-04-06 00:00:00-04:00,26.340579085398254,26.64693423082376,26.20942546839209,26.565519332885742,26488525,0.0,0.0
2015-04-07 00:00:00-04:00,26.630607044688812,26.85876379629136,26.52766323027349,26.578144073486328,26057345,0.0,0.0
2015-04-08 00:00:00-04:00,26.645453630206738,26.916174057845954,26.645453630206738,26.80531120300293,23570536,0.0,0.0
2015-04-09 00:00:00-04:00,26.77660246103261,26.8221364961216,26.502419492135893,26.764230728149414,31157308,0.0,0.0
2015-04-10 00:00:00-04:00,26.838963087795975,26.838963087795975,26.592493933897263,26.72612190246582,28189181,0.0,0.0
2015-04-13 00:00:00-04:00,26.64693432820795,26.926563881952433,26.592493025369677,26.684547424316406,32906096,0.0,0.0
2015-04-14 00:00:00-04:00,26.54003248754941,26.605361295001444,26.136278572686102,26.250009536743164,52082601,0.0,0.0
2015-04-15 00:00:00-04:00,26.166369192546135,26.464805310571272,25.89515467399501,26.35592269897461,46376979,0.0,0.0
2015-04-16 00:00:00-04:00,26.225757599815804,26.507367386252884,26.211405632844066,26.41877555847168,25997180,0.0,0.0
2015-04-17 00:00:00-04:00,26.16438640542493,26.222786281539545,25.78577354157518,25.936229705810547,43037837,0.0,0.0
2015-04-20 00:00:00-04:00,26.01294390865348,26.532113695696683,25.958502604207666,26.49697494506836,33585958,0.0,0.0
2015-04-21 00:00:00-04:00,26.602392336577008,26.69543875264382,26.412590824122823,26.42719268798828,36895018,0.0,0.0
2015-04-22 00:00:00-04:00,26.448471578412523,26.77907797009445,26.317317961381722,26.694198608398438,31871263,0.0,0.0
2015-04-23 00:00:00-04:00,26.775121078422803,27.268059398675238,26.737011974856166,27.072071075439453,83697161,0.0,0.0
2015-04-24 00:00:00-04:00,28.017365652352442,28.266805159856716,27.5793627581653,27.96589469909668,98650102,0.0,0.0
2015-04-27 00:00:00-04:00,27.959794779377305,28.086842151177553,27.45408721120997,27.561779022216797,47960000,0.0,1.0027455
2015-04-28 00:00:00-04:00,27.525554000511878,27.594040583596612,27.313443616406495,27.4779109954834,29820000,0.0,0.0
2015-04-29 00:00:00-04:00,27.318606842153724,27.477911605570604,27.141682534206723,27.249624252319336,33976000,0.0,0.0
2015-04-30 00:00:00-04:00,27.189573465167296,27.225306666204713,26.553346423777004,26.666994094848633,41644000,0.0,0.0
2015-05-01 00:00:00-04:00,26.72108951064953,26.776176386361932,26.4069458961369,26.694787979125977,35364000,0.0,0.0
2015-05-04 00:00:00-04:00,26.72604958272281,27.000987917259966,26.553841119734695,26.837711334228516,26160000,0.0,0.0
2015-05-05 00:00:00-04:00,26.710168747798793,26.78609919544519,26.322129856453394,26.34242820739746,27662000,0.0,0.0
2015-05-06 00:00:00-04:00,26.364265571989296,26.420840461047074,25.860295839309458,26.015878677368164,31340000,0.0,0.0
2015-05-07 00:00:00-04:00,26.004462137861868,26.474438457179854,25.893296384369023,26.337465286254883,30926000,0.0,0.0
2015-05-08 00:00:00-04:00,26.632750280638426,26.85607568343359,26.05458615261029,26.710664749145508,30552000,0.0,0.0
2015-05-11 00:00:00-04:00,26.71810902531629,26.897265342835944,26.570714078329715,26.585601806640625,18106000,0.0,0.0
2015-05-12 00:00:00-04:00,26.382130471372733,26.46198163511388,26.067490874354906,26.255083084106445,32684000,0.0,0.0
2015-05-13 00:00:00-04:00,26.330515982828498,26.517216508076316,26.235975875650105,26.28386688232422,25046000,0.0,0.0
2015-05-14 00:00:00-04:00,26.489821511084592,26.74937612184015,26.42232883097747,26.7195987701416,28078000,0.0,0.0
2015-05-15 00:00:00-04:00,26.758308137670383,26.762972858565345,26.321583109628293,26.493791580200195,39426000,0.0,0.0
2015-05-18 00:00:00-04:00,26.40247457990096,26.541927759244697,26.24564986063626,26.416866302490234,40068000,0.0,0.0
2015-05-19 00:00:00-04:00,26.50024338604702,26.831758511285642,26.453594284032864,26.667985916137695,39338000,0.0,0.0
2015-05-20 00:00:00-04:00,26.72406428241041,26.943915754047826,26.45021828892187,26.762773513793945,28616000,0.0,0.0
2015-05-21 00:00:00-04:00,26.697263503968543,26.9895714782783,26.599497473455507,26.923566818237305,29254000,0.0,0.0
2015-05-22 00:00:00-04:00,26.806446453710027,27.006942362109168,26.77468508178386,26.804462432861328,23524000,0.0,0.0
2015-05-26 00:00:00-04:00,26.705704002364126,26.749377074447352,26.29677039962965,26.417861938476562,48130000,0.0,0.0
2015-05-27 00:00:00-04:00,26.441682983149498,26.82629907039141,26.387590015661665,26.78858184814453,30500000,0.0,0.0
2015-05-28 00:00:00-04:00,26.700241888213576,26.829275179381593,26.612897644623406,26.788084030151367,20596000,0.0,0.0
2015-05-29 00:00:00-04:00,26.66847896922148,26.731009697234235,26.37468299133557,26.40743637084961,51948000,0.0,0.0
2015-06-01 00:00:00-04:00,26.639697219273938,26.639697219273938,26.29081435501343,26.5007381439209,38086000,0.0,0.0
2015-06-02 00:00:00-04:00,26.44813664360013,26.947888452636988,26.368732258681504,26.758310317993164,38780000,0.0,0.0
2015-06-03 00:00:00-04:00,26.79453478759298,26.972697197018604,26.655575718702117,26.81438446044922,34340000,0.0,0.0
2015-06-04 00:00:00-04:00,26.687839774082036,26.828284990549932,26.517119304847384,26.63523292541504,26966000,0.0,0.0
2015-06-05 00:00:00-04:00,26.61786396777902,26.660049027493347,26.42778982244947,26.467988967895508,27764000,0.0,0.0
2015-06-08 00:00:00-04:00,26.46699415894015,26.50719140698615,26.11612536207427,26.145404815673828,30412000,0.0,0.0
2015-06-09 00:00:00-04:00,26.181631498803263,26.263019890655954,25.955824194329722,26.13845443725586,29106000,0.0,0.0
2015-06-10 00:00:00-04:00,26.270964490959972,26.717613416915288,26.27046848572704,26.634735107421875,36300000,0.0,0.0
2015-06-11 00:00:00-04:00,26.720839520261684,26.74838295606894,26.452601024413564,26.531509399414062,24350000,0.0,0.0
2015-06-12 00:00:00-04:00,26.382128644666096,26.45756308479328,26.310664139311456,26.418357849121094,19116000,0.0,0.0
2015-06-15 00:00:00-04:00,26.20347001173687,26.21835963452777,26.00496000830576,26.163768768310547,32654000,0.0,0.0
2015-06-16 00:00:00-04:00,26.223322315631926,26.284861043161246,26.082379205872783,26.210914611816406,21436000,0.0,0.0
2015-06-17 00:00:00-04:00,26.27146249930733,26.35136289034556,26.059550873403875,26.266002655029297,25884000,0.0,0.0
2015-06-18 00:00:00-04:00,26.352354418323948,26.70719317485112,26.34193262837937,26.636722564697266,36662000,0.0,0.0
2015-06-19 00:00:00-04:00,26.660542524732264,26.7121554662033,26.452104844766655,26.634735107421875,37870000,0.0,0.0
2015-06-22 00:00:00-04:00,26.77865561145297,26.984611368060165,26.676421740984157,26.709177017211914,25006000,0.0,0.0
2015-06-23 00:00:00-04:00,26.78113541754549,26.873392381779684,26.5632698733233,26.82282257080078,23950000,0.0,0.0
2015-06-24 00:00:00-04:00,26.79900452176099,26.79900452176099,26.583620868866173,26.691808700561523,25732000,0.0,0.0
2015-06-25 00:00:00-04:00,26.742923070051955,26.843667027053474,26.56227684020996,26.56227684020996,26714000,0.0,0.0
2015-06-26 00:00:00-04:00,26.663024944750642,26.687838458911397,26.36972303570224,26.3865966796875,42182000,0.0,0.0
2015-06-29 00:00:00-04:00,26.05508219263819,26.233742515113015,25.833246698350102,25.881881713867188,38756000,0.0,0.0
2015-06-30 00:00:00-04:00,26.105206917119617,26.11662071650879,25.831260586582086,25.831756591796875,44344000,0.0,0.0
2015-07-01 00:00:00-04:00,26.04118540581094,26.08882840893672,25.718605964039845,25.89776039123535,39220000,0.0,0.0
2015-07-02 00:00:00-04:00,25.86004589595944,26.037216308057232,25.86004589595944,25.975181579589844,24718000,0.0,0.0
2015-07-06 00:00:00-04:00,25.781632805483216,26.06699292704751,25.756819293423195,25.948381423950195,25610000,0.0,0.0
2015-07-07 00:00:00-04:00,25.961782130334914,26.113147020787245,25.56724216198026,26.055578231811523,31944000,0.0,0.0
2015-07-08 00:00:00-04:00,25.858555733317118,25.942128824787734,25.613394746289078,25.649126052856445,25934000,0.0,0.0
2015-07-09 00:00:00-04:00,25.96128815268622,25.993545532802848,25.82381897023485,25.84019660949707,36846000,0.0,0.0
2015-07-10 00:00:00-04:00,26.118605374784156,26.429771012967358,26.081880166009025,26.309175491333008,39134000,0.0,0.0
2015-07-13 00:00:00-04:00,26.445653287629167,27.151856837724353,26.42183367728231,27.124065399169922,44130000,0.0,0.0
2015-07-14 00:00:00-04:00,27.134487938249897,28.08183335901995,27.132007911988858,27.84615135192871,64882000,0.0,0.0
2015-07-15 00:00:00-04:00,27.798010942739097,28.114288107985693,27.632254325632292,27.80247688293457,35692000,0.0,0.0
2015-07-16 00:00:00-04:00,28.04565341979066,28.817861606952142,28.039697570856596,28.776670455932617,95366000,0.0,0.0
2015-07-17 00:00:00-04:00,32.2084311005571,33.472350803521074,32.009919216373994,33.39602279663086,223298000,0.0,0.0
2015-07-20 00:00:00-04:00,32.7166207537647,33.19503102686359,32.40743912704662,32.904212951660156,117218000,0.0,0.0
2015-07-21 00:00:00-04:00,32.516619900464065,33.39949778212974,32.47145692395905,32.86848068237305,67544000,0.0,0.0
2015-07-22 00:00:00-04:00,32.798500324167016,33.679394131971286,32.70470612677035,32.858551025390625,78586000,0.0,0.0
2015-07-23 00:00:00-04:00,32.81736261908991,32.93448421404798,31.81140727323783,31.97418785095215,60582000,0.0,0.0
2015-07-24 00:00:00-04:00,32.109174185767735,32.16724087296572,30.894287023463715,30.945899963378906,72514000,0.0,0.0
2015-07-27 00:00:00-04:00,30.81885457512733,31.47890504248779,30.79404106057501,31.129526138305664,53508000,0.0,0.0
2015-07-28 00:00:00-04:00,31.405949447043778,31.405949447043778,30.933493133597004,31.16624641418457,34546000,0.0,0.0
2015-07-29 00:00:00-04:00,31.20595133459531,31.43225277421784,30.90073962780574,31.361286163330078,31502000,0.0,0.0
2015-07-30 00:00:00-04:00,31.26550375454525,31.52456046760519,30.870963782544994,31.394039154052734,29484000,0.0,0.0
2015-07-31 00:00:00-04:00,31.33399008268344,31.4099205306011,31.042178095736297,31.047637939453125,34122000,0.0,0.0
2015-08-03 00:00:00-04:00,31.034236011553975,31.417163372789712,31.034236011553975,31.325550079345703,26090000,0.0,0.0
2015-08-04 00:00:00-04:00,31.187089871745922,31.504211364132352,31.12455913988798,31.228281021118164,29818000,0.0,0.0
2015-08-05 00:00:00-04:00,31.48039272781733,32.15185888148094,31.422329823771275,31.94937515258789,46686000,0.0,0.0
2015-08-06 00:00:00-04:00,32.00992059935409,32.02873093491705,31.377165597688368,31.89478302001953,31452000,0.0,0.0
2015-08-07 00:00:00-04:00,31.77320084508374,31.894786505633235,31.251115532370466,31.528533935546875,28078000,0.0,0.0
2015-08-10 00:00:00-04:00,31.735975055210275,31.93250102710151,31.32748826234122,31.45061492919922,36184000,0.0,0.0
2015-08-11 00:00:00-04:00,33.21090857770177,33.49378676467264,32.469967720152965,32.79304504394531,100584000,0.0,0.0
2015-08-12 00:00:00-04:00,32.90719048154273,33.00247649359716,32.37170550868961,32.73250198364258,58734000,0.0,0.0
2015-08-13 00:00:00-04:00,32.72068696653832,32.97765931032429,32.34048951366698,32.578155517578125,36214000,0.0,0.0
2015-08-14 00:00:00-04:00,32.50669433697847,32.74713949512706,32.390068742349904,32.61140823364258,21442000,0.0,0.0
2015-08-17 00:00:00-04:00,32.59552812803517,32.8228234657589,32.319597774851744,32.79751205444336,21034000,0.0,0.0
2015-08-18 00:00:00-04:00,32.8486289513891,32.95284683553377,32.4297696077559,32.56227493286133,29122000,0.0,0.0
2015-08-19 00:00:00-04:00,32.5856039555013,33.10172956391123,32.46599854560898,32.79899978637695,42682000,0.0,0.0
2015-08-20 00:00:00-04:00,32.529025781931814,32.90272596003465,31.905702457038124,32.100738525390625,57106000,0.0,0.0
2015-08-21 00:00:00-04:00,31.750862936071943,31.764260756200578,30.38858083952481,30.396024703979492,85304000,0.0,0.0
2015-08-24 00:00:00-04:00,28.436720659276208,29.743419961269748,28.04218067400668,29.261037826538086,115406000,0.0,0.0
2015-08-25 00:00:00-04:00,30.51662136055824,30.642674842045373,28.83920172353988,28.886348724365234,70760000,0.0,0.0
2015-08-26 00:00:00-04:00,30.290318212889947,31.350368478026603,29.729523717605495,31.197017669677734,84718000,0.0,0.0
2015-08-27 00:00:00-04:00,31.73200548506426,31.939947164133308,30.868483074319776,31.643173217773438,69826000,0.0,0.0
2015-08-28 00:00:00-04:00,31.405456226288337,31.606944158690993,30.995530608595207,31.28436279296875,39574000,0.0,0.0
2015-08-31 00:00:00-04:00,31.1434193843463,31.553344973175623,30.654089419366358,30.682376861572266,43534000,0.0,0.0
2015-09-01 00:00:00-04:00,29.893793442150717,30.41488482065027,29.483867820525777,29.666994094848633,74042000,0.0,0.0
2015-09-02 00:00:00-04:00,30.054085865730205,30.48832893371582,29.76227579624036,30.48832893371582,51512000,0.0,0.0
2015-09-03 00:00:00-04:00,30.620346419650645,30.754837683406564,29.916673951773046,30.08684730529785,35192000,0.0,0.0
2015-09-04 00:00:00-04:00,29.776667794924617,29.948876250919383,29.54093659880795,29.8114070892334,41780000,0.0,0.0
2015-09-08 00:00:00-04:00,30.396521511998568,30.58609963059343,29.981136068849622,30.504213333129883,45590000,0.0,0.0
2015-09-09 00:00:00-04:00,30.8297714706207,31.092798108719535,30.25309537310412,30.407934188842773,34042000,0.0,0.0
2015-09-10 00:00:00-04:00,30.42679400554642,30.975676777918633,30.343915699987818,30.83622169494629,38106000,0.0,0.0
2015-09-11 00:00:00-04:00,30.75681838142332,31.05607423703804,30.64118668970436,31.055578231811523,27470000,0.0,0.0
2015-09-14 00:00:00-04:00,31.052104834065403,31.060044704125126,30.74093916823421,30.930021286010742,34046000,0.0,0.0
2015-09-15 00:00:00-04:00,31.10172858268073,31.697262316818396,30.956815557045022,31.520587921142578,41688000,0.0,0.0
2015-09-16 00:00:00-04:00,31.536969228247393,31.66004478812026,31.380640492617083,31.562278747558594,25730000,0.0,0.0
2015-09-17 00:00:00-04:00,31.652105720906334,32.30272451979398,31.5146365398244,31.905704498291016,45494000,0.0,0.0
2015-09-18 00:00:00-04:00,31.602475295015985,31.76178004900878,31.117611280792655,31.228281021118164,102668000,0.0,0.0
2015-09-21 00:00:00-04:00,31.483863746629538,31.587585627710094,31.064014277167633,31.535476684570312,35770000,0.0,0.0
2015-09-22 00:00:00-04:00,31.11662084691957,31.143916279484085,30.542426645764834,30.902725219726562,51258000,0.0,0.0
2015-09-23 00:00:00-04:00,30.870964989226795,31.21240401837929,30.7692271198766,30.886348724365234,29418000,0.0,0.0
2015-09-24 00:00:00-04:00,30.602477191787592,31.1325004210136,30.392055495438207,31.05706787109375,44802000,0.0,0.0
2015-09-25 00:00:00-04:00,31.254090027540897,31.254090027540897,30.322575176704216,30.37071418762207,43480000,0.0,0.0
2015-09-28 00:00:00-04:00,30.289821527284516,30.501483236005406,29.24962285368135,29.5230712890625,62554000,0.0,0.0
2015-09-29 00:00:00-04:00,29.641680151235224,30.024806286963553,29.29130739549076,29.527040481567383,46190000,0.0,0.0
2015-09-30 00:00:00-04:00,29.93944942678706,30.211409852742523,29.81289993924107,30.194536209106445,48268000,0.0,0.0
2015-10-01 00:00:00-04:00,30.192058233091135,30.376672528860517,29.769228889313087,30.336971282958984,37352000,0.0,0.0
2015-10-02 00:00:00-04:00,30.1339919299291,31.133495498564592,29.932006101040386,31.11215591430664,53696000,0.0,0.0
2015-10-05 00:00:00-04:00,31.364757684755745,31.911160411861776,31.116618782017408,31.834733963012695,36072000,0.0,0.0
2015-10-06 00:00:00-04:00,31.70421404495862,32.220841368804344,31.589574359823867,32.03175735473633,43326000,0.0,0.0
2015-10-07 00:00:00-04:00,32.22034719171078,32.28828476869315,31.372206574868883,31.87890625,41854000,0.0,0.0
2015-10-08 00:00:00-04:00,31.829278325574954,31.98262724872883,31.04515838059512,31.720096588134766,43642000,0.0,0.0
2015-10-09 00:00:00-04:00,31.761776924285126,32.0590468205396,31.529419335721023,31.940933227539062,32974000,0.0,0.0
2015-10-12 00:00:00-04:00,31.8655085783108,32.18362214746441,31.71265564632404,32.092803955078125,25504000,0.0,0.0
2015-10-13 00:00:00-04:00,31.918109167776755,32.64574880479432,31.918109167776755,32.3722038269043,36154000,0.0,0.0
2015-10-14 00:00:00-04:00,32.41736209585861,32.724063687828064,32.200986456977596,32.31562423706055,28310000,0.0,0.0
2015-10-15 00:00:00-04:00,32.489325821456845,32.90967320024922,32.47939814461891,32.84069061279297,37714000,0.0,0.0
2015-10-16 00:00:00-04:00,32.958307763607586,33.00098692904776,32.615378851872094,32.86351776123047,32222000,0.0,0.0
2015-10-19 00:00:00-04:00,32.81290077465585,33.09280299841325,32.73349827841754,33.057071685791016,29546000,0.0,0.0
2015-10-20 00:00:00-04:00,32.954835476669125,32.9885827657378,31.969973493696656,32.27195739746094,49964000,0.0,0.0
2015-10-21 00:00:00-04:00,32.464012066918336,32.54937039280615,31.847632871215268,31.891307830810547,35822000,0.0,0.0
2015-10-22 00:00:00-04:00,32.09429034560642,32.64515910826444,31.960792986105446,32.34689712524414,81420000,0.0,0.0
2015-10-23 00:00:00-04:00,36.10420921974331,36.22827866723384,34.813887723101644,34.83869934082031,133078000,0.0,0.0
2015-10-26 00:00:00-04:00,34.816367248792886,35.68981720674147,34.801975526285055,35.373687744140625,54332000,0.0,0.0
2015-10-27 00:00:00-04:00,35.10569880847668,35.41537643099847,34.965253613496905,35.16078567504883,44916000,0.0,0.0
2015-10-28 00:00:00-04:00,35.10321947975609,35.383613870094145,34.8922998942025,35.38212585449219,43578000,0.0,0.0
2015-10-29 00:00:00-04:00,35.260537851622786,35.64564610799388,35.2362184532227,35.57914733886719,29120000,0.0,0.0
2015-10-30 00:00:00-04:00,35.52009176690267,35.63274931688685,35.23820556878569,35.27592468261719,38176000,0.0,0.0
2015-11-02 00:00:00-05:00,35.288336211533974,35.812405529913256,35.02977358919774,35.78709411621094,37726000,0.0,0.0
2015-11-03 00:00:00-05:00,35.67543028178916,35.96277255171653,35.46997052509739,35.839202880859375,31308000,0.0,0.0
2015-11-04 00:00:00-05:00,35.83126133783705,36.3821300862551,35.82630128518444,36.13448715209961,34134000,0.0,0.0
2015-11-05 00:00:00-05:00,36.20198318743123,36.698757091521195,36.20198318743123,36.290321350097656,37232000,0.0,0.0
2015-11-06 00:00:00-05:00,36.30272109455192,36.49676513491801,36.079889822456366,36.414878845214844,30232000,0.0,0.0
2015-11-09 00:00:00-05:00,36.23820449639933,36.46202779081635,35.7037153477529,35.97468185424805,41396000,0.0,0.0
2015-11-10 00:00:00-05:00,35.950368835043555,36.25756267502318,35.65756293328786,36.1449089050293,32160000,0.0,0.0
2015-11-11 00:00:00-05:00,36.35036799097904,36.77418742132852,36.23969824398583,36.496273040771484,27328000,0.0,0.0
2015-11-12 00:00:00-05:00,36.27790620759486,36.61537526104547,36.16103451294037,36.28932189941406,36744000,0.0,0.0
2015-11-13 00:00:00-05:00,36.18708997370946,36.285352013492734,35.56971872545032,35.5831184387207,41510000,0.0,0.0
2015-11-16 00:00:00-05:00,35.51364358763053,36.202973526962175,35.30173575162916,36.176673889160156,38118000,0.0,0.0
2015-11-17 00:00:00-05:00,36.19304532825471,36.31984470423198,35.8822242355571,35.99502944946289,30218000,0.0,0.0
2015-11-18 00:00:00-05:00,36.10818806903065,36.79453820510723,36.07940083170448,36.72456359863281,33686000,0.0,0.0
2015-11-19 00:00:00-05:00,36.66202851566143,36.823813300356306,36.597013969615524,36.645652770996094,26542000,0.0,0.0
2015-11-20 00:00:00-05:00,37.04862439706267,37.61388474823392,36.87343991890932,37.548377990722656,44246000,0.0,0.0
2015-11-23 00:00:00-05:00,37.59056687586904,37.85150727789407,37.31116069122613,37.51761245727539,28290000,0.0,0.0
2015-11-24 00:00:00-05:00,37.32009519163076,37.482826568880704,36.60694563242679,37.13548278808594,46662000,0.0,0.0
2015-11-25 00:00:00-05:00,37.128532315079255,37.32009256519669,37.02530643207268,37.1290283203125,22442000,0.0,0.0
2015-11-27 00:00:00-05:00,37.14440779193258,37.39006666097351,37.09626878573683,37.23373794555664,16770000,0.0,0.0
2015-11-30 00:00:00-05:00,37.16177774886515,37.46549953193352,36.78758536359188,36.85359191894531,41952000,0.0,0.0
2015-12-01 00:00:00-05:00,37.07741412860622,38.16128402582052,37.05706655479201,38.066497802734375,42692000,0.0,0.0
2015-12-02 00:00:00-05:00,38.15880131732417,38.50892419896053,37.66550331433953,37.835227966308594,44608000,0.0,0.0
2015-12-03 00:00:00-05:00,38.01537577137912,38.163514729035654,37.00396437393389,37.34688949584961,51812000,0.0,0.0
2015-12-04 00:00:00-05:00,37.37467866742198,38.138450903272535,37.22083376613763,38.055076599121094,55146000,0.0,0.0
2015-12-07 00:00:00-05:00,38.10272200886145,38.150365012289,37.47344286027565,37.87840270996094,36246000,0.0,0.0
2015-12-08 00:00:00-05:00,37.61239676852481,37.955325647791554,37.42926863507574,37.8347282409668,36590000,0.0,0.0
2015-12-09 00:00:00-05:00,37.67592368974382,37.92703863444623,36.57572733216996,37.30073928833008,54000000,0.0,0.0
2015-12-10 00:00:00-05:00,37.362274987589394,37.51115605181382,36.91463221197174,37.194034576416016,39768000,0.0,0.0
2015-12-11 00:00:00-05:00,36.782121866345676,37.00792916039392,36.56326621708553,36.66847610473633,44488000,0.0,0.0
2015-12-14 00:00:00-05:00,36.813394519118056,37.15781146312663,35.938952445310456,37.11016845703125,48250000,0.0,0.0
2015-12-15 00:00:00-05:00,37.36972151449509,37.621828467185466,36.87393969765876,36.89329147338867,53324000,0.0,0.0
2015-12-16 00:00:00-05:00,37.22084183696832,37.746399184703954,36.6965226092767,37.62232971191406,39866000,0.0,0.0
2015-12-17 00:00:00-05:00,37.837217456764364,37.85012116660966,37.171214887994296,37.19255447387695,31068000,0.0,0.0
2015-12-18 00:00:00-05:00,37.04763588140042,37.42580009370656,36.63274835246324,36.69031524658203,62974000,0.0,0.0
2015-12-21 00:00:00-05:00,37.02877816385584,37.220838203924814,36.72456036120582,37.11016845703125,30514000,0.0,0.0
2015-12-22 00:00:00-05:00,37.3027229343669,37.46153168590972,36.99900114971252,37.2208366394043,27308000,0.0,0.0
2015-12-23 00:00:00-05:00,37.39304604814513,37.429769365983574,36.923071635659646,37.23622131347656,31318000,0.0,0.0
2015-12-24 00:00:00-05:00,37.19850839661029,37.28783856404282,37.053099345193395,37.14143371582031,10544000,0.0,0.0
2015-12-28 00:00:00-05:00,37.36575215306692,37.865505830859604,37.19701949985719,37.84168243408203,30306000,0.0,0.0
2015-12-29 00:00:00-05:00,38.04912553223249,38.70867997077677,38.036221823592406,38.54093933105469,35300000,0.0,0.0
2015-12-30 00:00:00-05:00,38.54093771853485,38.59056474378993,38.05954762233193,38.26301956176758,25866000,0.0,0.0
2015-12-31 00:00:00-05:00,38.188578670428285,38.188578670428285,37.63473392800879,37.66153335571289,30018000,0.0,0.0
2016-01-04 00:00:00-05:00,36.87343905131847,36.926042100893106,36.29070873066898,36.81586837768555,65456000,0.0,0.0
2016-01-05 00:00:00-05:00,37.04465250875823,37.32008682280614,36.65706044846347,36.852596282958984,39014000,0.0,0.0
2016-01-06 00:00:00-05:00,36.22828276755308,37.08088925824095,36.17468391203987,36.904212951660156,38940000,0.0,0.0
2016-01-07 00:00:00-05:00,36.2436657348191,36.65011740335432,35.685353169745426,36.04912567138672,59274000,0.0,0.0
2016-01-08 00:00:00-05:00,36.300240280621125,36.38857843121358,35.38461086296558,35.45756149291992,49018000,0.0,0.0
2016-01-11 00:00:00-05:00,35.56376800869546,35.67517987021035,34.915129476160566,35.53498077392578,41812000,0.0,0.0
2016-01-12 00:00:00-05:00,35.815381429344605,36.16625025153033,35.59885430742188,36.03324890136719,40490000,0.0,0.0
2016-01-13 00:00:00-05:00,36.270463791024916,36.46351583149395,34.67046459410718,34.76723861694336,50034000,0.0,0.0
2016-01-14 00:00:00-05:00,35.006448128301784,35.827537471886735,34.19850860298625,35.469970703125,44516000,0.0,0.0
2016-01-15 00:00:00-05:00,34.35681444345213,35.0739395092132,34.01339332101498,34.464012145996094,72162000,0.0,0.0
2016-01-19 00:00:00-05:00,34.90321983772874,35.23473305656427,34.412401863430595,34.82828140258789,45362000,0.0,0.0
2016-01-20 00:00:00-05:00,34.17419098427219,35.07940059175905,33.412402624184665,34.66252899169922,68900000,0.0,0.0
2016-01-21 00:00:00-05:00,34.84763830921904,35.691805122815886,34.464510243957584,35.06649398803711,48244000,0.0,0.0
2016-01-22 00:00:00-05:00,35.91066740704886,36.13548273879583,35.73801214014538,35.9925537109375,40236000,0.0,0.0
2016-01-25 00:00:00-05:00,35.909671338089176,36.21240111111217,35.23622121578466,35.318603515625,34234000,0.0,0.0
2016-01-26 00:00:00-05:00,35.42679582213477,35.64664730618874,35.06103928446814,35.3865966796875,26634000,0.0,0.0
2016-01-27 00:00:00-05:00,35.417866619241764,35.64441989486803,34.46104582755779,34.73896026611328,43884000,0.0,0.0
2016-01-28 00:00:00-05:00,35.84217381644913,36.411406004077286,35.352347890886556,36.27592086791992,53528000,0.0,0.0
2016-01-29 00:00:00-05:00,36.30421180548731,36.97220209359434,36.06947260542966,36.8709602355957,69486000,0.0,0.0
2016-02-01 00:00:00-05:00,37.243664795043365,37.61091311484829,36.886843943666825,37.320091247558594,102784000,0.0,0.0
2016-02-02 00:00:00-05:00,38.93299543132762,39.19949790632756,37.94788360595703,37.94788360595703,126962000,0.0,0.0
2016-02-03 00:00:00-05:00,38.22431158082136,38.4367153967924,35.756818215101205,36.0769157409668,123420000,0.0,0.0
2016-02-04 00:00:00-05:00,35.871455748761534,36.079395516459414,34.831753123972895,35.136966705322266,103374000,0.0,0.0
2016-02-05 00:00:00-05:00,34.931508022061124,34.93746387093855,33.75433619527138,33.92406463623047,102114000,0.0,0.0
2016-02-08 00:00:00-05:00,33.143912903646125,33.946888462753606,32.90619391167632,33.882869720458984,84948000,0.0,0.0
2016-02-09 00:00:00-05:00,33.36575297993921,34.734485086686284,33.18957268013216,33.65309524536133,72178000,0.0,0.0
2016-02-10 00:00:00-05:00,34.08733998859648,34.80446135285707,33.852600770226466,33.95136260986328,52760000,0.0,0.0
2016-02-11 00:00:00-05:00,33.49875760289732,34.21091516402445,33.194441327215344,33.90123748779297,60480000,0.0,0.0
2016-02-12 00:00:00-05:00,34.25606936643122,34.429269821137424,33.67740931281217,33.86599349975586,42828000,0.0,0.0
2016-02-16 00:00:00-05:00,34.39105912907694,34.6401938393045,33.99751117574858,34.29279708862305,50400000,0.0,0.0
2016-02-17 00:00:00-05:00,34.64466087390519,35.22332105183503,34.3116596045945,35.15632247924805,49852000,0.0,0.0
2016-02-18 00:00:00-05:00,35.235724165033425,35.35234975214557,34.54242249615055,34.607933044433594,37664000,0.0,0.0
2016-02-19 00:00:00-05:00,34.49279687292087,34.89234989561825,34.44416185807573,34.784610748291016,31786000,0.0,0.0
2016-02-22 00:00:00-05:00,35.10917435255451,35.39651659401385,34.864011483474364,35.06004333496094,38996000,0.0,0.0
2016-02-23 00:00:00-05:00,34.81140742077595,35.15632036812345,34.42083927479936,34.53349304199219,40186000,0.0,0.0
2016-02-24 00:00:00-05:00,34.18956835741018,34.739444991985735,33.78560054200175,34.71760940551758,39272000,0.0,0.0
2016-02-25 00:00:00-05:00,34.73994095493908,35.03621885316288,34.272200505647355,35.024803161621094,32844000,0.0,0.0
2016-02-26 00:00:00-05:00,35.16525464941036,35.405949695231406,34.78212659692427,34.99106216430664,44870000,0.0,0.0
2016-02-29 00:00:00-05:00,34.75532985591445,35.27989515888286,34.624312531483646,34.628780364990234,49622000,0.0,0.0
2016-03-01 00:00:00-05:00,34.91910226005806,35.67294692993164,34.72803422534234,35.67294692993164,43028000,0.0,0.0
2016-03-02 00:00:00-05:00,35.68237443657649,35.732001459121,35.334977706166676,35.674930572509766,32580000,0.0,0.0
2016-03-03 00:00:00-05:00,35.66649316543762,35.70470828485406,35.038206008932555,35.3558235168457,39160000,0.0,0.0
2016-03-04 00:00:00-05:00,35.483375362294325,35.55781780773812,35.038212491854495,35.27989959716797,39442000,0.0,0.0
2016-03-07 00:00:00-05:00,35.08188433402217,35.14098847265871,34.089328580099235,34.49925231933594,59702000,0.0,0.0
2016-03-08 00:00:00-05:00,34.173194711645834,34.92753532608653,34.01190214964653,34.44019317626953,41526000,0.0,0.0
2016-03-09 00:00:00-05:00,34.663522977540005,35.02133968113152,34.441687450131106,34.99950408935547,28430000,0.0,0.0
2016-03-10 00:00:00-05:00,35.14242401501762,35.555327533930644,34.90619679731429,35.375675201416016,56670000,0.0,0.0
2016-03-11 00:00:00-05:00,35.732007778241396,36.07543274160992,35.58932864333129,36.07046890258789,39416000,0.0,0.0
2016-03-14 00:00:00-04:00,36.069969470612726,36.501236548091136,35.9875871676525,36.252601623535156,34366000,0.0,0.0
2016-03-15 00:00:00-04:00,36.075430214194704,36.34192890610035,35.96872850734533,36.14540481567383,34420000,0.0,0.0
2016-03-16 00:00:00-04:00,36.048135437546726,36.59900416513917,35.955825453501745,36.530517578125,32488000,0.0,0.0
2016-03-17 00:00:00-04:00,36.54838095212518,36.876918164211574,36.52604935737025,36.61438751220703,37216000,0.0,0.0
2016-03-18 00:00:00-04:00,36.81686530060881,36.82381315987963,36.31909945917154,36.60545349121094,59614000,0.0,0.0
2016-03-21 00:00:00-04:00,36.55086681984506,36.848632792219206,36.40277706345864,36.828285217285156,36730000,0.0,0.0
2016-03-22 00:00:00-04:00,36.59851457493995,36.97270705657483,36.59851457493995,36.76178741455078,25394000,0.0,0.0
2016-03-23 00:00:00-04:00,36.841687927415656,37.008436582598016,36.53349824673392,36.62828826904297,28642000,0.0,0.0
2016-03-24 00:00:00-04:00,36.32802972616807,36.612744277954945,36.27790669786131,36.49130630493164,31898000,0.0,0.0
2016-03-28 00:00:00-04:00,36.56525767075817,36.67443940815412,36.352354040096,36.40346908569336,26026000,0.0,0.0
2016-03-29 00:00:00-04:00,36.456074899986504,37.08436209116153,36.16674481860839,36.96128463745117,38076000,0.0,0.0
2016-03-30 00:00:00-04:00,37.2257993948164,37.61190346840919,37.15830482545691,37.24713897705078,35648000,0.0,0.0
2016-03-31 00:00:00-04:00,37.183618278816795,37.263020763491824,36.77121076208945,36.970218658447266,34376000,0.0,0.0
2016-04-01 00:00:00-04:00,36.655073521328134,37.23770157846399,36.575667266930154,37.21636199951172,31534000,0.0,0.0
2016-04-04 00:00:00-04:00,37.223814293312,37.35979545230238,36.84515405640411,36.987091064453125,22684000,0.0,0.0
2016-04-05 00:00:00-04:00,36.625307010868916,36.86351825962312,36.494785693402925,36.615379333496094,22646000,0.0,0.0
2016-04-06 00:00:00-04:00,36.5146292042203,37.03423054693162,36.50420552390897,37.006935119628906,21074000,0.0,0.0
2016-04-07 00:00:00-04:00,36.99106348523636,37.07195398830519,36.53994482823693,36.73845672607422,29064000,0.0,0.0
2016-04-08 00:00:00-04:00,36.921576221161466,36.99502284212014,36.503708944696754,36.682369232177734,25816000,0.0,0.0
2016-04-11 00:00:00-04:00,36.87444228400299,36.97270434101248,36.5285372769817,36.5310173034668,24402000,0.0,0.0
2016-04-12 00:00:00-04:00,36.62530763642403,36.914637720101055,36.27840686738015,36.87791061401367,27060000,0.0,0.0
2016-04-13 00:00:00-04:00,37.179152622677805,37.43821124265762,36.93602675149768,37.30619812011719,34142000,0.0,0.0
2016-04-14 00:00:00-04:00,37.41984926071706,37.58362187134414,37.35508460300271,37.3796501159668,22706000,0.0,0.0
2016-04-15 00:00:00-04:00,37.41835338295434,37.76673832499141,37.35453152729446,37.667484283447266,36186000,0.0,0.0
2016-04-18 00:00:00-04:00,37.739944777671205,38.11662100436653,37.5831238219671,38.04515838623047,31176000,0.0,0.0
2016-04-19 00:00:00-04:00,38.189070804494094,38.208426365462735,37.18758333522805,37.415870666503906,40610000,0.0,0.0
2016-04-20 00:00:00-04:00,37.61785857773333,37.62440887520315,37.22133083026363,37.35334014892578,30584000,0.0,0.0
2016-04-21 00:00:00-04:00,37.48783827240174,37.739449241033824,37.198508186957575,37.6744384765625,61210000,0.0,0.0
2016-04-22 00:00:00-04:00,36.04465584436814,36.5320017727363,35.41488069915766,35.67095947265625,119038000,0.0,0.0
2016-04-25 00:00:00-04:00,35.53845558926234,35.927039705192314,35.513144178111574,35.88833236694336,39184000,0.0,0.0
2016-04-26 00:00:00-04:00,36.00098772325792,36.018158591566674,34.88962173018415,35.1434211730957,54892000,0.0,0.0
2016-04-27 00:00:00-04:00,35.10123642834995,35.185110540513975,34.360545325154966,35.02927780151367,61972000,0.0,0.0
2016-04-28 00:00:00-04:00,35.149367484430954,35.442669342208326,34.220834474361325,34.293785095214844,57346000,0.0,0.0
2016-04-29 00:00:00-04:00,34.27790984908636,34.62133477666476,34.19354352600306,34.39255142211914,49754000,0.0,0.0
2016-05-02 00:00:00-04:00,34.62182843140704,34.7712092912326,34.29279525016097,34.650611877441406,32906000,0.0,0.0
2016-05-03 00:00:00-04:00,34.58410619326062,34.63224519612848,34.34241916863725,34.360286712646484,30876000,0.0,0.0
2016-05-04 00:00:00-04:00,34.267487955030994,34.72703865820813,34.194037537381675,34.52604675292969,33870000,0.0,0.0
2016-05-05 00:00:00-04:00,34.62530119194874,34.854584327244005,34.527039154707474,34.8104133605957,33670000,0.0,0.0
2016-05-06 00:00:00-04:00,34.65905036150577,35.32803267477772,34.64550298217596,35.29130935668945,36586000,0.0,0.0
2016-05-09 00:00:00-04:00,35.33497551863808,35.667980505483186,35.23572147969371,35.379642486572266,30206000,0.0,0.0
2016-05-10 00:00:00-04:00,35.5707183593109,35.90570365460793,35.519599526765326,35.88982391357422,31392000,0.0,0.0
2016-05-11 00:00:00-04:00,35.90123631206559,35.95433537449207,35.37468323066756,35.49825668334961,33842000,0.0,0.0
2016-05-12 00:00:00-04:00,35.58610191416711,35.69478764713215,35.1861020683786,35.39999771118164,27214000,0.0,0.0
2016-05-13 00:00:00-04:00,35.33151118781801,35.566348854712906,35.199005843177254,35.276920318603516,26290000,0.0,0.0
2016-05-16 00:00:00-04:00,35.19255121910822,35.65656978461728,35.01984674403997,35.55781173706055,26342000,0.0,0.0
2016-05-17 00:00:00-04:00,35.53299589332777,35.8074382302116,34.943419860282894,35.04862976074219,40024000,0.0,0.0
2016-05-18 00:00:00-04:00,34.92158060205349,35.31513234567906,34.77071550334594,35.0684814453125,35336000,0.0,0.0
2016-05-19 00:00:00-04:00,34.856570994490674,35.0372153437786,34.58064063191037,34.75532913208008,33404000,0.0,0.0
2016-05-20 00:00:00-04:00,34.81984446305801,35.46301931399168,34.765253601860486,35.22282028198242,36568000,0.0,0.0
2016-05-23 00:00:00-04:00,35.06351683655987,35.309073491011915,34.946891245687574,34.94987106323242,26614000,0.0,0.0
2016-05-24 00:00:00-04:00,35.07989467001935,35.78014426216064,35.07989467001935,35.736473083496094,38590000,0.0,0.0
2016-05-25 00:00:00-04:00,35.76971842120526,36.10470746473087,35.71736147460093,35.9935417175293,32584000,0.0,0.0
2016-05-26 00:00:00-04:00,35.874439113631865,36.14540564519285,35.74590181448519,35.93647384643555,31526000,0.0,0.0
2016-05-27 00:00:00-04:00,35.93101880848093,36.42362402617921,35.93052280316572,36.36029815673828,39500000,0.0,0.0
2016-05-31 00:00:00-04:00,36.31463372908957,36.71115769435939,36.29081033480852,36.512149810791016,42590000,0.0,0.0
2016-06-01 00:00:00-04:00,36.45309799152516,36.586099333199655,36.261037950632435,36.43423843383789,25072000,0.0,0.0
2016-06-02 00:00:00-04:00,36.35234868150088,36.37815609627384,35.93894918514588,36.248130798339844,26836000,0.0,0.0
2016-06-03 00:00:00-04:00,36.19205401462339,36.20296991560521,35.75979493738125,35.8481330871582,24526000,0.0,0.0
2016-06-06 00:00:00-04:00,35.97567473864922,35.97567473864922,35.46450918102208,35.560787200927734,31306000,0.0,0.0
2016-06-07 00:00:00-04:00,35.72406669814251,35.83026861729982,35.560790097913596,35.56575393676758,26724000,0.0,0.0
2016-06-08 00:00:00-04:00,35.928533621771486,36.157316987125306,35.76078919182196,36.14292526245117,31674000,0.0,0.0
2016-06-09 00:00:00-04:00,35.87443978519257,36.20545703475836,35.84793568742923,36.157814025878906,19778000,0.0,0.0
2016-06-10 00:00:00-04:00,35.70570430311351,36.024313857221046,35.55483540197541,35.702728271484375,24328000,0.0,0.0
2016-06-13 00:00:00-04:00,35.55880549947904,36.001980508561516,35.55880549947904,35.65061569213867,25178000,0.0,0.0
2016-06-14 00:00:00-04:00,35.55731452785006,35.85458445719985,35.39056212110339,35.646148681640625,26122000,0.0,0.0
2016-06-15 00:00:00-04:00,35.68237377472298,35.879889850868395,35.59850346450758,35.678401947021484,24290000,0.0,0.0
2016-06-16 00:00:00-04:00,35.4793969796826,35.565751109157844,34.90123285389928,35.25359344482422,39650000,0.0,0.0
2016-06-17 00:00:00-04:00,35.16872813635627,35.17716779782022,34.166347007463074,34.328529357910156,68048000,0.0,0.0
2016-06-20 00:00:00-04:00,34.67840298435898,34.86252313701494,34.41240032735701,34.42728805541992,41650000,0.0,0.0
2016-06-21 00:00:00-04:00,34.660041702376354,34.87691714274564,34.342920200462395,34.537960052490234,29312000,0.0,0.0
2016-06-22 00:00:00-04:00,34.692794353847106,34.78212450761372,34.39611889085455,34.6133918762207,23686000,0.0,0.0
2016-06-23 00:00:00-04:00,34.612900807605904,34.83622433072377,34.0942875648373,34.832252502441406,43428000,0.0,0.0
2016-06-24 00:00:00-04:00,33.50719025982029,34.21339568977937,33.421831924808835,33.509674072265625,88980000,0.0,0.0
2016-06-27 00:00:00-04:00,33.30024202112495,33.364760563003216,32.91731463069898,33.16426086425781,52580000,0.0,0.0
2016-06-28 00:00:00-04:00,33.695779413573405,33.76327020374017,33.399501470765586,33.748878479003906,43476000,0.0,0.0
2016-06-29 00:00:00-04:00,33.89577982569935,34.11557830632859,33.8168695548204,33.95086669921875,38652000,0.0,0.0
2016-06-30 00:00:00-04:00,34.01835223199797,34.3583050929793,33.92803006795376,34.34738540649414,31954000,0.0,0.0
2016-07-01 00:00:00-04:00,34.352352115979826,34.77170748957298,34.348876293153445,34.70024108886719,26894000,0.0,0.0
2016-07-05 00:00:00-04:00,34.543921258864984,34.58759244232095,34.18759257193586,34.488834381103516,29252000,0.0,0.0
2016-07-06 00:00:00-04:00,34.24218024618531,34.822824432260525,34.19800927526344,34.628780364990234,28238000,0.0,0.0
2016-07-07 00:00:00-04:00,34.644163525775554,34.65011937491906,34.15458742536042,34.509178161621094,26084000,0.0,0.0
2016-07-08 00:00:00-04:00,34.71463067046712,35.02282027538699,34.56252367505647,35.01885223388672,31504000,0.0,0.0
2016-07-11 00:00:00-04:00,35.138953862647796,35.55880526341749,35.098754720079484,35.48833465576172,22236000,0.0,0.0
2016-07-12 00:00:00-04:00,35.688332799781,35.87790902369683,35.529028039449564,35.76376724243164,26738000,0.0,0.0
2016-07-13 00:00:00-04:00,35.91165582103344,35.9305153780141,35.57567476336719,35.58212661743164,18718000,0.0,0.0
2016-07-14 00:00:00-04:00,35.810415391348286,35.84168265249215,35.63423887632962,35.779151916503906,19004000,0.0,0.0
2016-07-15 00:00:00-04:00,36.01636602901106,36.016862034172995,35.685102734220344,35.72455596923828,25586000,0.0,0.0
2016-07-18 00:00:00-04:00,35.866493821398976,36.53249624944845,35.79105938568038,36.415870666503906,25910000,0.0,0.0
2016-07-19 00:00:00-04:00,36.222823515347095,36.575180337499354,36.17865633113023,36.573692321777344,24550000,0.0,0.0
2016-07-20 00:00:00-04:00,36.59205109802481,36.830262316635796,36.58063540638047,36.78361511230469,25794000,0.0,0.0
2016-07-21 00:00:00-04:00,36.742424739004335,36.80842750548417,36.51765866359462,36.65656661987305,20526000,0.0,0.0
2016-07-22 00:00:00-04:00,36.816867332180074,36.88535391824283,36.55384067579976,36.86054229736328,25196000,0.0,0.0
2016-07-25 00:00:00-04:00,36.75780936697413,36.854087383661565,36.60048863418497,36.71314239501953,20648000,0.0,0.0
2016-07-26 00:00:00-04:00,36.67691615003534,36.80842947113085,36.44019292932329,36.646148681640625,23734000,0.0,0.0
2016-07-27 00:00:00-04:00,36.63920034336357,36.94589815807279,36.57567381395452,36.812400817871094,30250000,0.0,0.0
2016-07-28 00:00:00-04:00,37.07394693203812,37.15384543570089,36.68982679192876,37.01786804199219,70604000,0.0,0.0
2016-07-29 00:00:00-04:00,38.34788321915519,38.63770926874052,38.053093331472425,38.15333938598633,76830000,0.0,0.0
2016-08-01 00:00:00-04:00,37.77120747994758,38.73100780167892,37.77120747994758,38.356319427490234,54010000,0.0,0.0
2016-08-02 00:00:00-04:00,38.14838494840607,38.503221805462175,38.10669778937039,38.26649856567383,35690000,0.0,0.0
2016-08-03 00:00:00-04:00,38.073446046624035,38.372700021355776,38.05557849883873,38.371212005615234,25748000,0.0,0.0
2016-08-04 00:00:00-04:00,38.323568278652864,38.41537846949154,38.153593720457145,38.293296813964844,22806000,0.0,0.0
2016-08-05 00:00:00-04:00,38.40098771163548,38.86054225523338,38.32952509263564,38.819847106933594,36024000,0.0,0.0
2016-08-08 00:00:00-04:00,38.808927870935044,38.840195133548974,38.61493302142093,38.797019958496094,22158000,0.0,0.0
2016-08-09 00:00:00-04:00,38.76426062833176,39.153340740994736,38.737957207324854,38.921085357666016,26378000,0.0,0.0
2016-08-10 00:00:00-04:00,38.895773875547185,39.0477332100441,38.84753642297603,38.94192886352539,15728000,0.0,0.0
2016-08-11 00:00:00-04:00,38.95781465407547,39.19354589631468,38.85706878771878,38.95037078857422,19502000,0.0,0.0
2016-08-12 00:00:00-04:00,38.78411416864706,38.87815827462221,38.72952330303993,38.86947250366211,14810000,0.0,0.0
2016-08-15 00:00:00-04:00,38.89577171048436,39.081379876172484,38.715127382849666,38.83076095581055,18764000,0.0,0.0
2016-08-16 00:00:00-04:00,38.72455466783929,38.75830195074175,38.38430648165468,38.56772994995117,20560000,0.0,0.0
2016-08-17 00:00:00-04:00,38.576666699868724,38.749867165759085,38.38857471963011,38.7052001953125,18484000,0.0,0.0
2016-08-18 00:00:00-04:00,38.710167271049144,38.85160827194415,38.56078640028379,38.585601806640625,14388000,0.0,0.0
2016-08-19 00:00:00-04:00,38.461536332898284,38.565754235057256,38.368734124654274,38.48237991333008,17230000,0.0,0.0
2016-08-22 00:00:00-04:00,38.37568172933709,38.438708475487495,38.21587716079065,38.32009506225586,19028000,0.0,0.0
2016-08-23 00:00:00-04:00,38.48535252259468,38.5329955288163,38.30197825299927,38.316619873046875,18564000,0.0,0.0
2016-08-24 00:00:00-04:00,38.24217711841625,38.43671718351474,38.06798462649486,38.195526123046875,21440000,0.0,0.0
2016-08-25 00:00:00-04:00,38.064507141120934,38.30718999296785,37.875177032317545,38.184112548828125,18538000,0.0,0.0
2016-08-26 00:00:00-04:00,38.16376758851927,38.515132398721164,38.00743885347238,38.19056701660156,23334000,0.0,0.0
2016-08-29 00:00:00-04:00,38.150866393555134,38.46104007159437,38.04540658576183,38.32009506225586,16952000,0.0,0.0
2016-08-30 00:00:00-04:00,38.180143662539194,38.43503356287783,38.056570203673914,38.16823196411133,22600000,0.0,0.0
2016-08-31 00:00:00-04:00,38.065005906116916,38.16823179065698,37.98411540260249,38.066993713378906,24972000,0.0,0.0
2016-09-01 00:00:00-04:00,38.17617468107784,38.26401304249782,37.93051578512155,38.15284729003906,18502000,0.0,0.0
2016-09-02 00:00:00-04:00,38.36278062586839,38.40793982642132,38.134493237678726,38.285858154296875,21454000,0.0,0.0
2016-09-06 00:00:00-04:00,38.38460892329311,38.80892434270885,38.26301949328135,38.71364212036133,28856000,0.0,0.0
2016-09-07 00:00:00-04:00,38.709671609991354,38.84515676311333,38.521087393420736,38.72704315185547,17874000,0.0,0.0
2016-09-08 00:00:00-04:00,38.639697761255675,38.727043904903404,38.391062830616505,38.477413177490234,25406000,0.0,0.0
2016-09-09 00:00:00-04:00,38.218354476488486,38.374433299517925,37.70024108886719,37.70024108886719,37710000,0.0,0.0
2016-09-12 00:00:00-04:00,37.47542691954833,38.22778351223597,37.419348041340456,38.164756774902344,26220000,0.0,0.0
2016-09-13 00:00:00-04:00,37.93944403773687,38.02579816150702,37.508676788149906,37.70172882080078,27900000,0.0,0.0
2016-09-14 00:00:00-04:00,37.69775779002291,38.0982535867036,37.67294617143961,37.8406867980957,21748000,0.0,0.0
2016-09-15 00:00:00-04:00,37.86053656458993,38.40197353652569,37.71512753746232,38.30073547363281,26102000,0.0,0.0
2016-09-16 00:00:00-04:00,38.200989202021105,38.200989202021105,37.94838621365606,38.157814025878906,40986000,0.0,0.0
2016-09-19 00:00:00-04:00,38.333489610343214,38.411903868233416,37.93751086004515,37.99999237060547,23456000,0.0,0.0
2016-09-20 00:00:00-04:00,38.16376553382802,38.378653165856164,38.14043814367181,38.28336715698242,19572000,0.0,0.0
2016-09-21 00:00:00-04:00,38.34540316267145,38.56873046334074,38.129076729691796,38.52207946777344,23356000,0.0,0.0
2016-09-22 00:00:00-04:00,38.70967295492521,39.19850694834971,38.63225448743687,39.06748962402344,29724000,0.0,0.0
2016-09-23 00:00:00-04:00,39.03671742883275,39.152847020423096,38.91562778491338,39.05210494995117,28238000,0.0,0.0
2016-09-26 00:00:00-04:00,38.84565233930486,38.84565233930486,38.36575024856095,38.422325134277344,30664000,0.0,0.0
2016-09-27 00:00:00-04:00,38.48635015935505,39.00694364346971,38.427193013619174,38.85905456542969,23064000,0.0,0.0
2016-09-28 00:00:00-04:00,38.60297012062514,38.799494188957375,38.46004111601136,38.787086486816406,22196000,0.0,0.0
2016-09-29 00:00:00-04:00,38.781134032948664,38.997513472685974,38.42341960814602,38.46202850341797,26294000,0.0,0.0
2016-09-30 00:00:00-04:00,38.52754083210613,38.75632419931712,38.41637128946278,38.57518005371094,31706000,0.0,0.0
2016-10-03 00:00:00-04:00,38.42431294721575,38.51438522378574,38.188577946196496,38.34043884277344,25576000,0.0,0.0
2016-10-04 00:00:00-04:00,38.51264965171149,38.645654785325476,38.3568207038916,38.532501220703125,24028000,0.0,0.0
2016-10-05 00:00:00-04:00,38.675426065699675,38.81239922652841,38.4937897191916,38.53448486328125,29224000,0.0,0.0
2016-10-06 00:00:00-04:00,38.66004251632807,38.733489149079844,38.48833005927445,38.553836822509766,21414000,0.0,0.0
2016-10-07 00:00:00-04:00,38.69280286711069,38.69280286711069,38.250616065491144,38.46550750732422,18664000,0.0,0.0
2016-10-10 00:00:00-04:00,38.59602370958757,39.17517982749352,38.504705744539905,39.004459381103516,23498000,0.0,0.0
2016-10-11 00:00:00-04:00,39.040194356738034,39.31910075750247,38.738456569415945,38.862030029296875,27450000,0.0,0.0
2016-10-12 00:00:00-04:00,38.89626780956817,39.11314323332774,38.81190149395144,39.014381408691406,18748000,0.0,0.0
2016-10-13 00:00:00-04:00,38.77021540050483,38.77021540050483,38.3622757425213,38.619842529296875,27306000,0.0,0.0
2016-10-14 00:00:00-04:00,38.791555642154286,38.905697418624435,38.51115746666588,38.636714935302734,17050000,0.0,0.0
2016-10-17 00:00:00-04:00,38.69974750803206,38.99999347996453,38.58560193921761,38.70768737792969,21860000,0.0,0.0
2016-10-18 00:00:00-04:00,39.09925466230559,39.782132753778534,38.98585498478284,39.46699523925781,41138000,0.0,0.0
2016-10-19 00:00:00-04:00,39.614879977989716,39.93051346317294,39.60446008221917,39.776668548583984,35336000,0.0,0.0
2016-10-20 00:00:00-04:00,39.8660024940009,39.899253777920016,39.50520599609015,39.551856994628906,35150000,0.0,0.0
2016-10-21 00:00:00-04:00,39.45408781596988,39.67741132682353,39.40446078981344,39.67095947265625,25324000,0.0,0.0
2016-10-24 00:00:00-04:00,39.945404349311694,40.455577934661335,39.94143630729475,40.352848052978516,33950000,0.0,0.0
2016-10-25 00:00:00-04:00,40.530013433792,40.530013433792,39.95730920801515,40.08286666870117,31528000,0.0,0.0
2016-10-26 00:00:00-04:00,40.01686331966422,40.048622795097266,39.51959353586305,39.65606689453125,32954000,0.0,0.0
2016-10-27 00:00:00-04:00,39.751856671919604,39.8754301342943,39.280394209439216,39.47146224975586,54984000,0.0,0.0
2016-10-28 00:00:00-04:00,40.11661326344604,40.4709578343036,39.384108301515354,39.47244644165039,85398000,0.0,0.0
2016-10-31 00:00:00-04:00,39.47740746828257,39.54639005003523,38.90817906067988,38.93497848510742,48546000,0.0,0.0
2016-11-01 00:00:00-04:00,38.853093158202306,39.18063453519418,38.48832867467331,38.888824462890625,48128000,0.0,0.0
2016-11-02 00:00:00-04:00,38.62034245172275,38.79155891718238,37.888333374239885,38.14888000488281,37448000,0.0,0.0
2016-11-03 00:00:00-04:00,38.07691734534696,38.21091448539061,37.66897764866872,37.82282257080078,38864000,0.0,0.0
2016-11-04 00:00:00-04:00,37.2535913543117,38.23125925447601,37.24867673789414,37.81736373901367,42696000,0.0,0.0
2016-11-07 00:00:00-05:00,38.436712492671454,38.967233559910326,38.339938477158896,38.8347282409668,31702000,0.0,0.0
2016-11-08 00:00:00-05:00,38.878401810165116,39.48550081160877,38.71909705725263,39.231258392333984,27338000,0.0,0.0
2016-11-09 00:00:00-05:00,38.706695436694936,39.26684436117085,38.2962719370132,38.97319412231445,52142000,0.0,0.0
2016-11-10 00:00:00-05:00,39.26400898462665,39.26400898462665,37.32902460440064,37.84415817260742,94904000,0.0,0.0
2016-11-11 00:00:00-05:00,37.54539530588261,37.755818851957166,37.239689554914364,37.42033386230469,48636000,0.0,0.0
2016-11-14 00:00:00-05:00,37.498753993117816,37.61041954096461,36.10619843528943,36.53002166748047,73088000,0.0,0.0
2016-11-15 00:00:00-05:00,37.070465295336334,37.93627081948035,37.070465295336334,37.64217758178711,47680000,0.0,0.0
2016-11-16 00:00:00-05:00,37.4789027542229,38.032751305903666,37.24615134307201,37.939449310302734,29452000,0.0,0.0
2016-11-17 00:00:00-05:00,38.06053752634623,38.34738376104715,37.927036405828275,38.27443313598633,26080000,0.0,0.0
2016-11-18 00:00:00-05:00,38.28138455358829,38.46153289595779,37.71711613022958,37.74391555786133,30942000,0.0,0.0
2016-11-21 00:00:00-05:00,37.846645393443254,38.19850620258191,37.74689154777913,38.17369079589844,26612000,0.0,0.0
2016-11-22 00:00:00-05:00,38.34391624947282,38.5588038948387,38.06451005956321,38.127540588378906,31862000,0.0,0.0
2016-11-23 00:00:00-05:00,38.10073984636432,38.12818294464654,37.48138455789728,37.7662467956543,29568000,0.0,0.0
2016-11-25 00:00:00-05:00,37.9285287974949,37.965252113188455,37.74292062566132,37.80048751831055,11748000,0.0,0.0
2016-11-28 00:00:00-05:00,37.71711732736811,38.6863494410486,37.707193436148515,38.12604904174805,43764000,0.0,0.0
2016-11-29 00:00:00-05:00,38.28932446918368,38.63522943005835,38.12604787704736,38.25508117675781,32332000,0.0,0.0
2016-11-30 00:00:00-05:00,38.2168739232046,38.36178697837465,37.4605453776911,37.619850158691406,47858000,0.0,0.0
2016-12-01 00:00:00-05:00,37.5900652832666,37.70966689381252,36.57691227084671,37.11760711669922,60358000,0.0,0.0
2016-12-02 00:00:00-05:00,36.95234936243564,37.41934772177752,36.878402938693384,37.24565124511719,29050000,0.0,0.0
2016-12-05 00:00:00-05:00,37.60347109010364,37.91066493084155,37.36476004918118,37.84217834472656,27884000,0.0,0.0
2016-12-06 00:00:00-05:00,37.95185330638222,38.155329028877595,37.58510478698611,37.67294692993164,33814000,0.0,0.0
2016-12-07 00:00:00-05:00,37.766743783922834,38.280889183459266,37.50868096682741,38.27245330810547,35220000,0.0,0.0
2016-12-08 00:00:00-05:00,38.33647322377535,38.61935145657632,38.07592658628243,38.532005310058594,29762000,0.0,0.0
2016-12-09 00:00:00-05:00,38.7096727796035,39.177663191726936,38.661086983627996,39.17071533203125,36438000,0.0,0.0
2016-12-12 00:00:00-05:00,38.959788328325025,39.267977908907774,38.925794937317214,39.169715881347656,42082000,0.0,0.0
2016-12-13 00:00:00-05:00,39.39949290347537,39.91959407999096,39.37170146877906,39.50867462158203,42904000,0.0,0.0
2016-12-14 00:00:00-05:00,39.573195661571255,39.90074086796353,39.4049590111386,39.556819915771484,34084000,0.0,0.0
2016-12-15 00:00:00-05:00,39.57021242596467,39.85110658376121,39.35085698447513,39.595523834228516,32530000,0.0,0.0
2016-12-16 00:00:00-05:00,39.722073640970976,39.74470434979377,39.22033602194068,39.24564743041992,48876000,0.0,0.0
2016-12-19 00:00:00-05:00,39.216870644716025,39.586099222095044,39.020838769604794,39.41438674926758,24642000,0.0,0.0
2016-12-20 00:00:00-05:00,39.541434557651385,39.635228767663705,39.36823407554242,39.524559020996094,19020000,0.0,0.0
2016-12-21 00:00:00-05:00,39.49577371947975,39.53726398692252,39.06202663356619,39.4322509765625,24226000,0.0,0.0
2016-12-22 00:00:00-05:00,39.323061616492105,39.370704611005415,39.13546945538887,39.268470764160156,19444000,0.0,0.0
2016-12-23 00:00:00-05:00,39.250608066685324,39.34192602611615,39.070955751440536,39.20147705078125,12468000,0.0,0.0
2016-12-27 00:00:00-05:00,39.23969607447078,39.596024709427724,39.08967153400856,39.28287124633789,15782000,0.0,0.0
2016-12-28 00:00:00-05:00,39.38957589979145,39.41587553727747,38.868482621840066,38.96029281616211,23076000,0.0,0.0
2016-12-29 00:00:00-05:00,38.87492869751911,39.003961984684615,38.656069250410106,38.84812927246094,14886000,0.0,0.0
2016-12-30 00:00:00-05:00,38.84614369804336,38.847631713531726,38.23373634655752,38.3037109375,35400000,0.0,0.0
2017-01-03 00:00:00-05:00,38.65060894036751,39.187581872813645,38.501231869920005,39.014381408691406,33146000,0.0,0.0
2017-01-04 00:00:00-05:00,39.124559576949736,39.27245243494324,38.86649676275968,39.05210494995117,21460000,0.0,0.0
2017-01-05 00:00:00-05:00,39.011404988212746,39.42827651036876,38.95879814962205,39.40544891357422,26704000,0.0,0.0
2017-01-06 00:00:00-05:00,39.46698985128682,40.09428497678741,39.31532584919204,40.0074348449707,32804000,0.0,0.0
2017-01-09 00:00:00-05:00,40.019841748343396,40.19681337098029,39.84266945185113,40.032249450683594,25492000,0.0,0.0
2017-01-10 00:00:00-05:00,40.09229826247042,40.15532499527599,39.87641485358092,39.939937591552734,23536000,0.0,0.0
2017-01-11 00:00:00-05:00,39.95036674750823,40.10669548117953,39.770218403695324,40.094783782958984,21318000,0.0,0.0
2017-01-12 00:00:00-05:00,40.056571569872254,40.06897927422772,39.66103955040648,40.01786422729492,27062000,0.0,0.0
2017-01-13 00:00:00-05:00,40.07344066980867,40.25924572870806,40.03423354196029,40.093292236328125,21984000,0.0,0.0
2017-01-17 00:00:00-05:00,40.05359264624477,40.05656867765131,39.720591391570615,39.93101119995117,27242000,0.0,0.0
2017-01-18 00:00:00-05:00,39.990560038316104,40.01016170794909,39.75135302993223,40.00346374511719,25888000,0.0,0.0
2017-01-19 00:00:00-05:00,39.95631651525165,40.172692139728476,39.79155193137615,39.81016159057617,18386000,0.0,0.0
2017-01-20 00:00:00-05:00,40.045156792716014,40.045156792716014,39.78609818082521,39.951358795166016,33400000,0.0,0.0
2017-01-23 00:00:00-05:00,40.06202603608693,40.737956180788096,39.88783355212366,40.66053771972656,39272000,0.0,0.0
2017-01-24 00:00:00-05:00,40.80892635446685,40.987582884301,40.58664029844261,40.8868408203125,29480000,0.0,0.0
2017-01-25 00:00:00-05:00,41.172200501992656,41.477414094831865,40.94589717448481,41.472450256347656,29890000,0.0,0.0
2017-01-26 00:00:00-05:00,41.578646534249756,41.58807820472183,41.042665639554514,41.297752380371094,59478000,0.0,0.0
2017-01-27 00:00:00-05:00,41.42481104283249,41.78411574146868,40.716621542401356,40.85905456542969,59316000,0.0,0.0
2017-01-30 00:00:00-05:00,40.42977502645504,40.48833393765033,39.69230607454499,39.81736755371094,64932000,0.0,0.0
2017-01-31 00:00:00-05:00,39.546391195232765,39.764258633158825,39.2317535242813,39.54291915893555,43212000,0.0,0.0
2017-02-01 00:00:00-05:00,39.68634860907984,39.76128704973565,39.26500919536834,39.488582611083984,40594000,0.0,0.0
2017-02-02 00:00:00-05:00,39.39452946445316,39.83621639304953,39.30519931112473,39.629268646240234,30642000,0.0,0.0
2017-02-03 00:00:00-05:00,39.85061124750975,39.999988314912414,39.72058595419952,39.77616882324219,29268000,0.0,0.0
2017-02-06 00:00:00-05:00,39.68733606313546,39.78510209254238,39.4664925947486,39.76872634887695,23690000,0.0,0.0
2017-02-07 00:00:00-05:00,39.90024477408092,40.22332214621939,39.790567033611964,40.048133850097656,24824000,0.0,0.0
2017-02-08 00:00:00-05:00,40.049620257653906,40.28981930823626,39.86054003589787,40.118106842041016,23106000,0.0,0.0
2017-02-09 00:00:00-05:00,40.17417863306985,40.23125330085268,39.92753155805932,40.17666244506836,19794000,0.0,0.0
2017-02-10 00:00:00-05:00,40.282868277551415,40.45904856322395,40.18758227318367,40.38063430786133,22700000,0.0,0.0
2017-02-13 00:00:00-05:00,40.49627358504194,40.74237927803399,40.47096595797139,40.65707015991211,24266000,0.0,0.0
2017-02-14 00:00:00-05:00,40.64515487577535,40.84366676426118,40.49627001283614,40.71711349487305,21094000,0.0,0.0
2017-02-15 00:00:00-05:00,40.66302081082109,40.84366894864715,40.61885362657131,40.6441650390625,26272000,0.0,0.0
2017-02-16 00:00:00-05:00,40.691309887125975,40.913149186654856,40.64416666953877,40.90123748779297,25752000,0.0,0.0
2017-02-17 00:00:00-05:00,40.84465694999738,41.09527587890625,40.77691248509977,41.09527587890625,32220000,0.0,0.0
2017-02-21 00:00:00-05:00,41.12456025527706,41.36227929135334,41.109176519873486,41.27344512939453,25246000,0.0,0.0
2017-02-22 00:00:00-05:00,41.1245571349592,41.35234847611755,41.12356512453096,41.22877502441406,19658000,0.0,0.0
2017-02-23 00:00:00-05:00,41.19701030467563,41.3131398770947,40.837705687797154,41.25706100463867,29456000,0.0,0.0
2017-02-24 00:00:00-05:00,41.078402670435935,41.141429404318366,40.90321439998022,41.12356185913086,27844000,0.0,0.0
2017-02-27 00:00:00-05:00,40.92058765162703,41.215873553803036,40.89329222067885,41.15532684326172,22030000,0.0,0.0
2017-02-28 00:00:00-05:00,40.97319727738982,41.11860633526808,40.704710757908835,40.85409164428711,45216000,0.0,0.0
2017-03-01 00:00:00-05:00,41.1339855486726,41.5014799476348,41.05507529028573,41.451107025146484,29930000,0.0,0.0
2017-03-02 00:00:00-05:00,41.38212512514665,41.41487661242175,41.17318956782702,41.22232437133789,18850000,0.0,0.0
2017-03-03 00:00:00-05:00,41.218859065487194,41.25856220805266,40.98020099928594,41.145408630371094,17928000,0.0,0.0
2017-03-06 00:00:00-05:00,41.03969568936762,41.13547770594073,40.81388836421494,41.08088684082031,22180000,0.0,0.0
2017-03-07 00:00:00-05:00,41.062027220988845,41.36029295779883,41.01835604347864,41.285850524902344,20752000,0.0,0.0
2017-03-08 00:00:00-05:00,41.36525151639367,41.5955266662039,41.27989318535152,41.45756149291992,19796000,0.0,0.0
2017-03-09 00:00:00-05:00,41.48882483736409,41.78659077097475,41.39999068385554,41.621826171875,25230000,0.0,0.0
2017-03-10 00:00:00-05:00,41.85011698500722,41.93100748203498,41.66252100271283,41.84862518310547,34080000,0.0,0.0
2017-03-13 00:00:00-04:00,41.88585000539178,42.11835529252423,41.84862689601013,41.962276458740234,24472000,0.0,0.0
2017-03-14 00:00:00-04:00,41.86797789792606,42.04663820185852,41.727036704487716,41.96623992919922,15598000,0.0,0.0
2017-03-15 00:00:00-04:00,42.0640142233651,42.115625270336174,41.7255531346855,42.04465866088867,27630000,0.0,0.0
2017-03-16 00:00:00-04:00,42.135473650645395,42.225795815736795,41.991552635458255,42.12306594848633,19552000,0.0,0.0
2017-03-17 00:00:00-04:00,42.26351455109613,42.35234491355021,42.04018727311868,42.288822174072266,34246000,0.0,0.0
2017-03-20 00:00:00-04:00,42.18411982039235,42.19454350457876,41.94292871746514,42.104217529296875,24630000,0.0,0.0
2017-03-21 00:00:00-04:00,42.25309288446713,42.35731077130629,41.14242364895355,41.21388626098633,49270000,0.0,0.0
2017-03-22 00:00:00-04:00,41.28584909240162,41.46649343146167,41.05110989540507,41.170711517333984,28030000,0.0,0.0
2017-03-23 00:00:00-04:00,40.744408797073135,40.822327051095456,40.31051403843853,40.574684143066406,69742000,0.0,0.0
2017-03-24 00:00:00-04:00,40.698756049579096,40.79056624138942,40.143419492633335,40.418357849121094,39620000,0.0,0.0
2017-03-27 00:00:00-04:00,40.047140229376325,40.775677251023616,39.86947191416134,40.67046356201172,37886000,0.0,0.0
2017-03-28 00:00:00-04:00,40.71512514550849,40.99204747773985,40.39835201688216,40.74043655395508,32410000,0.0,0.0
2017-03-29 00:00:00-04:00,40.942918609359964,41.32827677727922,40.81289331047598,41.26103210449219,35726000,0.0,0.0
2017-03-30 00:00:00-04:00,41.36475698262998,41.373688862956946,41.141433470359694,41.2655029296875,21106000,0.0,0.0
2017-03-31 00:00:00-04:00,41.139948144784,41.2724534878794,41.06153387871057,41.169227600097656,28038000,0.0,0.0
2017-04-03 00:00:00-04:00,41.15234899560436,41.729521114707175,41.15234899560436,41.615379333496094,33430000,0.0,0.0
2017-04-04 00:00:00-04:00,41.2585533686381,41.448129586377426,41.14321890682425,41.4178581237793,20908000,0.0,0.0
2017-04-05 00:00:00-04:00,41.46450782045926,41.80892473574078,41.22678881503915,41.26103210449219,31106000,0.0,0.0
2017-04-06 00:00:00-04:00,41.3101614446088,41.50817730916983,41.01537535047015,41.085845947265625,25088000,0.0,0.0
2017-04-07 00:00:00-04:00,41.08981698639696,41.11587429794484,40.72024010135241,40.926544189453125,21146000,0.0,0.0
2017-04-10 00:00:00-04:00,40.96227874556562,41.158802838254715,40.88188046057486,40.92952346801758,19578000,0.0,0.0
2017-04-11 00:00:00-04:00,40.928528965269415,41.06336665721373,40.54689271002302,40.86103439331055,21594000,0.0,0.0
2017-04-12 00:00:00-04:00,40.790562449013635,41.025301641213936,40.74539947202176,40.90917205810547,18010000,0.0,0.0
2017-04-13 00:00:00-04:00,40.80098937626976,41.01141299120073,40.76625007501935,40.871463775634766,22448000,0.0,0.0
2017-04-17 00:00:00-04:00,40.94341851334701,41.57567752231544,40.916619085457974,41.54689407348633,17900000,0.0,0.0
2017-04-18 00:00:00-04:00,41.40049244601882,41.6342396640503,41.32555778671598,41.52952575683594,16734000,0.0,0.0
2017-04-19 00:00:00-04:00,41.6769097635455,41.79750717216213,41.503213298119384,41.5984992980957,19084000,0.0,0.0
2017-04-20 00:00:00-04:00,41.75879857781581,41.94539876143398,41.653588681863894,41.769222259521484,19180000,0.0,0.0
2017-04-21 00:00:00-04:00,41.830262171910476,41.87988919223745,41.71710862781408,41.845645904541016,26472000,0.0,0.0
2017-04-24 00:00:00-04:00,42.24317151812467,42.85111112082653,42.17666895413511,42.81686782836914,27450000,0.0,0.0
2017-04-25 00:00:00-04:00,42.92803304718076,43.424310885876494,42.81934732208493,43.29031753540039,33440000,0.0,0.0
2017-04-26 00:00:00-04:00,43.386101029903415,43.47642700002984,43.06441699142503,43.26203155517578,24744000,0.0,0.0
2017-04-27 00:00:00-04:00,43.354833318436775,43.44416348297021,43.195032547270166,43.38709259033203,40536000,0.0,0.0
2017-04-28 00:00:00-04:00,45.19403992364505,45.5012337641926,44.951360840953,44.96078872680664,65526000,0.0,0.0
2017-05-01 00:00:00-04:00,44.76128091985482,45.44316690346249,44.73696152002966,45.28882598876953,42320000,0.0,0.0
2017-05-02 00:00:00-04:00,45.14242346204945,45.69577597463123,45.134135252655824,45.48088455200195,31744000,0.0,0.0
2017-05-03 00:00:00-04:00,45.40247141524718,46.059541988850334,45.28748529541386,46.00693893432617,29990000,0.0,0.0
2017-05-04 00:00:00-04:00,45.95880294057706,46.44813291994641,45.885352517944334,46.23622131347656,28442000,0.0,0.0
2017-05-05 00:00:00-04:00,46.32951946362046,46.39701403717178,45.91562392826819,46.01140594482422,38226000,0.0,0.0
2017-05-08 00:00:00-04:00,45.961281438629335,46.497508504904445,45.91860227287905,46.36723709106445,26596000,0.0,0.0
2017-05-09 00:00:00-04:00,46.49875489135773,46.526050325667434,46.13051831710457,46.26153564453125,31636000,0.0,0.0
2017-05-10 00:00:00-04:00,46.25210099309267,46.253093003541906,45.91363990123135,46.093292236328125,23478000,0.0,0.0
2017-05-11 00:00:00-04:00,45.92157819450625,46.27939483674108,45.80793242117971,46.18361282348633,16700000,0.0,0.0
2017-05-12 00:00:00-04:00,46.22976809202903,46.324558095443024,46.047139730748015,46.26401138305664,21012000,0.0,0.0
2017-05-15 00:00:00-04:00,46.30024330042473,46.563269967577206,46.12108695779715,46.50520706176758,22162000,0.0,0.0
2017-05-16 00:00:00-04:00,46.650118728908936,46.804459658771954,46.53002109246596,46.79900360107422,19390000,0.0,0.0
2017-05-17 00:00:00-04:00,46.43523388471952,46.617017924923594,45.56525956355044,45.63870620727539,47242000,0.0,0.0
2017-05-18 00:00:00-04:00,45.70718610696754,46.31115763282849,45.59552435560143,46.165748596191406,31938000,0.0,0.0
2017-05-19 00:00:00-04:00,46.22679076493607,46.538698521370925,46.20346337549477,46.35284423828125,27860000,0.0,0.0
2017-05-22 00:00:00-04:00,46.401978890976345,46.74356747368186,46.401978890976345,46.74242401123047,22408000,0.0,0.0
2017-05-23 00:00:00-04:00,47.04316262134703,47.219191444978534,46.77790209079325,47.08782958984375,25416000,0.0,0.0
2017-05-24 00:00:00-04:00,47.29428558921976,47.39900327659687,47.12158110665361,47.39255142211914,20496000,0.0,0.0
2017-05-25 00:00:00-04:00,47.51016385295752,48.26941906529254,47.417853879354325,48.116119384765625,33210000,0.0,0.0
2017-05-26 00:00:00-04:00,48.1240604755882,48.38609510213997,47.892297311616,48.2119026184082,25040000,0.0,0.0
2017-05-30 00:00:00-04:00,48.15433686630226,48.44664677164796,48.11364171769658,48.430763244628906,29334000,0.0,0.0
2017-05-31 00:00:00-04:00,48.38809079353676,48.59901043095661,47.65161376064671,47.883872985839844,48962000,0.0,0.0
2017-06-01 00:00:00-04:00,48.0868410314482,48.21339430753962,47.643170023015905,47.987586975097656,28210000,0.0,0.0
2017-06-02 00:00:00-04:00,48.112148696505194,48.4307582060517,47.940436239079666,48.41686248779297,35020000,0.0,0.0
2017-06-05 00:00:00-04:00,48.46401480046152,48.97816021871293,48.39205617526641,48.8178596496582,25042000,0.0,0.0
2017-06-06 00:00:00-04:00,48.79205699497941,49.04465998240771,48.39404116587857,48.46500778198242,36292000,0.0,0.0
2017-06-07 00:00:00-04:00,48.63522995397895,48.83274984342196,48.433742022591105,48.681880950927734,29078000,0.0,0.0
2017-06-08 00:00:00-04:00,48.75185558665962,48.86202933149749,48.496272793201456,48.80446243286133,29638000,0.0,0.0
2017-06-09 00:00:00-04:00,48.858547466765884,48.858547466765884,46.43324115080944,47.13795471191406,66188000,0.0,0.0
2017-06-12 00:00:00-04:00,46.628280252393715,47.11438429413952,45.42098462870696,46.794036865234375,75270000,0.0,0.0
2017-06-13 00:00:00-04:00,47.24118187457375,47.64167767282315,46.85308999251498,47.31512451171875,40266000,0.0,0.0
2017-06-14 00:00:00-04:00,47.63869940387733,47.69974212162027,46.76177733464676,47.18410873413086,29794000,0.0,0.0
2017-06-15 00:00:00-04:00,46.35086352221826,46.81582488482544,45.877909281405984,46.7647590637207,42662000,0.0,0.0
2017-06-16 00:00:00-04:00,46.65011799104457,46.7513598539676,46.232996517886285,46.639198303222656,61894000,0.0,0.0
2017-06-19 00:00:00-04:00,47.144409275854144,47.64217511566177,47.09924629759205,47.512149810791016,30666000,0.0,0.0
2017-06-20 00:00:00-04:00,47.519591181900594,47.72306689655997,47.14688682811392,47.17765808105469,22520000,0.0,0.0
2017-06-21 00:00:00-04:00,47.327037467885646,47.64763478887066,47.18410845545118,47.61537551879883,24044000,0.0,0.0
2017-06-22 00:00:00-04:00,47.57815514109633,47.67840119925048,47.372199395013276,47.498252868652344,18828000,0.0,0.0
2017-06-23 00:00:00-04:00,47.48535061817338,47.94043729431351,47.354829307448945,47.92008972167969,30558000,0.0,0.0
2017-06-26 00:00:00-04:00,48.13398653420813,48.303218973533276,47.18560182557011,47.25904846191406,31968000,0.0,0.0
2017-06-27 00:00:00-04:00,46.77220424569464,47.06153432870879,45.99751220479918,46.02133560180664,51598000,0.0,0.0
2017-06-28 00:00:00-04:00,46.10421418268669,46.786596243612,45.45905144692836,46.6744384765625,54428000,0.0,0.0
2017-06-29 00:00:00-04:00,46.149865808451395,46.21636836965115,45.19204945658739,45.547882080078125,65984000,0.0,0.0
2017-06-30 00:00:00-04:00,45.95781335510783,45.95781335510783,45.077415392708794,45.09825897216797,41804000,0.0,0.0
2017-07-03 00:00:00-04:00,45.26946901033317,45.35681135777333,44.406438926937405,44.600486755371094,34196000,0.0,0.0
2017-07-05 00:00:00-04:00,44.75235311306236,45.38510434941178,44.59056453309868,45.24614715576172,36278000,0.0,0.0
2017-07-06 00:00:00-04:00,44.86947540429192,45.406645302913574,44.65011992254255,44.99701690673828,28490000,0.0,0.0
2017-07-07 00:00:00-04:00,45.104218879254674,45.733994153249824,45.104218879254674,45.58759307861328,32756000,0.0,0.0
2017-07-10 00:00:00-04:00,45.74540307117119,46.172698318378146,45.637213351857646,46.09428405761719,23856000,0.0,0.0
2017-07-11 00:00:00-04:00,46.1310106896659,46.2248048976662,45.7568145092016,46.15830612182617,22264000,0.0,0.0
2017-07-12 00:00:00-04:00,46.58460432786351,46.9627685400013,46.37567254787437,46.84019088745117,30642000,0.0,0.0
2017-07-13 00:00:00-04:00,46.96227605698227,47.367239725721824,46.79949925287977,47.005455017089844,25894000,0.0,0.0
2017-07-14 00:00:00-04:00,47.245652462319704,47.489327353894744,47.047390449678595,47.443668365478516,21076000,0.0,0.0
2017-07-17 00:00:00-04:00,47.49379232266883,47.679400525220856,47.10873320549179,47.31612777709961,23310000,0.0,0.0
2017-07-18 00:00:00-04:00,47.295276371476426,48.04167710038074,47.176166972039134,47.91065979003906,23080000,0.0,0.0
2017-07-19 00:00:00-04:00,48.03175202254625,48.28981861565639,47.84267180413118,48.1831169128418,24490000,0.0,0.0
2017-07-20 00:00:00-04:00,48.38708730819932,48.43175049444477,47.717609015627566,48.04713821411133,32490000,0.0,0.0
2017-07-21 00:00:00-04:00,47.75433395090197,48.29924680210186,47.65011605983089,48.28386306762695,34220000,0.0,0.0
2017-07-24 00:00:00-04:00,48.24912376395567,48.942921480189746,48.177165143809155,48.652099609375,64966000,0.0,0.0
2017-07-25 00:00:00-04:00,47.33546653721657,47.627776374073875,46.918099038620454,47.18112564086914,93220000,0.0,0.0
2017-07-26 00:00:00-04:00,47.37864943513754,47.39452917345917,46.763213024547845,47.037208557128906,41766000,0.0,0.0
2017-07-27 00:00:00-04:00,47.23472934835672,47.23472934835672,45.657557796490224,46.3568115234375,64260000,0.0,0.0
2017-07-28 00:00:00-04:00,46.12406000121661,46.84018926128604,46.02976600748313,46.726043701171875,36928000,0.0,0.0
2017-07-31 00:00:00-04:00,46.74391413660201,46.828280459211264,45.9573104420471,46.178653717041016,39402000,0.0,0.0
2017-08-01 00:00:00-04:00,46.27195267169588,46.52341596228066,46.117115742657205,46.195030212402344,25554000,0.0,0.0
2017-08-02 00:00:00-04:00,46.08485292526832,46.2828687978108,45.492793114690585,46.17319107055664,36488000,0.0,0.0
2017-08-03 00:00:00-04:00,46.170708563091104,46.26500255959493,45.76872474439455,45.83869934082031,24050000,0.0,0.0
2017-08-04 00:00:00-04:00,45.99255393310528,46.16907879933005,45.80793774434774,46.0526008605957,21646000,0.0,0.0
2017-08-07 00:00:00-04:00,46.10718639836257,46.23820371292688,45.98014091176052,46.122074127197266,20644000,0.0,0.0
2017-08-08 00:00:00-04:00,46.00942126794548,46.44237324213131,45.935970846445734,45.99453353881836,21232000,0.0,0.0
2017-08-09 00:00:00-04:00,45.68783739348316,45.95433989288068,45.52108874924329,45.80148696899414,23842000,0.0,0.0
2017-08-10 00:00:00-04:00,45.53597264931729,45.62083876642821,44.96922419417179,45.02431106567383,36480000,0.0,0.0
2017-08-11 00:00:00-04:00,45.06053708272487,45.54738703170126,44.941927467836045,45.379150390625,24136000,0.0,0.0
2017-08-14 00:00:00-04:00,45.7831179060402,45.889221373235564,45.567734266479526,45.79006576538086,21290000,0.0,0.0
2017-08-15 00:00:00-04:00,45.86748458521904,45.98262216360225,45.64862890743594,45.76773452758789,17668000,0.0,0.0
2017-08-16 00:00:00-04:00,45.92008953038423,46.287830057876775,45.82852545583672,46.002967834472656,20134000,0.0,0.0
2017-08-17 00:00:00-04:00,45.94441185344247,45.99800692261001,45.20991897583008,45.20991897583008,25544000,0.0,0.0
2017-08-18 00:00:00-04:00,45.17666675487365,45.423067761142036,45.02004269375686,45.19453430175781,26854000,0.0,0.0
2017-08-21 00:00:00-04:00,45.16127814278528,45.31016299184153,44.833732989381126,44.995521545410156,18868000,0.0,0.0
2017-08-22 00:00:00-04:00,45.2962683723051,45.94837509130992,45.234479757518656,45.89031219482422,23334000,0.0,0.0
2017-08-23 00:00:00-04:00,45.753344329484456,46.15036433866498,45.625799043721415,46.00495529174805,21804000,0.0,0.0
2017-08-24 00:00:00-04:00,46.08734097552345,46.19553070605173,45.43424212276142,45.72108840942383,25406000,0.0,0.0
2017-08-25 00:00:00-04:00,45.83076261868448,45.93324260120297,45.43423861627441,45.453590393066406,21068000,0.0,0.0
2017-08-28 00:00:00-04:00,45.45905041289345,45.6200930905454,45.25408666076372,45.350364685058594,21730000,0.0,0.0
2017-08-29 00:00:00-04:00,44.91810132936921,45.82281472081874,44.91313749158215,45.72157287597656,23712000,0.0,0.0
2017-08-30 00:00:00-04:00,45.660041462968834,46.19448520314443,45.64018989494472,46.13249969482422,26024000,0.0,0.0
2017-08-31 00:00:00-04:00,46.2411828537111,46.748376568579836,46.2411828537111,46.61686325073242,31652000,0.0,0.0
2017-09-01 00:00:00-04:00,46.706196581809024,46.77319515143556,46.40942264081455,46.51810836791992,18948000,0.0,0.0
2017-09-05 00:00:00-04:00,46.30669110410414,46.50123116537027,45.75483039936179,46.0769157409668,26528000,0.0,0.0
2017-09-06 00:00:00-04:00,46.16128416457899,46.199249390018984,45.621335133054494,46.0451545715332,30554000,0.0,0.0
2017-09-07 00:00:00-04:00,46.239691809203734,46.47195098106808,45.83721197955997,46.44912338256836,24254000,0.0,0.0
2017-09-08 00:00:00-04:00,46.47592635564204,46.5007379768701,45.899746215190454,45.98014450073242,20230000,0.0,0.0
2017-09-11 00:00:00-04:00,46.36475958601594,46.569719551063244,46.0009870743429,46.10818099975586,25340000,0.0,0.0
2017-09-12 00:00:00-04:00,46.28237250878959,46.32653968801332,45.84917066768164,46.25656509399414,22688000,0.0,0.0
2017-09-13 00:00:00-04:00,46.18659307893682,46.51363846990547,46.14688994415752,46.40644454956055,22052000,0.0,0.0
2017-09-14 00:00:00-04:00,46.21587715809903,46.29131160721135,45.85607645560465,45.911163330078125,27952000,0.0,0.0
2017-09-15 00:00:00-04:00,45.88882673136075,45.97964490629129,45.47691523087322,45.67195129394531,50108000,0.0,0.0
2017-09-18 00:00:00-04:00,45.65805109022147,45.76078095264756,45.19105276714278,45.40941619873047,26138000,0.0,0.0
2017-09-19 00:00:00-04:00,45.52951568230857,45.77765457882107,45.28782863942854,45.74738311767578,18734000,0.0,0.0
2017-09-20 00:00:00-04:00,45.805450962608845,46.34639578432198,45.756815945670915,46.23225021362305,33396000,0.0,0.0
2017-09-21 00:00:00-04:00,46.30272802170064,46.47791253938701,45.847641293632016,46.27543258666992,25812000,0.0,0.0
2017-09-22 00:00:00-04:00,46.042175688371564,46.388576638797794,45.979148950211425,46.08088302612305,21054000,0.0,0.0
2017-09-25 00:00:00-04:00,45.92802758862629,45.97517458491713,45.146391576717626,45.70569610595703,37136000,0.0,0.0
2017-09-26 00:00:00-04:00,45.84217542147485,46.19453221789385,45.7141341390418,45.89875030517578,33338000,0.0,0.0
2017-09-27 00:00:00-04:00,46.0416807784182,47.14143036797624,46.0416807784182,46.87294387817383,44788000,0.0,0.0
2017-09-28 00:00:00-04:00,46.71761036695246,47.18063691371901,46.67741122681818,47.121578216552734,20406000,0.0,0.0
2017-09-29 00:00:00-04:00,47.24565031301964,47.63205354155148,47.22133469727457,47.598506927490234,31620000,0.0,0.0
2017-10-02 00:00:00-04:00,47.64167506909121,47.76872054562185,47.039191600160265,47.30867385864258,25668000,0.0,0.0
2017-10-03 00:00:00-04:00,47.34490891162893,47.54342081419019,47.103717839797405,47.532997131347656,17766000,0.0,0.0
2017-10-04 00:00:00-04:00,47.493789328891914,47.66202976365102,47.180639637277686,47.22977066040039,19048000,0.0,0.0
2017-10-05 00:00:00-04:00,47.4188533638481,48.18411370617134,47.403465842851425,48.136966705322266,24276000,0.0,0.0
2017-10-06 00:00:00-04:00,47.9751793904766,48.60843041884658,47.80942276845432,48.580142974853516,23478000,0.0,0.0
2017-10-09 00:00:00-04:00,48.63522442368395,48.90445679628668,48.44217238968034,48.4863395690918,17828000,0.0,0.0
2017-10-10 00:00:00-04:00,48.6352270144884,48.713141482241916,47.94440912788304,48.267982482910156,19368000,0.0,0.0
2017-10-11 00:00:00-04:00,48.32356391904346,49.1667386795707,48.25060950559236,49.09428405761719,33866000,0.0,0.0
2017-10-12 00:00:00-04:00,49.00495938278337,49.33597662949028,48.8833699421943,49.0238151550293,25248000,0.0,0.0
2017-10-13 00:00:00-04:00,49.23076108417982,49.489323691106904,49.08188000132636,49.11562728881836,23396000,0.0,0.0
2017-10-16 00:00:00-04:00,49.2357225054001,49.325401004783345,48.83373867924345,49.23075866699219,18210000,0.0,0.0
2017-10-17 00:00:00-04:00,49.1458908906492,49.45110065865366,49.061524578566484,49.239688873291016,25804000,0.0,0.0
2017-10-18 00:00:00-04:00,49.21935071130757,49.46500583087603,48.981385566274305,49.27096176147461,21152000,0.0,0.0
2017-10-19 00:00:00-04:00,48.93299393103233,49.07592294755481,48.55532570983306,48.85607147216797,26272000,0.0,0.0
2017-10-20 00:00:00-04:00,49.10371019737445,49.18112865485912,48.86251915906902,49.042171478271484,23664000,0.0,0.0
2017-10-23 00:00:00-04:00,49.107681586778746,49.107681586778746,47.94638958967814,48.0620231628418,29568000,0.0,0.0
2017-10-24 00:00:00-04:00,48.13894916949544,48.24961891276987,47.692298368394894,48.165748596191406,24244000,0.0,0.0
2017-10-25 00:00:00-04:00,48.05805576593244,48.441183830112344,47.66847963386603,48.3042106628418,24226000,0.0,0.0
2017-10-26 00:00:00-04:00,48.63522736704138,49.01239957821491,48.24813126523405,48.265995025634766,40842000,0.0,0.0
2017-10-27 00:00:00-04:00,50.08386438970749,52.02927267947317,50.03473336653514,50.58411407470703,103354000,0.0,0.0
2017-10-30 00:00:00-04:00,50.3225763348559,50.86699321406217,49.99999496491908,50.4769172668457,41702000,0.0,0.0
2017-10-31 00:00:00-04:00,50.38312359820798,50.81885475113504,50.14490855413983,50.45359420776367,26614000,0.0,0.0
2017-11-01 00:00:00-04:00,50.481879767040475,51.10024306170599,50.46897605822922,50.89329528808594,27468000,0.0,0.0
2017-11-02 00:00:00-04:00,50.70768634470198,51.021828039753295,50.27344323022357,50.89726257324219,20980000,0.0,0.0
2017-11-03 00:00:00-04:00,50.725047542244,51.24812474743628,50.6357173902201,51.239688873291016,21528000,0.0,0.0
2017-11-06 00:00:00-05:00,51.066492035754706,51.358302119464994,50.86847615723023,50.91313934326172,22504000,0.0,0.0
2017-11-07 00:00:00-05:00,50.98113365306507,51.313642691839355,50.87493173743657,51.28187942504883,22246000,0.0,0.0
2017-11-08 00:00:00-05:00,51.14242313450135,51.78768426206485,51.039693261757236,51.60544967651367,21774000,0.0,0.0
2017-11-09 00:00:00-05:00,51.31463478412583,51.31463478412583,50.603764618087496,51.17914962768555,24904000,0.0,0.0
2017-11-10 00:00:00-05:00,50.94093738512943,51.15433322304356,50.88237469128597,51.020835876464844,14400000,0.0,0.0
2017-11-13 00:00:00-05:00,50.790067072740285,51.19502693449379,50.7478839115701,50.905696868896484,17716000,0.0,0.0
2017-11-14 00:00:00-05:00,50.748877424195406,50.958305220597,50.33001804509275,50.91810607910156,19184000,0.0,0.0
2017-11-15 00:00:00-05:00,50.5811305338434,50.82331359517658,50.39304233043226,50.66550064086914,17080000,0.0,0.0
2017-11-16 00:00:00-05:00,50.745402481436805,51.410416773354946,50.745402481436805,51.24068832397461,22594000,0.0,0.0
2017-11-17 00:00:00-05:00,51.315624950448694,51.33597252344548,50.50867746258223,50.57517623901367,27942000,0.0,0.0
2017-11-20 00:00:00-05:00,50.633245690072435,50.749871290677724,50.49627251535985,50.53994369506836,19070000,0.0,0.0
2017-11-21 00:00:00-05:00,50.784606479356626,51.37021446123188,50.75210109983056,51.33944320678711,21940000,0.0,0.0
2017-11-22 00:00:00-05:00,51.3647562863004,51.598302807565666,51.18758397720592,51.41239929199219,14926000,0.0,0.0
2017-11-24 00:00:00-05:00,51.407930382493554,51.77061242442869,51.364755211029625,51.643165588378906,10740000,0.0,0.0
2017-11-27 00:00:00-05:00,51.61289794040864,52.38014233808192,51.53547947191954,52.31810760498047,26158000,0.0,0.0
2017-11-28 00:00:00-05:00,52.36178449108223,52.72332311059604,51.61289983284545,51.98064041137695,28488000,0.0,0.0
2017-11-29 00:00:00-05:00,51.745895331690754,51.815373924549085,50.404458698012355,50.702720642089844,49188000,0.0,0.0
2017-11-30 00:00:00-05:00,50.737958253324926,51.04168005487371,50.37220172059315,50.69031524658203,34480000,0.0,0.0
2017-12-01 00:00:00-05:00,50.411905886620595,50.74391513859295,49.728035813936025,50.13249969482422,38192000,0.0,0.0
2017-12-04 00:00:00-05:00,50.25607267646655,50.42679313696577,49.407934004223975,49.56227493286133,38128000,0.0,0.0
2017-12-05 00:00:00-05:00,49.42629493235906,50.65060997267496,49.04614669122781,49.883365631103516,41346000,0.0,0.0
2017-12-06 00:00:00-05:00,49.702228692525665,50.866992896532004,49.684361144663306,50.53994369506836,25440000,0.0,0.0
2017-12-07 00:00:00-05:00,50.6416761036231,51.32703790851499,50.52460373229066,51.16276931762695,29164000,0.0,0.0
2017-12-08 00:00:00-05:00,51.48832728697451,51.71463060665092,51.2417748389267,51.46649169921875,25816000,0.0,0.0
2017-12-11 00:00:00-05:00,51.38957370928652,51.801481453829766,51.21835724247237,51.66748809814453,23856000,0.0,0.0
2017-12-12 00:00:00-05:00,51.594527961705865,52.12455304909128,51.29974185459812,51.63671112060547,25590000,0.0,0.0
2017-12-13 00:00:00-05:00,51.916615913582454,51.9436614498244,51.53249584473959,51.643165588378906,25654000,0.0,0.0
2017-12-14 00:00:00-05:00,51.8610379408845,52.531012314918286,51.767239938273896,52.066993713378906,31174000,0.0,0.0
2017-12-15 00:00:00-05:00,52.337958361182366,52.98361709518225,52.08435958865139,52.813392639160156,65518000,0.0,0.0
2017-12-18 00:00:00-05:00,52.90718904579441,53.52306851514536,52.704705323539706,53.45606994628906,31092000,0.0,0.0
2017-12-19 00:00:00-05:00,53.3597906783683,53.44118096955348,52.78163033768194,53.135475158691406,26774000,0.0,0.0
2017-12-20 00:00:00-05:00,53.19006564048792,53.26946812393466,52.68088410532427,52.85110855102539,25372000,0.0,0.0
2017-12-21 00:00:00-05:00,52.85111312642187,53.068480804015806,52.69448526808906,52.78560256958008,19914000,0.0,0.0
2017-12-22 00:00:00-05:00,52.66053925641192,52.813888173888905,52.577660945884936,52.61140823364258,15102000,0.0,0.0
2017-12-26 00:00:00-05:00,52.5096673204526,52.611405183065564,52.11909540084048,52.44366455078125,15212000,0.0,0.0
2017-12-27 00:00:00-05:00,52.47592337163276,52.52455838943571,52.01240079362924,52.07790756225586,25438000,0.0,0.0
2017-12-28 00:00:00-05:00,52.18857723508629,52.344902173302785,51.849616364983,52.01686477661133,16742000,0.0,0.0
2017-12-29 00:00:00-05:00,51.94639884575373,52.09429171956106,51.8560766618143,51.930519104003906,17750000,0.0,0.0
2018-01-02 00:00:00-05:00,52.02678531507236,52.94986230134308,51.87244440762036,52.85358428955078,24752000,0.0,0.0
2018-01-03 00:00:00-05:00,52.819347085920995,53.910164817581695,52.76475622018498,53.72108459472656,28604000,0.0,0.0
2018-01-04 00:00:00-05:00,53.99502898076155,54.271455336055325,53.79661553689371,53.91562271118164,20092000,0.0,0.0
2018-01-05 00:00:00-05:00,54.29279721142535,54.80148276178872,54.193539370259614,54.70123291015625,25582000,0.0,0.0
2018-01-08 00:00:00-05:00,54.70123129291965,55.149866120086365,54.67095982938128,54.93497848510742,20952000,0.0,0.0
2018-01-09 00:00:00-05:00,55.05707022920225,55.11513313683671,54.65165974931023,54.90123748779297,18050000,0.0,0.0
2018-01-10 00:00:00-05:00,54.44664243634598,54.81885082362177,54.39751141387192,54.7200927734375,20856000,0.0,0.0
2018-01-11 00:00:00-05:00,54.903220739664185,54.91438653765668,54.57021946206416,54.8645133972168,19566000,0.0,0.0
2018-01-12 00:00:00-05:00,54.710166311283736,55.7960240273906,54.6476355734461,55.69527816772461,34410000,0.0,0.0
2018-01-16 00:00:00-05:00,56.20395686791563,56.571201379835045,55.475522136392314,55.67045974731445,31506000,0.0,0.0
2018-01-17 00:00:00-05:00,55.891800036460886,56.208425519869074,55.43472557092384,56.17765426635742,24052000,0.0,0.0
2018-01-18 00:00:00-05:00,56.149375645572874,56.20396651586021,55.45905368263368,56.06897735595703,23964000,0.0,0.0
2018-01-19 00:00:00-05:00,56.17021264682469,56.469470387810375,55.995028148932235,56.45209884643555,35564000,0.0,0.0
2018-01-22 00:00:00-05:00,56.45110914724933,57.56227446023891,56.33299553448241,57.36029052734375,32360000,0.0,0.0
2018-01-23 00:00:00-05:00,57.56078511383782,58.14524964937371,57.50619424897152,58.063018798828125,26662000,0.0,0.0
2018-01-24 00:00:00-05:00,58.428278935273944,58.5538364091276,57.62033944134248,57.77865219116211,28332000,0.0,0.0
2018-01-25 00:00:00-05:00,58.19006058441986,58.35929301199086,57.705198471983415,58.08286666870117,29610000,0.0,0.0
2018-01-26 00:00:00-05:00,58.31661664240436,58.354331970214844,57.47443007831587,58.354331970214844,40376000,0.0,0.0
2018-01-29 00:00:00-05:00,58.386097639315864,58.90272306149275,58.16277033564805,58.3414306640625,27578000,0.0,0.0
2018-01-30 00:00:00-05:00,57.95681400019914,58.38808108207836,57.74291837071484,57.75135803222656,31126000,0.0,0.0
2018-01-31 00:00:00-05:00,58.09279835801148,58.21339578897226,57.52505786688575,58.0615348815918,30774000,0.0,0.0
2018-02-01 00:00:00-05:00,57.69776018582842,58.26302062942556,57.44515342617763,57.95036315917969,48242000,0.0,0.0
2018-02-02 00:00:00-05:00,55.68237115370843,55.73547400239868,54.95175168171802,55.18113327026367,97158000,0.0,0.0
2018-02-05 00:00:00-05:00,54.12405541933101,55.08683555872994,52.20991461866918,52.397010803222656,75966000,0.0,0.0
2018-02-06 00:00:00-05:00,50.97667074430348,53.6828716021539,50.77602336861869,53.627784729003906,68960000,0.0,0.0
2018-02-07 00:00:00-05:00,53.67443060477196,53.6863423022352,52.0228165783757,52.038700103759766,47384000,0.0,0.0
2018-02-08 00:00:00-05:00,52.37765770045382,52.536962456967466,49.660537387087615,49.703216552734375,57182000,0.0,0.0
2018-02-09 00:00:00-05:00,50.483864550601425,51.80992132486519,49.25855363585542,51.502723693847656,70118000,0.0,0.0
2018-02-12 00:00:00-05:00,52.00991608653701,52.67989037385945,51.658945080736665,52.205448150634766,41154000,0.0,0.0
2018-02-13 00:00:00-05:00,51.86102975434887,52.52455216894356,51.81571911292265,52.21338653564453,25302000,0.0,0.0
2018-02-14 00:00:00-05:00,52.05706652577961,53.187091469902754,51.94788857273609,53.08684539794922,31116000,0.0,0.0
2018-02-15 00:00:00-05:00,53.551851866182716,54.167685898819904,52.820834818034385,54.070465087890625,36868000,0.0,0.0
2018-02-16 00:00:00-05:00,54.01537515079228,54.8223226022631,54.010558978167694,54.332496643066406,33590000,0.0,0.0
2018-02-20 00:00:00-05:00,54.12257066299627,55.282866951989995,54.0208327996035,54.712646484375,28462000,0.0,0.0
2018-02-21 00:00:00-05:00,54.91165233520464,56.276416310642624,54.904704476165534,55.15333938598633,30258000,0.0,0.0
2018-02-22 00:00:00-05:00,55.394032199002176,55.72306158658867,54.71909410265702,54.91958999633789,26344000,0.0,0.0
2018-02-23 00:00:00-05:00,55.217859908546615,55.944409152405285,54.824508815748224,55.92009353637695,25220000,0.0,0.0
2018-02-26 00:00:00-05:00,55.9702122374565,56.772199652449586,55.91537526460146,56.761775970458984,31182000,0.0,0.0
2018-02-27 00:00:00-05:00,56.637217329562205,56.77617453084079,55.48386877265015,55.498260498046875,35482000,0.0,0.0
2018-02-28 00:00:00-05:00,55.73349148851168,55.95681500410083,54.751355695291686,54.82530212402344,37652000,0.0,0.0
2018-03-01 00:00:00-05:00,54.98113256305667,55.09279431620366,52.95289531771841,53.07790756225586,50318000,0.0,0.0
2018-03-02 00:00:00-05:00,52.262021434049636,53.69720674894381,52.01562044752985,53.544403076171875,45432000,0.0,0.0
2018-03-05 00:00:00-05:00,53.35681796991353,54.446643729679366,53.05210415050917,54.14044189453125,24044000,0.0,0.0
2018-03-06 00:00:00-05:00,54.55184970646674,54.682371016958115,54.08311720835521,54.34539794921875,30656000,0.0,0.0
2018-03-07 00:00:00-05:00,54.054086251537804,55.19701483134314,53.8700683096937,55.068973541259766,25850000,0.0,0.0
2018-03-08 00:00:00-05:00,55.350853374500424,55.96028471238341,55.225791916531676,55.88087844848633,27102000,0.0,0.0
2018-03-09 00:00:00-05:00,56.37716172666961,57.607932432783485,56.201530441352794,57.570213317871094,42560000,0.0,0.0
2018-03-12 00:00:00-04:00,57.75929801209454,58.414384615607105,57.44018869241683,57.79155349731445,43446000,0.0,0.0
2018-03-13 00:00:00-04:00,58.06450343077077,58.39998847027691,56.24465280300403,56.4848518371582,38144000,0.0,0.0
2018-03-14 00:00:00-04:00,56.83423466919762,57.498253127139144,56.64713468801923,57.04663848876953,25828000,0.0,0.0
2018-03-15 00:00:00-04:00,57.06996887189512,57.62182960015321,56.30470851615093,57.051109313964844,27908000,0.0,0.0
2018-03-16 00:00:00-04:00,57.27741497401916,57.363765324472446,56.17666950427094,56.363765716552734,61840000,0.0,0.0
2018-03-19 00:00:00-04:00,55.583606506373435,55.6818685360027,54.045146169403175,54.58162307739258,56118000,0.0,0.0
2018-03-20 00:00:00-04:00,54.54093601850884,54.84862585971734,53.76971982195939,54.4769172668457,36638000,0.0,0.0
2018-03-21 00:00:00-04:00,54.230264690475025,54.903215035822676,53.85358848427491,54.13795471191406,37578000,0.0,0.0
2018-03-22 00:00:00-04:00,53.69130922062191,53.74192825829559,51.90619775260949,52.063514709472656,53340000,0.0,0.0
2018-03-23 00:00:00-04:00,51.961771784751726,52.77219118632183,50.68087824946412,50.698246002197266,43134000,0.0,0.0
2018-03-26 00:00:00-04:00,51.91066173476996,52.38857981273346,50.04465598081995,52.26847839355469,53302000,0.0,0.0
2018-03-27 00:00:00-04:00,52.75433518662523,52.84560014704485,49.47493041652546,49.88088607788086,61906000,0.0,0.0
2018-03-28 00:00:00-04:00,49.52852665192981,50.83026009858743,48.66698834870811,49.85408401489258,67386000,0.0,0.0
2018-03-29 00:00:00-04:00,50.20495266962171,51.76177666141171,49.77170159991489,51.205448150634766,54536000,0.0,0.0
2018-04-02 00:00:00-04:00,50.76028693847742,51.35483058506541,49.149867832500824,49.948875427246094,53608000,0.0,0.0
2018-04-03 00:00:00-04:00,50.31810461885623,50.66946941150189,49.333488833846395,50.29329299926758,45502000,0.0,0.0
2018-04-04 00:00:00-04:00,49.30073566535346,51.052993291893316,49.28038809338216,50.875423431396484,49694000,0.0,0.0
2018-04-05 00:00:00-04:00,51.67890473031705,51.751359360314495,50.62684351109204,51.0079345703125,27260000,0.0,0.0
2018-04-06 00:00:00-04:00,50.620336263374114,51.18708467027028,49.77815352241644,49.9771614074707,34928000,0.0,0.0
2018-04-09 00:00:00-04:00,50.46152599732715,51.593038756277316,50.32653686292227,50.394527435302734,35032000,0.0,0.0
2018-04-10 00:00:00-04:00,50.939939089910794,51.428277039610286,50.19056230891741,51.19800567626953,39490000,0.0,0.0
2018-04-11 00:00:00-04:00,51.01686649746099,51.18430801436536,50.41537498002823,50.61885070800781,29678000,0.0,0.0
2018-04-12 00:00:00-04:00,50.8704600741607,51.64713606649352,50.691553648349895,51.241180419921875,27140000,0.0,0.0
2018-04-13 00:00:00-04:00,51.6565672690841,51.93150562040225,50.768229468550956,51.08039093017578,24460000,0.0,0.0
2018-04-16 00:00:00-04:00,51.464006893852805,51.7736845169661,50.95482916728013,51.51264190673828,24224000,0.0,0.0
2018-04-17 00:00:00-04:00,52.17716487477743,53.49279794089307,52.022820161226015,53.30818176269531,46406000,0.0,0.0
2018-04-18 00:00:00-04:00,53.47045890293108,53.47045890293108,52.91438027595463,53.204952239990234,26882000,0.0,0.0
2018-04-19 00:00:00-04:00,53.071951337384704,54.30098030055784,53.011404625441344,53.98013687133789,34954000,0.0,0.0
2018-04-20 00:00:00-04:00,53.69726154963472,54.21091093888287,53.08039006360281,53.248626708984375,37794000,0.0,0.0
2018-04-23 00:00:00-04:00,53.49180701408785,53.73299808456964,52.640192509248635,52.975181579589844,46826000,0.0,0.0
2018-04-24 00:00:00-04:00,52.20843010404602,52.45656903759434,50.15334403191641,50.61935043334961,95206000,0.0,0.0
2018-04-25 00:00:00-04:00,50.894285284423,51.2401902372451,50.38758376936211,50.678897857666016,47822000,0.0,0.0
2018-04-26 00:00:00-04:00,51.0922945675795,52.00891973493103,50.530510000040785,51.61487579345703,41590000,0.0,0.0
2018-04-27 00:00:00-04:00,51.910662441237456,52.08435893177367,50.89775916591828,51.11909866333008,32396000,0.0,0.0
2018-04-30 00:00:00-04:00,51.11711025585024,51.464007201917006,50.46400772117948,50.487831115722656,33426000,0.0,0.0
2018-05-01 00:00:00-04:00,50.30569702956278,51.5369637153954,50.0352265217496,51.47939682006836,28558000,0.0,0.0
2018-05-02 00:00:00-04:00,51.022323722988624,51.63220190748213,50.76277289544227,50.837711334228516,32062000,0.0,0.0
2018-05-03 00:00:00-04:00,50.57071133385926,51.10048655116951,49.93994036796208,50.804954528808594,36302000,0.0,0.0
2018-05-04 00:00:00-04:00,50.466491956131875,52.03522387968763,50.466491956131875,52.02033615112305,38774000,0.0,0.0
2018-05-07 00:00:00-04:00,52.07095533780392,52.68882257913594,51.96524943564682,52.346885681152344,29322000,0.0,0.0
2018-05-08 00:00:00-04:00,52.53298655331292,52.63274038678459,51.96748007976872,52.3032112121582,24354000,0.0,0.0
2018-05-09 00:00:00-04:00,52.51115864962099,53.867982881320565,52.42505441144925,53.734981536865234,40656000,0.0,0.0
2018-05-10 00:00:00-04:00,53.89726637684861,54.61240375884757,53.877914598373984,54.469974517822266,28860000,0.0,0.0
2018-05-11 00:00:00-04:00,54.27294802898295,54.65657212401081,54.13945067564851,54.50421142578125,25074000,0.0,0.0
2018-05-14 00:00:00-04:00,54.590566678462345,55.124063883754694,54.54639949205097,54.60049057006836,30362000,0.0,0.0
2018-05-15 00:00:00-04:00,54.094284524826406,54.096764550957,53.27393731642061,53.559791564941406,29898000,0.0,0.0
2018-05-16 00:00:00-04:00,53.46450874611059,54.05805661170998,53.41239790755122,53.685848236083984,21946000,0.0,0.0
2018-05-17 00:00:00-04:00,53.592545149561474,53.93894610142845,53.27542365030891,53.52803039550781,20876000,0.0,0.0
2018-05-18 00:00:00-04:00,52.69775425581037,53.09874984777895,52.639195352004336,52.92108154296875,31304000,0.0,0.0
2018-05-21 00:00:00-04:00,53.303217356480175,53.99503106554394,53.282869783087136,53.57716369628906,20464000,0.0,0.0
2018-05-22 00:00:00-04:00,53.774679311205865,53.925048396722396,52.93745662348038,53.08832550048828,21800000,0.0,0.0
2018-05-23 00:00:00-04:00,52.86003759985011,53.63671356914358,52.690309168453524,53.582618713378906,21214000,0.0,0.0
2018-05-24 00:00:00-04:00,53.54837959227222,53.62133022341577,52.91066075165117,53.5602912902832,15336000,0.0,0.0
2018-05-25 00:00:00-04:00,53.54937038831117,53.72505089164157,53.28907366720822,53.38262176513672,17988000,0.0,0.0
2018-05-29 00:00:00-04:00,52.848133426498684,53.26897684914661,52.36823508780978,52.621334075927734,37302000,0.0,0.0
2018-05-30 00:00:00-04:00,52.75582665677678,53.06252449978982,52.44813301695981,52.992549896240234,22770000,0.0,0.0
2018-05-31 00:00:00-04:00,52.980635534466465,54.45110929079594,52.980635534466465,53.84564971923828,61766000,0.0,0.0
2018-06-01 00:00:00-04:00,54.55830426744131,55.5831192400455,54.51612110451686,55.55830383300781,48432000,0.0,0.0
2018-06-04 00:00:00-04:00,55.698752796044495,56.66947290689728,55.682623160109,56.54043960571289,37792000,0.0,0.0
2018-06-05 00:00:00-04:00,56.62479869367052,56.860431441291894,56.237702625895885,56.55879592895508,33560000,0.0,0.0
2018-06-06 00:00:00-04:00,56.68336421672166,56.724555365945136,55.86812855888481,56.420833587646484,33964000,0.0,0.0
2018-06-07 00:00:00-04:00,56.14490544361574,56.36822895300192,55.41041258790898,55.774681091308594,30400000,0.0,0.0
2018-06-08 00:00:00-04:00,55.49279964248192,55.91413907235873,55.19354187361803,55.62629699707031,25816000,0.0,0.0
2018-06-11 00:00:00-04:00,55.513642735676086,56.439695906559905,55.513642735676086,56.07890319824219,21586000,0.0,0.0
2018-06-12 00:00:00-04:00,56.13249584083147,56.56524712627329,56.115870200864585,56.54192352294922,18240000,0.0,0.0
2018-06-13 00:00:00-04:00,56.63125745163093,56.89825593298057,56.24713736806355,56.31711196899414,30128000,0.0,0.0
2018-06-14 00:00:00-04:00,56.766742451682745,57.343414794396296,56.60743768724737,57.177162170410156,26868000,0.0,0.0
2018-06-15 00:00:00-04:00,57.01537608780714,57.24167941646082,56.74862750899572,57.18410873413086,42450000,0.0,0.0
2018-06-18 00:00:00-04:00,56.75680820367375,58.278396841735294,56.75383217262488,58.23621368408203,28274000,0.0,0.0
2018-06-19 00:00:00-04:00,57.49379271760443,58.12753979426736,57.270965187217165,57.96823501586914,32420000,0.0,0.0
2018-06-20 00:00:00-04:00,58.32802684119872,58.87274278102621,58.02281704594933,58.05656433105469,32970000,0.0,0.0
2018-06-21 00:00:00-04:00,58.3052013169163,58.42654085290179,57.18271879129082,57.45209884643555,24762000,0.0,0.0
2018-06-22 00:00:00-04:00,57.52555036052441,57.69215132237108,56.93597052886166,57.343910217285156,26220000,0.0,0.0
2018-06-25 00:00:00-04:00,56.75433574773209,56.769719482801236,55.224807036564926,55.82183074951172,43146000,0.0,0.0
2018-06-26 00:00:00-04:00,55.98013736693699,56.23869616220919,55.41730778694612,55.50668716430664,31264000,0.0,0.0
2018-06-27 00:00:00-04:00,55.64962048081708,56.170513051945385,54.770214575804744,54.788082122802734,25878000,0.0,0.0
2018-06-28 00:00:00-04:00,54.694280937576984,55.69775624370907,54.39254318120302,55.2962646484375,21448000,0.0,0.0
2018-06-29 00:00:00-04:00,55.58311290505235,55.99140089438881,55.334974008154795,55.36723327636719,26302000,0.0,0.0
2018-07-02 00:00:00-04:00,54.540935371943874,55.98014186516903,54.28286877482241,55.95334243774414,24346000,0.0,0.0
2018-07-03 00:00:00-04:00,56.36823234767104,56.36823234767104,54.59155669733294,54.73398971557617,13580000,0.0,0.0
2018-07-05 00:00:00-04:00,55.11314267397664,55.95532545667653,55.011404809889015,55.79502868652344,21334000,0.0,0.0
2018-07-06 00:00:00-04:00,55.76078701061992,56.621829375432405,55.61969434678643,56.584110260009766,19922000,0.0,0.0
2018-07-09 00:00:00-04:00,56.99652282813734,57.30372047734861,56.74540785178969,57.27294921875,18180000,0.0,0.0
2018-07-10 00:00:00-04:00,57.418354198278166,57.54788350575739,57.0516056516236,57.212894439697266,15968000,0.0,0.0
2018-07-11 00:00:00-04:00,56.803464571466314,57.781132512860076,56.625300253067934,57.265499114990234,22400000,0.0,0.0
2018-07-12 00:00:00-04:00,57.56276624364455,58.77964116300398,57.366488278484965,58.73348617553711,25038000,0.0,0.0
2018-07-13 00:00:00-04:00,58.808924623905035,59.32589838176871,58.560785701441304,58.998504638671875,24438000,0.0,0.0
2018-07-16 00:00:00-04:00,59.02679219898326,59.10669069068556,58.525054509217405,58.752349853515625,21114000,0.0,0.0
2018-07-17 00:00:00-04:00,58.17468078835937,59.70420944860593,58.094282506404355,59.4937858581543,32208000,0.0,0.0
2018-07-18 00:00:00-04:00,59.38261660850237,59.776660552572395,59.07393099360295,59.34886932373047,27872000,0.0,0.0
2018-07-19 00:00:00-04:00,59.10669251698679,59.55334334936696,58.72555224029552,58.90619659423828,25534000,0.0,0.0
2018-07-20 00:00:00-04:00,58.906192666950986,59.397506656663374,58.77021151216233,58.8044548034668,24948000,0.0,0.0
2018-07-23 00:00:00-04:00,58.6109107319565,59.87542878368614,58.61041472670823,59.826297760009766,52384000,0.0,0.0
2018-07-24 00:00:00-04:00,62.659542799088456,62.82877144618691,61.318102393602004,61.9394416809082,66364000,0.0,0.0
2018-07-25 00:00:00-04:00,61.49527514708107,62.82182404714775,61.49527514708107,62.714630126953125,42556000,0.0,0.0
2018-07-26 00:00:00-04:00,62.08435805761631,63.01592025542997,61.98609601295738,62.94440841674805,48112000,0.0,0.0
2018-07-27 00:00:00-04:00,63.07691127468046,63.220336294153725,61.09179995974922,61.46400833129883,42612000,0.0,0.0
2018-07-30 00:00:00-04:00,60.943416820579046,61.286145076237545,60.1225735990212,60.53299331665039,36998000,0.0,0.0
2018-07-31 00:00:00-04:00,60.54639308869242,60.92247107046691,59.831255775122386,60.409915924072266,32894000,0.0,0.0
2018-08-01 00:00:00-04:00,60.942918301958095,61.214380817748214,60.06004038625298,60.546390533447266,31344000,0.0,0.0
2018-08-02 00:00:00-04:00,59.846145130448114,61.0362207374463,59.79105825787217,60.85110855102539,30626000,0.0,0.0
2018-08-03 00:00:00-04:00,61.02331673862328,61.04217629673706,60.300735544085526,60.730018615722656,21792000,0.0,0.0
2018-08-06 00:00:00-04:00,60.79402753825458,60.848023947564,60.33730144125169,60.78261184692383,21634000,0.0,0.0
2018-08-07 00:00:00-04:00,61.38956961747566,62.09279525250614,61.348378464325116,61.64862823486328,29880000,0.0,0.0
2018-08-08 00:00:00-04:00,61.56177342918178,62.35730898772184,61.439589550937214,61.81686019897461,27406000,0.0,0.0
2018-08-09 00:00:00-04:00,62.02976587775118,62.30976650624542,61.836713829164474,61.99006652832031,16972000,0.0,0.0
2018-08-10 00:00:00-04:00,61.68733241439009,61.82107964575506,61.141423802166074,61.419837951660156,22174000,0.0,0.0
2018-08-13 00:00:00-04:00,61.388571848982316,61.99864688447845,61.22286446332697,61.29080581665039,19946000,0.0,0.0
2018-08-14 00:00:00-04:00,61.299740753374465,61.82976587705116,60.79949487460056,61.642669677734375,26962000,0.0,0.0
2018-08-15 00:00:00-04:00,61.005455441038535,61.30222939892165,60.025303606674534,60.26699447631836,36576000,0.0,0.0
2018-08-16 00:00:00-04:00,60.780636800948244,60.843663542556975,59.679891380606556,59.87542724609375,26864000,0.0,0.0
2018-08-17 00:00:00-04:00,59.65408551462471,60.00098247624438,58.96971569050751,59.600982666015625,27792000,0.0,0.0
2018-08-20 00:00:00-04:00,59.802472420127124,60.09924635983691,59.286642123877996,59.93894958496094,17416000,0.0,0.0
2018-08-21 00:00:00-04:00,59.95036114279354,60.40991185184236,59.57090580746533,59.63373565673828,24112000,0.0,0.0
2018-08-22 00:00:00-04:00,59.55333795563851,60.14092995113193,59.503710931268664,59.917110443115234,17748000,0.0,0.0
2018-08-23 00:00:00-04:00,59.907677737951666,60.609415285056514,59.76376050565219,59.820335388183594,19852000,0.0,0.0
2018-08-24 00:00:00-04:00,59.99105950151113,60.62778254412683,59.86892484099524,60.578155517578125,18932000,0.0,0.0
2018-08-27 00:00:00-04:00,60.92306711934762,61.691799474414836,60.829568243437514,61.6287727355957,23126000,0.0,0.0
2018-08-28 00:00:00-04:00,61.602468846669524,61.66475347034537,60.97716151535853,61.0992431640625,26080000,0.0,0.0
2018-08-29 00:00:00-04:00,61.41190054748652,62.0674831273615,61.357756467391035,61.9999885559082,25978000,0.0,0.0
2018-08-30 00:00:00-04:00,61.748372643313836,62.21512489522372,61.17070832790965,61.49477767944336,26628000,0.0,0.0
2018-08-31 00:00:00-04:00,61.28931699139813,61.47194534588488,60.113387124608685,60.4560661315918,36328000,0.0,0.0
2018-09-04 00:00:00-04:00,59.765245897083545,60.198000944266674,59.18112597373576,59.404449462890625,36620000,0.0,0.0
2018-09-05 00:00:00-04:00,59.24565035734294,59.50421297358066,57.66748658995105,58.88237762451172,41226000,0.0,0.0
2018-09-06 00:00:00-04:00,58.873439984755436,58.873439984755436,57.17120680773628,58.13597106933594,37770000,0.0,0.0
2018-09-07 00:00:00-04:00,57.50222799194077,58.32555509170469,57.43001946893263,57.80793762207031,28026000,0.0,0.0
2018-09-10 00:00:00-04:00,58.173192248592336,58.28981784237908,57.57368853480023,57.798500061035156,22308000,0.0,0.0
2018-09-11 00:00:00-04:00,57.64912353817893,58.49527437501253,57.38162905632791,58.42976760864258,24186000,0.0,0.0
2018-09-12 00:00:00-04:00,58.1994934215384,58.491799509390425,57.48683617803756,57.70817565917969,25910000,0.0,0.0
2018-09-13 00:00:00-04:00,58.10123010895812,58.491802037945554,57.70966995582557,58.32902145385742,28624000,0.0,0.0
2018-09-14 00:00:00-04:00,58.516120645539615,58.581877306442195,57.98162769705614,58.1900634765625,18880000,0.0,0.0
2018-09-17 00:00:00-04:00,58.07144991489716,58.42380669524039,57.2719463562965,57.372196197509766,26130000,0.0,0.0
2018-09-18 00:00:00-04:00,57.423809000251765,58.366241592377065,57.423809000251765,57.6287727355957,24072000,0.0,0.0
2018-09-19 00:00:00-04:00,57.815380753753566,58.223816477894346,57.2992513064804,58.11860656738281,23828000,0.0,0.0
2018-09-20 00:00:00-04:00,58.56028485472054,59.05159882041535,58.23125167115349,58.9017219543457,24508000,0.0,0.0
2018-09-21 00:00:00-04:00,59.15631814290364,59.166741825456775,57.86798051247211,57.87046432495117,88112000,0.0,0.0
2018-09-24 00:00:00-04:00,57.42779035443658,58.46153729618389,56.918608751691835,58.23175811767578,25420000,0.0,0.0
2018-09-25 00:00:00-04:00,58.369714296079,58.902223209903646,57.96525045053261,58.79154968261719,19554000,0.0,0.0
2018-09-26 00:00:00-04:00,58.816365455069715,59.266984291373426,58.30098196956823,58.58510208129883,29246000,0.0,0.0
2018-09-27 00:00:00-04:00,58.89477469879411,59.65755496339631,58.74092978962537,59.287330627441406,25216000,0.0,0.0
2018-09-28 00:00:00-04:00,59.149864663899834,59.325548956373915,58.78410814120594,59.229270935058594,27612000,0.0,0.0
2018-10-01 00:00:00-04:00,59.54787867639495,60.044652502602204,59.0719484277985,59.32058334350586,27152000,0.0,0.0
2018-10-02 00:00:00-04:00,59.10470507255934,60.04763371156834,58.889817437475735,59.558799743652344,33758000,0.0,0.0
2018-10-03 00:00:00-04:00,59.801475407403146,59.871450002279396,59.24713470549051,59.699737548828125,25124000,0.0,0.0
2018-10-04 00:00:00-04:00,59.32157838443933,59.42976810597928,57.34867781487357,57.97468185424805,44190000,0.0,0.0
2018-10-05 00:00:00-04:00,57.940435860019676,58.23820179668711,56.82976660660757,57.43671417236328,23686000,0.0,0.0
2018-10-08 00:00:00-04:00,57.07741076199877,57.96525253412296,55.94857481979366,57.020835876464844,38648000,0.0,0.0
2018-10-09 00:00:00-04:00,56.88088527608418,57.287832965627906,56.455180258560105,56.51711654663086,26174000,0.0,0.0
2018-10-10 00:00:00-04:00,56.132995447322564,56.187090308048134,53.65408624375751,53.65855407714844,53514000,0.0,0.0
2018-10-11 00:00:00-04:00,53.24763686841414,54.90818294591946,53.01587746699064,53.56426239013672,58980000,0.0,0.0
2018-10-12 00:00:00-04:00,54.98758680036194,55.334979777720214,53.91572328035809,55.09081268310547,42026000,0.0,0.0
2018-10-15 00:00:00-04:00,55.0327430900593,55.257853727507836,54.04465528451015,54.2059440612793,27448000,0.0,0.0
2018-10-16 00:00:00-04:00,54.81834618360922,55.792538176924744,54.71462431110196,55.64663314819336,38570000,0.0,0.0
2018-10-17 00:00:00-04:00,55.903717528807704,56.0292750092405,54.69925019623523,55.369224548339844,29344000,0.0,0.0
2018-10-18 00:00:00-04:00,55.67443143689045,55.67443143689045,53.45358889312594,53.99353790283203,41890000,0.0,0.0
2018-10-19 00:00:00-04:00,54.261526153945155,55.10470470128183,53.98261978032637,54.414878845214844,25352000,0.0,0.0
2018-10-22 00:00:00-04:00,54.74241868809968,55.19750533818632,54.143907027361166,54.64812469482422,30284000,0.0,0.0
2018-10-23 00:00:00-04:00,53.642172640948395,54.982125049203944,53.101727630713235,54.77368927001953,36974000,0.0,0.0
2018-10-24 00:00:00-04:00,54.80148270813582,54.89428490857795,52.04664314061707,52.1444091796875,39648000,0.0,0.0
2018-10-25 00:00:00-04:00,53.190564365135984,55.13547663254539,53.07939861084746,54.37071228027344,50916000,0.0,0.0
2018-10-26 00:00:00-04:00,51.465497944853254,54.914627126763364,51.31958912202644,53.174678802490234,83752000,0.0,0.0
2018-10-29 00:00:00-04:00,53.720590123630004,54.44366732636698,49.42083803407899,50.62431335449219,77614000,0.0,0.0
2018-10-30 00:00:00-04:00,50.04763299016234,51.488327430138625,49.66500094612399,51.4248046875,64254000,0.0,0.0
2018-10-31 00:00:00-04:00,52.596019263345845,54.19055857310525,52.4565622927449,53.437705993652344,50596000,0.0,0.0
2018-11-01 00:00:00-04:00,53.38956857516668,53.795274328359646,52.72753414762246,53.10172653198242,29640000,0.0,0.0
2018-11-02 00:00:00-04:00,53.2868410709809,53.74564969183618,52.33795656850068,52.49577331542969,36780000,0.0,0.0
2018-11-05 00:00:00-05:00,52.35731189962229,52.529520369958234,50.681878191447936,51.61736297607422,48828000,0.0,0.0
2018-11-06 00:00:00-05:00,51.58708722178409,52.82108384082481,51.517112622839925,52.39751052856445,24666000,0.0,0.0
2018-11-07 00:00:00-05:00,53.05209678761467,54.365245888284164,52.8982480972212,54.262516021728516,41168000,0.0,0.0
2018-11-08 00:00:00-05:00,54.1627684609039,54.256566452246325,53.211154083877155,53.71710968017578,29764000,0.0,0.0
2018-11-09 00:00:00-05:00,53.299739856082226,53.37765431874683,52.26350930755544,52.9106559753418,26864000,0.0,0.0
2018-11-12 00:00:00-05:00,52.67443160662291,52.71065891825902,51.16624258181213,51.54490280151367,29436000,0.0,0.0
2018-11-13 00:00:00-05:00,51.776170967178786,52.436963505228604,51.17368743937391,51.416866302490234,30274000,0.0,0.0
2018-11-14 00:00:00-05:00,52.109174265650836,52.33567448899195,51.166245593107725,51.794532775878906,31318000,0.0,0.0
2018-11-15 00:00:00-05:00,51.8466471136051,53.193543744958845,51.20496017355999,52.839202880859375,36722000,0.0,0.0
2018-11-16 00:00:00-05:00,52.576171701191335,52.95284412905139,52.058554276426364,52.67939758300781,33162000,0.0,0.0
2018-11-19 00:00:00-05:00,52.466492565323634,52.64465688103662,50.43473025971473,50.620338439941406,37172000,0.0,0.0
2018-11-20 00:00:00-05:00,49.62778659859198,51.20297433236472,49.43026670544251,50.90619659423828,48982000,0.0,0.0
2018-11-21 00:00:00-05:00,51.45210623315567,52.03771427736658,51.28882963088297,51.49428939819336,30686000,0.0,0.0
2018-11-23 00:00:00-05:00,51.11661853027526,51.493294751057334,50.73939708236326,50.812896728515625,13830000,0.0,0.0
2018-11-26 00:00:00-05:00,51.53101377540127,52.07493467098612,51.31066627312529,52.04069137573242,38856000,0.0,0.0
2018-11-27 00:00:00-05:00,51.662520344088634,52.48535133292609,51.53795488378731,51.83175277709961,36064000,0.0,0.0
2018-11-28 00:00:00-05:00,52.04762716306063,53.9374522458906,51.40246454717968,53.90718078613281,49508000,0.0,0.0
2018-11-29 00:00:00-05:00,53.40346663208833,54.30495423760984,53.39949480397906,54.009918212890625,29378000,0.0,0.0
2018-11-30 00:00:00-05:00,54.048130035783586,54.370711391824386,53.49279727865425,54.31413650512695,51604000,0.0,0.0
2018-12-03 00:00:00-05:00,55.738950844943574,55.81388549718283,54.77244869070427,54.90966796875,39824000,0.0,0.0
2018-12-04 00:00:00-05:00,54.745394973122146,54.80991351042002,52.10817704327678,52.149864196777344,46904000,0.0,0.0
2018-12-06 00:00:00-05:00,51.328034843280555,53.161285366889075,51.15483435595777,53.03870391845703,55384000,0.0,0.0
2018-12-07 00:00:00-05:00,52.605948809283746,53.362773297922544,51.042176798358796,51.44316864013672,42024000,0.0,0.0
2018-12-10 00:00:00-05:00,51.3672336256557,52.032247863357824,50.783613462481625,51.59056091308594,36154000,0.0,0.0
2018-12-11 00:00:00-05:00,52.43125723933353,52.63522518499317,51.604954202002375,52.196022033691406,27894000,0.0,0.0
2018-12-12 00:00:00-05:00,53.00247755323662,53.67989577952262,52.743914937580726,52.788082122802734,30476000,0.0,0.0
2018-12-13 00:00:00-05:00,53.00594316404591,53.586091282421535,52.30420562028769,52.69974136352539,26596000,0.0,0.0
2018-12-14 00:00:00-05:00,52.108185277755055,52.73448847590912,51.652106543111174,51.71711730957031,33732000,0.0,0.0
2018-12-17 00:00:00-05:00,51.48931837141024,52.265498344128815,50.01984051499298,50.44812774658203,47708000,0.0,0.0
2018-12-18 00:00:00-05:00,50.9225717412705,52.083364025039714,50.691800584584094,51.05259704589844,43850000,0.0,0.0
2018-12-19 00:00:00-05:00,51.314634856532194,52.70470658121763,50.0272892248118,50.76972198486328,49586000,0.0,0.0
2018-12-20 00:00:00-05:00,50.527535041692396,51.32604283692482,49.44713726687282,50.09477996826172,53470000,0.0,0.0
2018-12-21 00:00:00-05:00,50.3870877993337,50.81984288772774,48.322077976863575,48.61240005493164,91920000,0.0,0.0
2018-12-24 00:00:00-05:00,48.33250568337509,49.80347187389,48.1444174446499,48.4476432800293,31806000,0.0,0.0
2018-12-26 00:00:00-05:00,49.08237320702475,51.61289332895883,48.78411126679523,51.58609390258789,47466000,0.0,0.0
2018-12-27 00:00:00-05:00,50.47889773809106,51.805946444670326,49.478898212018336,51.805450439453125,42196000,0.0,0.0
2018-12-28 00:00:00-05:00,52.09031457793115,52.38510449860644,51.27046335949555,51.46798324584961,28296000,0.0,0.0
2018-12-31 00:00:00-05:00,52.156819322689465,52.2431696728436,50.798507035760835,51.3950309753418,29866000,0.0,0.0
2019-01-02 00:00:00-05:00,50.45011139911309,52.22430681417616,50.407432235083256,51.90321350097656,30652000,0.0,0.0
2019-01-03 00:00:00-05:00,51.662515489912586,52.45556716032924,50.32603905143399,50.424800872802734,36822000,0.0,0.0
2019-01-04 00:00:00-05:00,51.245157246269045,53.14341855987174,50.9884802088492,53.136966705322266,41878000,0.0,0.0
2019-01-07 00:00:00-05:00,53.176172411250896,53.30024187381271,52.34540150280366,53.021827697753906,39638000,0.0,0.0
2019-01-08 00:00:00-05:00,53.404951423947885,53.82430677906244,52.63175126262081,53.413387298583984,35298000,0.0,0.0
2019-01-09 00:00:00-05:00,53.67989333873496,53.72852835531283,52.92306887095246,53.3329963684082,23986000,0.0,0.0
2019-01-10 00:00:00-05:00,52.98559769618042,53.15879817248444,52.49180368346479,53.11810302734375,29128000,0.0,0.0
2019-01-11 00:00:00-05:00,52.76326571843411,52.792795066597165,52.03373671642569,52.46599578857422,30416000,0.0,0.0
2019-01-14 00:00:00-05:00,51.95631564092191,52.185098977713416,51.675175360181754,51.845645904541016,22886000,0.0,0.0
2019-01-15 00:00:00-05:00,52.11761292957912,53.60049071023067,51.97716771412088,53.45656967163086,29272000,0.0,0.0
2019-01-16 00:00:00-05:00,53.59800585665798,54.21215118828527,53.56525058074333,53.64614486694336,26636000,0.0,0.0
2019-01-17 00:00:00-05:00,53.571703708867574,54.18361513841397,53.27542577553338,54.08932113647461,24854000,0.0,0.0
2019-01-18 00:00:00-05:00,54.59056556207652,55.005055571914696,54.13895088409368,54.50421142578125,39112000,0.0,0.0
2019-01-22 00:00:00-05:00,53.995027114027074,54.169219595049164,52.77765619505517,53.127532958984375,32270000,0.0,0.0
2019-01-23 00:00:00-05:00,53.466489085018985,53.84266547650446,52.59303909686968,53.378150939941406,19340000,0.0,0.0
2019-01-24 00:00:00-05:00,53.423317929253095,53.57195289919321,52.640190048097296,53.2952766418457,27226000,0.0,0.0
2019-01-25 00:00:00-05:00,53.84614740712893,54.29279823504705,53.68833065505454,54.14341735839844,22382000,0.0,0.0
2019-01-28 00:00:00-05:00,53.60346730913384,53.74689233385762,52.79403599022081,53.1057014465332,25686000,0.0,0.0
2019-01-29 00:00:00-05:00,53.234726883584095,53.357308320221286,52.40023789854855,52.63621520996094,20436000,0.0,0.0
2019-01-30 00:00:00-05:00,53.023811217245914,54.14390832638265,52.945396960596895,54.047630310058594,25596000,0.0,0.0
2019-01-31 00:00:00-05:00,54.73944689238962,55.45061236586029,54.36277068162671,55.40296936035156,30766000,0.0,0.0
2019-02-01 00:00:00-05:00,55.205944065066795,55.831255183283375,54.83323969196794,55.12405776977539,29244000,0.0,0.0
2019-02-04 00:00:00-05:00,55.21884972913294,56.218353271484375,55.038205382402374,56.218353271484375,51530000,0.0,0.0
2019-02-05 00:00:00-05:00,55.82331730347729,56.91562304557691,55.446542645184145,56.87294387817383,71044000,0.0,0.0
2019-02-06 00:00:00-05:00,56.55432898314398,56.92306150639982,55.22430434262433,55.34638977050781,42112000,0.0,0.0
2019-02-07 00:00:00-05:00,54.79701317277384,54.83076045905902,53.895771692620734,54.52654266357422,40896000,0.0,0.0
2019-02-08 00:00:00-05:00,53.945398142838194,54.53646597229041,53.92306654939197,54.34539794921875,21516000,0.0,0.0
2019-02-11 00:00:00-05:00,54.43920023764358,54.88560117752893,54.23622428716586,54.34292221069336,21304000,0.0,0.0
2019-02-12 00:00:00-05:00,54.928034388169976,55.84590157399884,54.88088738506814,55.6511116027832,32182000,0.0,0.0
2019-02-13 00:00:00-05:00,55.83076369487137,56.31413784976207,55.50867833126117,55.591060638427734,20996000,0.0,0.0
2019-02-14 00:00:00-05:00,55.486344215230446,55.9915539370861,55.10892588609724,55.66599655151367,18952000,0.0,0.0
2019-02-15 00:00:00-05:00,56.083369667490516,56.162276150488836,55.119101397594555,55.267982482910156,28996000,0.0,0.0
2019-02-19 00:00:00-05:00,55.08684247322352,55.67691833313461,55.08684247322352,55.51165771484375,20928000,0.0,0.0
2019-02-20 00:00:00-05:00,55.582622578701894,55.75235102516929,54.85259753624892,55.27542495727539,21756000,0.0,0.0
2019-02-21 00:00:00-05:00,55.12853110154367,55.18312197051622,54.21934967408047,54.44019317626953,28302000,0.0,0.0
2019-02-22 00:00:00-05:00,54.63522353475482,55.14837689206565,54.37219689524838,55.105201721191406,20990000,0.0,0.0
2019-02-25 00:00:00-05:00,55.384605457608735,55.510658936855016,54.95135436376531,55.057064056396484,28262000,0.0,0.0
2019-02-26 00:00:00-05:00,54.87592407885467,55.55880215683104,54.58659398915068,55.341434478759766,29426000,0.0,0.0
2019-02-27 00:00:00-05:00,54.9354741337875,55.48286700411467,54.640188219702644,55.387088775634766,19368000,0.0,0.0
2019-02-28 00:00:00-05:00,55.15135607474391,55.962771419176846,55.13696435029679,55.57914733886719,30850000,0.0,0.0
2019-03-01 00:00:00-05:00,55.82629382092888,56.7230674946276,55.8188499561449,56.62480545043945,29006000,0.0,0.0
2019-03-04 00:00:00-05:00,56.92257322648219,57.48287362827796,56.11364167484745,56.962772369384766,28920000,0.0,0.0
2019-03-05 00:00:00-05:00,57.07492060966648,58.045144576215684,56.8831104900103,57.668968200683594,28864000,0.0,0.0
2019-03-06 00:00:00-05:00,57.69179621514314,57.9437062602174,57.34440328188452,57.46202087402344,21986000,0.0,0.0
2019-03-07 00:00:00-05:00,57.35582018692131,57.40718512363419,56.32306539532885,56.739444732666016,23332000,0.0,0.0
2019-03-08 00:00:00-05:00,55.9171111598587,56.927038378433075,55.74689049655078,56.69081115722656,24248000,0.0,0.0
2019-03-11 00:00:00-04:00,56.79651289342056,58.37170042396261,56.79651289342056,58.35035705566406,34384000,0.0,0.0
2019-03-12 00:00:00-04:00,58.47443296456696,59.55334281231683,58.47443296456696,59.21587371826172,40262000,0.0,0.0
2019-03-13 00:00:00-04:00,59.58534723715807,59.599492851162665,59.153338065130164,59.221824645996094,28718000,0.0,0.0
2019-03-14 00:00:00-04:00,59.28088279603259,59.448131215724246,58.78311693768877,58.836219787597656,23456000,0.0,0.0
2019-03-15 00:00:00-04:00,59.22480254293871,59.38311529224077,58.69031337852478,58.78212356567383,49236000,0.0,0.0
2019-03-18 00:00:00-04:00,58.72455853158983,59.057063780296424,58.432797651706615,58.77220153808594,25852000,0.0,0.0
2019-03-19 00:00:00-04:00,58.99800358458469,59.55334011685571,58.85209853739669,59.49626922607422,30414000,0.0,0.0
2019-03-20 00:00:00-04:00,59.421827049074516,60.900236876115834,59.36326435607966,60.742919921875,44548000,0.0,0.0
2019-03-21 00:00:00-04:00,60.34738277373228,61.131006640875405,60.20594556245717,61.11859893798828,24080000,0.0,0.0
2019-03-22 00:00:00-04:00,60.859548631857116,61.0421770070117,59.69354252325416,59.826297760009766,34284000,0.0,0.0
2019-03-25 00:00:00-04:00,59.40098394651485,59.870859920922854,58.91016594989514,59.20594787597656,29936000,0.0,0.0
2019-03-26 00:00:00-04:00,59.48038768036716,59.69378730767583,58.39800580886961,58.79006576538086,38024000,0.0,0.0
2019-03-27 00:00:00-04:00,58.83374129533814,58.93592216149529,57.53696398730491,58.214385986328125,28004000,0.0,0.0
2019-03-28 00:00:00-04:00,58.140927865655065,58.142169771745536,57.539985410933966,57.98956298828125,19234000,0.0,0.0
2019-03-29 00:00:00-04:00,58.307685323417566,58.510665060326055,57.71116138918155,58.22877883911133,25398000,0.0,0.0
2019-04-01 00:00:00-04:00,58.76426290095839,59.387586254052586,58.66004121898063,59.27691650390625,25050000,0.0,0.0
2019-04-02 00:00:00-04:00,59.321081028044915,59.62033877377832,58.844158755532284,59.577659606933594,16558000,0.0,0.0
2019-04-03 00:00:00-04:00,59.924559733800514,60.362274899116024,59.5781587559502,59.84714126586914,20286000,0.0,0.0
2019-04-04 00:00:00-04:00,59.8481255743759,60.33100365918349,59.758299414213624,60.297752380371094,19000000,0.0,0.0
2019-04-05 00:00:00-04:00,60.2972526518736,60.35829536240775,59.80295890576192,59.90816879272461,18144000,0.0,0.0
2019-04-08 00:00:00-04:00,59.94490365892221,59.98460679411624,59.54639186392823,59.74391174316406,17204000,0.0,0.0
2019-04-09 00:00:00-04:00,59.354827758992535,59.66698542386209,59.209914723385914,59.41686248779297,17528000,0.0,0.0
2019-04-10 00:00:00-04:00,59.587087297892126,59.741182110398846,59.3764175999248,59.66053771972656,14492000,0.0,0.0
2019-04-11 00:00:00-04:00,59.74987179915886,59.948379916507555,59.55979577110092,59.782623291015625,14204000,0.0,0.0
2019-04-12 00:00:00-04:00,60.049621227165595,60.464012787063226,59.95582322713504,60.44019317626953,18668000,0.0,0.0
2019-04-15 00:00:00-04:00,60.44664183808456,60.75433167265763,60.005450872909854,60.600486755371094,23748000,0.0,0.0
2019-04-16 00:00:00-04:00,60.79403240924438,61.082866461399966,60.551849350175274,60.89973831176758,17126000,0.0,0.0
2019-04-17 00:00:00-04:00,61.191054918182104,61.56623930337003,60.93398034943935,61.3568115234375,24438000,0.0,0.0
2019-04-18 00:00:00-04:00,61.497760086351896,61.63770929318938,61.27096073865519,61.358306884765625,26636000,0.0,0.0
2019-04-22 00:00:00-04:00,61.33944258309672,61.98956532409174,60.95830233315041,61.9771614074707,16146000,0.0,0.0
2019-04-23 00:00:00-04:00,62.06897497161146,62.97766035733738,61.855079337945355,62.75681686401367,26398000,0.0,0.0
2019-04-24 00:00:00-04:00,62.735472443745365,62.92852448355696,62.282865804111765,62.33249282836914,20376000,0.0,0.0
2019-04-25 00:00:00-04:00,62.76773149848051,62.89865037506428,62.135476282402166,62.70222473144531,22146000,0.0,0.0
2019-04-26 00:00:00-04:00,62.977654607237994,63.17963852410644,62.54688356149811,63.13547134399414,24828000,0.0,0.0
2019-04-29 00:00:00-04:00,63.22579973487195,63.98361623449353,62.84341755520759,63.899742126464844,49988000,0.0,0.0
2019-04-30 00:00:00-04:00,58.808923941969404,59.19651605594184,58.31264610279667,58.98162841796875,124140000,0.0,0.0
2019-05-01 00:00:00-04:00,58.96028683685597,58.96028683685597,57.924556021175,57.96921920776367,52784000,0.0,0.0
2019-05-02 00:00:00-04:00,57.95334050111244,58.27244602583083,57.320187947635795,57.697757720947266,38896000,0.0,0.0
2019-05-03 00:00:00-04:00,58.24564554292457,58.89825209073991,58.01487817302292,58.828773498535156,39614000,0.0,0.0
2019-05-06 00:00:00-04:00,57.87890197570329,59.099249063254305,57.87890197570329,59.02679443359375,31278000,0.0,0.0
2019-05-07 00:00:00-04:00,58.58410819275789,59.07889801258723,57.61983996461566,58.267982482910156,31028000,0.0,0.0
2019-05-08 00:00:00-04:00,58.164252933230486,58.58182114887599,57.85308729634591,57.879390716552734,26186000,0.0,0.0
2019-05-09 00:00:00-04:00,57.52008771782323,58.04763279372119,57.11413207006215,57.68634033203125,23714000,0.0,0.0
2019-05-10 00:00:00-04:00,57.74638882438774,58.193535604655615,56.69973837376936,57.78013610839844,26290000,0.0,0.0
2019-05-13 00:00:00-04:00,56.67294731138533,56.969721266099185,55.68783543491599,56.180145263671875,37212000,0.0,0.0
2019-05-14 00:00:00-04:00,56.43721267429374,56.596517437146126,55.56078658284226,55.60495376586914,36732000,0.0,0.0
2019-05-15 00:00:00-04:00,55.47741527362779,58.13051708777836,55.4176636788489,57.777164459228516,45786000,0.0,0.0
2019-05-16 00:00:00-04:00,57.79204527518627,58.965745018113175,57.70916697205991,58.510162353515625,30628000,0.0,0.0
2019-05-17 00:00:00-04:00,57.98857102340011,58.568223118982154,57.56871967961463,57.682369232177734,24172000,0.0,0.0
2019-05-20 00:00:00-04:00,56.79899869047599,56.91299659681361,56.151011388409415,56.51860427856445,27066000,0.0,0.0
2019-05-21 00:00:00-04:00,56.99701016925062,57.20633950901674,56.473436924085505,57.053585052490234,23196000,0.0,0.0
2019-05-22 00:00:00-04:00,56.91066233574085,57.49477853147948,56.867979382531495,57.14242172241211,18290000,0.0,0.0
2019-05-23 00:00:00-04:00,56.60048807341125,56.87209825838484,56.04088438611019,56.613887786865234,23978000,0.0,0.0
2019-05-24 00:00:00-04:00,56.940928173694225,57.06028367809261,56.16177219990961,56.2515983581543,22240000,0.0,0.0
2019-05-28 00:00:00-04:00,56.27790312078791,57.15070564937318,56.234228160406715,56.28534698486328,27300000,0.0,0.0
2019-05-29 00:00:00-04:00,55.95631725704594,56.034731516716384,54.998500895164106,55.40743637084961,30764000,0.0,0.0
2019-05-30 00:00:00-04:00,55.36177883544807,55.73845505047299,55.19205038975909,55.481380462646484,19038000,0.0,0.0
2019-05-31 00:00:00-04:00,54.654584209575795,55.066991753793936,54.59949733596254,54.770713806152344,30156000,0.0,0.0
2019-06-03 00:00:00-04:00,52.8784026408867,52.8784026408867,50.8684759779692,51.42579650878906,102612000,0.0,0.0
2019-06-04 00:00:00-04:00,51.75681450745354,52.40942105495793,51.29974381474591,52.260536193847656,56670000,0.0,0.0
2019-06-05 00:00:00-04:00,52.18559878268545,52.285352626025706,51.14093606725862,51.72306823730469,43368000,0.0,0.0
2019-06-06 00:00:00-04:00,51.860533041153666,51.98460248863292,51.300236506791464,51.82827377319336,34064000,0.0,0.0
2019-06-07 00:00:00-04:00,52.140440412083024,53.147387815308555,52.029766879599684,52.90520095825195,36048000,0.0,0.0
2019-06-10 00:00:00-04:00,53.249611155160146,54.22628697069213,53.21695811296922,53.616859436035156,29284000,0.0,0.0
2019-06-11 00:00:00-04:00,54.291805344343175,54.689321356390856,53.47904965228199,53.53448486328125,28734000,0.0,0.0
2019-06-12 00:00:00-04:00,53.49875394140717,53.64416298850756,52.97964470342267,53.45061492919922,21220000,0.0,0.0
2019-06-13 00:00:00-04:00,53.77865429713142,54.30123559072622,53.60545380521218,54.03324508666992,21154000,0.0,0.0
2019-06-14 00:00:00-04:00,53.916616825126845,54.22778248892692,53.60654161557679,53.86351776123047,22230000,0.0,0.0
2019-06-17 00:00:00-04:00,53.90966764142528,54.5498665005429,53.90966764142528,54.218353271484375,18832000,0.0,0.0
2019-06-18 00:00:00-04:00,55.07144836553274,55.40395356047486,54.54043130667182,54.76921463012695,27734000,0.0,0.0
2019-06-19 00:00:00-04:00,54.86847279876323,54.93795138841947,54.26698509989669,54.70619201660156,26776000,0.0,0.0
2019-06-20 00:00:00-04:00,55.58261786858196,55.58906972233689,54.82579346259445,55.15730667114258,25240000,0.0,0.0
2019-06-21 00:00:00-04:00,55.04912693659235,55.78709186949948,54.99155625151225,55.676422119140625,38952000,0.0,0.0
2019-06-24 00:00:00-04:00,55.56375854909301,55.68236815683203,55.136959334269626,55.360782623291016,27912000,0.0,0.0
2019-06-25 00:00:00-04:00,55.21884849387336,55.302718811100675,53.786589887993486,53.913143157958984,30938000,0.0,0.0
2019-06-26 00:00:00-04:00,53.920582756467766,54.24167227608814,53.212889384503036,53.588077545166016,36218000,0.0,0.0
2019-06-27 00:00:00-04:00,53.796517857509905,53.95036277413282,53.36425877448817,53.39999008178711,20086000,0.0,0.0
2019-06-28 00:00:00-04:00,53.41885009408402,53.64763345008945,53.26897321794013,53.64316940307617,33864000,0.0,0.0
2019-07-01 00:00:00-04:00,54.4913029344994,54.96673714887095,54.27805099870549,54.48881912231445,28726000,0.0,0.0
2019-07-02 00:00:00-04:00,54.701721794270526,55.174675974764426,54.49973788789942,55.148868560791016,19832000,0.0,0.0
2019-07-03 00:00:00-04:00,55.45457796842676,55.91860029992848,55.278401464507844,55.66152572631836,15340000,0.0,0.0
2019-07-05 00:00:00-04:00,55.47393625735853,56.222324844227884,55.39155395431283,56.158302307128906,25286000,0.0,0.0
2019-07-08 00:00:00-04:00,55.83969268415039,55.8798918251512,55.14689076046542,55.4019775390625,24728000,0.0,0.0
2019-07-09 00:00:00-04:00,55.176171831851825,55.98138143649293,54.946396458176686,55.82282257080078,26608000,0.0,0.0
2019-07-10 00:00:00-04:00,56.13994040220962,56.677409372431164,56.12753269944306,56.599491119384766,24190000,0.0,0.0
2019-07-11 00:00:00-04:00,56.73696011510128,57.224306053867195,56.55482776100763,56.784603118896484,23910000,0.0,0.0
2019-07-12 00:00:00-04:00,56.773692275454636,56.93994490519269,56.51512966113453,56.818851470947266,17280000,0.0,0.0
2019-07-15 00:00:00-04:00,56.91611694071192,57.112644806390485,56.54589638049259,57.08882141113281,18076000,0.0,0.0
2019-07-16 00:00:00-04:00,56.873442120891724,57.49776127550365,56.82381509204505,57.2496223449707,24776000,0.0,0.0
2019-07-17 00:00:00-04:00,57.12008745529851,57.48683597124616,56.86202465872768,56.89080810546875,23400000,0.0,0.0
2019-07-18 00:00:00-04:00,56.662028748612755,56.953092949750676,56.21488192336091,56.88982009887695,25814000,0.0,0.0
2019-07-19 00:00:00-04:00,56.9821199884259,57.12852102852785,56.060531006843796,56.084354400634766,32944000,0.0,0.0
2019-07-22 00:00:00-04:00,56.25061716341832,56.538459243804475,55.79354641524048,56.479896545410156,26030000,0.0,0.0
2019-07-23 00:00:00-04:00,56.77418000213341,56.918101015763895,56.16872049179107,56.88385772705078,21874000,0.0,0.0
2019-07-24 00:00:00-04:00,56.17368949866682,56.77418522619384,55.93001462753775,56.46698760986328,31796000,0.0,0.0
2019-07-25 00:00:00-04:00,56.46748285619382,56.66003889640069,55.628775898858116,56.18460464477539,44196000,0.0,0.0
2019-07-26 00:00:00-04:00,60.746391440646434,62.806441206796734,60.74440741977182,62.055076599121094,96116000,0.0,0.0
2019-07-29 00:00:00-04:00,61.59056464182404,61.90421033677421,60.954333798711026,61.50917434692383,44474000,0.0,0.0
2019-07-30 00:00:00-04:00,60.8143831427052,61.283861556588356,60.7096692451428,60.80098342895508,29066000,0.0,0.0
2019-07-31 00:00:00-04:00,60.69477968279282,61.240684534568935,59.93864813305677,60.38113021850586,34510000,0.0,0.0
2019-08-01 00:00:00-04:00,60.24961921445477,61.24614673357335,59.83721168876102,60.00048828125,33970000,0.0,0.0
2019-08-02 00:00:00-04:00,59.59006646014307,59.89577607511949,59.0044584344767,59.25508117675781,32902000,0.0,0.0
2019-08-05 00:00:00-04:00,58.06649011603183,58.32455670789354,56.58262046487473,57.18708801269531,51950000,0.0,0.0
2019-08-06 00:00:00-04:00,57.73249776637787,58.55880082040126,57.56822916602135,58.06202697753906,34188000,0.0,0.0
2019-08-07 00:00:00-04:00,57.36971802242692,58.48361324976776,57.05329318943033,58.26252365112305,28886000,0.0,0.0
2019-08-08 00:00:00-04:00,58.70122803573656,59.801973392962765,58.2143818866247,59.79155349731445,29360000,0.0,0.0
2019-08-09 00:00:00-04:00,59.453591192190096,59.74589729735678,58.739593556463845,58.95830535888672,21314000,0.0,0.0
2019-08-12 00:00:00-04:00,58.52158326873438,58.80694532425747,57.94897736669752,58.29825973510742,20060000,0.0,0.0
2019-08-13 00:00:00-04:00,58.13696438308925,59.79055868591504,58.13696438308925,59.41785430908203,25888000,0.0,0.0
2019-08-14 00:00:00-04:00,58.37765948884187,58.674933229525564,57.59503136102458,57.78113555908203,31574000,0.0,0.0
2019-08-15 00:00:00-04:00,57.74192763129633,58.35433507945226,57.67294503979034,57.92852783203125,24374000,0.0,0.0
2019-08-16 00:00:00-04:00,58.538454937885376,58.69577568334873,58.154334850586785,58.441680908203125,26266000,0.0,0.0
2019-08-19 00:00:00-04:00,59.0615337878949,59.900240805335685,59.0615337878949,59.47642135620117,24632000,0.0,0.0
2019-08-20 00:00:00-04:00,59.317609650098724,59.357808791282324,58.66549908337455,58.69428253173828,18310000,0.0,0.0
2019-08-21 00:00:00-04:00,59.21339266609834,59.50371475292224,58.929518647324336,59.11909866333008,14814000,0.0,0.0
2019-08-22 00:00:00-04:00,59.25904853796673,59.45468284909438,58.49031614159272,59.03374099731445,18950000,0.0,0.0
2019-08-23 00:00:00-04:00,58.65954390584143,59.25954364020348,56.96029055948105,57.13597106933594,33740000,0.0,0.0
2019-08-26 00:00:00-04:00,57.432242602425724,58.03819811833643,57.21884300087708,58.00941467285156,24522000,0.0,0.0
2019-08-27 00:00:00-04:00,58.587084840311114,58.679887033684366,57.640184418771184,57.957305908203125,21544000,0.0,0.0
2019-08-28 00:00:00-04:00,57.653093005689776,58.38311805717957,57.434237320853576,58.11512756347656,16040000,0.0,0.0
2019-08-29 00:00:00-04:00,58.61636564420114,59.35780634309758,58.61636564420114,59.19850158691406,21768000,0.0,0.0
2019-08-30 00:00:00-04:00,59.478897959106185,59.478897959106185,58.74952038547454,58.9627685546875,22596000,0.0,0.0
2019-09-03 00:00:00-04:00,58.413394768960984,58.902724772222435,57.727040878966534,57.9846076965332,29598000,0.0,0.0
2019-09-04 00:00:00-04:00,58.397509000381646,58.73349007006451,58.11413477552133,58.630760192871094,21378000,0.0,0.0
2019-09-05 00:00:00-04:00,59.13299124803879,60.20048532751562,59.13299124803879,60.11810302734375,28162000,0.0,0.0
2019-09-06 00:00:00-04:00,59.95681286988234,60.14961501210618,59.67849715993348,59.79800033569336,21442000,0.0,0.0
2019-09-09 00:00:00-04:00,59.751850151072006,60.54589390402892,59.18708575085717,59.77219772338867,29438000,0.0,0.0
2019-09-10 00:00:00-04:00,59.31264375237108,60.049616622919956,59.28435631021641,59.851104736328125,25202000,0.0,0.0
2019-09-11 00:00:00-04:00,59.722573612515326,60.67493015732203,59.66252290304623,60.5543327331543,26140000,0.0,0.0
2019-09-12 00:00:00-04:00,60.75929590720306,61.63075815575841,60.69577316172808,61.25309371948242,34518000,0.0,0.0
2019-09-13 00:00:00-04:00,61.109169347626434,61.58211976938112,60.893781930249766,61.5166130065918,26028000,0.0,0.0
2019-09-16 00:00:00-04:00,61.018355086680366,61.516616950660115,60.82430723926128,61.106689453125,21066000,0.0,0.0
2019-09-17 00:00:00-04:00,61.062023283262015,61.29031062556814,60.72902204815212,60.9999885559082,19102000,0.0,0.0
2019-09-18 00:00:00-04:00,60.918602408740334,61.3205862577097,60.37368953864647,61.16177749633789,22702000,0.0,0.0
2019-09-19 00:00:00-04:00,61.14440867834019,61.75880013421897,61.14242465741862,61.47443389892578,19920000,0.0,0.0
2019-09-20 00:00:00-04:00,61.19700903545717,61.70321453427306,60.69874719257586,61.0386962890625,45400000,0.0,0.0
2019-09-23 00:00:00-04:00,60.843664241820754,61.49329101475808,60.75284606078018,61.2421760559082,21248000,0.0,0.0
2019-09-24 00:00:00-04:00,61.53844641823913,61.87293943832305,60.0833603208991,60.484352111816406,31664000,0.0,0.0
2019-09-25 00:00:00-04:00,60.33845338023603,61.95036436778528,60.054087144032835,61.86202621459961,29060000,0.0,0.0
2019-09-26 00:00:00-04:00,61.635720761539886,61.786589645462605,61.154728223540516,61.6074333190918,30760000,0.0,0.0
2019-09-27 00:00:00-04:00,61.68783368353786,61.73795671603401,60.270462764163774,60.79850387573242,27078000,0.0,0.0
2019-09-30 00:00:00-04:00,60.594035263507976,60.84366219824985,60.163763983234766,60.49626922607422,28082000,0.0,0.0
2019-10-01 00:00:00-04:00,60.49626814046876,61.10321571358501,59.73100781866637,59.80644226074219,25470000,0.0,0.0
2019-10-02 00:00:00-04:00,59.40346284592329,59.40346284592329,58.12852497691889,58.39353942871094,32302000,0.0,0.0
2019-10-03 00:00:00-04:00,58.56078340947227,59.010410240957455,57.68882139205727,58.94936752319336,32424000,0.0,0.0
2019-10-04 00:00:00-04:00,59.15086170261687,60.12108201447584,59.015872553332414,59.99999237060547,23248000,0.0,0.0
2019-10-07 00:00:00-04:00,59.77170196685433,60.456760884261065,59.7394426968768,59.934478759765625,16858000,0.0,0.0
2019-10-08 00:00:00-04:00,59.433736867593005,59.855076252760725,59.007929649261214,59.013885498046875,20786000,0.0,0.0
2019-10-09 00:00:00-04:00,59.521079353845636,59.96773015078462,59.43572102242367,59.6679801940918,17354000,0.0,0.0
2019-10-10 00:00:00-04:00,59.482870173687076,60.297757538546065,59.42133144893541,59.983612060546875,16932000,0.0,0.0
2019-10-11 00:00:00-04:00,60.65557248503451,60.962270303398405,60.23522510596829,60.32008743286133,25454000,0.0,0.0
2019-10-14 00:00:00-04:00,60.165749932029854,60.860043679703296,60.13696648288434,60.403961181640625,17350000,0.0,0.0
2019-10-15 00:00:00-04:00,60.56574317053716,61.90221967980454,60.56574317053716,61.687828063964844,27634000,0.0,0.0
2019-10-16 00:00:00-04:00,61.59651188475595,62.26996199964419,61.461526530437325,61.719093322753906,21892000,0.0,0.0
2019-10-17 00:00:00-04:00,62.08088228966795,62.69601582858317,62.03175127029145,62.18708419799805,19048000,0.0,0.0
2019-10-18 00:00:00-04:00,62.20644124803805,62.4759197463978,61.59204980908252,61.810909271240234,27056000,0.0,0.0
2019-10-21 00:00:00-04:00,62.14688422051665,62.264452597681135,61.568224110309316,61.843658447265625,20544000,0.0,0.0
2019-10-22 00:00:00-04:00,61.92803286131868,62.06450623999693,61.606939519696475,61.67741012573242,20476000,0.0,0.0
2019-10-23 00:00:00-04:00,61.65557599330808,62.5255502604924,61.65557599330808,62.48783493041992,18230000,0.0,0.0
2019-10-24 00:00:00-04:00,62.575671326797526,62.72952003261534,62.219096575477366,62.58013916015625,20562000,0.0,0.0
2019-10-25 00:00:00-04:00,62.085845181491635,63.00743425318063,62.03522614418525,62.78559875488281,24262000,0.0,0.0
2019-10-28 00:00:00-04:00,63.297758858864796,64.48187862250542,63.1533418196026,64.01984405517578,52264000,0.0,0.0
2019-10-29 00:00:00-04:00,63.33646780609009,63.60247048888422,62.39264557891239,62.661033630371094,37728000,0.0,0.0
2019-10-30 00:00:00-04:00,62.182120598894436,62.995519916111114,62.133981589742454,62.59502410888672,28178000,0.0,0.0
2019-10-31 00:00:00-04:00,62.59453140851168,62.91165292214998,62.0765656385192,62.536468505859375,29114000,0.0,0.0
2019-11-01 00:00:00-04:00,62.77914733097876,63.25656561781784,62.5558238154674,63.212894439697266,33402000,0.0,0.0
2019-11-04 00:00:00-05:00,63.347377100103145,64.22479511570099,63.34266315775771,64.08782196044922,30020000,0.0,0.0
2019-11-05 00:00:00-05:00,64.16326937922462,64.46302314716876,64.08083406400027,64.12059020996094,25654000,0.0,0.0
2019-11-06 00:00:00-05:00,63.99303558469431,64.2049471706461,63.647626666383175,64.10916137695312,23060000,0.0,0.0
2019-11-07 00:00:00-05:00,64.2322487970933,65.69428297186461,64.23051467185299,64.95582580566406,40600000,0.0,0.0
2019-11-08 00:00:00-05:00,64.77816090343747,65.409427959862,64.7327480230198,65.08039093017578,25028000,0.0,0.0
2019-11-11 00:00:00-05:00,64.67392228666901,64.83496872239782,64.3875720764537,64.47591400146484,20238000,0.0,0.0
2019-11-12 00:00:00-05:00,64.51611677226106,65.01239459358614,64.30618919409372,64.4565658569336,21718000,0.0,0.0
2019-11-13 00:00:00-05:00,64.2218226391682,64.72951236472149,64.19403120243683,64.41686248779297,16534000,0.0,0.0
2019-11-14 00:00:00-05:00,64.39203707737158,65.3597771605467,64.30022690664177,65.0848388671875,23870000,0.0,0.0
2019-11-15 00:00:00-05:00,65.45607881544787,66.24715048740897,65.22481160765874,66.24665069580078,35652000,0.0,0.0
2019-11-18 00:00:00-05:00,66.11511969377833,66.2793390562151,65.38459872749078,65.54341125488281,29748000,0.0,0.0
2019-11-19 00:00:00-05:00,65.89080689654897,65.89080689654897,65.15135023415858,65.28336334228516,25384000,0.0,0.0
2019-11-20 00:00:00-05:00,65.09873986819946,65.26052842452422,64.07690863892955,64.66747283935547,26172000,0.0,0.0
2019-11-21 00:00:00-05:00,64.58956647833071,65.14093498063947,64.16872686416106,64.58311462402344,19910000,0.0,0.0
2019-11-22 00:00:00-05:00,64.79502462557038,64.94936933358494,64.08981879304345,64.28485107421875,27714000,0.0,0.0
2019-11-25 00:00:00-05:00,64.47542870345076,65.07741249458779,64.42332164682061,64.84813690185547,20724000,0.0,0.0
2019-11-26 00:00:00-05:00,65.00543997186847,65.25060284005981,64.76872055072062,65.18856811523438,21394000,0.0,0.0
2019-11-27 00:00:00-05:00,65.26053570496784,65.4272843315867,64.9940332337327,65.16078186035156,19912000,0.0,0.0
2019-11-29 00:00:00-05:00,64.8694657661228,65.02256098335714,64.7131370494692,64.76226806640625,11740000,0.0,0.0
2019-12-02 00:00:00-05:00,64.5657381046634,64.80543353270664,63.573182607728356,64.01586151123047,30218000,0.0,0.0
2019-12-03 00:00:00-05:00,63.50221601562983,64.43973393005399,63.473928576053304,64.28186798095703,22876000,0.0,0.0
2019-12-04 00:00:00-05:00,64.86400676656977,65.79651166274121,64.7578010758322,65.53546905517578,30750000,0.0,0.0
2019-12-05 00:00:00-05:00,65.90569566802303,65.9730917949616,65.33199560320656,65.91214752197266,24254000,0.0,0.0
2019-12-06 00:00:00-05:00,66.1756690423759,66.69973831750863,66.1756690423759,66.53199768066406,26296000,0.0,0.0
2019-12-09 00:00:00-05:00,66.40395590378165,67.46648989602035,66.39402822734522,66.67790222167969,27086000,0.0,0.0
2019-12-10 00:00:00-05:00,66.57566964517135,66.99626693476351,66.30470691037269,66.73249816894531,21882000,0.0,0.0
2019-12-11 00:00:00-05:00,67.03919263532063,67.05705639529288,66.63373299132144,66.75035858154297,17008000,0.0,0.0
2019-12-12 00:00:00-05:00,66.79601477261926,67.28410661922929,66.5260440578028,67.01090240478516,25620000,0.0,0.0
2019-12-13 00:00:00-05:00,66.89576834670235,67.1510027835043,66.6932846319524,66.88981628417969,30992000,0.0,0.0
2019-12-16 00:00:00-05:00,67.3200748130122,67.72603419894526,67.13000261269285,67.55184173583984,27946000,0.0,0.0
2019-12-17 00:00:00-05:00,67.63719872258108,67.7419126004373,67.06315039854512,67.2515869140625,37080000,0.0,0.0
2019-12-18 00:00:00-05:00,67.32506428886921,67.51712057210165,67.04714986592818,67.1275405883789,30452000,0.0,0.0
2019-12-19 00:00:00-05:00,67.08782869287472,67.39948654593063,66.94712981762498,67.29725646972656,29398000,0.0,0.0
2019-12-20 00:00:00-05:00,67.6600470885077,67.67443502731811,66.94788198038908,66.97716522216797,66300000,0.0,0.0
2019-12-23 00:00:00-05:00,67.28882618120298,67.48385846499603,66.82430782156663,66.93994140625,17662000,0.0,0.0
2019-12-24 00:00:00-05:00,66.92306509325059,67.0104074426158,66.63919109891611,66.67790222167969,6950000,0.0,0.0
2019-12-26 00:00:00-05:00,66.80744342722119,67.55965247319763,66.72307709396614,67.51364135742188,13350000,0.0,0.0
2019-12-27 00:00:00-05:00,67.64216196411259,67.71859219401192,66.96325585084938,67.09129333496094,20768000,0.0,0.0
2019-12-30 00:00:00-05:00,66.99751139921112,67.14639627239588,66.20445580112252,66.3096694946289,21018000,0.0,0.0
2019-12-31 00:00:00-05:00,66.01041499614684,66.4019789533047,65.9595422750169,66.35334014892578,19236000,0.0,0.0
2020-01-02 00:00:00-05:00,66.57814561345798,67.89774654696777,66.57814561345798,67.85953521728516,28132000,0.0,0.0
2020-01-03 00:00:00-05:00,66.89130003014904,68.1141308205774,66.77636312898343,67.52653503417969,23728000,0.0,0.0
2020-01-06 00:00:00-05:00,66.99751179122029,69.3052008349893,66.99751179122029,69.19155883789062,34646000,0.0,0.0
2020-01-07 00:00:00-05:00,69.37666760347787,69.62728276362967,69.00147561904272,69.14837646484375,30054000,0.0,0.0
2020-01-08 00:00:00-05:00,69.08583956646167,70.05358738047906,69.02430463002621,69.69329071044922,30560000,0.0,0.0
2020-01-09 00:00:00-05:00,70.499739797411,70.83522105043521,69.98856668958533,70.4630126953125,30018000,0.0,0.0
2020-01-10 00:00:00-05:00,70.84664818594364,71.21235933028036,70.3895811952227,70.954345703125,36414000,0.0,0.0
2020-01-13 00:00:00-05:00,71.27194397944992,71.48980762246067,70.77020635710151,71.42578887939453,33046000,0.0,0.0
2020-01-14 00:00:00-05:00,71.41488160630941,71.55333901128671,70.88684425949981,71.01140594482422,31178000,0.0,0.0
2020-01-15 00:00:00-05:00,70.97814636864022,71.53323297517342,70.97814636864022,71.42430114746094,25654000,0.0,0.0
2020-01-16 00:00:00-05:00,71.83323541868478,72.0590427260816,71.50965829520423,72.04464721679688,23474000,0.0,0.0
2020-01-17 00:00:00-05:00,72.60098113863693,73.5133884254054,72.36822974126859,73.46847534179688,47924000,0.0,0.0
2020-01-21 00:00:00-05:00,73.4054458415932,74.03720501969366,73.01239011455874,73.66748046875,40734000,0.0,0.0
2020-01-22 00:00:00-05:00,73.99503039104304,74.60117907976469,73.69378482934606,73.7444076538086,32216000,0.0,0.0
2020-01-23 00:00:00-05:00,73.8282828829106,74.2193470475533,73.55334452603668,73.77914428710938,27024000,0.0,0.0
2020-01-24 00:00:00-05:00,74.12356276079099,74.2181066629572,72.71711146680417,72.7895736694336,35692000,0.0,0.0
2020-01-27 00:00:00-05:00,71.01736053217846,71.3682293216221,70.53100280630098,71.1612777709961,35104000,0.0,0.0
2020-01-28 00:00:00-05:00,71.61289520522637,72.25805792416695,71.09031014666691,72.08733367919922,31548000,0.0,0.0
2020-01-29 00:00:00-05:00,72.39701619770298,72.72604563015618,71.79850067980185,72.38858032226562,21554000,0.0,0.0
2020-01-30 00:00:00-05:00,71.46201893995891,72.32156942112606,71.28534265039244,72.25010681152344,26788000,0.0,0.0
2020-01-31 00:00:00-05:00,72.89824316075375,72.9592858732218,70.89476848081826,71.17765045166016,48344000,0.0,0.0
2020-02-03 00:00:00-05:00,72.55582390226932,73.94540346854714,72.40644680609876,73.74391174316406,60736000,0.0,0.0
2020-02-04 00:00:00-05:00,72.31116591128045,72.92803747639034,70.78412083952011,71.81488800048828,78660000,0.0,0.0
2020-02-05 00:00:00-05:00,72.5766732572411,72.64714386938017,70.99552960009365,71.87245178222656,39724000,0.0,0.0
2020-02-06 00:00:00-05:00,71.97666614100454,73.548374178957,71.93894702609819,73.26202392578125,33588000,0.0,0.0
2020-02-07 00:00:00-05:00,72.81884032824163,73.73894131882467,72.77169333088047,73.41090393066406,23446000,0.0,0.0
2020-02-10 00:00:00-05:00,73.16724620104087,74.91314693320862,73.16724620104087,74.87245178222656,28398000,0.0,0.0
2020-02-11 00:00:00-05:00,75.02778368363181,75.91214968680356,74.72147961665152,74.8779067993164,26892000,0.0,0.0
2020-02-12 00:00:00-05:00,75.16028520253177,75.46872472681238,74.84415949040542,75.34837341308594,23352000,0.0,0.0
2020-02-13 00:00:00-05:00,75.07145014795417,75.79055927256776,74.66996610624523,75.16921997070312,18590000,0.0,0.0
2020-02-14 00:00:00-05:00,75.21586434239704,75.47095489501953,74.8059368685173,75.47095489501953,23956000,0.0,0.0
2020-02-18 00:00:00-05:00,75.18610251976317,76.01140988809834,75.06650087757531,75.41786193847656,22414000,0.0,0.0
2020-02-19 00:00:00-05:00,75.68585232180874,76.03503245583889,75.50371615942464,75.76625061035156,18986000,0.0,0.0
2020-02-20 00:00:00-05:00,75.53348673013704,75.91264676090906,74.7801418661208,75.34242248535156,21932000,0.0,0.0
2020-02-21 00:00:00-05:00,74.84019334538878,75.04788704067784,73.47096885396437,73.70272827148438,34634000,0.0,0.0
2020-02-24 00:00:00-05:00,70.7746618558846,71.3136263334942,70.04414852602577,70.55034637451172,57342000,0.0,0.0
2020-02-25 00:00:00-05:00,71.11661947805261,71.3717024837463,68.6054546959806,68.90570068359375,49566000,0.0,0.0
2020-02-26 00:00:00-05:00,69.28732746842788,70.25805126043497,68.43670508403947,69.14042663574219,44048000,0.0,0.0
2020-02-27 00:00:00-05:00,67.5960146343348,68.07462558918532,65.36822425383973,65.41388702392578,59566000,0.0,0.0
2020-02-28 00:00:00-05:00,63.39948692858151,66.55779795953224,63.07690561160681,66.46797180175781,75782000,0.0,0.0
2020-03-02 00:00:00-05:00,67.07741906591478,69.02581124761141,65.84690181545528,68.93846130371094,48630000,0.0,0.0
2020-03-03 00:00:00-05:00,69.45011833670682,69.98262352182273,66.10421075689521,66.57022094726562,48046000,0.0,0.0
2020-03-04 00:00:00-05:00,67.45557700182988,68.8878356801187,66.65557734121802,68.8099136352539,38266000,0.0,0.0
2020-03-05 00:00:00-05:00,67.00743712292649,67.43969621876708,64.76921918313089,65.4610366821289,51226000,0.0,0.0
2020-03-06 00:00:00-05:00,63.37765587779967,64.82479839546724,62.58311611834475,64.43721008300781,53212000,0.0,0.0
2020-03-09 00:00:00-04:00,59.81636473923211,62.270954400594015,59.55333810175723,60.32554626464844,67308000,0.0,0.0
2020-03-10 00:00:00-04:00,62.531007914992486,63.580638273986885,60.48485383299144,63.54291915893555,52228000,0.0,0.0
2020-03-11 00:00:00-04:00,62.01984088982192,62.57864945260726,59.358303408094095,60.3181037902832,52170000,0.0,0.0
2020-03-12 00:00:00-04:00,55.88088571721534,59.24912479138592,55.250614507320506,55.33051300048828,84534000,0.0,0.0
2020-03-13 00:00:00-04:00,58.511155024302106,60.53398160690987,55.44132961698443,60.532493591308594,74002000,0.0,0.0
2020-03-16 00:00:00-04:00,54.39204904668074,57.184456166498244,53.32207493078379,53.81289291381836,85048000,0.0,0.0
2020-03-17 00:00:00-04:00,54.24862392923676,56.122073478803294,52.40743364996148,55.57319259643555,77230000,0.0,0.0
2020-03-18 00:00:00-04:00,52.4322482549022,54.91314134067898,51.47790395076393,54.4317512512207,84668000,0.0,0.0
2020-03-19 00:00:00-04:00,54.245643915523765,57.467477718543876,52.61080706975277,55.349365234375,73022000,0.0,0.0
2020-03-20 00:00:00-04:00,56.36326517332851,56.77368866646518,52.87790844707976,53.21686553955078,72036000,0.0,0.0
2020-03-23 00:00:00-04:00,52.67096099631564,53.167238830694636,50.299544890365645,52.43770980834961,80882000,0.0,0.0
2020-03-24 00:00:00-04:00,54.77765865985945,56.32753490108742,54.12505208793588,56.30073547363281,66890000,0.0,0.0
2020-03-25 00:00:00-04:00,55.904213641147635,57.01736300253817,53.89627081566852,54.71413803100586,81630000,0.0,0.0
2020-03-26 00:00:00-04:00,55.17616974367751,58.063018570868294,54.269468414273796,57.65507888793945,71434000,0.0,0.0
2020-03-27 00:00:00-04:00,55.864510713304924,57.105205367309125,54.8838666886535,55.12207794189453,64170000,0.0,0.0
2020-03-30 00:00:00-04:00,55.833241144653286,57.15284601417532,54.41587402341311,56.91413497924805,51482000,0.0,0.0
2020-03-31 00:00:00-04:00,56.93796292921503,58.328034728919434,56.48337220866736,57.70768737792969,49728000,0.0,0.0
2020-04-01 00:00:00-04:00,55.68237203172245,56.06401208292626,54.464012814336535,54.869468688964844,46884000,0.0,0.0
2020-04-02 00:00:00-04:00,54.50420847802494,55.9235634087798,54.41190228365983,55.62480545043945,39298000,0.0,0.0
2020-04-03 00:00:00-04:00,55.5342283268145,55.7587937269343,53.58857416287313,54.485347747802734,46268000,0.0,0.0
2020-04-06 00:00:00-04:00,56.476418829514394,59.28832920903145,56.12604604381692,58.90420913696289,53294000,0.0,0.0
2020-04-07 00:00:00-04:00,60.59551861718783,60.794030494429464,58.67145013199121,58.88385772705078,47746000,0.0,0.0
2020-04-08 00:00:00-04:00,59.87592630548163,60.49974568532677,58.965752865546115,60.06351852416992,39502000,0.0,0.0
2020-04-09 00:00:00-04:00,60.74837352629233,60.822319950809394,59.39130329128434,60.12157440185547,43508000,0.0,0.0
2020-04-13 00:00:00-04:00,60.00891754163123,60.57120188397183,58.9378530490083,60.42479705810547,34796000,0.0,0.0
2020-04-14 00:00:00-04:00,61.791051755290376,63.62628602571908,61.386088145760226,62.98906326293945,49408000,0.0,0.0
2020-04-15 00:00:00-04:00,61.81685686319438,63.546389065858044,61.55829807090061,62.65358352661133,33434000,0.0,0.0
2020-04-16 00:00:00-04:00,63.23076550232231,63.47394059948985,61.66848145844867,62.70322036743164,50362000,0.0,0.0
2020-04-17 00:00:00-04:00,63.76425887229123,64.23968934979733,63.088328693386195,63.684852600097656,38980000,0.0,0.0
2020-04-20 00:00:00-04:00,63.07691059844318,63.602967665943744,62.5989963266937,62.859046936035156,33910000,0.0,0.0
2020-04-21 00:00:00-04:00,61.88584276439419,62.24663922407477,60.035224617592846,60.3642578125,43060000,0.0,0.0
2020-04-22 00:00:00-04:00,61.81338935311163,63.80212037823691,61.637705062447075,62.690311431884766,41848000,0.0,0.0
2020-04-23 00:00:00-04:00,63.10420780735259,64.1841058371172,62.812397711164635,63.34043502807617,31324000,0.0,0.0
2020-04-24 00:00:00-04:00,62.58906562063118,63.54340610231114,62.007429493681684,63.489315032958984,32792000,0.0,0.0
2020-04-27 00:00:00-04:00,64.31760704941487,64.32505091364293,62.977654693877525,63.319091796875,32012000,0.0,0.0
2020-04-28 00:00:00-04:00,63.917112874248254,63.923064937095035,61.15135738104774,61.224308013916016,59026000,0.0,0.0
2020-04-29 00:00:00-04:00,66.57368450322917,67.49328575621654,65.77368487567767,66.57467651367188,75872000,0.0,0.0
2020-04-30 00:00:00-04:00,65.75085576369771,67.13745150028522,65.63223858566572,66.93099975585938,53378000,0.0,0.0
2020-05-01 00:00:00-04:00,65.93051198943692,67.10023615579532,65.0620257968837,65.53894805908203,41450000,0.0,0.0
2020-05-04 00:00:00-04:00,64.92455274761657,65.8888247389471,64.46648625668634,65.84613800048828,30080000,0.0,0.0
2020-05-05 00:00:00-04:00,66.39800641716683,68.18559405293584,66.37517503225688,67.0525894165039,33030000,0.0,0.0
2020-05-06 00:00:00-04:00,67.5776514911627,68.04563804044298,66.8630102835789,66.8635025024414,24308000,0.0,0.0
2020-05-07 00:00:00-04:00,67.78858918108779,68.36724946778163,67.25905992809243,68.11712646484375,27952000,0.0,0.0
2020-05-08 00:00:00-04:00,68.64167516418064,69.41735914565652,68.26202293871333,68.90172576904297,27738000,0.0,0.0
2020-05-11 00:00:00-04:00,68.40098344809866,70.29924466776686,68.34499922471376,69.64068603515625,28242000,0.0,0.0
2020-05-12 00:00:00-04:00,69.83224522503453,70.22330934832881,68.22678622430837,68.2749252319336,27812000,0.0,0.0
2020-05-13 00:00:00-04:00,68.33994001711538,68.75840182585843,65.92554562936706,66.9642562866211,36252000,0.0,0.0
2020-05-14 00:00:00-04:00,66.25408851063467,67.36575367991837,65.7027275459577,67.3017349243164,32062000,0.0,0.0
2020-05-15 00:00:00-04:00,66.99750803892465,68.2123952154045,66.4515993888272,68.14837646484375,34154000,0.0,0.0
2020-05-18 00:00:00-04:00,67.58063195972629,69.09799893312575,67.2084236040523,68.68186950683594,36448000,0.0,0.0
2020-05-19 00:00:00-04:00,68.83360135140047,69.08188418806577,68.16302490234375,68.16302490234375,25612000,0.0,0.0
2020-05-20 00:00:00-04:00,68.9617782859622,69.99602878372372,68.8461522638333,69.8124008178711,33108000,0.0,0.0
2020-05-21 00:00:00-04:00,69.87592549903482,70.24763410938569,69.15384029062497,69.61785888671875,27700000,0.0,0.0
2020-05-22 00:00:00-04:00,69.31561949895216,70.11214325095916,69.07343266017584,69.99601745605469,26188000,0.0,0.0
2020-05-26 00:00:00-04:00,71.32852208461908,71.51363424986954,70.08087593520875,70.32355499267578,41212000,0.0,0.0
2020-05-27 00:00:00-04:00,70.33498214430881,70.55780587336358,69.0466407111212,70.3642578125,33716000,0.0,0.0
2020-05-28 00:00:00-04:00,69.32306222043862,71.5056894741877,69.28038305713285,70.30916595458984,33844000,0.0,0.0
2020-05-29 00:00:00-04:00,70.31959129075078,71.09527529947499,70.14143075973779,70.91413116455078,36418000,0.0,0.0
2020-06-01 00:00:00-04:00,70.39154981988567,71.36276584768642,70.3721942585226,71.05805206298828,24342000,0.0,0.0
2020-06-02 00:00:00-04:00,70.99501792987367,71.44464853016092,70.41338179495615,71.42529296875,25562000,0.0,0.0
2020-06-03 00:00:00-04:00,71.37964117329044,71.78916731216457,70.95666609908642,71.28435516357422,25124000,0.0,0.0
2020-06-04 00:00:00-04:00,70.98758015146403,71.41239538334152,69.71364181996523,70.08336639404297,29686000,0.0,0.0
2020-06-05 00:00:00-04:00,70.13249522653545,71.71463071575131,69.77666638275234,71.38410949707031,34698000,0.0,0.0
2020-06-08 00:00:00-04:00,70.58757831933313,71.86053217676319,70.58757831933313,71.79204559326172,28084000,0.0,0.0
2020-06-09 00:00:00-04:00,71.73001024545158,72.8535870093647,71.62331232935081,72.2659912109375,28184000,0.0,0.0
2020-06-10 00:00:00-04:00,72.43372996728506,73.16420553960302,72.27144918071639,72.74688720703125,30504000,0.0,0.0
2020-06-11 00:00:00-04:00,71.58708074582259,72.1823626964432,69.57814614869571,69.66946411132812,39826000,0.0,0.0
2020-06-12 00:00:00-04:00,70.89279225239302,71.31512366180317,68.78510324712983,70.13298797607422,38928000,0.0,0.0
2020-06-15 00:00:00-04:00,69.02231809743643,70.70965960709182,68.87939287616906,70.46400451660156,30078000,0.0,0.0
2020-06-16 00:00:00-04:00,71.72306848502453,72.20941865411798,70.76425629335561,71.5989990234375,34184000,0.0,0.0
2020-06-17 00:00:00-04:00,71.81933744745595,72.45655642551151,71.03620965078113,72.01586151123047,30992000,0.0,0.0
2020-06-18 00:00:00-04:00,71.91859436387979,72.03025989872235,70.81934084639603,71.26350402832031,31638000,0.0,0.0
2020-06-19 00:00:00-04:00,71.66252059899932,71.85110861072593,70.53845153890116,71.05309295654297,63158000,0.0,0.0
2020-06-22 00:00:00-04:00,70.91810056836704,72.09676044271161,70.63075830292189,72.05259704589844,30848000,0.0,0.0
2020-06-23 00:00:00-04:00,72.24018753394067,73.24768398407949,71.72406189560695,72.67542266845703,28596000,0.0,0.0
2020-06-24 00:00:00-04:00,72.53150043296567,73.22182609400859,70.95532461500848,71.06549835205078,35120000,0.0,0.0
2020-06-25 00:00:00-04:00,70.96276578682838,71.60792087273813,70.47144803565568,71.5300064086914,24610000,0.0,0.0
2020-06-26 00:00:00-04:00,71.03673013509888,71.13896023812721,67.09628217277222,67.48883819580078,85354000,0.0,0.0
2020-06-29 00:00:00-04:00,67.40346423063545,69.26053819765389,66.84912724256009,69.2292709350586,36204000,0.0,0.0
2020-06-30 00:00:00-04:00,69.00445855320582,70.40445790397327,68.68286542681156,70.15432739257812,40848000,0.0,0.0
2020-07-01 00:00:00-04:00,70.02975728639103,71.61288460372084,69.96623076259365,71.36672973632812,35504000,0.0,0.0
2020-07-02 00:00:00-04:00,71.8084218280624,73.59551719863788,71.78261441255393,72.68981170654297,37182000,0.0,0.0
2020-07-06 00:00:00-04:00,73.45209531245898,74.76872034277596,73.09477466690498,74.22827911376953,31280000,0.0,0.0
2020-07-07 00:00:00-04:00,73.94538760639276,75.27540839292254,73.62528632495045,73.70618438720703,29164000,0.0,0.0
2020-07-08 00:00:00-04:00,74.1597973739932,74.73348992166684,73.72853027328489,74.24317169189453,24994000,0.0,0.0
2020-07-09 00:00:00-04:00,74.76177590495855,75.5692193900517,73.85036063926268,74.9870834350586,28466000,0.0,0.0
2020-07-10 00:00:00-04:00,74.74689716080582,76.6168673440898,74.26997483527916,76.51314544677734,37126000,0.0,0.0
2020-07-13 00:00:00-04:00,76.92306434166021,78.2695632781442,74.70187723645613,75.00445556640625,36928000,0.0,0.0
2020-07-14 00:00:00-04:00,73.96078329633286,75.58063029727721,73.62281821935085,75.4630126953125,31700000,0.0,0.0
2020-07-15 00:00:00-04:00,75.58957683448338,76.19503647264395,74.34243024109291,75.11860656738281,32214000,0.0,0.0
2020-07-16 00:00:00-04:00,74.44166704780132,75.36921185489808,73.76226113086389,75.33496856689453,30386000,0.0,0.0
2020-07-17 00:00:00-04:00,75.514624440145,75.60494282034573,74.36325630069322,75.21337890625,29134000,0.0,0.0
2020-07-20 00:00:00-04:00,75.19898859976412,77.93000823597262,74.62032851713197,77.70320892333984,31146000,0.0,0.0
2020-07-21 00:00:00-04:00,78.75879778961406,78.75879778961406,77.13546737568947,77.34092712402344,24324000,0.0,0.0
2020-07-22 00:00:00-04:00,77.44415898564415,77.91562142240645,76.7295176794534,77.84068298339844,18640000,0.0,0.0
2020-07-23 00:00:00-04:00,77.76525668741822,78.00842799788757,74.80852769688292,75.21984100341797,32552000,0.0,0.0
2020-07-24 00:00:00-04:00,74.38858256757749,75.31691510677291,73.86599747952145,75.03076171875,30880000,0.0,0.0
2020-07-27 00:00:00-04:00,75.2158683374083,76.47492649167059,75.19651277464828,75.94043731689453,24920000,0.0,0.0
2020-07-28 00:00:00-04:00,75.69130028914006,75.75581125387824,74.32554432654442,74.45854187011719,34044000,0.0,0.0
2020-07-29 00:00:00-04:00,74.75532496809936,75.99264218064526,74.5076782686986,75.53447723388672,22130000,0.0,0.0
2020-07-30 00:00:00-04:00,74.2927836724841,76.32107378758555,74.05556446388788,76.0024642944336,33428000,0.0,0.0
2020-07-31 00:00:00-04:00,74.69030939824232,74.88584145993447,72.16028157563557,73.59601593017578,68798000,0.0,0.0
2020-08-03 00:00:00-04:00,73.77865058359723,73.96872281811605,72.73646407571327,73.17369079589844,46604000,0.0,0.0
2020-08-04 00:00:00-04:00,73.27889301271779,73.72504780335576,72.38956703528302,72.70320892333984,38070000,0.0,0.0
2020-08-05 00:00:00-04:00,72.91809291651994,73.56871540901274,72.62826686545758,73.13198852539062,39590000,0.0,0.0
2020-08-06 00:00:00-04:00,73.03968153360194,74.56027430255969,72.75432333342148,74.44662475585938,39908000,0.0,0.0
2020-08-07 00:00:00-04:00,74.441674690049,75.27765172835954,73.53050931881228,74.16822814941406,31556000,0.0,0.0
2020-08-10 00:00:00-04:00,73.80544421227378,74.64390502378875,73.10569068546498,74.24812316894531,25786000,0.0,0.0
2020-08-11 00:00:00-04:00,74.0664801443538,74.93794226105959,73.34985493296064,73.4649887084961,29088000,0.0,0.0
2020-08-12 00:00:00-04:00,73.72604731602124,75.0563712798316,73.70966778362227,74.77021789550781,28740000,0.0,0.0
2020-08-13 00:00:00-04:00,74.95482381331381,76.29031217439456,74.8389479080458,75.35730743408203,29104000,0.0,0.0
2020-08-14 00:00:00-04:00,75.21884244883967,75.52852387249658,74.584599445089,74.8252944946289,27096000,0.0,0.0
2020-08-17 00:00:00-04:00,75.16971199026851,75.71264460300503,74.83720675165813,75.333984375,27566000,0.0,0.0
2020-08-18 00:00:00-04:00,75.74092627547944,77.54191738954236,75.61834862268822,77.34986114501953,40542000,0.0,0.0
2020-08-19 00:00:00-04:00,77.08733382002706,78.0982531022047,76.62282300938666,76.80049133300781,33212000,0.0,0.0
2020-08-20 00:00:00-04:00,76.59800374525486,78.70321652137234,76.33746090855072,78.49874877929688,34138000,0.0,0.0
2020-08-21 00:00:00-04:00,78.26449884320712,79.29129772595468,77.81660994901573,78.4327392578125,28930000,0.0,0.0
2020-08-24 00:00:00-04:00,79.10568246275234,80.10767347183398,78.4401798414074,78.81884002685547,28198000,0.0,0.0
2020-08-25 00:00:00-04:00,78.51462398693037,79.98112582674689,78.51462398693037,79.81239318847656,44942000,0.0,0.0
2020-08-26 00:00:00-04:00,79.80146945654732,82.34340130649105,79.58310601921963,82.00395202636719,79868000,0.0,0.0
2020-08-27 00:00:00-04:00,82.06846589337847,82.13397644141467,80.68236235232621,81.10816955566406,37232000,0.0,0.0
2020-08-28 00:00:00-04:00,81.06648070908415,81.74538685177795,80.930499563954,81.60841369628906,29980000,0.0,0.0
2020-08-31 00:00:00-04:00,81.78112120499684,81.78483935065908,80.9086670338405,81.10072326660156,36468000,0.0,0.0
2020-09-01 00:00:00-04:00,81.22232649182634,82.66649698635236,81.00347078702691,82.41736602783203,36506000,0.0,0.0
2020-09-02 00:00:00-04:00,83.0657436245559,86.01387746676662,82.69626138794311,85.77070617675781,50224000,0.0,0.0
2020-09-03 00:00:00-04:00,84.84930852864417,84.84930852864417,80.15183674266645,81.48087310791016,62156000,0.0,0.0
2020-09-04 00:00:00-04:00,80.60841583905999,81.64315838965975,76.80460126517468,78.95978546142578,52172000,0.0,0.0
2020-09-08 00:00:00-04:00,76.10470091694928,77.61115585286062,75.83174659435686,76.04911804199219,52218000,0.0,0.0
2020-09-09 00:00:00-04:00,77.29676962451178,77.86599434073611,76.23081268509105,77.26847839355469,35494000,0.0,0.0
2020-09-10 00:00:00-04:00,77.45110099719179,78.61442633159784,75.72232214316018,76.03075408935547,32372000,0.0,0.0
2020-09-11 00:00:00-04:00,76.22828322154254,78.17369154691013,74.31065876290094,75.469970703125,31942000,0.0,0.0
2020-09-14 00:00:00-04:00,76.37740841728747,77.6178531535934,75.2228218092681,75.39849853515625,33932000,0.0,0.0
2020-09-15 00:00:00-04:00,76.22827453341064,77.39799866431305,76.02157288726313,76.49824523925781,26622000,0.0,0.0
2020-09-16 00:00:00-04:00,77.19800582468778,77.51859938019965,75.42529823829437,75.47889709472656,26234000,0.0,0.0
2020-09-17 00:00:00-04:00,74.24316455011281,74.85348570171895,72.95283919517239,74.21983337402344,37596000,0.0,0.0
2020-09-18 00:00:00-04:00,74.3429037398678,74.59069428557021,71.32156594584585,72.4560546875,62078000,0.0,0.0
2020-09-21 00:00:00-04:00,71.46697837668651,71.87888985447366,69.80395251864239,71.0252914428711,57776000,0.0,0.0
2020-09-22 00:00:00-04:00,71.96475870704471,72.92902321222451,71.19255046545392,72.7275390625,31664000,0.0,0.0
2020-09-23 00:00:00-04:00,72.39602158292905,72.50420373029236,69.86103353259674,70.23373413085938,33148000,0.0,0.0
2020-09-24 00:00:00-04:00,70.02629137290262,71.64807703200857,69.96773246504247,70.88286590576172,29004000,0.0,0.0
2020-09-25 00:00:00-04:00,71.09824791579504,71.96028222676772,70.14092759920929,71.71015930175781,26460000,0.0,0.0
2020-09-28 00:00:00-04:00,73.16177556082938,73.2903052771851,71.92559427191328,72.68087768554688,40158000,0.0,0.0
2020-09-29 00:00:00-04:00,72.97219302241959,73.28351011343216,72.39725106484042,72.91958618164062,19564000,0.0,0.0
2020-09-30 00:00:00-04:00,72.79402627283477,73.93299052220092,72.45060893104817,72.93299102783203,34032000,0.0,0.0
2020-10-01 00:00:00-04:00,73.66104077686342,74.39404571842158,73.40992579533496,73.94987487792969,35590000,0.0,0.0
2020-10-02 00:00:00-04:00,72.55731105816068,73.60793343449701,72.00594255705482,72.3781509399414,25682000,0.0,0.0
2020-10-05 00:00:00-04:00,72.76474374669617,73.85655332229149,72.6684657384972,73.74787139892578,22266000,0.0,0.0
2020-10-06 00:00:00-04:00,73.22975798030083,73.78459467537961,71.89030167137177,72.13099670410156,24908000,0.0,0.0
2020-10-07 00:00:00-04:00,72.66946298758458,72.90122235940702,71.26549568501143,72.47095489501953,34924000,0.0,0.0
2020-10-08 00:00:00-04:00,72.70918049562208,73.9454074170449,72.70918049562208,73.74342346191406,23756000,0.0,0.0
2020-10-09 00:00:00-04:00,74.17865826502064,75.26153246196037,73.91811539674949,75.197021484375,28706000,0.0,0.0
2020-10-12 00:00:00-04:00,76.57568173719726,79.09975041795636,76.05806424927407,77.87344360351562,49652000,0.0,0.0
2020-10-13 00:00:00-04:00,78.59700860840125,78.90817425978348,77.57815332220179,77.99899291992188,32020000,0.0,0.0
2020-10-14 00:00:00-04:00,78.34192085711464,78.79324018059705,76.94936534993373,77.8203353881836,38586000,0.0,0.0
2020-10-15 00:00:00-04:00,76.78161981885164,78.16896528957393,76.67641370865468,77.37615966796875,30800000,0.0,0.0
2020-10-16 00:00:00-04:00,77.70967336392972,78.46798588634778,77.56823235399628,78.06500244140625,28694000,0.0,0.0
2020-10-19 00:00:00-04:00,78.434739251483,78.81637556158543,75.83126430881101,76.1593017578125,32142000,0.0,0.0
2020-10-20 00:00:00-04:00,75.78411076251808,78.28783163248045,75.71562417619946,77.21736145019531,44834000,0.0,0.0
2020-10-21 00:00:00-04:00,78.0808774349601,80.33398306141476,77.99651111116405,79.07244110107422,51366000,0.0,0.0
2020-10-22 00:00:00-04:00,79.05953963302305,80.49577391695124,78.66003959673263,80.16525268554688,28672000,0.0,0.0
2020-10-23 00:00:00-04:00,80.69824524177824,81.50668072441772,80.4223148935475,81.43919372558594,27516000,0.0,0.0
2020-10-26 00:00:00-04:00,80.64564438902183,81.30221896620628,78.23819417588084,78.93050384521484,37066000,0.0,0.0
2020-10-27 00:00:00-04:00,79.18957574201883,79.74416265626328,78.54987280674499,79.61587524414062,24580000,0.0,0.0
2020-10-28 00:00:00-04:00,77.40644314565797,77.48634164034564,75.16724069260567,75.26649475097656,36680000,0.0,0.0
2020-10-29 00:00:00-04:00,75.55135014014034,79.09229740527616,75.54539807737217,77.77864837646484,40062000,0.0,0.0
2020-10-30 00:00:00-04:00,82.98310033948256,83.72205714137297,79.62578157417596,80.4471206665039,86582000,0.0,0.0
2020-11-02 00:00:00-05:00,80.80196444544396,82.42032715898198,80.1999807387312,80.69625854492188,50708000,0.0,0.0
2020-11-03 00:00:00-05:00,80.98162946076212,82.46649507050768,80.22927655048163,81.89627075195312,33234000,0.0,0.0
2020-11-04 00:00:00-05:00,84.87740613292816,87.90892191546988,84.66648653697001,86.8054428100586,71418000,0.0,0.0
2020-11-05 00:00:00-05:00,88.38709175338711,89.01438316502599,86.87393495299985,87.51215362548828,41316000,0.0,0.0
2020-11-06 00:00:00-05:00,87.04465133837695,87.96176876172139,86.36971319268075,87.43174743652344,33218000,0.0,0.0
2020-11-09 00:00:00-05:00,88.87838609283818,90.22627824397908,87.3458815753932,87.4937744140625,45366000,0.0,0.0
2020-11-10 00:00:00-05:00,85.9101541605865,87.49378141372907,85.22578813543656,86.37169647216797,52722000,0.0,0.0
2020-11-11 00:00:00-05:00,86.84862678643563,87.55433245986977,86.71785556922241,86.98311614990234,25280000,0.0,0.0
2020-11-12 00:00:00-05:00,86.73099378848576,87.75530882291902,86.63024794534631,86.84066772460938,24950000,0.0,0.0
2020-11-13 00:00:00-05:00,87.22727199044724,88.38905997371133,86.57814131834854,88.1895523071289,29998000,0.0,0.0
2020-11-16 00:00:00-05:00,87.92554670928337,89.28385895683124,87.72653880467419,88.40594482421875,24936000,0.0,0.0
2020-11-17 00:00:00-05:00,88.1855906158277,88.58559041553403,87.69228882959717,87.84861755371094,22942000,0.0,0.0
2020-11-18 00:00:00-05:00,87.60443771167004,88.0133731357504,86.65704515147145,86.68880462646484,23470000,0.0,0.0
2020-11-19 00:00:00-05:00,86.27194988344952,87.8208341844606,86.20371319180097,87.53944396972656,24998000,0.0,0.0
2020-11-20 00:00:00-05:00,87.60346164873442,88.03968879454243,86.44465709340311,86.46102905273438,46270000,0.0,0.0
2020-11-23 00:00:00-05:00,86.82878789017478,87.04218376012807,85.24665213029293,86.0972671508789,43232000,0.0,0.0
2020-11-24 00:00:00-05:00,85.88088559144109,87.92058790853834,85.7414286042471,87.78559875488281,31560000,0.0,0.0
2020-11-25 00:00:00-05:00,87.98460214757017,88.26500033701676,87.17319061042556,87.91214752197266,20916000,0.0,0.0
2020-11-27 00:00:00-05:00,87.99452684926271,89.52851571481793,87.96226757934123,88.9920425415039,17698000,0.0,0.0
2020-11-30 00:00:00-05:00,88.39621434880539,88.73770827948194,87.09676390951667,87.38162994384766,36476000,0.0,0.0
2020-12-01 00:00:00-05:00,88.05804237759918,90.5622627652361,87.8099034772164,89.23571014404297,34738000,0.0,0.0
2020-12-02 00:00:00-05:00,89.2357124739142,91.09923808767552,88.80757290127825,90.71710205078125,24440000,0.0,0.0
2020-12-03 00:00:00-05:00,90.52156566366519,91.67243397990323,90.45407109667107,90.65853881835938,24546000,0.0,0.0
2020-12-04 00:00:00-05:00,90.54687723213468,90.97566047385342,90.17318464409912,90.71908569335938,27564000,0.0,0.0
2020-12-07 00:00:00-05:00,90.27292953534432,90.93645574613187,89.61685476131255,90.2967529296875,26418000,0.0,0.0
2020-12-08 00:00:00-05:00,89.83123975575077,90.41685148383726,89.141663828488,90.25059509277344,21926000,0.0,0.0
2020-12-09 00:00:00-05:00,89.92603140192526,91.03074470282574,87.73248453794152,88.54240417480469,30152000,0.0,0.0
2020-12-10 00:00:00-05:00,87.8312514986635,88.4024677868778,86.36822537072041,88.10569763183594,27256000,0.0,0.0
2020-12-11 00:00:00-05:00,87.49677118755035,88.55831337009856,87.34491027153531,88.42530822753906,24414000,0.0,0.0
2020-12-14 00:00:00-05:00,88.08931824492798,89.20048356188695,87.20668639374409,87.3478775024414,32004000,0.0,0.0
2020-12-15 00:00:00-05:00,87.5642656709545,87.91165868553303,86.84614846189733,87.73051452636719,29646000,0.0,0.0
2020-12-16 00:00:00-05:00,87.98409256106704,87.99005219568214,87.15034952279308,87.4937744140625,30270000,0.0,0.0
2020-12-17 00:00:00-05:00,87.7672386705744,87.9297239384114,86.2858488900546,86.7444076538086,32494000,0.0,0.0
2020-12-18 00:00:00-05:00,87.05607311284665,87.10222810689275,85.37071536470887,85.90619659423828,80328000,0.0,0.0
2020-12-21 00:00:00-05:00,85.03769417792094,86.39452201143068,84.31759310873788,86.3210678100586,36568000,0.0,0.0
2020-12-22 00:00:00-05:00,86.07591832674747,86.22356129445477,84.99131008041313,85.53349304199219,18734000,0.0,0.0
2020-12-23 00:00:00-05:00,85.76227052584866,86.7488665523051,85.60990983925925,85.97418212890625,20676000,0.0,0.0
2020-12-24 00:00:00-05:00,86.10419335247326,86.65010193014479,85.81188350358022,86.29525756835938,6936000,0.0,0.0
2020-12-28 00:00:00-05:00,86.9297568995485,88.86985660913243,86.66673026679015,88.14340209960938,27860000,0.0,0.0
2020-12-29 00:00:00-05:00,88.72405815229808,88.95482552720192,87.15085075792022,87.2813720703125,25988000,0.0,0.0
2020-12-30 00:00:00-05:00,87.4446469340254,87.59774972629965,85.63769624730531,86.3285140991211,26122000,0.0,0.0
2020-12-31 00:00:00-05:00,86.12506121054409,87.29180949909511,86.12506121054409,86.94193267822266,20238000,0.0,0.0
2021-01-04 00:00:00-05:00,87.22281294628222,87.37715765401825,84.75681130832594,85.76872253417969,38038000,0.0,0.0
2021-01-05 00:00:00-05:00,85.60792307639045,86.73298403471841,85.2612722351077,86.39799499511719,22906000,0.0,0.0
2021-01-06 00:00:00-05:00,84.49775233587917,86.74936612076766,84.31760021238799,86.11859893798828,52042000,0.0,0.0
2021-01-07 00:00:00-05:00,86.3553256843502,88.75433273376672,86.20594858940167,88.697265625,45300000,0.0,0.0
2021-01-08 00:00:00-05:00,88.7334912479935,89.81834938402105,88.01661599818148,89.68782806396484,41012000,0.0,0.0
2021-01-11 00:00:00-05:00,88.6386945524747,89.0478799376341,87.37070829111397,87.67839813232422,24194000,0.0,0.0
2021-01-12 00:00:00-05:00,87.04316284004813,88.2401862729812,85.62331568317703,86.67740631103516,27140000,0.0,0.0
2021-01-13 00:00:00-05:00,86.28186661140617,87.5947658360437,86.25357538427859,87.06697845458984,21882000,0.0,0.0
2021-01-14 00:00:00-05:00,87.0282768771927,88.08981896396133,86.02480148030823,86.36128234863281,23590000,0.0,0.0
2021-01-15 00:00:00-05:00,86.2625231023288,87.14639689560761,85.43671600067835,86.16326904296875,26844000,0.0,0.0
2021-01-19 00:00:00-05:00,86.96028647724162,89.79031052225248,86.42479772681979,88.87641143798828,34692000,0.0,0.0
2021-01-20 00:00:00-05:00,90.89130209923191,94.47691263088274,90.59700818016246,93.64266967773438,49806000,0.0,0.0
2021-01-21 00:00:00-05:00,94.19354009809759,96.02281503420217,93.653091262733,93.85855102539062,41278000,0.0,0.0
2021-01-22 00:00:00-05:00,94.07839194324099,94.83621218523086,93.38757405452097,94.34489440917969,25442000,0.0,0.0
2021-01-25 00:00:00-05:00,95.31859047067545,95.76076963604262,92.68137249950749,94.26300811767578,38546000,0.0,0.0
2021-01-26 00:00:00-05:00,93.73893411942035,95.53347325040129,93.51089290297679,95.14836120605469,26262000,0.0,0.0
2021-01-27 00:00:00-05:00,93.4257945865802,93.79651116223887,89.77665765481767,90.85804748535156,54966000,0.0,0.0
2021-01-28 00:00:00-05:00,91.5106525806787,94.23472079571793,91.44614161229457,92.46202087402344,35462000,0.0,0.0
2021-01-29 00:00:00-05:00,91.62133143132827,92.17269237519622,89.83621991668983,91.10371398925781,32252000,0.0,0.0
2021-02-01 00:00:00-05:00,91.98857890057364,95.40406368769325,91.85756535319351,94.35979461669922,32044000,0.0,0.0
2021-02-02 00:00:00-05:00,95.41238786442676,97.06003387787534,95.01189583982314,95.65805053710938,45474000,0.0,0.0
2021-02-03 00:00:00-05:00,102.87840313083534,105.03720730426068,100.16773064017131,102.73299407958984,82364000,0.0,0.0
2021-02-04 00:00:00-05:00,102.67442246381972,103.1538209466893,101.36920941459294,102.35084533691406,37046000,0.0,0.0
2021-02-05 00:00:00-05:00,102.72950029357531,104.34290286742701,102.19997123678455,104.11907958984375,30702000,0.0,0.0
2021-02-08 00:00:00-05:00,104.51164830223856,105.3869347160513,102.82876693597579,103.86648559570312,24838000,0.0,0.0
2021-02-09 00:00:00-05:00,103.1533315305854,104.47293255250594,103.1533315305854,103.39997863769531,17798000,0.0,0.0
2021-02-10 00:00:00-05:00,103.93100795991074,104.6337375889511,102.3865915073248,103.98906707763672,22710000,0.0,0.0
2021-02-11 00:00:00-05:00,104.19402610698783,104.3190875718258,103.09278096474972,104.01437377929688,18914000,0.0,0.0
2021-02-12 00:00:00-05:00,103.7344756103159,104.65606849407718,103.38113056344541,104.42231750488281,17114000,0.0,0.0
2021-02-16 00:00:00-05:00,104.43472084080452,106.83273561237134,104.43472084080452,105.30519104003906,22676000,0.0,0.0
2021-02-17 00:00:00-05:00,104.21834685346211,105.88881673739306,104.16474799837782,105.62330627441406,21418000,0.0,0.0
2021-02-18 00:00:00-05:00,104.73397249673239,105.84290379891695,104.40245928622272,105.07193756103516,22432000,0.0,0.0
2021-02-19 00:00:00-05:00,105.17467105151684,105.7334758207032,104.08980542953131,104.27491760253906,29148000,0.0,0.0
2021-02-22 00:00:00-05:00,102.58062420310993,103.79253530976204,102.3394369378379,102.47541809082031,27350000,0.0,0.0
2021-02-23 00:00:00-05:00,100.49676421173395,103.32554643644939,99.3558158634762,102.7721939086914,33348000,0.0,0.0
2021-02-24 00:00:00-05:00,101.33149202258612,104.25705185046773,101.14787165501271,103.9786376953125,24966000,0.0,0.0
2021-02-25 00:00:00-05:00,102.60296081264626,103.96425663834911,100.31214360907788,100.81189727783203,36568000,0.0,0.0
2021-02-26 00:00:00-05:00,101.76276066693059,102.77963192245342,100.05258772073852,101.08484649658203,41670000,0.0,0.0
2021-03-01 00:00:00-05:00,102.06053301674177,103.54936662775954,101.54341535301913,103.30073547363281,28090000,0.0,0.0
2021-03-02 00:00:00-05:00,103.03671205722323,104.43521963897341,102.79204895640686,103.01934051513672,22692000,0.0,0.0
2021-03-03 00:00:00-05:00,102.59105800249768,103.64853367670482,99.75185565364053,100.58113861083984,29684000,0.0,0.0
2021-03-04 00:00:00-05:00,100.41536567981942,103.68434281705002,100.26151319827127,101.69178771972656,42360000,0.0,0.0
2021-03-05 00:00:00-05:00,102.88434639138246,105.11710437828245,101.55903561555868,104.64216613769531,43904000,0.0,0.0
2021-03-08 00:00:00-05:00,104.27441622852874,105.64810821346929,100.32800981789678,100.45506286621094,32948000,0.0,0.0
2021-03-09 00:00:00-05:00,102.72951498133257,103.12852279691981,101.62926935019789,101.87095642089844,33946000,0.0,0.0
2021-03-10 00:00:00-05:00,102.81686252615054,102.97765910210579,100.91165709440278,101.9865951538086,25372000,0.0,0.0
2021-03-11 00:00:00-05:00,102.93101572867509,105.49379549871283,102.84764140601824,104.95136260986328,24782000,0.0,0.0
2021-03-12 00:00:00-05:00,103.47393032442318,103.73497295463616,101.61537222456147,102.32852172851562,34516000,0.0,0.0
2021-03-15 00:00:00-04:00,102.34736955994683,102.58359676514988,101.41486465521487,102.55531311035156,25962000,0.0,0.0
2021-03-16 00:00:00-04:00,103.17566748070718,105.3875781726272,102.72951267357026,103.84712982177734,29832000,0.0,0.0
2021-03-17 00:00:00-04:00,103.0287723005973,104.70371009933085,101.93547070721823,103.77567291259766,25980000,0.0,0.0
2021-03-18 00:00:00-04:00,102.28286783600868,103.0024692034399,100.92057998943062,101.05308532714844,27228000,0.0,0.0
2021-03-19 00:00:00-04:00,101.34241567958058,101.89080056408538,100.13298835879755,101.39949035644531,46298000,0.0,0.0
2021-03-22 00:00:00-04:00,101.3319887863275,102.1334725838893,100.5493531857813,101.17069244384766,39096000,0.0,0.0
2021-03-23 00:00:00-04:00,101.82132320572043,102.84375278509316,101.20196791810987,101.88385772705078,27340000,0.0,0.0
2021-03-24 00:00:00-04:00,102.49973393724686,103.13695296531952,101.3178481813476,101.49179077148438,23080000,0.0,0.0
2021-03-25 00:00:00-04:00,101.47937810017173,102.17713999395697,99.78806106370394,101.45704650878906,28378000,0.0,0.0
2021-03-26 00:00:00-04:00,101.18410882027551,101.78609259385784,99.95135025094393,101.01983642578125,29870000,0.0,0.0
2021-03-29 00:00:00-04:00,100.63918654962447,102.15531926926886,100.03075095540598,102.03224182128906,24596000,0.0,0.0
2021-03-30 00:00:00-04:00,102.11561611154833,102.768222674311,101.4406779549868,102.01189422607422,20732000,0.0,0.0
2021-03-31 00:00:00-04:00,102.1895673001318,103.88718500087943,102.07169979464673,102.66152954101562,29198000,0.0,0.0
2021-04-01 00:00:00-04:00,104.11661310540576,106.34937126450968,104.06400625869783,106.091796875,33980000,0.0,0.0
2021-04-05 00:00:00-04:00,106.84564529817908,111.03273971123632,106.78013474476542,110.44911193847656,43298000,0.0,0.0
2021-04-06 00:00:00-04:00,110.29775065496709,111.05011107606593,109.91561459536234,110.40941619873047,27060000,0.0,0.0
2021-04-07 00:00:00-04:00,110.47789719219672,111.91064798169064,110.43819405803684,111.6466293334961,25798000,0.0,0.0
2021-04-08 00:00:00-04:00,113.05011129326408,113.35010737527648,112.04365987787578,112.42877197265625,27166000,0.0,0.0
2021-04-09 00:00:00-04:00,111.9950150617911,113.59998189823281,111.84682687990188,113.44315338134766,20888000,0.0,0.0
2021-04-12 00:00:00-04:00,112.46897052864345,112.91909339865406,111.09006079216573,111.90023803710938,31318000,0.0,0.0
2021-04-13 00:00:00-04:00,112.23175021908428,113.0128865386108,111.96474794585727,112.51959228515625,23310000,0.0,0.0
2021-04-14 00:00:00-04:00,112.91114526151502,113.05158667158682,111.62231173029588,111.90270233154297,20220000,0.0,0.0
2021-04-15 00:00:00-04:00,113.00146588563129,114.47129212057,112.45655683858433,113.97814178466797,27472000,0.0,0.0
2021-04-16 00:00:00-04:00,114.29279599740674,114.46351267833496,113.37220266065357,114.03274536132812,22596000,0.0,0.0
2021-04-19 00:00:00-04:00,113.74589052815423,115.05953958182683,113.54068066554962,114.26301574707031,24688000,0.0,0.0
2021-04-20 00:00:00-04:00,114.53546368191472,114.6203297949644,112.7399323890532,113.82777404785156,21774000,0.0,0.0
2021-04-21 00:00:00-04:00,113.41189762355198,113.911651318457,112.08782862508022,113.81090545654297,23930000,0.0,0.0
2021-04-22 00:00:00-04:00,113.80791621888578,114.33059968400795,111.98260950784,112.55184173583984,21096000,0.0,0.0
2021-04-23 00:00:00-04:00,113.3235541982414,115.42529112029511,113.06251157388485,114.90320587158203,28670000,0.0,0.0
2021-04-26 00:00:00-04:00,115.13297457325584,116.19154051966318,114.83074460174834,115.47093963623047,20834000,0.0,0.0
2021-04-27 00:00:00-04:00,115.93049630738652,116.0024511356182,114.35580479912869,114.49724578857422,31972000,0.0,0.0
2021-04-28 00:00:00-04:00,119.46126001750117,121.70607349579345,117.85853472476437,118.10964965820312,59728000,0.0,0.0
2021-04-29 00:00:00-04:00,119.61934105132906,120.91908679997171,119.21983344543095,120.59005737304688,39554000,0.0,0.0
2021-04-30 00:00:00-04:00,119.32951100319795,120.45357999007767,119.21387742017966,119.6089096069336,39142000,0.0,0.0
2021-05-03 00:00:00-04:00,119.24166605463816,120.08434482450056,118.33744477612487,118.86697387695312,33788000,0.0,0.0
2021-05-04 00:00:00-04:00,117.60494453426084,118.07739897884774,114.72454752284926,116.83621215820312,35120000,0.0,0.0
2021-05-05 00:00:00-04:00,117.53942996667035,118.22330377623746,116.69526696192773,116.95977783203125,21806000,0.0,0.0
2021-05-06 00:00:00-04:00,116.65705298910346,118.24861640060404,116.24504302548796,118.18112182617188,20618000,0.0,0.0
2021-05-07 00:00:00-04:00,119.10668251478764,119.92107766726444,118.61040467097602,119.04167175292969,23272000,0.0,0.0
2021-05-10 00:00:00-04:00,117.8605332716625,118.01487798998107,115.86748572462581,116.2114028930664,26006000,0.0,0.0
2021-05-11 00:00:00-04:00,113.73993305446795,115.23571061757734,113.30023010951443,114.57864379882812,32110000,0.0,0.0
2021-05-12 00:00:00-04:00,112.24364417816744,113.4178360707028,110.67242854784533,111.12056732177734,34934000,0.0,0.0
2021-05-13 00:00:00-04:00,112.21287490269839,112.98265224138152,111.30121736158576,112.25655364990234,26670000,0.0,0.0
2021-05-14 00:00:00-04:00,113.73844140886489,115.19303160950976,113.31611000480542,114.94588470458984,26624000,0.0,0.0
2021-05-17 00:00:00-04:00,114.60643643618464,115.30221438690029,113.89576318362138,115.20643615722656,19842000,0.0,0.0
2021-05-18 00:00:00-04:00,115.97546234582424,116.28534065744955,114.30072156132653,114.31412506103516,17302000,0.0,0.0
2021-05-19 00:00:00-04:00,112.37714973720954,114.97565662278348,112.33347856164839,114.57615661621094,19350000,0.0,0.0
2021-05-20 00:00:00-04:00,115.53546506514698,117.13844034551128,115.19054833634263,116.92752075195312,23832000,0.0,0.0
2021-05-21 00:00:00-04:00,117.41885261350731,117.56822971476973,116.24664447364022,116.38212585449219,22832000,0.0,0.0
2021-05-24 00:00:00-04:00,117.46896653672783,120.0238100181119,117.12703339736446,119.43770599365234,21244000,0.0,0.0
2021-05-25 00:00:00-04:00,120.09923365607258,120.7389364994994,119.25506307653886,119.55680084228516,18838000,0.0,0.0
2021-05-26 00:00:00-04:00,119.74364968862118,121.23789760351696,119.72776994891755,120.77069854736328,21856000,0.0,0.0
2021-05-27 00:00:00-04:00,120.93994358036062,121.09180449270217,119.20594700657459,119.23126220703125,38962000,0.0,0.0
2021-05-28 00:00:00-04:00,120.19650739692102,120.50320522425173,119.4883179494514,119.68038177490234,24108000,0.0,0.0
2021-06-01 00:00:00-04:00,120.19849417780077,120.99110297580962,119.34887128149819,120.58609008789062,19166000,0.0,0.0
2021-06-02 00:00:00-04:00,120.85904326166703,121.19104871890133,119.31511906311083,120.16276550292969,17158000,0.0,0.0
2021-06-03 00:00:00-04:00,118.85953421263468,119.5903051465207,118.25457443598461,119.33546447753906,18346000,0.0,0.0
2021-06-04 00:00:00-04:00,120.22430061160439,121.77958371082647,119.98856560491551,121.6754150390625,25948000,0.0,0.0
2021-06-07 00:00:00-04:00,121.65357653961168,122.48136758049505,121.1450386821504,122.3865737915039,23850000,0.0,0.0
2021-06-08 00:00:00-04:00,123.07194458762119,123.79625609948549,122.49328444293478,123.21834564208984,25060000,0.0,0.0
2021-06-09 00:00:00-04:00,124.04463823713085,124.3175925496638,123.44067049945049,123.64265441894531,20126000,0.0,0.0
2021-06-10 00:00:00-04:00,123.77218660193203,125.22380075791295,123.7716868104201,125.14141845703125,31234000,0.0,0.0
2021-06-11 00:00:00-04:00,125.30618920751782,125.40891908605457,123.9845965057731,124.76078033447266,25240000,0.0,0.0
2021-06-14 00:00:00-04:00,124.7339778092754,125.47045091033763,124.11610675138665,125.41139221191406,22550000,0.0,0.0
2021-06-15 00:00:00-04:00,125.5801304249436,125.91759571465805,124.7131284513778,125.09476470947266,22182000,0.0,0.0
2021-06-16 00:00:00-04:00,125.3076734369291,125.58161977969375,123.22573878367034,124.76078033447266,26316000,0.0,0.0
2021-06-17 00:00:00-04:00,124.5885653090799,126.2496072479246,124.58062165310768,125.43025207519531,25756000,0.0,0.0
2021-06-18 00:00:00-04:00,124.7697017407003,125.44811570686733,123.67540823030943,124.63272857666016,53306000,0.0,0.0
2021-06-21 00:00:00-04:00,124.80395245987306,126.09105198061793,124.20271081057095,125.51363372802734,26256000,0.0,0.0
2021-06-22 00:00:00-04:00,125.50866826278053,126.32256365350482,125.08832085311246,126.0540771484375,20984000,0.0,0.0
2021-06-23 00:00:00-04:00,125.6079303469792,126.84464939178126,125.3121446206836,125.52008819580078,19694000,0.0,0.0
2021-06-24 00:00:00-04:00,126.10768093038328,126.58609504949312,126.01487872341411,126.33448028564453,18934000,0.0,0.0
2021-06-25 00:00:00-04:00,126.01187958261613,126.55579658772082,125.50269808508402,126.04959869384766,33484000,0.0,0.0
2021-06-28 00:00:00-04:00,126.0545721620701,126.38906142919231,125.03601217104567,125.87541961669922,28110000,0.0,0.0
2021-06-29 00:00:00-04:00,125.82876045189262,126.05456777137601,124.50319977401574,125.08037567138672,20950000,0.0,0.0
2021-06-30 00:00:00-04:00,124.71814454004452,124.86350814875675,123.82876551564229,124.38311004638672,24006000,0.0,0.0
2021-07-01 00:00:00-04:00,123.92031801243162,125.521066877901,123.92031801243162,125.42776489257812,17120000,0.0,0.0
2021-07-02 00:00:00-04:00,125.89527048670863,127.88882535604333,125.82529209832487,127.76077270507812,21160000,0.0,0.0
2021-07-06 00:00:00-04:00,128.48580712187092,128.9175814879052,127.45305627056501,128.80491638183594,21350000,0.0,0.0
2021-07-07 00:00:00-04:00,129.37070379801378,129.66736793280654,128.79402010082654,129.10916137695312,16680000,0.0,0.0
2021-07-08 00:00:00-04:00,127.29526152692544,129.06449317652755,127.0868181774975,128.21536254882812,19780000,0.0,0.0
2021-07-09 00:00:00-04:00,127.98459404647046,128.8828556860261,127.98359446346237,128.60989379882812,15106000,0.0,0.0
2021-07-12 00:00:00-04:00,128.866964612396,129.79650105681262,128.635212813252,129.59202575683594,16944000,0.0,0.0
2021-07-13 00:00:00-04:00,129.90716755887453,131.05903549499658,129.6644809267212,130.0193328857422,16618000,0.0,0.0
2021-07-14 00:00:00-04:00,130.91957558587723,132.00592537663516,130.91609219071105,131.09922790527344,17912000,0.0,0.0
2021-07-15 00:00:00-04:00,131.51361389548214,131.60790788687194,129.62578033737918,130.28929138183594,16586000,0.0,0.0
2021-07-16 00:00:00-04:00,130.66102248243504,131.19897988108596,129.84761938532512,130.86399841308594,14856000,0.0,0.0
2021-07-19 00:00:00-04:00,130.17914299266687,130.2699536013308,127.58013610301062,128.2917938232422,25710000,0.0,0.0
2021-07-20 00:00:00-04:00,129.0362006131755,131.01867661921682,128.2266746845982,130.1255340576172,19084000,0.0,0.0
2021-07-21 00:00:00-04:00,129.8133812095096,131.630002229733,129.62926104191178,131.61337280273438,14742000,0.0,0.0
2021-07-22 00:00:00-04:00,131.66249131969906,132.51063745167286,131.41435242528183,132.33595275878906,13608000,0.0,0.0
2021-07-23 00:00:00-04:00,134.2530821264453,137.77517375543397,133.69775313433536,136.79005432128906,26378000,0.0,0.0
2021-07-26 00:00:00-04:00,137.22081514644972,138.67292148132793,136.62627529640977,138.6049346923828,23052000,0.0,0.0
2021-07-27 00:00:00-04:00,138.9687310673147,138.9687310673147,134.09429403829643,135.7781524658203,42164000,0.0,0.0
2021-07-28 00:00:00-04:00,137.5305210018092,138.6362266502636,135.33499702016098,135.3662567138672,54688000,0.0,0.0
2021-07-29 00:00:00-04:00,135.36535656267037,136.13052234203374,135.12456303260234,135.52406311035156,19284000,0.0,0.0
2021-07-30 00:00:00-04:00,134.50220507746448,134.76061242377017,133.8105845243994,134.21435546875,23954000,0.0,0.0
2021-08-02 00:00:00-04:00,134.47592731143425,135.00793275281947,133.6669918875362,134.9771728515625,20140000,0.0,0.0
2021-08-03 00:00:00-04:00,134.9875580630071,135.32055549045734,133.1845830437576,135.26547241210938,19064000,0.0,0.0
2021-08-04 00:00:00-04:00,135.23521704851842,135.52156731397042,134.40692615003803,135.015869140625,16528000,0.0,0.0
2021-08-05 00:00:00-04:00,135.0158493076167,135.93048284761127,134.59054190965793,135.92056274414062,11866000,0.0,0.0
2021-08-06 00:00:00-04:00,135.2803727982421,136.05957806717294,135.03371811088556,136.01585388183594,13560000,0.0,0.0
2021-08-09 00:00:00-04:00,135.92951543890544,137.29179571182735,135.4131399118757,136.97467041015625,12374000,0.0,0.0
2021-08-10 00:00:00-04:00,137.05159443571895,137.52008085190838,136.20494756545676,137.06846618652344,16034000,0.0,0.0
2021-08-11 00:00:00-04:00,137.25357733868427,137.81411623444134,136.3275242522757,136.66448974609375,15204000,0.0,0.0
2021-08-12 00:00:00-04:00,136.68779072036935,137.38754415348373,135.76075334961567,137.3592529296875,14646000,0.0,0.0
2021-08-13 00:00:00-04:00,137.32750954817215,137.6416512145234,136.97764036321507,137.3756561279297,12580000,0.0,0.0
2021-08-16 00:00:00-04:00,136.97265476413168,137.9557747772392,135.1520660737978,137.8818359375,18040000,0.0,0.0
2021-08-17 00:00:00-04:00,137.16223983742046,137.68582440620398,135.76919986021008,136.27838134765625,21272000,0.0,0.0
2021-08-18 00:00:00-04:00,136.0947704339761,137.2645098535987,135.40545186150632,135.5533447265625,14934000,0.0,0.0
2021-08-19 00:00:00-04:00,134.4590220686158,136.42874571286038,134.34835611957467,135.89425659179688,18296000,0.0,0.0
2021-08-20 00:00:00-04:00,136.06249366986447,137.58260192021118,135.45108207797358,137.4064178466797,15564000,0.0,0.0
2021-08-23 00:00:00-04:00,137.96376053873252,141.118596222067,137.71507638215348,140.0491180419922,21090000,0.0,0.0
2021-08-24 00:00:00-04:00,140.4898090672745,141.94291508013427,140.301221062979,141.33843994140625,15126000,0.0,0.0
2021-08-25 00:00:00-04:00,141.81933117581272,142.2461380006741,141.3791359959186,141.88583374023438,12838000,0.0,0.0
2021-08-26 00:00:00-04:00,141.5567971724876,142.06925006619173,141.03372749552045,141.0649871826172,14922000,0.0,0.0
2021-08-27 00:00:00-04:00,141.05455700817544,143.9314778848446,140.9627468292163,143.4744110107422,24562000,0.0,0.0
2021-08-30 00:00:00-04:00,143.62727690399632,145.39899249183404,143.52356258601995,144.38658142089844,16916000,0.0,0.0
2021-08-31 00:00:00-04:00,144.79847519549264,145.02427491748853,143.9205536390546,144.37911987304688,26756000,0.0,0.0
2021-09-01 00:00:00-04:00,144.56572985506747,145.7275179837796,144.5305021248187,144.7563018798828,15824000,0.0,0.0
2021-09-02 00:00:00-04:00,144.86298722490184,145.23569536696743,143.03372009438192,143.14537048339844,21844000,0.0,0.0
2021-09-03 00:00:00-04:00,143.07291979778907,144.29475856360895,142.43670036333523,143.69723510742188,19104000,0.0,0.0
2021-09-07 00:00:00-04:00,143.671927181134,144.73843680455298,143.46498321012623,144.43569946289062,15170000,0.0,0.0
2021-09-08 00:00:00-04:00,144.3111448681757,144.46747360687533,143.12653287874838,143.80494689941406,15486000,0.0,0.0
2021-09-09 00:00:00-04:00,143.80492608218663,144.58507028810155,143.35877888997834,143.83470153808594,14798000,0.0,0.0
2021-09-10 00:00:00-04:00,144.36078654380063,144.93200289260477,140.68634908360428,140.86451721191406,32896000,0.0,0.0
2021-09-13 00:00:00-04:00,142.1349608654094,143.1175812330166,141.22329574475413,142.39698791503906,20176000,0.0,0.0
2021-09-14 00:00:00-04:00,143.08780915095542,143.6500897401695,141.84166232984532,142.33843994140625,18916000,0.0,0.0
2021-09-15 00:00:00-04:00,142.68881144698267,144.49773868069406,141.19699435668716,144.12503051757812,20648000,0.0,0.0
2021-09-16 00:00:00-04:00,144.04066949136612,144.11907617712964,142.34870864401105,143.29873657226562,20292000,0.0,0.0
2021-09-17 00:00:00-04:00,142.72800940533847,143.1756560121104,140.01138501348882,140.410400390625,60040000,0.0,0.0
2021-09-20 00:00:00-04:00,137.9654570927807,138.32506472216554,136.03274782723742,137.9821319580078,34918000,0.0,0.0
2021-09-21 00:00:00-04:00,139.07393579071703,139.76336037343592,137.87145246227234,138.60693359375,18130000,0.0,0.0
2021-09-22 00:00:00-04:00,139.0079228344863,140.52950023951982,138.43348064115207,139.88931274414062,22068000,0.0,0.0
2021-09-23 00:00:00-04:00,140.55531117351342,141.1934843736055,140.0461296231635,140.7707061767578,17272000,0.0,0.0
2021-09-24 00:00:00-04:00,139.8967444234875,141.83967630216847,139.80195063589665,141.57118225097656,14950000,0.0,0.0
2021-09-27 00:00:00-04:00,140.53147553011047,141.43917259131214,139.45406139704812,140.44761657714844,18844000,0.0,0.0
2021-09-28 00:00:00-04:00,138.05305394272483,138.5672030128214,134.6897756981367,135.17018127441406,42190000,0.0,0.0
2021-09-29 00:00:00-04:00,136.08900522770074,136.37565838188394,133.25059831773436,133.5195770263672,26338000,0.0,0.0
2021-09-30 00:00:00-04:00,133.32502897061534,134.5806112085042,132.009895819498,132.27342224121094,35294000,0.0,0.0
2021-10-01 00:00:00-04:00,132.56031309718648,136.05063075668696,132.38462876192997,135.4466552734375,28388000,0.0,0.0
2021-10-04 00:00:00-04:00,134.68930385428592,134.68980364581515,130.1900593467162,132.7692108154297,31530000,0.0,0.0
2021-10-05 00:00:00-04:00,133.00247319288394,136.33944520730083,133.00247319288394,135.16326904296875,24126000,0.0,0.0
2021-10-06 00:00:00-04:00,133.6232787358337,136.82576038486366,133.48530601473075,136.3314666748047,19764000,0.0,0.0
2021-10-07 00:00:00-04:00,137.82924406481604,139.11107281852432,137.53147437902444,138.1493377685547,18250000,0.0,0.0
2021-10-08 00:00:00-04:00,138.8645046599292,139.27244057282317,138.39139895928017,139.0133819580078,18924000,0.0,0.0
2021-10-11 00:00:00-04:00,138.7592665718013,139.7157462492968,137.77316289188025,137.81385803222656,16584000,0.0,0.0
2021-10-12 00:00:00-04:00,138.59799542329478,138.65507767555934,135.2357159726475,135.6952667236328,22536000,0.0,0.0
2021-10-13 00:00:00-04:00,136.72455104413717,137.51859865274355,135.9568106452077,136.87342834472656,16380000,0.0,0.0
2021-10-14 00:00:00-04:00,138.9101455206981,140.59700246627008,138.30171750397628,140.35928344726562,21426000,0.0,0.0
2021-10-15 00:00:00-04:00,141.1414011758704,141.1414011758704,140.01435624754504,140.6203155517578,21250000,0.0,0.0
2021-10-18 00:00:00-04:00,140.16226660616186,141.93422450504897,140.16226660616186,141.89625549316406,16564000,0.0,0.0
2021-10-19 00:00:00-04:00,142.22478970678895,143.03420961917612,142.03073429668837,142.7513427734375,15316000,0.0,0.0
2021-10-20 00:00:00-04:00,143.14883643439296,143.17390173163994,140.85553590603325,141.3547821044922,17940000,0.0,0.0
2021-10-21 00:00:00-04:00,141.13348557491108,141.78609217845622,140.58260926971855,141.7176055908203,14850000,0.0,0.0
2021-10-22 00:00:00-04:00,139.30616645320134,140.50468155932492,136.14934718012273,137.593017578125,30182000,0.0,0.0
2021-10-25 00:00:00-04:00,137.77717135950448,138.16952290961524,135.73052476318634,137.7399444580078,21082000,0.0,0.0
2021-10-26 00:00:00-04:00,139.55930071744163,139.79105255670143,137.97070562060475,138.6322479248047,28258000,0.0,0.0
2021-10-27 00:00:00-04:00,138.86102798544903,148.0079254314992,138.86102798544903,145.33746337890625,51850000,0.0,0.0
2021-10-28 00:00:00-04:00,146.20245655252498,146.32702580527996,143.68583959771865,145.04116821289062,32418000,0.0,0.0
2021-10-29 00:00:00-04:00,144.43673475211259,147.50671236666204,144.085865887832,147.166748046875,28954000,0.0,0.0
2021-11-01 00:00:00-04:00,147.06200817568674,147.29477472394305,142.5106489949172,142.70370483398438,32272000,0.0,0.0
2021-11-02 00:00:00-04:00,143.73139984906697,145.82678346555483,143.56425744094022,144.77716064453125,21150000,0.0,0.0
2021-11-03 00:00:00-04:00,145.18609997133,145.81688241658205,143.9736964008405,145.697265625,17886000,0.0,0.0
2021-11-04 00:00:00-04:00,146.10419482875912,148.83372298167316,145.54339843956512,147.57615661621094,24700000,0.0,0.0
2021-11-05 00:00:00-04:00,148.24165515956287,149.44984808403348,147.54536988479148,148.12998962402344,20408000,0.0,0.0
2021-11-08 00:00:00-05:00,148.8833406552989,149.91013954917986,148.00988687699157,148.2396697998047,18388000,0.0,0.0
2021-11-09 00:00:00-05:00,148.63126050963282,149.25904416707775,146.40892968588474,148.13746643066406,16876000,0.0,0.0
2021-11-10 00:00:00-05:00,146.9079272037003,147.5930354102526,144.24315978999294,145.53448486328125,22708000,0.0,0.0
2021-11-11 00:00:00-05:00,146.01188442531517,147.39674617543128,145.60246429068016,145.6555633544922,12464000,0.0,0.0
2021-11-12 00:00:00-05:00,146.7309875398989,148.7438902735577,145.36373971108793,148.53147888183594,17048000,0.0,0.0
2021-11-15 00:00:00-05:00,148.88336834080127,149.35682241975042,147.54589578035853,148.2759246826172,16248000,0.0,0.0
2021-11-16 00:00:00-05:00,148.0600417765297,148.7171162388502,147.24565413130904,147.96624755859375,17254000,0.0,0.0
2021-11-17 00:00:00-05:00,148.11811100858884,148.51215880514707,147.4570684927776,147.9523468017578,15290000,0.0,0.0
2021-11-18 00:00:00-05:00,148.0356986810806,150.48136024573412,147.8893052064059,149.58706665039062,26658000,0.0,0.0
2021-11-19 00:00:00-05:00,149.87591488881927,150.7195933154781,148.77169361266823,148.83621215820312,19766000,0.0,0.0
2021-11-22 00:00:00-05:00,149.02404047399503,149.6223060338657,145.91112703556922,145.9835968017578,24608000,0.0,0.0
2021-11-23 00:00:00-05:00,146.0178423356301,146.5945108538756,143.81088423922463,145.66448974609375,18126000,0.0,0.0
2021-11-24 00:00:00-05:00,145.2605329664016,145.9056881142698,144.11810038473118,145.6252899169922,16464000,0.0,0.0
2021-11-26 00:00:00-05:00,143.93595956453348,144.2153581696764,141.4247949329026,141.74290466308594,16992000,0.0,0.0
2021-11-29 00:00:00-05:00,143.22428490327337,145.76870835636387,143.22428490327337,145.02627563476562,26276000,0.0,0.0
2021-11-30 00:00:00-05:00,144.3674654962989,145.5369321292023,141.0083972344099,141.3915252685547,41590000,0.0,0.0
2021-12-01 00:00:00-05:00,143.13891917791497,145.4085480522127,140.44661815649198,140.56373596191406,28476000,0.0,0.0
2021-12-02 00:00:00-05:00,140.76822757833486,143.598001877439,139.9324852418643,142.70619201660156,21250000,0.0,0.0
2021-12-03 00:00:00-05:00,143.41982187599402,144.13197933473333,140.09922226334348,141.4595184326172,26688000,0.0,0.0
2021-12-06 00:00:00-05:00,142.50518107562021,143.27688941041777,139.59996893105446,142.72601318359375,22198000,0.0,0.0
2021-12-07 00:00:00-05:00,144.86349407765914,147.19600591306414,144.61783897753403,146.93446350097656,23258000,0.0,0.0
2021-12-08 00:00:00-05:00,147.22724593567776,148.04610120845575,146.1041691254686,147.6133575439453,18964000,0.0,0.0
2021-12-09 00:00:00-05:00,147.0729347716643,148.49129777736877,146.4307632005666,147.0034637451172,18580000,0.0,0.0
2021-12-10 00:00:00-05:00,147.99006124835097,148.28781584283692,146.26052506185502,147.56822204589844,21634000,0.0,0.0
2021-12-13 00:00:00-05:00,147.3389335007413,147.45655110481894,145.27044785663702,145.6123809814453,24104000,0.0,0.0
2021-12-14 00:00:00-05:00,143.69227325268514,144.35926768387006,141.18357755412106,143.8912811279297,24778000,0.0,0.0
2021-12-15 00:00:00-05:00,143.29130275292854,146.419089257614,141.64317190355376,146.27145385742188,27280000,0.0,0.0
2021-12-16 00:00:00-05:00,146.97465547461675,147.44562566406887,143.019820486314,143.76026916503906,27400000,0.0,0.0
2021-12-17 00:00:00-05:00,141.65207179881864,143.3846823161123,140.73247059252884,141.7399139404297,43404000,0.0,0.0
2021-12-20 00:00:00-05:00,139.63232535587696,141.5488591690118,139.2059274786564,141.34141540527344,20264000,0.0,0.0
2021-12-21 00:00:00-05:00,142.08433946520867,143.61491314947824,140.67987984257488,143.14688110351562,19548000,0.0,0.0
2021-12-22 00:00:00-05:00,143.0272818136254,146.2064254697476,142.89129308083713,145.85507202148438,18438000,0.0,0.0
2021-12-23 00:00:00-05:00,145.9945047260853,147.46657244341813,145.8568954657204,146.047119140625,13818000,0.0,0.0
2021-12-27 00:00:00-05:00,146.3657373545969,147.32156594224003,146.15382574492025,146.96176147460938,13256000,0.0,0.0
2021-12-28 00:00:00-05:00,147.2699449731051,147.2699449731051,144.84910634367543,145.3577880859375,18624000,0.0,0.0
2021-12-29 00:00:00-05:00,145.3394407452973,146.0880678931373,144.42132368421687,145.41387939453125,17022000,0.0,0.0
2021-12-30 00:00:00-05:00,145.35975151768864,145.96769479705114,144.67340156292545,144.91558837890625,12978000,0.0,0.0
2021-12-31 00:00:00-05:00,144.4605290859402,145.27541644485942,143.6004787476641,143.6024627685547,17298000,0.0,0.0
2022-01-03 00:00:00-05:00,143.39996697611252,144.4664766151235,142.43421833382604,143.9945068359375,25214000,0.0,0.0
2022-01-04 00:00:00-05:00,144.46697616614875,145.51858292940094,142.7455276238929,143.34141540527344,22928000,0.0,0.0
2022-01-05 00:00:00-05:00,143.1076725930679,143.2238059713416,136.49973183392765,136.62876892089844,49642000,0.0,0.0
2022-01-06 00:00:00-05:00,136.47392425130153,138.6461394172011,135.7453947927287,136.5270233154297,29050000,0.0,0.0
2022-01-07 00:00:00-05:00,136.87836706096914,137.22551008091864,134.77812225714393,135.9845733642578,19408000,0.0,0.0
2022-01-10 00:00:00-05:00,134.0932822986299,137.6079224155674,132.14936582642554,137.54241943359375,34096000,0.0,0.0
2022-01-11 00:00:00-05:00,137.15182843943356,139.28483253194187,135.7950156868505,138.97515869140625,23502000,0.0,0.0
2022-01-12 00:00:00-05:00,140.50071124338535,141.75108348126514,140.06150055892317,140.593505859375,23642000,0.0,0.0
2022-01-13 00:00:00-05:00,140.7845933770484,142.11958197417889,137.879880763518,138.0952606201172,26566000,0.0,0.0
2022-01-14 00:00:00-05:00,136.47641759982045,140.14937069048963,136.47641759982045,138.7458953857422,23826000,0.0,0.0
2022-01-18 00:00:00-05:00,135.58309932768847,136.36869580726776,134.60741548879085,135.27589416503906,27382000,0.0,0.0
2022-01-19 00:00:00-05:00,135.91908788899167,137.36921022886403,134.49128956976696,134.64215087890625,20796000,0.0,0.0
2022-01-20 00:00:00-05:00,135.49775273533527,136.88534059937749,132.15332960815354,132.51263427734375,21930000,0.0,0.0
2022-01-21 00:00:00-05:00,132.0217956182451,133.7572836455229,129.03322435158418,129.12353515625,41920000,0.0,0.0
2022-01-24 00:00:00-05:00,125.08930303836267,129.80494193976503,123.71407369385679,129.40145874023438,55148000,0.0,0.0
2022-01-25 00:00:00-05:00,127.47938717730084,128.37566484254896,125.43720112277326,125.79203796386719,36008000,0.0,0.0
2022-01-26 00:00:00-05:00,129.62034870803447,131.81885628226829,126.2069537419575,128.27792358398438,39630000,0.0,0.0
2022-01-27 00:00:00-05:00,130.38312069520268,131.62278562642874,127.9851205581169,128.15980529785156,30248000,0.0,0.0
2022-01-28 00:00:00-05:00,129.03225444551686,132.37766244819016,127.73647660015234,132.29727172851562,30518000,0.0,0.0
2022-01-31 00:00:00-05:00,133.1989906027417,134.832248794696,131.28931739538163,134.68832397460938,34056000,0.0,0.0
2022-02-01 00:00:00-05:00,136.80890223167307,137.17117531802901,133.56646723761187,136.85206604003906,51204000,0.0,0.0
2022-02-02 00:00:00-05:00,150.73296985374967,150.96772041182237,144.47391416763952,146.93446350097656,89750000,0.0,0.0
2022-02-03 00:00:00-05:00,144.21336070254304,148.00761097504255,141.1463676053161,141.5885467529297,56930000,0.0,0.0
2022-02-04 00:00:00-05:00,141.95232415946552,143.45927123161638,138.77664902396063,141.9513397216797,49224000,0.0,0.0
2022-02-07 00:00:00-05:00,142.63919674097176,142.77567013026248,137.66649778716362,137.90371704101562,44610000,0.0,0.0
2022-02-08 00:00:00-05:00,137.95654575326492,138.79608940561457,135.85405934793815,138.1766357421875,34256000,0.0,0.0
2022-02-09 00:00:00-05:00,139.8012132567481,141.11710373666713,139.33198474953912,140.3999786376953,28628000,0.0,0.0
2022-02-10 00:00:00-05:00,138.46151936934115,140.37814417291187,137.02231664149514,137.57069396972656,33018000,0.0,0.0
2022-02-11 00:00:00-05:00,137.71710270951854,138.24638194353167,132.2962577204164,133.13150024414062,38808000,0.0,0.0
2022-02-14 00:00:00-05:00,132.37267748599484,135.15283598369206,132.30965831855778,134.29278564453125,26792000,0.0,0.0
2022-02-15 00:00:00-05:00,136.4481154203491,136.87342286569958,134.5305061976068,135.409912109375,26578000,0.0,0.0
2022-02-16 00:00:00-05:00,135.4148663590837,136.91908742682642,133.81998613596934,136.46400451660156,25610000,0.0,0.0
2022-02-17 00:00:00-05:00,135.1364572384145,135.82082332712238,131.21784913590878,131.3235626220703,30968000,0.0,0.0
2022-02-18 00:00:00-05:00,132.04712149577344,132.82776550471442,129.33699459658195,129.49624633789062,31858000,0.0,0.0
2022-02-22 00:00:00-05:00,129.0173770267406,130.91887213838555,126.79007835445734,128.439208984375,38906000,0.0,0.0
2022-02-23 00:00:00-05:00,130.10271636407296,130.76821149981333,126.55432525792351,126.63521575927734,26432000,0.0,0.0
2022-02-24 00:00:00-05:00,124.06943906133372,132.04661025961403,123.83569569124667,131.68580627441406,43166000,0.0,0.0
2022-02-25 00:00:00-05:00,132.5314781427655,134.38111553073816,130.78408597498338,133.51808166503906,26236000,0.0,0.0
2022-02-28 00:00:00-05:00,132.29227866947096,134.63074247948558,131.83645368362218,133.88682556152344,29676000,0.0,0.0
2022-03-01 00:00:00-05:00,133.47886326440678,135.0977180604208,132.38556189556004,133.169189453125,24640000,0.0,0.0
2022-03-02 00:00:00-05:00,133.6061994300965,134.6059492319575,132.43920118385574,133.74838256835938,23966000,0.0,0.0
2022-03-03 00:00:00-05:00,134.96623245822585,135.6960643904196,132.43769626582628,133.30816650390625,19780000,0.0,0.0
2022-03-04 00:00:00-05:00,132.38957270479813,133.19999228219936,129.4376977705169,131.13844299316406,24446000,0.0,0.0
2022-03-07 00:00:00-05:00,130.92206108215305,130.92206108215305,125.46895733133104,125.5230484008789,39178000,0.0,0.0
2022-03-08 00:00:00-05:00,125.31064659792504,130.2694566477041,124.9237928357571,126.33099365234375,35250000,0.0,0.0
2022-03-09 00:00:00-05:00,130.42180028913822,133.19947477971976,129.11957085055937,132.86944580078125,32258000,0.0,0.0
2022-03-10 00:00:00-05:00,130.4838555684289,132.54440532495585,130.42282041654835,131.6942901611328,24266000,0.0,0.0
2022-03-11 00:00:00-05:00,133.00196452718066,133.20097243045313,129.32652784786816,129.5041961669922,26600000,0.0,0.0
2022-03-14 00:00:00-04:00,129.60097481909315,130.05060546372556,125.47194700210257,125.79750061035156,30254000,0.0,0.0
2022-03-15 00:00:00-04:00,126.79057623056153,129.5456548203666,125.62581185915549,128.69529724121094,30292000,0.0,0.0
2022-03-16 00:00:00-04:00,130.02478981722507,132.77515763916549,128.2391862057771,132.6952667236328,32058000,0.0,0.0
2022-03-17 00:00:00-04:00,132.32851000495455,133.7364529709757,131.73098654036724,133.59848022460938,23994000,0.0,0.0
2022-03-18 00:00:00-04:00,132.8873195276815,135.89426205846607,131.94241069527084,135.78309631347656,45900000,0.0,0.0
2022-03-21 00:00:00-04:00,135.82875016823633,136.55827910815358,133.60938831047434,135.46249389648438,26632000,0.0,0.0
2022-03-22 00:00:00-04:00,135.48385501455093,140.4466335865125,135.48385501455093,139.2332305908203,29776000,0.0,0.0
2022-03-23 00:00:00-04:00,138.10270990614384,138.9826004436537,137.1379456820029,137.47242736816406,25302000,0.0,0.0
2022-03-24 00:00:00-04:00,138.23571788850012,140.34389912974618,137.01178901991855,140.26002502441406,20544000,0.0,0.0
2022-03-25 00:00:00-04:00,140.69873918568095,140.90271471411023,138.65952912852086,140.4679718017578,19270000,0.0,0.0
2022-03-28 00:00:00-04:00,139.6371978702013,140.919587238595,138.78723420122037,140.89328002929688,23774000,0.0,0.0
2022-03-29 00:00:00-04:00,142.0947671698026,143.08930681887722,141.42328971717996,142.18359375,28678000,0.0,0.0
2022-03-30 00:00:00-04:00,141.80642681901773,142.41238618826154,141.109656842976,141.58261108398438,21046000,0.0,0.0
2022-03-31 00:00:00-04:00,141.38806838856462,141.58260845238024,138.57963380751463,138.6099090576172,29516000,0.0,0.0
2022-04-01 00:00:00-04:00,138.96772201512198,139.90072682260734,137.76375446153696,139.652587890625,23480000,0.0,0.0
2022-04-04 00:00:00-04:00,139.7761508845711,142.97143927267746,139.7761508845711,142.57318115234375,19076000,0.0,0.0
2022-04-05 00:00:00-04:00,142.33198670836325,142.52105934769244,139.89426123507653,140.01287841796875,19256000,0.0,0.0
2022-04-06 00:00:00-04:00,138.12555461617885,138.80743694510858,135.40258400558852,136.1548309326172,23574000,0.0,0.0
2022-04-07 00:00:00-04:00,135.60095756573014,136.67640282921894,133.85332304271896,135.4490966796875,19448000,0.0,0.0
2022-04-08 00:00:00-04:00,135.2357242722811,135.2357242722811,132.75681864876051,133.0128936767578,16434000,0.0,0.0
2022-04-11 00:00:00-04:00,131.91064286590625,131.94955087865642,128.65257765810549,128.8302459716797,24188000,0.0,0.0
2022-04-12 00:00:00-04:00,131.43769254156453,131.43769254156453,126.62628271204856,127.41883850097656,23004000,0.0,0.0
2022-04-13 00:00:00-04:00,127.66895485008241,129.68309949549987,127.48245689037394,129.31610107421875,19542000,0.0,0.0
2022-04-14 00:00:00-04:00,129.67690954398194,129.73720257654543,126.16524553120074,126.3056869506836,23484000,0.0,0.0
2022-04-18 00:00:00-04:00,126.46152973079842,127.75383923532786,125.63616941632264,127.0084228515625,14918000,0.0,0.0
2022-04-19 00:00:00-04:00,127.12355399812398,129.92926255751522,126.50271445824443,129.55929565429688,22720000,0.0,0.0
2022-04-20 00:00:00-04:00,130.30668046770282,130.94141572489315,126.94197022406631,127.29080200195312,22610000,0.0,0.0
2022-04-21 00:00:00-04:00,128.38708133094494,129.3374424756781,123.72206516169979,124.0074234008789,30158000,0.0,0.0
2022-04-22 00:00:00-04:00,124.06945514766316,124.51809375058207,118.25357827603916,118.72354888916016,46410000,0.0,0.0
2022-04-25 00:00:00-04:00,118.54042678238903,122.36028045188054,117.88509406779022,122.33248901367188,34522000,0.0,0.0
2022-04-26 00:00:00-04:00,121.83620979526796,121.83620979526796,118.27477110564347,118.6163558959961,49394000,0.0,0.0
2022-04-27 00:00:00-04:00,113.52156674047187,116.62528712088584,112.28211410279226,114.16424560546875,62238000,0.0,0.0
2022-04-28 00:00:00-04:00,116.243162360862,119.5419229092217,114.28673590412234,118.52256774902344,36790000,0.0,0.0
2022-04-29 00:00:00-04:00,116.70271177765589,118.07441987705411,113.84017860145767,114.11064910888672,33694000,0.0,0.0
2022-05-02 00:00:00-04:00,113.05854526741946,116.46598758247436,112.55531578188786,116.28484344482422,30280000,0.0,0.0
2022-05-03 00:00:00-04:00,115.8957701971839,118.4119026290648,115.75879702062804,117.25011444091797,21216000,0.0,0.0
2022-05-04 00:00:00-04:00,117.12505018898763,122.22628616656112,114.8769121003977,121.66251373291016,33232000,0.0,0.0
2022-05-05 00:00:00-04:00,119.32553296831163,120.33074999731035,114.32504320659723,115.87739562988281,43090000,0.0,0.0
2022-05-06 00:00:00-04:00,114.65903919632449,116.62380302401284,113.29328309746134,114.79899597167969,35310000,0.0,0.0
2022-05-09 00:00:00-04:00,112.46002827851365,114.70260796952478,111.71362750786085,112.2421646118164,34520000,0.0,0.0
2022-05-10 00:00:00-04:00,115.1766534784488,115.82231597225426,112.53923846850854,113.73149871826172,31158000,0.0,0.0
2022-05-11 00:00:00-04:00,112.86400923317011,115.8024654597424,112.80395852195956,113.11264038085938,36502000,0.0,0.0
2022-05-12 00:00:00-04:00,111.10470071914486,114.00146967224408,109.29378185929983,112.31859588623047,41464000,0.0,0.0
2022-05-13 00:00:00-04:00,113.99055846758641,117.20594475627321,113.15135542878694,115.64813232421875,29738000,0.0,0.0
2022-05-16 00:00:00-04:00,114.52505381567822,115.73944127683532,113.48385927337003,113.93795776367188,23282000,0.0,0.0
2022-05-17 00:00:00-04:00,116.3548107318265,116.3548107318265,114.47888128226606,115.83272552490234,21576000,0.0,0.0
2022-05-18 00:00:00-04:00,114.37964107756378,114.83437565155293,111.30718016760673,111.56425476074219,27982000,0.0,0.0
2022-05-19 00:00:00-04:00,111.00842338816487,112.741920008228,109.64564334675333,109.92107391357422,29192000,0.0,0.0
2022-05-20 00:00:00-04:00,111.25110445801242,111.71214700448216,105.58112851026546,108.4992446899414,37586000,0.0,0.0
2022-05-23 00:00:00-04:00,109.28433696899042,111.17168590606096,108.34166208341611,110.835205078125,31558000,0.0,0.0
2022-05-24 00:00:00-04:00,105.58559764452096,105.60296161430037,101.44713436310151,105.13745880126953,60386000,0.0,0.0
2022-05-25 00:00:00-04:00,104.35928788625647,105.75154805646027,103.4354686838197,105.05159759521484,37900000,0.0,0.0
2022-05-26 00:00:00-04:00,105.26101721995352,108.14414771940906,104.70270469181337,107.48979949951172,30288000,0.0,0.0
2022-05-27 00:00:00-04:00,108.97119510009125,112.02776856109718,108.73447566378962,111.95928955078125,29924000,0.0,0.0
2022-05-31 00:00:00-04:00,112.23721089180535,115.56673888073168,111.734481176105,113.1900634765625,51302000,0.0,0.0
2022-06-01 00:00:00-04:00,114.07591068775803,116.52504049374802,112.70518706116705,113.28732299804688,28630000,0.0,0.0
2022-06-02 00:00:00-04:00,113.3379567488017,117.02033758337525,112.4645028634996,116.86946868896484,27472000,0.0,0.0
2022-06-03 00:00:00-04:00,115.12901423678426,115.49824658292881,112.82181754435243,113.71115112304688,25052000,0.0,0.0
2022-06-06 00:00:00-04:00,115.87342452096117,118.50965048515532,115.66081624820232,116.1394271850586,23786000,0.0,0.0
2022-06-07 00:00:00-04:00,114.78709495293162,116.87210427467303,114.26848545980519,116.35681915283203,26414000,0.0,0.0
2022-06-08 00:00:00-04:00,116.00642951785112,117.76275740878552,115.82801152706801,116.365234375,22544000,0.0,0.0
2022-06-09 00:00:00-04:00,115.47541063507776,117.46895777798171,114.0118848082445,114.06250762939453,23142000,0.0,0.0
2022-06-10 00:00:00-04:00,111.94166626726074,112.65208960540404,110.03571135172886,110.59799194335938,31324000,0.0,0.0
2022-06-13 00:00:00-04:00,106.6461281798025,108.40543207259111,105.79456678668615,106.08087158203125,36756000,0.0,0.0
2022-06-14 00:00:00-04:00,106.09426597688334,107.65009413173189,105.56026907247383,106.39600372314453,25480000,0.0,0.0
2022-06-15 00:00:00-04:00,108.08882009403322,111.2287756405572,107.31388572600937,109.5687255859375,33192000,0.0,0.0
2022-06-16 00:00:00-04:00,107.34439244845272,108.47689726429446,105.00494417401566,105.8421630859375,35314000,0.0,0.0
2022-06-17 00:00:00-04:00,105.7419146430578,108.43619967485813,104.84220666902442,107.06250762939453,43516000,0.0,0.0
2022-06-21 00:00:00-04:00,108.88534463984828,111.83422060419495,108.4798849857038,111.18112182617188,39010000,0.0,0.0
2022-06-22 00:00:00-04:00,110.33545592792895,112.9225507278547,109.90001639911247,111.19996643066406,23922000,0.0,0.0
2022-06-23 00:00:00-04:00,112.10916095800074,112.3538316275646,110.20246386054443,111.84564208984375,24710000,0.0,0.0
2022-06-24 00:00:00-04:00,112.75729608421425,117.75431761322301,112.75729608421425,117.65556335449219,39122000,0.0,0.0
2022-06-27 00:00:00-04:00,118.04961094608326,118.3622684179662,115.13720447516587,115.75432586669922,32840000,0.0,0.0
2022-06-28 00:00:00-04:00,115.48484175974666,116.97913509631024,111.60692909071406,111.73348236083984,28232000,0.0,0.0
2022-06-29 00:00:00-04:00,111.31361681640735,112.81832990852187,110.72354483249275,111.42081451416016,18628000,0.0,0.0
2022-06-30 00:00:00-04:00,109.67690539044493,110.50103134532444,106.51115006616678,108.55829620361328,38046000,0.0,0.0
2022-07-01 00:00:00-04:00,107.5305019824838,108.98891636299582,106.30767872404971,108.26896667480469,31028000,0.0,0.0
2022-07-05 00:00:00-04:00,106.71412621302082,113.20354782139363,105.45853636865279,113.0391845703125,36398000,0.0,0.0
2022-07-06 00:00:00-04:00,113.24266278225355,115.48583311314871,111.41487220762426,114.3558120727539,28852000,0.0,0.0
2022-07-07 00:00:00-04:00,115.14440152879284,118.96970739061597,114.67392353728296,118.4178466796875,32184000,0.0,0.0
2022-07-08 00:00:00-04:00,116.67491906783029,119.53843665062448,116.63918397499954,119.27392578125,29082000,0.0,0.0
2022-07-11 00:00:00-04:00,117.76673206039018,117.91015708204048,115.36920941099247,115.65506744384766,26718000,0.0,0.0
2022-07-12 00:00:00-04:00,115.96871369752942,116.9721890297241,113.76176313125352,113.99452209472656,24970000,0.0,0.0
2022-07-13 00:00:00-04:00,111.80047576496845,114.2997286494013,110.9905484768161,111.35183715820312,38958000,0.0,0.0
2022-07-14 00:00:00-04:00,110.00097738401358,111.15383746378811,108.5116515751349,110.61041259765625,32366000,0.0,0.0
2022-07-15 00:00:00-04:00,112.12206845294672,113.1518510631691,110.99006332709506,111.92752838134766,34330000,0.0,0.0
2022-07-18 00:00:00-04:00,112.59552503847513,113.94540144432477,108.48634490003847,109.09180450439453,33354000,0.0,20.0
2022-07-19 00:00:00-04:00,110.89825347823137,113.95531932827006,109.67740661563408,113.76673889160156,30992300,0.0,0.0
2022-07-20 00:00:00-04:00,113.21090294580016,115.46400866977766,112.41686291373959,113.84613800048828,26780100,0.0,0.0
2022-07-21 00:00:00-04:00,114.23322461768115,114.3523340202464,111.07690496198657,114.18360137939453,27267800,0.0,0.0
2022-07-22 00:00:00-04:00,110.97765125985214,112.33745530559987,106.79899263895324,107.55333709716797,44455300,0.0,0.0
2022-07-25 00:00:00-04:00,108.06945227591243,109.7568013593638,106.21337812849376,107.4044418334961,28289900,0.0,0.0
2022-07-26 00:00:00-04:00,106.63025878915802,106.93794863187382,103.98013689664695,104.65507507324219,36626600,0.0,0.0
2022-07-27 00:00:00-04:00,108.78410307158587,113.5483734547615,107.61288704412348,112.75432586669922,41474600,0.0,0.0
2022-07-28 00:00:00-04:00,111.96027819059562,113.84612783116005,111.01833780811867,113.73694610595703,23303800,0.0,0.0
2022-07-29 00:00:00-04:00,112.5558047666668,116.02974931148616,112.38707213477056,115.77168273925781,31336200,0.0,0.0
2022-08-01 00:00:00-04:00,114.66996168262538,116.24812922292041,113.83621850858214,114.6203384399414,22856200,0.0,0.0
2022-08-02 00:00:00-04:00,113.57814291596826,116.20841689334405,113.40941027351059,115.03720092773438,17911000,0.0,0.0
2022-08-03 00:00:00-04:00,115.47391388650271,118.53098692591148,115.2853334734743,117.895751953125,25302800,0.0,0.0
2022-08-04 00:00:00-04:00,117.41935093436449,118.61041483251307,116.83373909074507,117.985107421875,15757700,0.0,0.0
2022-08-05 00:00:00-04:00,116.05952245705977,117.975154999402,115.84115902125941,117.33992004394531,15615700,0.0,0.0
2022-08-08 00:00:00-04:00,118.23323647221227,119.96028125180207,116.95283872390638,117.26052856445312,17061100,0.0,0.0
2022-08-09 00:00:00-04:00,117.11164773072046,117.32008352400636,115.69229274278388,116.62529754638672,15424300,0.0,0.0
2022-08-10 00:00:00-04:00,118.69973968804094,120.87343922538871,118.47145610392647,119.7518539428711,20497000,0.0,0.0
2022-08-11 00:00:00-04:00,121.17120230603105,121.42926133710701,118.66003758353666,118.92802429199219,16671600,0.0,0.0
2022-08-12 00:00:00-04:00,120.2580479159398,121.73695373535156,119.5037034907786,121.73695373535156,16121100,0.0,0.0
2022-08-15 00:00:00-04:00,121.30021480795308,122.34240118125624,120.66497985154288,121.96522521972656,15525000,0.0,0.0
2022-08-16 00:00:00-04:00,121.40940395106105,122.31064161277808,120.63025172187828,121.59799194335938,15626200,0.0,0.0
2022-08-17 00:00:00-04:00,120.02975306030042,121.24067214476845,119.3051841159127,119.4242935180664,17589200,0.0,0.0
2022-08-18 00:00:00-04:00,119.33498160275153,120.78411209448358,118.660043387312,119.96028900146484,15652000,0.0,0.0
2022-08-19 00:00:00-04:00,118.97764153644847,119.10667103727016,116.79401469053958,117.24066925048828,20187000,0.0,0.0
2022-08-22 00:00:00-04:00,115.23571771686524,115.6327415198653,113.81636273264448,114.21338653564453,19316000,0.0,0.0
2022-08-23 00:00:00-04:00,113.46897184272552,115.06698718921282,113.44912405987819,113.91561889648438,14390700,0.0,0.0
2022-08-24 00:00:00-04:00,113.597999070607,114.85557304358227,112.932988555949,113.84613800048828,16051200,0.0,0.0
2022-08-25 00:00:00-04:00,114.29279418672282,116.90321303877113,114.19354012792769,116.82380676269531,14874700,0.0,0.0
2022-08-26 00:00:00-04:00,114.94786355566094,115.73198340162622,110.3920369095038,110.47144317626953,31698700,0.0,0.0
2022-08-29 00:00:00-04:00,109.95531210800485,111.12652806100044,108.99253192978833,109.51858520507812,20386100,0.0,0.0
2022-08-30 00:00:00-04:00,110.20346208149473,110.5409349692568,107.99006703237607,109.09180450439453,20548200,0.0,0.0
2022-08-31 00:00:00-04:00,110.79898963531326,110.93794682696662,108.23820169441632,108.33745574951172,25898000,0.0,0.0
2022-09-01 00:00:00-04:00,108.38707173488416,110.39203834754596,107.38459600115175,109.7270278930664,22784400,0.0,0.0
2022-09-02 00:00:00-04:00,110.51115070981105,110.84366354134215,107.32504774348834,107.87095642089844,20618100,0.0,0.0
2022-09-06 00:00:00-04:00,107.33000861113351,108.06945773272552,105.7171056606775,106.67988586425781,20565100,0.0,0.0
2022-09-07 00:00:00-04:00,106.95779452939786,110.16374490531014,106.81386972546036,109.65754699707031,22987200,0.0,0.0
2022-09-08 00:00:00-04:00,108.36723460759642,109.75681414031163,107.2555694669044,108.6054458618164,21660700,0.0,0.0
2022-09-09 00:00:00-04:00,109.2307513287724,111.1662317998191,109.18112051767947,110.94786834716797,21732900,0.0,0.0
2022-09-12 00:00:00-04:00,111.15631803189174,111.80148079383501,110.10421134394088,111.03721618652344,19732900,0.0,0.0
2022-09-13 00:00:00-04:00,108.07938248471206,108.555812521435,104.21834167053534,104.52603149414062,33015000,0.0,0.0
2022-09-14 00:00:00-04:00,104.65507939205258,105.31016224109364,103.72207457550999,105.08187866210938,22115800,0.0,0.0
2022-09-15 00:00:00-04:00,104.22828630697244,105.41935023368887,102.54093690942443,103.12654876708984,26494900,0.0,0.0
2022-09-16 00:00:00-04:00,102.20346057855498,103.25556718639018,101.0967631048831,102.8585433959961,64540100,0.0,0.0
2022-09-19 00:00:00-04:00,101.77665126578728,103.24562930061963,101.60791863264812,103.07689666748047,19738600,0.0,0.0
2022-09-20 00:00:00-04:00,102.11412409518287,102.40196614676198,100.36723157694932,101.07194519042969,24001700,0.0,0.0
2022-09-21 00:00:00-04:00,101.47888241812235,102.71957691805449,99.24563231824449,99.26548767089844,26596800,0.0,0.0
2022-09-22 00:00:00-04:00,98.70966209083562,100.92306465070604,98.6699665264192,99.82132720947266,21272700,0.0,0.0
2022-09-23 00:00:00-04:00,99.31511371020326,99.36474452064054,97.28037921644933,98.4317398071289,25657000,0.0,0.0
2022-09-26 00:00:00-04:00,97.87590902187726,99.69228760029272,97.64761790030114,98.07441711425781,22437900,0.0,0.0
2022-09-27 00:00:00-04:00,99.16624566827849,99.71214677098449,96.61537019694262,97.35978698730469,24225000,0.0,0.0
2022-09-28 00:00:00-04:00,97.29029876527687,100.64514161509229,97.07194288935496,99.99005126953125,24617000,0.0,0.0
2022-09-29 00:00:00-04:00,98.56078607297609,98.56078607297609,95.80147480905075,97.35978698730469,21921500,0.0,0.0
2022-09-30 00:00:00-04:00,97.00246672969558,98.75333483071957,95.3151175859504,95.4342269897461,26277800,0.0,0.0
2022-10-03 00:00:00-04:00,96.49625825689655,99.22578620253039,96.29774259001869,98.56077575683594,24840000,0.0,0.0
2022-10-04 00:00:00-04:00,100.28782480372733,101.95531861557453,100.28782480372733,101.64762878417969,22580900,0.0,0.0
2022-10-05 00:00:00-04:00,99.94043639262158,101.97517104498277,98.99750392900135,101.45904541015625,18475500,0.0,0.0
2022-10-06 00:00:00-04:00,100.74440039069306,102.95780286422516,100.74440039069306,101.47888946533203,17156200,0.0,0.0
2022-10-07 00:00:00-04:00,99.90072778966572,100.66499230900759,98.47144522896559,98.82876586914062,24249900,0.0,0.0
2022-10-10 00:00:00-04:00,99.10667914465193,99.2456363284513,97.14142321800459,97.97516632080078,16529900,0.0,0.0
2022-10-11 00:00:00-04:00,97.51859171730234,99.37467349189947,96.52603607641377,97.32008361816406,21617700,0.0,0.0
2022-10-12 00:00:00-04:00,97.53844664290189,98.90619435315163,96.94291472926554,97.56822967529297,17343400,0.0,0.0
2022-10-13 00:00:00-04:00,95.21586099709084,99.78161533781207,94.56077065257861,98.96772003173828,32812200,0.0,0.0
2022-10-14 00:00:00-04:00,99.87592003369244,100.53597050088787,96.30768098335732,96.4565658569336,22624800,0.0,0.0
2022-10-17 00:00:00-04:00,98.77913996531755,101.01239029106955,98.76921986058552,100.0297622680664,23311600,0.0,0.0
2022-10-18 00:00:00-04:00,103.16622784968058,103.44414219626584,99.90071913210777,100.63520812988281,21610500,0.0,0.0
2022-10-19 00:00:00-04:00,99.95034749024862,100.90220796239446,98.89328090870151,99.54340362548828,21573700,0.0,0.0
2022-10-20 00:00:00-04:00,100.06945060076914,102.2332220102988,99.22577989481539,99.78160858154297,25125100,0.0,0.0
2022-10-21 00:00:00-04:00,97.72703350859237,100.86351316170806,97.49874993779162,100.72455596923828,28988700,0.0,0.0
2022-10-24 00:00:00-04:00,101.32999927479946,102.33248256800137,99.55333138478001,102.20345306396484,24680800,0.0,0.0
2022-10-25 00:00:00-04:00,102.53100927223,104.31760503106875,102.25308730865137,104.14887237548828,29910200,0.0,0.0
2022-10-26 00:00:00-04:00,96.03968853145226,97.80643640842473,93.86598919585641,94.11412811279297,71504300,0.0,0.0
2022-10-27 00:00:00-04:00,93.60792919267483,94.46152773284477,91.21587380273763,91.91065979003906,54036500,0.0,0.0
2022-10-28 00:00:00-04:00,91.84118430526883,96.13895261235133,91.63572453364353,95.86103820800781,35696900,0.0,0.0
2022-10-31 00:00:00-04:00,95.06697975664831,95.63273617907231,93.67740032027045,93.955322265625,29868700,0.0,0.0
2022-11-01 00:00:00-04:00,94.87840705604977,95.44913119525013,89.75682297031567,89.82630157470703,43220600,0.0,0.0
2022-11-02 00:00:00-04:00,90.23323929201062,90.62033539620485,86.36227067746957,86.42182159423828,43553600,0.0,0.0
2022-11-03 00:00:00-04:00,85.70221106547837,85.9056867727628,82.82875847776307,82.86846160888672,48510400,0.0,0.0
2022-11-04 00:00:00-04:00,84.87343696802398,86.08435608999167,83.25556638887753,86.05457305908203,40173300,0.0,0.0
2022-11-07 00:00:00-05:00,86.68981337931292,88.27790859725785,86.31264492998058,87.99006652832031,26899900,0.0,0.0
2022-11-08 00:00:00-05:00,88.49626207214546,89.7319889636192,86.99750097648906,88.24812316894531,30172000,0.0,0.0
2022-11-09 00:00:00-05:00,87.88583966636955,88.82380446823927,86.70966362488497,86.7493667602539,26743900,0.0,0.0
2022-11-10 00:00:00-05:00,91.65259244958854,93.84614727620713,90.96773414543361,93.4689712524414,42371200,0.0,0.0
2022-11-11 00:00:00-05:00,94.00494394598225,96.63521791182642,93.45904288643632,96.0099105834961,30569100,0.0,0.0
2022-11-14 00:00:00-05:00,94.78907119211138,96.45656510342108,94.404951098873,95.31512451171875,24170100,0.0,0.0
2022-11-15 00:00:00-05:00,97.93546897850322,99.67244145132042,96.2977505610415,97.98509979248047,31831000,0.0,0.0
2022-11-16 00:00:00-05:00,97.29030207737372,99.10668074543044,97.1731842659648,98.25308227539062,24660200,0.0,0.0
2022-11-17 00:00:00-05:00,96.45655811063267,98.73943912853584,96.37715184142243,97.76673126220703,21818700,0.0,0.0
2022-11-18 00:00:00-05:00,98.27293661316246,98.42182147455547,96.01983105649133,97.07194519042969,24969900,0.0,0.0
2022-11-21 00:00:00-05:00,96.83372466211372,97.98509282565104,94.95779513065939,95.11660766601562,18696900,0.0,0.0
2022-11-22 00:00:00-05:00,95.4441575371263,96.82181772887805,93.70718510234065,96.6054458618164,18868900,0.0,0.0
2022-11-23 00:00:00-05:00,96.6153573535617,98.3314898433163,96.6153573535617,98.08434295654297,17568900,0.0,0.0
2022-11-25 00:00:00-05:00,97.73198684763922,98.20345683177483,96.80394975326425,96.87342834472656,8567800,0.0,0.0
2022-11-28 00:00:00-05:00,96.47641799622397,97.10173297896256,95.17617235831287,95.53349304199219,19974500,0.0,0.0
2022-11-29 00:00:00-05:00,95.2853438247631,95.6724399282433,93.68732859856074,94.7295150756836,20220000,0.0,0.0
2022-11-30 00:00:00-05:00,94.41190626050462,100.69477844238281,93.96525162663308,100.69477844238281,39888100,0.0,0.0
2022-12-01 00:00:00-05:00,100.64514853253233,101.82628465487545,99.92057954651435,100.52603912353516,21771500,0.0,0.0
2022-12-02 00:00:00-05:00,98.63026860784426,100.39701664921658,98.43175291226342,100.07939910888672,18821500,0.0,0.0
2022-12-05 00:00:00-05:00,99.07193502054622,100.99252759381646,98.61536037453408,99.12652587890625,19955500,0.0,0.0
2022-12-06 00:00:00-05:00,98.92801064096803,99.46399155095932,96.03967790515702,96.58557891845703,20877600,0.0,0.0
2022-12-07 00:00:00-05:00,96.0496086137237,96.585589582895,94.3176038203689,94.4416732788086,26647900,0.0,0.0
2022-12-08 00:00:00-05:00,94.9776550505126,95.15631537507932,93.1017254288614,93.25060272216797,25593200,0.0,0.0
2022-12-09 00:00:00-05:00,93.20098217084448,93.78658640167565,92.32752830438571,92.37715911865234,21885300,0.0,0.0
2022-12-12 00:00:00-05:00,92.39700014380698,93.17615994973863,91.21586409114799,92.8635025024414,27380900,0.0,0.0
2022-12-13 00:00:00-05:00,97.33993414718385,99.0570587863431,94.66995697458204,95.13645935058594,34788500,0.0,0.0
2022-12-14 00:00:00-05:00,94.82876261576224,96.49625632109286,93.24067517558981,94.60047149658203,26452900,0.0,0.0
2022-12-15 00:00:00-05:00,92.84366437510401,93.33001456500213,89.75681543296425,90.52108001708984,28298800,0.0,0.0
2022-12-16 00:00:00-05:00,90.52106664464667,91.06697524737594,89.339930643666,90.18360137939453,48485500,0.0,0.0
2022-12-19 00:00:00-05:00,90.20346052769705,90.52107805315164,88.26301986274427,88.48634338378906,23020500,0.0,0.0
2022-12-20 00:00:00-05:00,88.06946689092203,89.11164578855437,87.38460106347884,88.96276092529297,21976800,0.0,0.0
2022-12-21 00:00:00-05:00,89.06202227938623,90.23819830765046,88.24812694496818,89.5781478881836,20336400,0.0,0.0
2022-12-22 00:00:00-05:00,88.26798448310498,88.51612342435148,86.29280063111081,87.60297393798828,23656100,0.0,0.0
2022-12-23 00:00:00-05:00,86.96772678279532,89.42926049763568,86.96772678279532,89.14141845703125,17815000,0.0,0.0
2022-12-27 00:00:00-05:00,88.64514525323033,88.83373325543998,86.8833649813831,87.27542114257812,15470900,0.0,0.0
2022-12-28 00:00:00-05:00,86.84861925694143,87.86102268662181,85.72703410010159,85.81636047363281,17879600,0.0,0.0
2022-12-29 00:00:00-05:00,86.38211394567159,88.69973039755114,86.3424108123672,88.2878189086914,18280700,0.0,0.0
2022-12-30 00:00:00-05:00,86.71462924269922,88.16872732509496,86.38212398181673,88.06947326660156,19190300,0.0,0.0
2023-01-03 00:00:00-05:00,89.16128654711792,90.86848368142196,88.3573112248564,89.0322494506836,20738500,0.0,0.0
2023-01-04 00:00:00-05:00,90.33248723113951,90.56077077837028,87.14638466544511,88.04960632324219,27046500,0.0,0.0
2023-01-05 00:00:00-05:00,87.41437163840293,87.55332881699137,85.91561055780093,86.1240463256836,23136100,0.0,0.0
2023-01-06 00:00:00-05:00,86.70966035351863,87.81139770749454,84.93298486893224,87.50370788574219,26612600,0.0,0.0
2023-01-09 00:00:00-05:00,88.53100269094597,90.15383333187394,87.92058307416708,88.13894653320312,22996700,0.0,0.0
2023-01-10 00:00:00-05:00,86.07442389495867,88.80891188022328,86.05456854206112,88.5756607055664,22855600,0.0,0.0
2023-01-11 00:00:00-05:00,89.38956175113037,91.761769210798,89.07194423773636,91.57318878173828,25998800,0.0,0.0
2023-01-12 00:00:00-05:00,91.71214207135343,91.93050552239022,89.89576344420028,91.22579193115234,22754200,0.0,0.0
2023-01-13 00:00:00-05:00,90.84662752181106,92.28782168527326,90.25307970566047,92.10916137695312,18630700,0.0,0.0
2023-01-17 00:00:00-05:00,92.08931768282399,92.27790569120275,90.16375717966973,91.47393798828125,22935800,0.0,0.0
2023-01-18 00:00:00-05:00,92.24812416569286,92.89129525669863,90.71958756208764,91.09675598144531,19641600,0.0,0.0
2023-01-19 00:00:00-05:00,90.7096550185611,93.69724947316314,90.69972734230578,93.21089935302734,28707700,0.0,0.0
2023-01-20 00:00:00-05:00,95.23571930203236,98.67988889810704,95.19602373670406,98.54093170166016,53704800,0.0,0.0
2023-01-23 00:00:00-05:00,98.39203314852789,100.64513858393207,98.01486474955105,100.45655059814453,31791800,0.0,0.0
2023-01-24 00:00:00-05:00,98.80892368387408,100.33745280912245,97.96524527464857,98.47145080566406,27391400,0.0,0.0
2023-01-25 00:00:00-05:00,96.47640537425762,96.99253854875762,94.55283659895657,96.0099105834961,31000900,0.0,0.0
2023-01-26 00:00:00-05:00,97.54836777838968,98.47144483303055,96.09923744243925,98.42182159423828,24542100,0.0,0.0
2023-01-27 00:00:00-05:00,98.31265038881547,100.82381523293134,98.23324411113131,99.96028900146484,29020400,0.0,0.0
2023-01-30 00:00:00-05:00,98.00991271096092,98.66896355953914,96.79402595278148,97.2208251953125,24365100,0.0,0.0
2023-01-31 00:00:00-05:00,97.13148709554619,99.1662290097679,97.06200850968779,99.12652587890625,22306800,0.0,0.0
2023-02-01 00:00:00-05:00,98.99749766924913,101.42926353709606,97.68732452396537,100.67491912841797,26392600,0.0,0.0
2023-02-02 00:00:00-05:00,105.99501990085484,108.00990668019372,105.74688098571264,107.99005889892578,46622600,0.0,0.0
2023-02-03 00:00:00-05:00,102.73944479821186,107.21586564752732,102.5310090055195,104.43671417236328,36823400,0.0,0.0
2023-02-06 00:00:00-05:00,101.92057013270048,103.92056907600107,101.4491077336586,102.6997299194336,25573000,0.0,0.0
2023-02-07 00:00:00-05:00,102.85853622293313,107.8610174588022,102.77714593508533,107.23571014404297,33738800,0.0,0.0
2023-02-08 00:00:00-05:00,101.92554669965989,102.80892066202824,97.72207272730535,99.25556945800781,73546000,0.0,0.0
2023-02-09 00:00:00-05:00,99.79153549198384,99.86101407729187,93.1612641425685,94.74935150146484,97798600,0.0,0.0
2023-02-10 00:00:00-05:00,95.02727004541197,96.29773998871737,93.8262786904874,94.15382385253906,49325300,0.0,0.0
2023-02-13 00:00:00-05:00,94.30271332124248,94.64017860343876,93.34986081712536,94.29278564453125,43116600,0.0,0.0
2023-02-14 00:00:00-05:00,93.95532195698155,94.46648751360657,91.96028296968275,94.24315643310547,42513100,0.0,0.0
2023-02-15 00:00:00-05:00,94.03471212034232,96.61535507516768,93.65754373172719,96.37714385986328,36964500,0.0,0.0
2023-02-16 00:00:00-05:00,94.82878244070207,97.15135938765086,94.26302593521969,95.0669937133789,35642100,0.0,0.0
2023-02-17 00:00:00-05:00,94.36226377626947,95.03720190997007,92.75432092382434,93.88583374023438,31095100,0.0,0.0
2023-02-21 00:00:00-05:00,92.54588210947828,92.71958236867864,91.31511528466467,91.36474609375,28367200,0.0,0.0
2023-02-22 00:00:00-05:00,91.24962049124635,91.67245173405243,90.19354575367564,91.11662292480469,29891100,0.0,0.0
2023-02-23 00:00:00-05:00,91.44414293037505,91.44414293037505,89.33992994560153,90.39203643798828,32423700,0.0,0.0
2023-02-24 00:00:00-05:00,88.96276699175087,89.45904485473137,88.19850241470454,88.68485260009766,31295600,0.0,0.0
2023-02-27 00:00:00-05:00,89.419324948786,89.77664554893401,88.94290253032051,89.42925262451172,22724300,0.0,0.0
2023-02-28 00:00:00-05:00,88.8734478251102,90.76922547782424,88.85359246832377,89.62779235839844,30546900,0.0,0.0
2023-03-01 00:00:00-05:00,89.48881920235208,90.52107039328135,89.18112180779958,89.83621215820312,26323900,0.0,0.0
2023-03-02 00:00:00-05:00,89.19105203078807,91.79155058079907,89.10171808381965,91.62281036376953,23328600,0.0,0.0
2023-03-03 00:00:00-05:00,92.04959848223413,93.40940229555405,91.97019979436118,93.320068359375,30242500,0.0,0.0
2023-03-06 00:00:00-05:00,93.65755015416657,95.58311050579802,93.59799923940635,94.86846923828125,28288200,0.0,0.0
2023-03-07 00:00:00-05:00,94.70966591461972,95.37467643612347,93.14540165881215,93.4689712524414,24101500,0.0,0.0
2023-03-08 00:00:00-05:00,93.70221755613018,95.52355631627923,93.70221755613018,93.94539642333984,25395200,0.0,0.0
2023-03-09 00:00:00-05:00,93.78658602050105,95.20594097512884,91.66748505219165,91.97021484375,24438900,0.0,0.0
2023-03-10 00:00:00-05:00,91.81139476578782,92.48633288967268,90.12405324237487,90.33248901367188,32850100,0.0,0.0
2023-03-13 00:00:00-04:00,89.89081140537432,92.38708844092993,89.27046407899174,90.9776611328125,31508600,0.0,0.0
2023-03-14 00:00:00-04:00,92.37715438705688,94.12405445789844,92.08931233877172,93.54837036132812,32303900,0.0,0.0
2023-03-15 00:00:00-04:00,92.84365836210459,96.52603899232889,92.34738052666846,95.83125305175781,38367300,0.0,0.0
2023-03-16 00:00:00-04:00,95.85110342523325,101.21090570740284,95.1563174658738,100.3176040649414,54499500,0.0,0.0
2023-03-17 00:00:00-04:00,100.08930749694275,102.7195814678215,99.99998112383827,101.69725036621094,76140300,0.0,0.0
2023-03-20 00:00:00-04:00,100.30766985696194,101.81635865991568,100.03968316797067,101.17119598388672,26033900,0.0,0.0
2023-03-21 00:00:00-04:00,101.2208280519322,105.17119528005082,101.10171864834624,105.05208587646484,33122800,0.0,0.0
2023-03-22 00:00:00-04:00,104.35729453155491,106.70965401511418,103.43421752637072,103.44414520263672,32336900,0.0,0.0
2023-03-23 00:00:00-04:00,105.10171531290985,106.30369872985173,104.62529284999542,105.46896362304688,31385800,0.0,0.0
2023-03-24 00:00:00-04:00,104.9528292814151,105.36970839755767,103.96027366006327,105.27044677734375,25236200,0.0,0.0
2023-03-27 00:00:00-04:00,104.53595579809486,104.61536206375317,101.8659788029712,102.29277801513672,25393400,0.0,0.0
2023-03-28 00:00:00-04:00,102.23323659598337,102.23323659598337,99.53348389367748,100.6054458618164,24913500,0.0,0.0
2023-03-29 00:00:00-04:00,101.95532144739781,102.05457550164338,100.2778999120315,101.14142608642578,26148300,0.0,0.0
2023-03-30 00:00:00-04:00,100.68485954037943,100.85359220353435,99.54341889253223,100.56575012207031,25009800,0.0,0.0
2023-03-31 00:00:00-04:00,100.95283848857181,103.41437993579669,100.68485178377102,103.22579193115234,28108000,0.0,0.0
2023-04-03 00:00:00-04:00,101.90569050119943,104.16871625448533,101.61784844344304,104.12902069091797,20719900,0.0,0.0
2023-04-04 00:00:00-04:00,104.05953379828375,105.31015607471355,103.82132255554437,104.33745574951172,20377200,0.0,0.0
2023-04-05 00:00:00-04:00,105.330012340845,105.74688391239768,103.32702963127244,104.16871643066406,21864200,0.0,0.0
2023-04-06 00:00:00-04:00,104.98261313209342,108.81387874263977,104.03472819309118,108.08931732177734,34684200,0.0,0.0
2023-04-10 00:00:00-04:00,106.59055842302254,107.16624255943994,104.81388277120973,106.1538314819336,19741500,0.0,0.0
2023-04-11 00:00:00-04:00,106.12404944560701,106.42181917291539,104.496258767545,105.33000946044922,18721300,0.0,0.0
2023-04-12 00:00:00-04:00,106.59055826945023,106.7860903531236,104.18857524212011,104.43671417236328,22761600,0.0,0.0
2023-04-13 00:00:00-04:00,105.67739334725375,107.45902878805761,105.64761789160103,107.38459014892578,21650700,0.0,0.0
2023-04-14 00:00:00-04:00,106.88832141584483,108.76425100686151,106.78905979179629,108.6451416015625,20758700,0.0,0.0
2023-04-17 00:00:00-04:00,104.64514906462927,105.9156191649266,104.53596733045379,105.62777709960938,29043400,0.0,0.0
2023-04-18 00:00:00-04:00,106.20345770073483,106.25308851374669,103.99998288074862,104.33745574951172,17641400,0.0,0.0
2023-04-19 00:00:00-04:00,103.43918210633547,104.93794323898553,103.02727818074284,104.23818969726562,16732000,0.0,0.0
2023-04-20 00:00:00-04:00,103.8709539532784,106.09229254650998,103.86102627610038,105.11164855957031,22515300,0.0,0.0
2023-04-21 00:00:00-04:00,105.30022715234816,105.84613579862736,104.69973521403983,105.12157440185547,22379000,0.0,0.0
2023-04-24 00:00:00-04:00,105.26053834917847,106.5210807961747,104.57567247124707,105.98509979248047,21410900,0.0,0.0
2023-04-25 00:00:00-04:00,105.81635668928911,106.64017968248697,103.78161461165072,103.83124542236328,31408100,0.0,0.0
2023-04-26 00:00:00-04:00,104.77416929475918,106.22329959775887,102.50121600603411,103.67243194580078,37068200,0.0,0.0
2023-04-27 00:00:00-04:00,104.44663867611075,108.3374551666708,103.64266341718557,107.56326293945312,38235200,0.0,0.0
2023-04-28 00:00:00-04:00,106.99750374319369,107.48385389883946,105.2506036520227,107.41437530517578,23957900,0.0,0.0
2023-05-01 00:00:00-04:00,106.91810791476617,107.87096053775701,106.69974443546836,106.9081802368164,20926300,0.0,0.0
2023-05-02 00:00:00-04:00,106.85855690933583,106.92803550973126,103.72207706840057,105.1910629272461,20343100,0.0,0.0
2023-05-03 00:00:00-04:00,105.4292635120191,107.32504088657967,104.83373163000108,105.33000946044922,17116300,0.0,0.0
2023-05-04 00:00:00-04:00,105.36970542856344,105.50866260582943,103.92056759833538,104.42677307128906,19780600,0.0,0.0
2023-05-05 00:00:00-04:00,104.53596711857824,105.64763224038482,103.95929097862731,105.42430114746094,20710600,0.0,0.0
2023-05-08 00:00:00-04:00,105.00742114588428,107.6128796768043,105.00246109386562,107.43421936035156,17266000,0.0,0.0
2023-05-09 00:00:00-04:00,107.97020246225496,109.77169339135227,106.92305594795248,107.13645935058594,24782400,0.0,0.0
2023-05-10 00:00:00-04:00,107.74191693416148,112.66499196252387,107.67243834279219,111.44414520263672,47533500,0.0,0.0
2023-05-11 00:00:00-04:00,114.99750343648294,117.55829894718428,114.07442633716497,116.0297622680664,57115100,0.0,0.0
2023-05-12 00:00:00-04:00,116.12901065669601,117.37963289178805,115.68236364474816,117.04216003417969,31293800,0.0,0.0
2023-05-15 00:00:00-04:00,115.62281491686178,117.910656178395,115.61289481182901,116.08931732177734,22107900,0.0,0.0
2023-05-16 00:00:00-04:00,115.96028074298842,120.29774417440517,115.96028074298842,119.19600677490234,32370100,0.0,0.0
2023-05-17 00:00:00-04:00,119.28532781575717,121.36969298269034,118.57068659907198,120.57565307617188,26659600,0.0,0.0
2023-05-18 00:00:00-04:00,120.65506331636973,122.97764749293866,120.58558472324069,122.60047149658203,27014500,0.0,0.0
2023-05-19 00:00:00-04:00,123.27541389183706,125.53744764704801,121.80643570863663,122.33248901367188,30268900,0.0,0.0
2023-05-22 00:00:00-04:00,122.59055143975256,126.10419937777996,122.53099295090551,124.9329833984375,29760200,0.0,0.0
2023-05-23 00:00:00-04:00,123.9999753837632,124.48632552301795,122.1339735221134,122.37218475341797,24477900,0.0,0.0
2023-05-24 00:00:00-04:00,120.97268542869617,121.83621160982608,119.85110021903462,120.7344741821289,23087900,0.0,0.0
2023-05-25 00:00:00-04:00,124.27789966472285,125.04217180284299,121.98509839556073,123.42430114746094,33812700,0.0,0.0
2023-05-26 00:00:00-04:00,123.14141764185113,125.06201037799596,122.37218550794296,124.49625396728516,25154700,0.0,0.0
2023-05-30 00:00:00-04:00,125.34985364805256,125.43918002149202,121.97516293158685,123.7121353149414,27230700,0.0,0.0
2023-05-31 00:00:00-04:00,122.77913674607848,123.97020812658324,122.18360484212559,122.45159912109375,41548800,0.0,0.0
2023-06-01 00:00:00-04:00,122.58062666300646,124.10916332120034,122.38211855574964,123.44415283203125,25017700,0.0,0.0
2023-06-02 00:00:00-04:00,123.56325571756055,125.8014736447889,123.42429852677995,124.2977523803711,19367500,0.0,0.0
2023-06-05 00:00:00-04:00,123.68235785078363,127.03719315922017,123.45406672358834,125.68731689453125,22672500,0.0,0.0
2023-06-06 00:00:00-04:00,125.65754116559211,127.92057436157211,125.03223384521516,126.95779418945312,19450100,0.0,0.0
2023-06-07 00:00:00-04:00,126.62529349121426,128.58559710467284,121.71710573773842,122.0248031616211,34179300,0.0,0.0
2023-06-08 00:00:00-04:00,121.67243147035944,122.8089119118062,121.10171500991837,121.75679779052734,24815000,0.0,0.0
2023-06-09 00:00:00-04:00,121.64762484754077,123.35978949767356,121.50866765457333,121.955322265625,20304500,0.0,0.0
2023-06-12 00:00:00-04:00,122.47640862603883,123.82132494637797,121.43918972547492,123.42430114746094,22255700,0.0,0.0
2023-06-13 00:00:00-04:00,124.71461936512009,124.92305514362373,122.92305610781635,123.50370025634766,19287700,0.0,0.0
2023-06-14 00:00:00-04:00,122.87838691984047,123.86101484839737,121.25059633355694,123.45406341552734,24659600,0.0,0.0
2023-06-15 00:00:00-04:00,122.95779172564072,125.22082497837408,122.22330266180371,124.85357666015625,24517100,0.0,0.0
2023-06-16 00:00:00-04:00,125.75679803575493,125.75679803575493,122.86846502718774,123.1364517211914,56699200,0.0,0.0
2023-06-20 00:00:00-04:00,122.61536677986311,124.24315745229883,121.91561322392616,122.92801666259766,22698000,0.0,0.0
2023-06-21 00:00:00-04:00,122.31759569183865,122.49129595900084,119.96027603160152,120.3572998046875,22612000,0.0,0.0
2023-06-22 00:00:00-04:00,119.76176569050065,123.01237931361086,118.70965157561908,122.94786834716797,20781900,0.0,0.0
2023-06-23 00:00:00-04:00,121.13149432955272,122.52107377580943,120.95283400685402,122.10419464111328,29573100,0.0,0.0
2023-06-26 00:00:00-04:00,120.5617646207202,121.8064271902783,118.10419138685185,118.20344543457031,23185000,0.0,0.0
2023-06-27 00:00:00-04:00,116.96276560517269,119.0024679683978,116.03969603005125,118.12406158447266,27221700,0.0,0.0
2023-06-28 00:00:00-04:00,117.0818658581678,120.36722270077522,116.7245452113623,120.17864227294922,19753100,0.0,0.0
2023-06-29 00:00:00-04:00,119.19599872968656,120.00990159384273,118.32255252518001,119.1166000366211,18517500,0.0,0.0
2023-06-30 00:00:00-04:00,120.19849515357218,121.12157226821294,119.98013168541644,120.06946563720703,23871800,0.0,0.0
2023-07-03 00:00:00-04:00,119.42429486911182,120.11908079137234,118.81387526794018,119.66250610351562,13888300,0.0,0.0
2023-07-05 00:00:00-04:00,119.1662342196505,122.45159871674345,119.1662342196505,121.71710205078125,17830300,0.0,0.0
2023-07-06 00:00:00-04:00,119.7419125924642,120.24811809252589,118.3622608495851,120.02975463867188,17732500,0.0,0.0
2023-07-07 00:00:00-04:00,119.9900450518067,120.84364346773573,119.1959975482361,119.2456283569336,20997700,0.0,0.0
2023-07-10 00:00:00-04:00,118.18359642938867,118.18359642938867,115.77168598909101,115.9999771118164,32960100,0.0,0.0
2023-07-11 00:00:00-04:00,115.8908001345202,117.34489053094033,114.96772307456591,116.83372497558594,18286600,0.0,0.0
2023-07-12 00:00:00-04:00,118.41189755588353,120.05953607340918,118.1141278180589,118.7295150756836,22059600,0.0,0.0
2023-07-13 00:00:00-04:00,120.63520982137,124.40195654618383,120.1587797963374,123.90071868896484,31535900,0.0,0.0
2023-07-14 00:00:00-04:00,124.19849524815983,126.14390356209333,123.97021167187232,124.76425170898438,20499800,0.0,0.0
2023-07-17 00:00:00-04:00,125.12156106826644,126.33248015597,123.57317669912342,124.1290054321289,20675300,0.0,0.0
2023-07-18 00:00:00-04:00,123.97516644506437,124.05953276945621,122.38211881358517,123.15631103515625,21045800,0.0,0.0
2023-07-19 00:00:00-04:00,123.8610210416639,124.53595918967088,121.55829222598103,121.86598205566406,22313800,0.0,0.0
2023-07-20 00:00:00-04:00,121.21089792035092,123.77168572561716,117.80146413528023,118.64017486572266,27541700,0.0,0.0
2023-07-21 00:00:00-04:00,119.97020398843856,120.39700322029749,118.18360079168052,119.41436767578125,56514600,0.0,0.0
2023-07-24 00:00:00-04:00,121.01834954001981,122.43174486757401,120.47640891438763,120.97268676757812,22276100,0.0,0.0
2023-07-25 00:00:00-04:00,120.97268620389816,122.76921717344406,120.62529322280334,121.87591552734375,31820800,0.0,0.0
2023-07-26 00:00:00-04:00,129.3895797593324,130.3920557043069,127.75186868329685,128.69479370117188,46216900,0.0,0.0
2023-07-27 00:00:00-04:00,130.818838534423,132.60544174487137,128.21833241608252,128.9031982421875,35931600,0.0,0.0
2023-07-28 00:00:00-04:00,129.9950143108181,133.07194287487187,129.94538349942422,132.0198211669922,26971000,0.0,0.0
2023-07-31 00:00:00-04:00,132.01983321678517,132.8337361913796,131.14639446636025,132.1190948486328,18381900,0.0,0.0
2023-08-01 00:00:00-04:00,129.88088894689452,131.9305191599113,129.77667482535807,130.90818786621094,22154300,0.0,0.0
2023-08-02 00:00:00-04:00,128.8733984334167,129.4490824227408,126.8982151708431,127.68233489990234,22705800,0.0,0.0
2023-08-03 00:00:00-04:00,127.41437760688932,128.8039647530154,126.82381329279501,127.81140899658203,15018100,0.0,0.0
2023-08-04 00:00:00-04:00,128.63522879142084,130.94787031679957,127.35979104228042,127.5831069946289,20521900,0.0,0.0
2023-08-07 00:00:00-04:00,128.54587609724663,131.0768960203581,128.46646982824424,130.95779418945312,17621000,0.0,0.0
2023-08-08 00:00:00-04:00,130.00493728545047,130.95779739158098,129.16127405391586,130.85853576660156,16836000,0.0,0.0
2023-08-09 00:00:00-04:00,131.20592849284157,131.48384285199134,128.5409191035539,129.1811065673828,17745200,0.0,0.0
2023-08-10 00:00:00-04:00,130.98758482352966,131.65954701145412,129.0669918516789,129.24069213867188,17855700,0.0,0.0
2023-08-11 00:00:00-04:00,128.24019243743726,129.46898308054503,127.79156132803631,129.20098876953125,15205500,0.0,0.0
2023-08-14 00:00:00-04:00,128.88336154132946,130.92802382580282,128.62528737073137,130.84861755371094,17526200,0.0,0.0
2023-08-15 00:00:00-04:00,130.61038213478358,131.00741344477407,128.8525701201837,129.3002166748047,14769200,0.0,0.0
2023-08-16 00:00:00-04:00,128.3175973946591,129.92354873259305,127.50370961068525,128.14886474609375,17548400,0.0,0.0
2023-08-17 00:00:00-04:00,129.4788800583026,131.50468648067013,128.8833557621138,129.4888153076172,23665600,0.0,0.0
2023-08-18 00:00:00-04:00,128.09922823293928,128.86350031494928,126.05456604163717,127.15630340576172,23627200,0.0,0.0
2023-08-21 00:00:00-04:00,126.8982451803361,128.29774478454587,126.21338689427562,127.97019958496094,21851100,0.0,0.0
2023-08-22 00:00:00-04:00,128.16870439033445,129.9751476351752,127.96522868298223,128.7245330810547,15557900,0.0,0.0
2023-08-23 00:00:00-04:00,129.87590619314082,133.07193643368203,129.5384257791161,132.2183380126953,26497000,0.0,0.0
2023-08-24 00:00:00-04:00,133.72402457695804,133.9652117980002,129.32997961202713,129.44908142089844,18680400,0.0,0.0
2023-08-25 00:00:00-04:00,129.17119340696516,130.42180809036407,127.08682045610283,129.71710205078125,20678100,0.0,0.0
2023-08-28 00:00:00-04:00,131.096763830204,132.2481321223414,129.8759245118369,130.8089141845703,16715500,0.0,0.0
2023-08-29 00:00:00-04:00,132.0079309817891,136.27294013982967,131.99005964714488,134.48138427734375,30803300,0.0,0.0
2023-08-30 00:00:00-04:00,134.56079842786622,136.2282849189266,134.0158741413235,135.91065979003906,21773400,0.0,0.0
2023-08-31 00:00:00-04:00,136.02979062248437,137.3697320151239,135.801507003626,136.3275604248047,28147900,0.0,0.0
2023-09-01 00:00:00-04:00,137.3994561842244,137.5483486023978,134.9280025816193,135.78160095214844,16671600,0.0,0.0
2023-09-05 00:00:00-04:00,135.42428176163097,136.34735115409407,134.55082803054657,135.69227600097656,17730200,0.0,0.0
2023-09-06 00:00:00-04:00,135.99501726186614,136.4565520228765,133.68732831161628,134.3622589111328,15814300,0.0,0.0
2023-09-07 00:00:00-04:00,133.59798584813677,135.56324163708302,132.962750888821,135.18606567382812,16976000,0.0,0.0
2023-09-08 00:00:00-04:00,134.85853378746808,136.49129210225908,134.85853378746808,136.1786346435547,17810700,0.0,0.0
2023-09-11 00:00:00-04:00,136.35732468137132,137.23474670006422,135.53350152559403,136.7146453857422,17180800,0.0,0.0
2023-09-12 00:00:00-04:00,136.10915916285992,136.6153570847694,134.91808028392478,135.0570526123047,15212900,0.0,0.0
2023-09-13 00:00:00-04:00,134.8882996392758,136.67490274377676,133.92551949810576,136.4763946533203,16394900,0.0,0.0
2023-09-14 00:00:00-04:00,137.35979798016044,138.51116635494424,136.0396969350514,137.95533752441406,19064600,0.0,0.0
2023-09-15 00:00:00-04:00,137.7667245927751,138.32255332282665,136.15877417204362,137.27044677734375,48958800,0.0,0.0
2023-09-18 00:00:00-04:00,136.60545141583313,138.88831750289697,136.60545141583313,137.92555236816406,16233600,0.0,0.0
2023-09-19 00:00:00-04:00,137.22082466922896,138.1389417150428,136.47640789887149,137.7965087890625,15479100,0.0,0.0
2023-09-20 00:00:00-04:00,137.79649979089223,137.80641989491127,133.51858745315243,133.5880584716797,21473500,0.0,0.0
2023-09-21 00:00:00-04:00,131.40444170206536,132.1984892499227,130.11411632994685,130.38211059570312,22058400,0.0,0.0
2023-09-22 00:00:00-04:00,130.69971032703205,132.0198110539608,129.53842212631943,130.27291870117188,17348700,0.0,0.0
2023-09-25 00:00:00-04:00,129.79652415148823,131.2357270096603,129.06202741884624,131.18609619140625,14650000,0.0,0.0
2023-09-26 00:00:00-04:00,129.9394341051551,130.42677627232828,127.23571343625846,128.486328125,20378800,0.0,0.0
2023-09-27 00:00:00-04:00,128.4764174413802,130.7394433175376,128.4168665201969,130.48138427734375,18764200,0.0,0.0
2023-09-28 00:00:00-04:00,129.71710817730676,133.18111791265844,129.71710817730676,132.13894653320312,18201400,0.0,0.0
2023-09-29 00:00:00-04:00,133.08186410943372,133.88583176717268,130.3424159524719,130.86846923828125,23237300,0.0,0.0
2023-10-02 00:00:00-04:00,131.17120237914963,134.3523453377214,131.08187599755323,134.16375732421875,19210400,0.0,0.0
2023-10-03 00:00:00-04:00,133.92553371961245,134.23323870947098,131.82628810095258,132.30767822265625,19628700,0.0,0.0
2023-10-04 00:00:00-04:00,132.6649984756145,135.55333919699976,132.43669976010844,135.2555694580078,22848000,0.0,0.0
2023-10-05 00:00:00-04:00,135.11663360571785,135.4838744261965,133.45409951686912,134.97767639160156,15922900,0.0,0.0
2023-10-06 00:00:00-04:00,133.9354560210798,138.14984930897245,133.9354560210798,137.69723510742188,20826700,0.0,0.0
2023-10-09 00:00:00-04:00,136.96277880336,138.92803502531126,135.68237335398612,138.46153259277344,16599100,0.0,0.0
2023-10-10 00:00:00-04:00,138.47143189061256,139.69228623241167,137.3994699819387,138.1637420654297,19554900,0.0,0.0
2023-10-11 00:00:00-04:00,138.80892261834543,141.16127481333947,138.7989873682816,140.6451416015625,20146300,0.0,0.0
2023-10-12 00:00:00-04:00,141.1017254906793,141.32008896177945,138.41189281223583,139.24563598632812,18173100,0.0,0.0
2023-10-13 00:00:00-04:00,139.60293729270438,140.28780307115827,136.94289558849107,137.54835510253906,19438700,0.0,0.0
2023-10-16 00:00:00-04:00,138.68978564662078,139.8560414711767,138.28284937300228,139.4441375732422,17345600,0.0,0.0
2023-10-17 00:00:00-04:00,138.98756957822104,140.19848871002253,137.49775163194965,139.9404296875,17424000,0.0,0.0
2023-10-18 00:00:00-04:00,139.70219139131717,140.93296570557857,137.67241714198934,138.24313354492188,18304900,0.0,0.0
2023-10-19 00:00:00-04:00,138.75929174854747,139.9553232004992,137.5682279216257,137.9453887939453,21831200,0.0,0.0
2023-10-20 00:00:00-04:00,137.55829543539733,138.00494248631728,135.23075102932495,135.72207641601562,24970300,0.0,0.0
2023-10-23 00:00:00-04:00,135.21586210230492,137.98510105485485,134.1042045373751,136.87342834472656,20780700,0.0,0.0
2023-10-24 00:00:00-04:00,138.12404412138613,139.66250836596257,137.71709268113878,139.07688903808594,26535200,0.0,0.0
2023-10-25 00:00:00-04:00,128.80396441746828,129.13150963366186,125.15135136780542,125.72703552246094,58796100,0.0,0.0
2023-10-26 00:00:00-04:00,123.54339580693394,124.52602372315634,121.40939976859383,122.52106475830078,33907400,0.0,0.0
2023-10-27 00:00:00-04:00,123.10667635342031,123.51362780574462,120.55580862970052,122.48136901855469,37367700,0.0,0.0
2023-10-30 00:00:00-04:00,123.53346803956146,125.60791316405438,122.95778397892724,124.8138656616211,24165600,0.0,0.0
2023-10-31 00:00:00-04:00,125.33000595241434,125.61784801652706,123.0024691774839,124.36723327636719,21123400,0.0,0.0
2023-11-01 00:00:00-04:00,124.40692076345645,126.78905582318066,123.99501683515162,126.62032318115234,26536600,0.0,0.0
2023-11-02 00:00:00-04:00,128.5955183710512,129.12157169803496,127.15631558694095,127.62281799316406,24091700,0.0,0.0
2023-11-03 00:00:00-04:00,128.12902018768443,129.75681103798425,128.049613908987,129.3994903564453,19529400,0.0,0.0
2023-11-06 00:00:00-05:00,129.25058123714638,130.5806020012721,128.96273165456682,130.47142028808594,15360400,0.0,0.0
2023-11-07 00:00:00-05:00,130.99749610220636,132.28782153195604,130.16375295505657,131.41436767578125,19223800,0.0,0.0
2023-11-08 00:00:00-05:00,131.3746655736947,132.54587396327858,131.17615747404287,132.26795959472656,15093600,0.0,0.0
2023-11-09 00:00:00-05:00,132.36723732942193,132.96277684606608,130.53100310743494,130.7096710205078,17976500,0.0,0.0
2023-11-10 00:00:00-05:00,130.5508470659826,133.2704550749376,129.89575668390475,133.06201171875,20872900,0.0,0.0
2023-11-13 00:00:00-05:00,132.36722722040622,133.11164398676007,131.78162299905537,132.6451416015625,16409900,0.0,0.0
2023-11-14 00:00:00-05:00,134.64017743498135,136.21835254101194,134.09428390483572,134.42181396484375,22317300,0.0,0.0
2023-11-15 00:00:00-05:00,135.62282040159877,135.82132852742924,134.32257476043,135.36476135253906,15840900,0.0,0.0
2023-11-16 00:00:00-05:00,135.94041300973822,137.84611782333138,135.06695929072634,137.66744995117188,17615100,0.0,0.0
2023-11-17 00:00:00-05:00,136.79401649583488,136.97266922948353,134.47142494202936,135.92056274414062,25565300,0.0,0.0
2023-11-20 00:00:00-05:00,134.49126707583204,137.3944948738511,134.48134697333637,136.89324951171875,19569400,0.0,0.0
2023-11-21 00:00:00-05:00,136.913127903715,137.9304913803432,136.6798767216572,137.5880584716797,17648100,0.0,0.0
2023-11-22 00:00:00-05:00,138.0644964965985,140.04960778974763,137.96523487386216,138.97764587402344,17306400,0.0,0.0
2023-11-24 00:00:00-05:00,138.50120559180658,138.6371943152404,136.4466233184679,137.1910400390625,8828600,0.0,0.0
2023-11-27 00:00:00-05:00,136.545916297251,138.5905789361456,136.51612568800456,137.0223388671875,17886400,0.0,0.0
2023-11-28 00:00:00-05:00,136.6054380774254,137.62776917873478,136.01981873734167,137.5880584716797,17046900,0.0,0.0
2023-11-29 00:00:00-05:00,137.9503454992033,138.63024368576404,135.28036841853944,135.38458251953125,21014700,0.0,0.0
2023-11-30 00:00:00-05:00,135.38459922272398,135.94044316871782,131.8014723334578,132.92306518554688,29913500,0.0,0.0
2023-12-01 00:00:00-05:00,132.32752990722656,132.5061826590945,131.16821046019072,132.32752990722656,24268000,0.0,0.0
2023-12-04 00:00:00-05:00,130.3165900540141,130.47141938487488,128.43667755059792,129.65753173828125,24117100,0.0,0.0
2023-12-05 00:00:00-05:00,129.3994826938057,132.54588246802612,128.76424764704194,131.40444946289062,19235100,0.0,0.0
2023-12-06 00:00:00-05:00,131.910641902377,132.31759336012723,130.3324820288939,130.4515838623047,16360600,0.0,0.0
2023-12-07 00:00:00-05:00,135.58312297082477,138.95780649915318,135.21586704062742,137.41934204101562,38419400,0.0,0.0
2023-12-08 00:00:00-05:00,134.65010244287728,136.96275891327684,134.56077606966974,135.622802734375,23016100,0.0,0.0
2023-12-11 00:00:00-05:00,132.82382680409555,133.78659201375163,131.90074201806263,133.697265625,24502900,0.0,0.0
2023-12-12 00:00:00-05:00,132.27790084329126,133.53843566310795,131.841173917132,132.6451416015625,26584000,0.0,0.0
2023-12-13 00:00:00-05:00,133.54340325928706,133.77665445183567,131.96027572489928,132.97268676757812,25414500,0.0,0.0
2023-12-14 00:00:00-05:00,133.7667241221589,134.0297507536338,130.0843361363136,132.20840454101562,29619100,0.0,0.0
2023-12-15 00:00:00-05:00,131.93049381733584,133.826278724094,131.64265934569684,132.84364318847656,58594000,0.0,0.0
2023-12-18 00:00:00-05:00,132.86348930391583,137.34984472427678,132.77416293739708,136.168701171875,25699800,0.0,0.0
2023-12-19 00:00:00-05:00,136.97268356455018,137.73695567726864,136.42677491260847,137.0719451904297,20661000,0.0,0.0
2023-12-20 00:00:00-05:00,139.28534130307386,142.0128854200126,138.37219188892348,138.62033081054688,33507300,0.0,0.0
2023-12-21 00:00:00-05:00,139.7220688742158,140.97268359270743,139.4272827418426,140.74440002441406,18101500,0.0,0.0
2023-12-22 00:00:00-05:00,141.0719123928699,142.18356966173857,140.9974586172056,141.6575164794922,18513500,0.0,0.0
2023-12-26 00:00:00-05:00,141.91560281381527,142.873430527883,141.43918034174044,141.75680541992188,11170100,0.0,0.0
2023-12-27 00:00:00-05:00,141.76673682067968,142.25309458095086,140.00097326971112,140.3870849609375,17288400,0.0,0.0
2023-12-28 00:00:00-05:00,140.79403551678763,141.21090710347138,139.77964041659132,140.228271484375,12192500,0.0,0.0
2023-12-29 00:00:00-05:00,139.63273569618974,140.3821201342033,138.8585434224958,139.88087463378906,14881000,0.0,0.0
2024-01-02 00:00:00-05:00,138.56075257105755,139.5681957883921,136.71459875239773,138.5210418701172,20071900,0.0,0.0
2024-01-03 00:00:00-05:00,137.568231858587,140.0396859625088,137.39948405472208,139.31512451171875,18974300,0.0,0.0
2024-01-04 00:00:00-05:00,138.80888240362614,139.58802690279796,136.9825689091829,137.01234436035156,18253300,0.0,0.0
2024-01-05 00:00:00-05:00,137.32207747702685,137.7766606176353,135.83125983765348,136.3672332763672,15439500,0.0,0.0
2024-01-08 00:00:00-05:00,136.97267641963853,139.59302266707593,136.85357459095405,139.4838409423828,17645300,0.0,0.0
2024-01-09 00:00:00-05:00,139.01734435202192,141.73695233295356,138.74935008117012,141.4987335205078,19579700,0.0,0.0
2024-01-10 00:00:00-05:00,141.4590525315388,143.44911655095675,141.3995016085915,142.72952270507812,16641900,0.0,0.0
2024-01-11 00:00:00-05:00,143.81636594660668,145.56822619459635,141.15630872935984,142.60047912597656,17471100,0.0,0.0
2024-01-12 00:00:00-05:00,143.26547572373775,143.66250706209212,142.29277544886418,143.16622924804688,13998700,0.0,0.0
2024-01-16 00:00:00-05:00,142.36224553035362,144.75430821315538,141.99103675526231,143.00741577148438,19198900,0.0,0.0
2024-01-17 00:00:00-05:00,141.8461340405236,142.34241187414503,139.46399135202222,141.82627868652344,17884500,0.0,0.0
2024-01-18 00:00:00-05:00,142.37218029404167,144.501216335679,142.2828539232533,143.91064453125,18876800,0.0,0.0
2024-01-19 00:00:00-05:00,145.21584041702704,146.93792499629077,144.71461013559056,146.8684539794922,27181000,0.0,0.0
2024-01-22 00:00:00-05:00,147.60293759707895,148.8982152770713,146.48134501640553,146.61038208007812,21829200,0.0,0.0
2024-01-23 00:00:00-05:00,146.62032095653905,147.75183378499338,146.09426767678733,147.5731658935547,14113600,0.0,0.0
2024-01-24 00:00:00-05:00,149.17117734908445,150.4416624752705,148.7245303494736,149.23074340820312,19245000,0.0,0.0
2024-01-25 00:00:00-05:00,150.6103816294908,153.6078884266451,150.09424851304752,152.49623107910156,21495100,0.0,0.0
2024-01-26 00:00:00-05:00,151.73199213213928,152.96276671016125,151.66252110538252,152.6451416015625,19494500,0.0,0.0
2024-01-29 00:00:00-05:00,152.49626825555958,154.04465283716846,151.7816268878633,153.6873321533203,20909300,0.0,0.0
2024-01-30 00:00:00-05:00,152.8635048238572,153.8858360295156,151.63769787306504,151.91065979003906,26578900,0.0,0.0
2024-01-31 00:00:00-05:00,144.3076713205496,144.50617942972633,140.49626110164365,140.74440002441406,43908600,0.0,0.0
2024-02-01 00:00:00-05:00,142.62032911698014,143.54339863638106,141.20096660878144,141.6476287841797,25526900,0.0,0.0
2024-02-02 00:00:00-05:00,139.8411540776488,142.8089006932634,137.1414017074058,142.47142028808594,42136100,0.0,0.0
2024-02-05 00:00:00-05:00,142.96771551558987,145.5781418375602,142.8386935740903,143.85108947753906,29254400,0.0,0.0
2024-02-06 00:00:00-05:00,144.87343857858662,145.6476308233524,143.44415592818876,144.32752990722656,21517700,0.0,0.0
2024-02-07 00:00:00-05:00,145.0322297194602,145.90568355591802,144.1290155697023,145.5880584716797,21436100,0.0,0.0
2024-02-08 00:00:00-05:00,145.87593025855838,146.51116537834093,145.33002152783902,146.1240692138672,18241300,0.0,0.0
2024-02-09 00:00:00-05:00,146.84862448748711,149.57320039982767,146.33249124170396,149.1017303466797,21877700,0.0,0.0
2024-02-12 00:00:00-05:00,148.42675507380383,149.46894146398108,147.45405484406334,147.62278747558594,17236100,0.0,0.0
2024-02-13 00:00:00-05:00,144.9826256402481,146.93794653373433,144.0297654565706,145.28038024902344,18138500,0.0,0.0
2024-02-14 00:00:00-05:00,146.27294607310262,146.7295284133358,144.47145483994314,146.04466247558594,16651800,0.0,0.0
2024-02-15 00:00:00-05:00,143.38460244061395,143.68235703311552,140.82380692871453,142.86846923828125,26724300,0.0,0.0
2024-02-16 00:00:00-05:00,143.13647034143443,143.404449487463,140.4664929699147,140.70469665527344,21865100,0.0,0.0
2024-02-20 00:00:00-05:00,139.89080371891967,142.26201166893406,139.75184652579617,141.14141845703125,18625600,0.0,0.0
2024-02-21 00:00:00-05:00,141.5781469830933,142.90816801011562,140.85358554974505,142.7692108154297,16440800,0.0,0.0
2024-02-22 00:00:00-05:00,145.03222207561723,145.11162834249177,142.93792911554172,144.23818969726562,23024700,0.0,0.0
2024-02-23 00:00:00-05:00,143.89079460672014,144.86846253331288,143.71212671320606,144.20840454101562,14519400,0.0,0.0
2024-02-26 00:00:00-05:00,142.38211076688523,142.7692068803552,137.70718194614793,137.71710205078125,33513000,0.0,0.0
2024-02-27 00:00:00-05:00,138.3721867906262,139.4441487099668,137.46895751434883,139.0570526123047,22364000,0.0,0.0
2024-02-28 00:00:00-05:00,138.06451816318665,138.24317093791151,135.62282422554924,136.4069366455078,30628700,0.0,0.0
2024-02-29 00:00:00-05:00,137.32007836867083,138.90815829996205,136.545886183812,138.7394256591797,35485000,0.0,0.0
2024-03-01 00:00:00-05:00,138.57067166652237,138.9577676993055,136.94784890316132,137.05206298828125,28551500,0.0,0.0
2024-03-04 00:00:00-05:00,135.52356576664047,135.6129073012985,131.87096759804479,133.20098876953125,43571500,0.0,0.0
2024-03-05 00:00:00-05:00,131.75185210566013,133.02232221931425,130.57070837221644,132.7841033935547,28447600,0.0,0.0
2024-03-06 00:00:00-05:00,133.2406826036386,133.73696045357664,130.9677215696114,131.57318115234375,23175200,0.0,0.0
2024-03-07 00:00:00-05:00,132.8932593084275,134.80889935686568,131.67242024715893,134.23321533203125,24107300,0.0,0.0
2024-03-08 00:00:00-05:00,134.0297436957814,137.95033512922004,133.79649253334514,135.275390625,26495200,0.0,0.0
2024-03-11 00:00:00-04:00,136.04962624585653,138.9379520173366,136.04962624585653,137.90570068359375,22536400,0.0,0.0
2024-03-12 00:00:00-04:00,137.22083092535453,139.235717864035,137.18113535967947,138.58062744140625,19019700,0.0,0.0
2024-03-13 00:00:00-04:00,139.01733999159399,141.13148834329465,138.96770918074148,139.72206115722656,19637000,0.0,0.0
2024-03-14 00:00:00-04:00,141.24065059836266,143.6525531922914,140.43171544309354,143.2654571533203,36117900,0.0,0.0
2024-03-15 00:00:00-04:00,142.3423923528521,143.26546172710042,140.07936695351276,141.1116180419922,41039500,0.0,0.0
2024-03-18 00:00:00-04:00,148.2580382631111,151.79153408899293,147.03719900758404,147.37466430664062,47676700,0.0,0.0
2024-03-19 00:00:00-04:00,147.87095434904094,148.506189435926,145.9156182708543,146.81884765625,17748400,0.0,0.0
2024-03-20 00:00:00-04:00,147.6823608666149,148.64514113935445,146.56573566685813,148.56573486328125,17730000,0.0,0.0
2024-03-21 00:00:00-04:00,149.20097598630602,150.17862878450183,146.90815966045912,147.6327362060547,19843900,0.0,0.0
2024-03-22 00:00:00-04:00,149.12155838414085,151.4242794942746,148.97266595743443,150.64016723632812,19252900,0.0,0.0
2024-03-25 00:00:00-04:00,149.82628741129568,150.32851734935844,147.6922986071909,150.02479553222656,15114700,0.0,0.0
2024-03-26 00:00:00-04:00,150.11414204971865,152.05954290278282,149.90569867143353,150.57070922851562,19312700,0.0,0.0
2024-03-27 00:00:00-04:00,151.0123899187446,151.5533309531698,149.0123908062486,150.8089141845703,16622000,0.0,0.0
2024-03-28 00:00:00-04:00,150.86846684841055,151.53347735196334,150.20345634485778,151.12652587890625,21105600,0.0,0.0
2024-04-01 00:00:00-04:00,150.69972781832226,155.83123876797126,150.52105992384992,155.3349609375,24469800,0.0,0.0
2024-04-02 00:00:00-04:00,153.59798304881323,154.82875747672568,152.3175929557825,154.7096405029297,17598100,0.0,0.0
2024-04-03 00:00:00-04:00,153.76671473931447,155.38458524539197,152.9845864846633,155.20591735839844,17266200,0.0,0.0
2024-04-04 00:00:00-04:00,153.92553844996553,155.01734062345932,150.74936326631402,150.8089141845703,24184800,0.0,0.0
2024-04-05 00:00:00-04:00,150.5508511437314,153.68733099552557,149.95631120987514,152.79403686523438,16297300,0.0,0.0
2024-04-08 00:00:00-04:00,152.8684650185755,155.48881145200644,152.84365718423768,154.97764587402344,16641500,0.0,0.0
2024-04-09 00:00:00-04:00,156.17865616181027,158.69974114878684,155.47393490260237,156.9627685546875,21521500,0.0,0.0
2024-04-10 00:00:00-04:00,156.70470686068956,156.98262125943583,155.03720532301298,156.48634338378906,16339200,0.0,0.0
2024-04-11 00:00:00-04:00,157.16127427147057,159.92057805277852,156.75432277795423,159.59303283691406,17841700,0.0,0.0
2024-04-12 00:00:00-04:00,158.2183549670864,160.49626869453323,157.4193548234397,158.0049591064453,16989800,0.0,0.0
2024-04-15 00:00:00-04:00,159.08682110387247,159.63272974979193,154.98756135247436,155.16622924804688,21140900,0.0,0.0
2024-04-16 00:00:00-04:00,154.48137865961047,156.05953869112105,153.89577439310514,154.8386993408203,15413200,0.0,0.0
2024-04-17 00:00:00-04:00,156.01983278787083,157.49973066989327,154.9726786496622,155.71214294433594,16237800,0.0,0.0
2024-04-18 00:00:00-04:00,155.75677519205126,157.30515935205597,155.04710164291492,156.2877960205078,14016100,0.0,0.0
2024-04-19 00:00:00-04:00,156.57566262849005,156.81388145021202,152.76425235212744,154.56077575683594,21479900,0.0,0.0
2024-04-22 00:00:00-04:00,154.84860943897397,157.99997681824564,154.50122403079163,156.774169921875,17243900,0.0,0.0
2024-04-23 00:00:00-04:00,157.4093762697895,159.28530559663673,156.78902906983745,158.72947692871094,16115400,0.0,0.0
2024-04-24 00:00:00-04:00,157.9056947743927,160.1885760883106,157.63771561940698,159.90074157714844,19485700,0.0,0.0
2024-04-25 00:00:00-04:00,152.21834288977288,157.10171512058272,151.63075464016526,156.774169921875,36197800,0.0,0.0
2024-04-26 00:00:00-04:00,174.6798997898371,175.1066915119315,170.12405718107405,172.3970184326172,56500800,0.0,0.0
2024-04-29 00:00:00-04:00,169.49873042708288,170.1041899716606,165.8163423487109,166.65008544921875,35914600,0.0,0.0
2024-04-30 00:00:00-04:00,166.13397570999825,168.60542967730703,163.27541048543134,163.41436767578125,29420800,0.0,0.0
2024-05-01 00:00:00-04:00,164.9428925341537,167.55331876997855,163.67242249923606,164.3374481201172,25223200,0.0,0.0
2024-05-02 00:00:00-04:00,165.42923441345826,167.27538837253567,164.45653419916465,167.20591735839844,17041100,0.0,0.0
2024-05-03 00:00:00-04:00,168.27788815241365,168.58559314401003,163.75183654496038,167.73199462890625,22767100,0.0,0.0
2024-05-06 00:00:00-04:00,167.96026008182562,168.63519062108853,166.64015931452982,168.5657196044922,15147900,0.0,0.0
2024-05-07 00:00:00-04:00,168.85356617161062,172.17863373280835,168.73446433736515,171.69227600097656,21102400,0.0,0.0
2024-05-08 00:00:00-04:00,169.47889749902424,170.62926624237883,169.25259793397075,169.88584899902344,14569900,0.0,0.0
2024-05-09 00:00:00-04:00,169.87589704336452,171.15630234033898,168.6649779130589,170.30270385742188,11937700,0.0,0.0
2024-05-10 00:00:00-04:00,168.42675358954892,170.06446418787007,166.66000592335183,169.02227783203125,18740500,0.0,0.0
2024-05-13 00:00:00-04:00,164.612384104361,169.6773926544997,164.52602618565487,169.6277618408203,19648600,0.0,0.0
2024-05-14 00:00:00-04:00,170.3126201634331,171.49376380888015,169.15133187161973,170.65008544921875,18729500,0.0,0.0
2024-05-15 00:00:00-04:00,171.01734675545546,172.75035115427644,170.74935248110228,172.58558654785156,20958200,0.0,0.0
2024-05-16 00:00:00-04:00,173.30023079535803,175.02726801562068,172.75432213283904,174.12403869628906,17247300,0.0,0.0
2024-05-17 00:00:00-04:00,174.24314719004573,176.17366005161608,173.67738320048903,175.97018432617188,16546400,0.0,0.0
2024-05-20 00:00:00-04:00,175.99005208038096,178.61039857225245,175.90569332559252,177.13150024414062,17495100,0.0,0.0
2024-05-21 00:00:00-04:00,177.0719325314541,178.4813749668358,175.99005044285664,178.2034454345703,14706000,0.0,0.0
2024-05-22 00:00:00-04:00,177.0719430070538,177.52058924003137,175.46400750886775,176.6749267578125,16189400,0.0,0.0
2024-05-23 00:00:00-04:00,177.44909840127502,178.5706911354357,173.24065698100614,173.7567901611328,14928400,0.0,0.0
2024-05-24 00:00:00-04:00,175.205937250306,175.98409753033752,173.8957564502872,175.01734924316406,11403600,0.0,0.0
2024-05-28 00:00:00-04:00,174.43173748593026,177.18110576503003,174.37217142424652,176.69476318359375,15655300,0.0,0.0
2024-05-29 00:00:00-04:00,175.4937567808549,176.90318394408737,174.94784816071635,176.07936096191406,15023800,0.0,0.0
2024-05-30 00:00:00-04:00,175.37464815310898,175.37464815310898,171.94039917655425,172.2679443359375,18826300,0.0,0.0
2024-05-31 00:00:00-04:00,172.10913417199438,173.12154511988513,169.6972313450389,172.66497802734375,28085200,0.0,0.0
2024-06-03 00:00:00-04:00,172.58557813628582,174.55083404696404,171.1662157070426,173.12155151367188,20742800,0.0,0.0
2024-06-04 00:00:00-04:00,173.15133295793305,173.88582960327014,171.93049372903275,173.82627868652344,14066600,0.0,0.0
2024-06-05 00:00:00-04:00,175.22081016268223,176.64512505537928,173.9850681159825,175.7518310546875,15233900,0.0,0.0
2024-06-06 00:00:00-04:00,176.1091589930076,177.37964428327348,175.89081066216062,177.02232360839844,14255800,0.0,0.0
2024-06-07 00:00:00-04:00,177.13146070986716,178.0843055059543,174.48132420433717,174.64013671875,14716300,0.0,0.0
2024-06-10 00:00:00-04:00,175.33573146009923,177.3429795915251,173.27881120401568,175.5146026611328,17099800,0.2,0.0
2024-06-11 00:00:00-04:00,176.59772506993409,177.26349229716828,174.33212415377145,177.06475830078125,14402400,0.0,0.0
2024-06-12 00:00:00-04:00,178.61491956248847,180.9302079610102,176.65735845220254,178.42611694335938,18600400,0.0,0.0
2024-06-13 00:00:00-04:00,176.71696117955426,177.3827284020576,175.54441999550025,175.62391662597656,15956900,0.0,0.0
2024-06-14 00:00:00-04:00,174.74153235235562,177.6013490997328,174.74153235235562,177.24362182617188,12361600,0.0,0.0
2024-06-17 00:00:00-04:00,175.8623951756443,178.78383196878292,175.3754991517427,177.65103149414062,15272900,0.0,0.0
2024-06-18 00:00:00-04:00,177.66097417509516,177.7802267121932,174.5109938407552,175.33575439453125,15640300,0.0,0.0
2024-06-20 00:00:00-04:00,175.59409872461265,177.6112782420119,175.34567745239667,176.58778381347656,16753200,0.0,0.0
2024-06-21 00:00:00-04:00,177.3628769542596,181.35946682334284,176.93558443343846,179.12168884277344,58903200,0.0,0.0
2024-06-24 00:00:00-04:00,180.13525716813544,180.93020838412224,179.09188464480485,179.64834594726562,18198300,0.0,0.0
2024-06-25 00:00:00-04:00,180.00109010095835,184.57700570070918,179.96133420634663,184.4080810546875,18797000,0.0,0.0
2024-06-26 00:00:00-04:00,183.03679210972498,184.75586308463522,182.8281267300032,184.19940185546875,13375700,0.0,0.0
2024-06-27 00:00:00-04:00,184.4726841150096,186.31596582475487,184.27890823258446,185.6800079345703,13025700,0.0,0.0
2024-06-28 00:00:00-04:00,184.54719750656122,185.40176729684305,182.16731745275024,182.26171875,23032400,0.0,0.0
2024-07-01 00:00:00-04:00,183.3150503918,184.1696203119794,181.57610120698192,183.3249969482422,11815900,0.0,0.0
2024-07-02 00:00:00-04:00,182.31140894074,185.76942888936475,181.90399440532445,185.43157958984375,12555500,0.0,0.0
2024-07-03 00:00:00-04:00,185.12355183321114,186.4352083846934,184.21432140369464,186.2066650390625,7409100,0.0,0.0
2024-07-05 00:00:00-04:00,186.13713415365032,191.0459267063679,186.13713415365032,190.74783325195312,14303400,0.0,0.0
2024-07-08 00:00:00-04:00,190.15658178763013,190.46859434422822,188.12449728729817,189.27716064453125,12097600,0.0,0.0
2024-07-09 00:00:00-04:00,190.53913668217973,191.64212785825836,189.0287309360106,189.23741149902344,10198500,0.0,0.0
2024-07-10 00:00:00-04:00,189.5454324574855,192.08926388256418,189.41624854275796,191.44337463378906,12052900,0.0,0.0
2024-07-11 00:00:00-04:00,190.1316990585472,191.19494936926395,185.64025342593737,186.11721801757812,16452000,0.0,0.0
2024-07-12 00:00:00-04:00,185.73962495696273,187.4984519041039,184.96455175905618,185.6005096435547,14449100,0.0,0.0
2024-07-15 00:00:00-04:00,185.3123556492613,188.70081060739636,185.3123556492613,187.00161743164062,12186000,0.0,0.0
2024-07-16 00:00:00-04:00,187.76675536324498,189.13803057985837,183.9509928079568,184.32859802246094,12760100,0.0,0.0
2024-07-17 00:00:00-04:00,183.51375521766312,184.060285049871,180.47308126701884,181.46676635742188,17376600,0.0,0.0
2024-07-18 00:00:00-04:00,182.38096887274884,182.88775801185622,177.08464027578145,178.0882568359375,17877200,0.0,0.0
2024-07-19 00:00:00-04:00,179.2309634529681,180.82086556100674,177.73050452079895,178.2571563720703,14485900,0.0,0.0
2024-07-22 00:00:00-04:00,181.19848408923778,183.13616700217142,180.75131366419583,182.19216918945312,16303900,0.0,0.0
2024-07-23 00:00:00-04:00,182.67908754225073,184.05037800035478,182.17231353759334,182.44061279296875,23772600,0.0,0.0
2024-07-24 00:00:00-04:00,174.2824535707549,176.82628535819714,172.47395431910877,173.26889038085938,31250700,0.0,0.0
2024-07-25 00:00:00-04:00,173.14963533064466,174.09363317944442,167.9824756445121,168.09178161621094,28967900,0.0,0.0
2024-07-26 00:00:00-04:00,167.7042503176182,168.7674855646174,164.81759611294638,167.61480712890625,25150100,0.0,0.0
2024-07-29 00:00:00-04:00,169.42332041868983,171.07284142949192,168.64824720396254,170.04934692382812,13768900,0.0,0.0
2024-07-30 00:00:00-04:00,170.74494041099024,171.85786305259506,169.04573194128005,170.77474975585938,13681400,0.0,0.0
2024-07-31 00:00:00-04:00,173.8154065705776,174.7991603386014,170.63561708735276,172.05657958984375,15650200,0.0,0.0
2024-08-01 00:00:00-04:00,170.89395922173026,174.57059105858158,169.43324091199892,171.36099243164062,17177800,0.0,0.0
2024-08-02 00:00:00-04:00,167.12789773238893,169.13514585990146,165.33926153769613,167.33656311035156,18907800,0.0,0.0
2024-08-05 00:00:00-04:00,156.3762401380253,164.892129855876,155.61111342618975,159.62559509277344,34907800,0.0,0.0
2024-08-06 00:00:00-04:00,159.92867105318848,161.32479753974454,157.13144480212082,159.52621459960938,36146500,0.0,0.0
2024-08-07 00:00:00-04:00,162.2091598776104,163.74935964027543,159.228104601591,159.73487854003906,19334200,0.0,0.0
2024-08-08 00:00:00-04:00,161.3188189520736,164.45489516194675,161.00680641897057,162.8053741455078,15733600,0.0,0.0
2024-08-09 00:00:00-04:00,160.6242351398651,164.47476497200182,159.913738757068,164.3455810546875,13549200,0.0,0.0
2024-08-12 00:00:00-04:00,164.94675710820903,165.6473069392791,162.51720486741277,162.9146728515625,12435000,0.0,0.0
2024-08-13 00:00:00-04:00,164.14188103724572,165.4883201860964,163.72950836654053,164.88217163085938,12717600,0.0,0.0
2024-08-14 00:00:00-04:00,163.1730624194001,163.91832636076145,158.52260754083977,161.00682067871094,22515900,0.0,0.0
2024-08-15 00:00:00-04:00,161.18568858561133,162.48741381702612,160.47023400366172,162.13961791992188,18392500,0.0,0.0
2024-08-16 00:00:00-04:00,162.3780887462337,165.89572739193937,162.05017083785265,163.69969177246094,16853100,0.0,0.0
2024-08-19 00:00:00-04:00,165.9454100491634,167.40612834462655,165.0411529781755,167.33656311035156,13100800,0.0,0.0
2024-08-20 00:00:00-04:00,167.67443919947158,169.3338915956219,167.59494256725435,167.89305114746094,12622500,0.0,0.0
2024-08-21 00:00:00-04:00,165.93548377958084,167.57505816391546,165.51813784833985,166.57144165039062,15269600,0.0,0.0
2024-08-22 00:00:00-04:00,167.97254729972832,168.35015254515864,163.98787492204426,164.44497680664062,19123800,0.0,0.0
2024-08-23 00:00:00-04:00,165.4982784875892,166.88943174796648,164.6138992372565,166.37271118164062,14281600,0.0,0.0
2024-08-26 00:00:00-04:00,167.09310729451002,168.31037753789911,165.26970373045475,166.86952209472656,11990300,0.0,0.0
2024-08-27 00:00:00-04:00,166.55158960509237,167.18257429645269,165.11074898834605,165.32936096191406,13718200,0.0,0.0
2024-08-28 00:00:00-04:00,165.72681315627662,166.33296172275269,162.24891502525102,163.46121215820312,15208700,0.0,0.0
2024-08-29 00:00:00-04:00,165.01135496381278,166.57144794033493,160.9591039770169,162.36814880371094,17133800,0.0,0.0
2024-08-30 00:00:00-04:00,163.18297313639766,164.23627694740046,162.37809060770428,164.06735229492188,18498800,0.0,0.0
2024-09-03 00:00:00-04:00,162.2836887747074,162.34828073388488,156.8581613154102,157.6083984375,26533100,0.0,0.0
2024-09-04 00:00:00-04:00,157.07678727910556,159.3871023707654,156.44580262625547,156.81346130371094,17410700,0.0,0.0
2024-09-05 00:00:00-04:00,156.78365107519826,159.99822333306017,156.5252983793141,157.59848022460938,14139500,0.0,0.0
2024-09-06 00:00:00-04:00,157.68789894285695,158.21455085957402,150.97555089993128,151.16932678222656,24999100,0.0,0.0
2024-09-09 00:00:00-04:00,152.86079303597603,153.86573058964393,147.45797267088392,148.791259765625,28057700,0.2,0.0
2024-09-10 00:00:00-04:00,150.69171904726548,151.5374693511312,148.79426929811413,149.25892639160156,20401800,0.0,0.0
2024-09-11 00:00:00-04:00,150.33350856255606,151.716548407751,147.95547558607294,151.38819885253906,18991500,0.0,0.0
2024-09-12 00:00:00-04:00,154.03490489530117,154.83090254362375,152.7314661475892,154.76124572753906,20980800,0.0,0.0
2024-09-13 00:00:00-04:00,155.57913012080755,158.47753979735216,155.32839292130552,157.5770721435547,16733900,0.0,0.0
2024-09-16 00:00:00-04:00,157.53728578536007,158.44273330210058,156.82088941853155,158.19398498535156,14157600,0.0,0.0
2024-09-17 00:00:00-04:00,159.28845740813813,160.78094720498908,158.61186932111355,159.47750854492188,12064800,0.0,0.0
2024-09-18 00:00:00-04:00,160.04464526203586,160.82073866085767,158.86060105085159,160.0048370361328,16756500,0.0,0.0
2024-09-19 00:00:00-04:00,163.99480549324826,164.16395253493934,161.7083067253853,162.42271423339844,17548200,0.0,0.0
2024-09-20 00:00:00-04:00,163.6962795068724,163.92512368340348,162.3629771291916,163.815673828125,46362700,0.0,0.0
2024-09-23 00:00:00-04:00,164.51217902638942,165.77582469509017,162.1341457847575,162.25355529785156,15648400,0.0,0.0
2024-09-24 00:00:00-04:00,163.4276404563426,163.72614146625725,161.21875423832304,162.82069396972656,18774100,0.0,0.0
2024-09-25 00:00:00-04:00,162.15403082295086,163.39478129853632,161.95999987599612,162.17393493652344,13607900,0.0,0.0
2024-09-26 00:00:00-04:00,164.2037392619377,164.67138731664284,162.68140076296737,163.00975036621094,18234500,0.0,0.0
2024-09-27 00:00:00-04:00,163.08933732513577,166.13401405564426,163.0097360480935,164.46241760253906,13604300,0.0,0.0
2024-09-30 00:00:00-04:00,163.95499824328758,166.5220828337227,163.81569978562334,166.35293579101562,14070100,0.0,0.0
2024-10-01 00:00:00-04:00,168.01453584434452,169.58662676770317,165.06934958158877,167.5767364501953,18629500,0.0,0.0
2024-10-02 00:00:00-04:00,166.92007978875355,168.03448267051223,165.41764528818874,166.4723358154297,12745000,0.0,0.0
2024-10-03 00:00:00-04:00,164.98977806625155,167.0693101897403,164.54201898480358,166.37281799316406,11004300,0.0,0.0
2024-10-04 00:00:00-04:00,168.4921579951081,168.70111326366936,166.1240843183051,167.716064453125,11422100,0.0,0.0
2024-10-07 00:00:00-04:00,168.2931425612473,169.0493318975737,163.30823229275637,163.56692504882812,14034700,0.0,0.0
2024-10-08 00:00:00-04:00,164.6017241614429,165.26838299175876,163.48733659266168,164.87037658691406,11723900,0.0,0.0
2024-10-09 00:00:00-04:00,164.02958688197026,165.42755100383786,160.31328696387484,162.2435760498047,19666400,0.0,0.0
2024-10-10 00:00:00-04:00,161.2983412910555,163.48832523779743,160.830693292667,162.36297607421875,12900500,0.0,0.0
2024-10-11 00:00:00-04:00,162.51222955123868,164.44251865032217,161.6863834324354,163.69627380371094,10946000,0.0,0.0
2024-10-14 00:00:00-04:00,164.08434289007533,166.78076613469128,163.95498890732665,165.5171356201172,9981800,0.0,0.0
2024-10-15 00:00:00-04:00,166.30316540961533,168.24339914310818,165.21862644863623,166.06436157226562,14829300,0.0,0.0
2024-10-16 00:00:00-04:00,165.19871479504792,166.44245625750682,164.38879497014153,165.90516662597656,9968500,0.0,0.0
2024-10-17 00:00:00-04:00,166.5419658674321,167.08919997886755,163.5470266332128,163.6863250732422,15113400,0.0,0.0
2024-10-18 00:00:00-04:00,164.04451089720126,165.53700057775777,163.9251165811216,164.22361755371094,13091300,0.0,0.0
2024-10-21 00:00:00-04:00,163.75598620564867,165.38777448150628,163.48235396031905,164.96987915039062,11384000,0.0,0.0
2024-10-22 00:00:00-04:00,163.87537583552393,166.63151123094954,163.84552725432798,165.98477172851562,11958600,0.0,0.0
2024-10-23 00:00:00-04:00,165.59672804397988,166.7608835683857,162.8137346919664,163.656494140625,12754300,0.0,0.0
2024-10-24 00:00:00-04:00,163.76595022298804,164.22365383974224,161.95507023863277,163.7062530517578,12764400,0.0,0.0
2024-10-25 00:00:00-04:00,164.53705149933973,166.56185106753804,164.4027177042704,166.15391540527344,14566400,0.0,0.0
2024-10-28 00:00:00-04:00,169.7358967018464,169.7518230313522,164.95992601392894,167.49716186523438,20858300,0.0,0.0
2024-10-29 00:00:00-04:00,168.53690899703057,170.99952311258303,167.8155480737852,170.2831268310547,28916100,0.0,0.0
2024-10-30 00:00:00-04:00,181.49671405969505,182.86979435775086,174.86507585018174,175.2581024169922,49698300,0.0,0.0
2024-10-31 00:00:00-04:00,173.84519796451954,177.52666944712772,171.69600919609024,171.8253631591797,32801900,0.0,0.0
2024-11-01 00:00:00-04:00,170.68114034943142,172.94973899268834,169.4573028676897,171.78558349609375,21752900,0.0,0.0
2024-11-04 00:00:00-05:00,170.38263311364355,171.05922117064537,168.636415270449,169.82542419433594,16194000,0.0,0.0
2024-11-05 00:00:00-05:00,169.974690451263,171.23534513726273,169.51698689827467,170.55178833007812,12518300,0.0,0.0
2024-11-06 00:00:00-05:00,174.4720583941824,177.7455792425123,174.16359775834172,177.4371337890625,27061500,0.0,0.0
2024-11-07 00:00:00-05:00,178.21322879299478,181.66585633668203,177.99432907915246,181.3673553466797,16730400,0.0,0.0
2024-11-08 00:00:00-05:00,181.08875743861722,181.4370111220325,178.67093131640752,178.95947265625,15021500,0.0,0.0
2024-11-11 00:00:00-05:00,179.1684180742373,181.17332860002983,179.08881680289787,181.05889892578125,12503400,0.0,0.0
2024-11-12 00:00:00-05:00,180.47190160268062,183.10364812470752,180.08385479719502,182.40219116210938,14065800,0.0,0.0
2024-11-13 00:00:00-05:00,181.2380114579533,181.70069485027344,179.21817640799486,179.58633422851562,13969700,0.0,0.0
2024-11-14 00:00:00-05:00,178.85002901621897,179.541556582856,175.14865307038795,176.46205139160156,17925800,0.0,0.0
2024-11-15 00:00:00-05:00,174.76060146772068,174.99940529649922,171.88009196154317,173.0193634033203,21708900,0.0,0.0
2024-11-18 00:00:00-05:00,174.07904641414385,176.02426004579834,173.546721379973,175.91481018066406,18662800,0.0,0.0
2024-11-19 00:00:00-05:00,174.3576310893563,179.26792001994184,174.2392236211427,178.68087768554688,15392900,0.0,0.0
2024-11-20 00:00:00-05:00,177.93462841007488,178.21322527994758,174.4521523542752,176.442138671875,15729800,0.0,0.0
2024-11-21 00:00:00-05:00,174.5765176861492,174.70089182472054,164.48230834863082,168.39263916015625,38839400,0.0,0.0
2024-11-22 00:00:00-05:00,166.32308060039298,167.4225439255199,164.88034337851366,165.7360382080078,24497000,0.0,0.0
2024-11-25 00:00:00-05:00,167.14890293052022,169.60653719909206,166.56184543973808,168.58168029785156,21395700,0.0,0.0
2024-11-26 00:00:00-05:00,168.6414149979063,170.6363661825947,168.58170264842587,169.7657470703125,14937500,0.0,0.0
2024-11-27 00:00:00-05:00,169.82542332257182,170.28312685119872,168.82048570810457,169.96473693847656,12433400,0.0,0.0
2024-11-29 00:00:00-05:00,169.20852811877984,170.0144701194683,167.90508955644262,169.63638305664062,9250700,0.0,0.0
2024-12-02 00:00:00-05:00,169.46725170525065,172.73082823660852,169.41749900801094,172.11392211914062,16593400,0.0,0.0
2024-12-03 00:00:00-05:00,172.25323778062682,173.44724190416832,171.64629125137068,172.15374755859375,15721500,0.0,0.0
2024-12-04 00:00:00-05:00,171.9149335172347,175.54665282783589,171.88508493415299,175.20835876464844,18239800,0.0,0.0
2024-12-05 00:00:00-05:00,176.43219499752993,176.8202417239073,173.13875487391763,173.437255859375,16145500,0.0,0.0
2024-12-06 00:00:00-05:00,173.00942092374532,175.95360541178027,172.68107134880123,175.60635375976562,13319500,0.0,0.0
2024-12-09 00:00:00-05:00,175.033569343468,177.34954989746097,174.71978848912806,176.4132080078125,19887800,0.2,0.0
2024-12-10 00:00:00-05:00,183.81936694787325,187.30080828516913,181.96159404677394,185.80662536621094,34317400,0.0,0.0
2024-12-11 00:00:00-05:00,185.97596819620176,196.1264534717187,185.53767209878993,195.94715881347656,41664500,0.0,0.0
2024-12-12 00:00:00-05:00,195.53876395662004,195.94219217606218,192.53047107123982,192.87911987304688,25197800,0.0,0.0
2024-12-13 00:00:00-05:00,191.96267672150887,193.58634524081108,190.51828766622816,190.63783264160156,18883200,0.0,0.0
2024-12-16 00:00:00-05:00,193.61127430182802,199.86193429821952,193.35725830656568,197.3915557861328,32248600,0.0,0.0
2024-12-17 00:00:00-05:00,197.76009594579685,202.09323264899297,195.92723514612658,196.35556030273438,24129500,0.0,0.0
2024-12-18 00:00:00-05:00,196.0667007110212,197.9194882921804,188.54597635525514,189.41259765625,27638400,0.0,0.0
2024-12-19 00:00:00-05:00,192.53045879108183,193.8453471258527,188.78504554591882,188.96434020996094,26981200,0.0,0.0
2024-12-20 00:00:00-05:00,186.28477739524527,193.38214693659674,185.6472598970594,192.2117156982422,45319700,0.0,0.0
2024-12-23 00:00:00-05:00,193.2775442063514,195.72801093509787,190.88685756335263,195.22994995117188,15235900,0.0,0.0
2024-12-24 00:00:00-05:00,195.40925307265215,196.90343608914247,194.44102235636947,196.8038330078125,6809800,0.0,0.0
2024-12-26 00:00:00-05:00,195.9770430636019,197.3915344458099,195.1104066085955,196.3356475830078,7907900,0.0,0.0
2024-12-27 00:00:00-05:00,195.70809046620545,196.03681255000853,191.2275326178882,193.28750610351562,14693000,0.0,0.0
2024-12-30 00:00:00-05:00,190.12482942840555,193.02851834654408,189.62178295869177,191.9427490234375,12209500,0.0,0.0
2024-12-31 00:00:00-05:00,191.6987065345426,192.50057745269567,188.84481151855695,189.70147705078125,14355200,0.0,0.0
2025-01-02 00:00:00-05:00,190.74241182117314,192.4507573140893,187.9781794953131,189.89073181152344,17545200,0.0,0.0
2025-01-03 00:00:00-05:00,191.97761429533654,193.74572472649058,190.60794657554771,192.38104248046875,12875000,0.0,0.0
2025-01-06 00:00:00-05:00,194.39319109112728,198.786092507541,194.3035437641673,197.1923065185547,19483300,0.0,0.0
2025-01-07 00:00:00-05:00,197.50110665003498,201.35609379839065,195.1801406430058,195.94715881347656,16966800,0.0,0.0
2025-01-08 00:00:00-05:00,193.19786031960788,196.87355295931474,192.99863895802596,194.6322784423828,14335300,0.0,0.0
2025-01-10 00:00:00-05:00,194.66217309499478,196.85363860906642,190.85699469140422,192.4208984375,20753800,0.0,0.0
2025-01-13 00:00:00-05:00,190.60795433486177,191.74353282805677,187.92838367294684,191.54429626464844,13169100,0.0,0.0
2025-01-14 00:00:00-05:00,191.7534864195981,192.52050462116884,188.90457687052228,190.30911254882812,13651200,0.0,0.0
2025-01-15 00:00:00-05:00,193.5963046111118,197.03292225517586,192.58025597908446,196.21609497070312,12894900,0.0,0.0
2025-01-16 00:00:00-05:00,195.06558809902253,196.21610779593715,193.54650812506105,193.6560821533203,13449600,0.0,0.0
2025-01-17 00:00:00-05:00,197.28198132895702,198.03902863921903,194.55260135312147,196.78392028808594,22109100,0.0,0.0
2025-01-21 00:00:00-05:00,199.73242729025483,203.04951554928857,198.66658459779842,198.85585021972656,19005200,0.0,0.0
2025-01-22 00:00:00-05:00,199.77229072779005,201.33619452516072,198.42751980935626,199.25430297851562,15477400,0.0,0.0
2025-01-23 00:00:00-05:00,199.204472992969,201.15687879775032,196.05673902959322,198.8060302734375,15170800,0.0,0.0
2025-01-24 00:00:00-05:00,199.07498177461218,201.7844347488489,199.0092282400356,201.1170196533203,12732400,0.0,0.0
2025-01-27 00:00:00-05:00,193.43693937479924,197.89956181185707,191.95271207871966,193.01856994628906,24970200,0.0,0.0
2025-01-28 00:00:00-05:00,193.89512717420104,196.46512357198185,191.86304512923786,196.30575561523438,15939200,0.0,0.0
2025-01-29 00:00:00-05:00,196.6045945917345,197.69037912518527,194.43305592406392,196.4153289794922,12287800,0.0,0.0
2025-01-30 00:00:00-05:00,198.98534230170878,202.44986695272317,198.6984647345811,201.84422302246094,14571500,0.0,0.0
2025-01-31 00:00:00-05:00,202.92500402601587,206.2769602664651,202.79053301830598,204.80270385742188,17060300,0.0,0.0
2025-02-03 00:00:00-05:00,201.43080161465778,204.42415301471644,200.87796121410668,201.85415649414062,16719500,0.0,0.0
2025-02-04 00:00:00-05:00,203.706937117938,207.8906462339825,203.46786238002147,206.9044952392578,28285400,0.0,0.0
2025-02-05 00:00:00-05:00,192.35114791956303,193.79552165678982,189.1735165778956,192.5503692626953,43666400,0.0,0.0
2025-02-06 00:00:00-05:00,190.24936836472216,193.07835152562978,189.75130730683205,192.56036376953125,20816600,0.0,0.0
2025-02-07 00:00:00-05:00,191.9925655719954,192.26649305045316,184.3821938692764,186.41427612304688,29565700,0.0,0.0
2025-02-10 00:00:00-05:00,188.32683464886526,189.25323607051806,186.88246069858877,187.4701690673828,16606000,0.0,0.0
2025-02-11 00:00:00-05:00,186.11046942668048,188.06784560204895,185.35839241696428,186.3445587158203,13028100,0.0,0.0
2025-02-12 00:00:00-05:00,184.51167036726673,186.1054716174257,182.917884316723,184.7108917236328,17632300,0.0,0.0
2025-02-13 00:00:00-05:00,185.2089477338026,187.2609717280751,184.16303184110322,187.15139770507812,12729300,0.0,0.0
2025-02-14 00:00:00-05:00,186.10547125689223,187.4203443660532,185.38826221567163,186.1453094482422,12714200,0.0,0.0
2025-02-18 00:00:00-05:00,186.7131072201513,187.0517850469982,182.868075751718,185.0794677734375,19796000,0.0,0.0
2025-02-19 00:00:00-05:00,185.4629695610536,186.63341593471333,184.7806284324732,186.40431213378906,13120500,0.0,0.0
2025-02-20 00:00:00-05:00,185.77675751385402,186.3943483049828,183.88413174771472,185.9162139892578,12063800,0.0,0.0
2025-02-21 00:00:00-05:00,186.56368748782089,186.74299735623012,180.42758736179914,180.87583923339844,19520800,0.0,0.0
2025-02-24 00:00:00-05:00,183.08724501152162,184.37223583263116,180.17857030360915,180.48736572265625,18734000,0.0,0.0
2025-02-25 00:00:00-05:00,179.45637842094075,180.05902804465345,176.08451053335727,176.6821746826172,20832500,0.0,0.0
2025-02-26 00:00:00-05:00,176.2588263476241,177.38941942120738,172.91682587088818,174.02252197265625,23637200,0.0,0.0
2025-02-27 00:00:00-05:00,175.25770137508286,175.90517457404238,169.09369511454358,169.5499267578125,25930500,0.0,0.0
2025-02-28 00:00:00-05:00,169.63958678561835,171.83105223800592,167.73699003756792,171.55213928222656,30049800,0.0,0.0
2025-03-03 00:00:00-05:00,173.05628188737933,174.3213611642928,166.9899021667699,168.00595092773438,24122000,0.0,0.0
2025-03-04 00:00:00-05:00,167.28871019965274,174.48568163021054,166.89025232969354,171.9405975341797,30711400,0.0,0.0
2025-03-05 00:00:00-05:00,171.65175734257568,175.0684486462283,170.26713311442498,174.3114013671875,18848000,0.0,0.0
2025-03-06 00:00:00-05:00,171.88085762667328,176.04464037532372,171.83901308441207,173.534423828125,19082400,0.0,0.0
2025-03-07 00:00:00-05:00,172.57016615364515,176.2139698509445,171.58200878506875,175.0684356689453,16395300,0.0,0.0
2025-03-10 00:00:00-04:00,169.69321463380882,169.98241239995258,165.11081858534763,167.3496551513672,28990700,0.2,0.0
2025-03-11 00:00:00-04:00,166.2227654766119,168.19235385425318,162.79221467372713,165.52468872070312,23705900,0.0,0.0
2025-03-12 00:00:00-04:00,168.00787776905614,169.06496768992824,165.02607404266914,168.5364227294922,19880100,0.0,0.0
2025-03-13 00:00:00-04:00,167.5192068154746,167.65882217030887,163.6199439708421,164.2781219482422,15206200,0.0,0.0
2025-03-14 00:00:00-04:00,164.86151705390753,167.78846344663302,164.05871738434496,167.16018676757812,18611100,0.0,0.0
2025-03-17 00:00:00-04:00,166.86600146939315,167.99789774713304,165.3551579314285,166.1130828857422,17839100,0.0,0.0
2025-03-18 00:00:00-04:00,165.504769270585,165.9834483433943,158.36440589305724,162.22378540039062,24616800,0.0,0.0
2025-03-19 00:00:00-04:00,163.46536491130865,167.67179700457908,162.60274739553324,165.82388305664062,24955700,0.0,0.0
2025-03-20 00:00:00-04:00,163.37559854857543,166.57180854248293,162.69248004880873,164.5972442626953,19981500,0.0,0.0
2025-03-21 00:00:00-04:00,162.93182312599697,166.01334302891465,162.58277715435602,165.7939453125,29882100,0.0,0.0
2025-03-24 00:00:00-04:00,168.80069800737297,170.03231095640905,166.98070710650484,169.4638671875,18742800,0.0,0.0
2025-03-25 00:00:00-04:00,170.71042533673634,172.43569069454404,170.0821638501357,172.31600952148438,13841600,0.0,0.0
2025-03-26 00:00:00-04:00,170.83011093308616,171.46835474384497,166.40327693916822,166.6815185546875,22498000,0.0,0.0
2025-03-27 00:00:00-04:00,166.25270383611067,166.98069710948675,163.40054850472754,163.62991333007812,21571200,0.0,0.0
2025-03-28 00:00:00-04:00,161.914617985198,163.36063733153796,154.91288174399585,155.63189697265625,34866500,0.0,0.0
2025-03-31 00:00:00-04:00,154.38533444093966,156.69897769591987,151.79247569514342,155.8014373779297,33591600,0.0,0.0
2025-04-01 00:00:00-04:00,154.87400177182084,159.64088860290096,154.82912703672736,158.44418334960938,20111400,0.0,0.0
2025-04-02 00:00:00-04:00,156.5294429126843,159.83533661020232,156.10061455152714,158.42422485351562,17113300,0.0,0.0
2025-04-03 00:00:00-04:00,152.41575845146545,154.2626679250501,151.7625412104826,152.21131896972656,28416100,0.0,0.0
2025-04-04 00:00:00-04:00,149.488795280342,152.67004705701973,147.13526851271615,147.33473205566406,39832200,0.0,0.0
2025-04-07 00:00:00-04:00,142.9966537424444,154.5049906637876,142.26866053002584,148.8306121826172,47823000,0.0,0.0
2025-04-08 00:00:00-04:00,153.15374057783458,154.01637336006476,144.81169552004857,146.1779327392578,35304400,0.0,0.0
2025-04-09 00:00:00-04:00,145.92860463972767,161.42597023789327,145.41002678872394,160.61819458007812,46479500,0.0,0.0
2025-04-10 00:00:00-04:00,158.32450221012635,159.5910227518202,151.78249928810382,154.9438018798828,35270500,0.0,0.0
2025-04-11 00:00:00-04:00,155.15823077671178,159.42149819282994,155.15823077671178,158.96275329589844,22582000,0.0,0.0
2025-04-14 00:00:00-04:00,161.8647612161283,163.5800442613397,159.48131788958594,161.02706909179688,18255900,0.0,0.0
2025-04-15 00:00:00-04:00,161.12680756053086,161.60548662047464,157.2125711136264,158.24472045898438,15690800,0.0,0.0
2025-04-16 00:00:00-04:00,155.0435088076943,157.7460660903544,153.48779070570203,155.07342529296875,16921500,0.0,0.0
2025-04-17 00:00:00-04:00,156.1804006573908,156.63914551785228,150.48605717451858,152.93931579589844,19513400,0.0,0.0
2025-04-21 00:00:00-04:00,150.5508781432317,150.6456187622393,147.99291186389016,149.44891357421875,16147800,0.0,0.0
2025-04-22 00:00:00-04:00,150.6556053772964,154.18588806543661,150.45614182614645,153.4778289794922,15910300,0.0,0.0
2025-04-23 00:00:00-04:00,157.47685003131366,159.5810628232613,155.92113161014544,157.28736877441406,18575700,0.0,0.0
2025-04-24 00:00:00-04:00,158.0901402859029,161.26641622029112,157.65633597926455,161.02706909179688,30787500,0.0,0.0
2025-04-25 00:00:00-04:00,166.64164358154204,167.77851590370872,162.55288397155766,163.4005584716797,35148100,0.0,0.0
2025-04-28 00:00:00-04:00,163.80940575078378,164.4975154163947,159.9400594955455,161.97445678710938,20871200,0.0,0.0
2025-04-29 00:00:00-04:00,161.60047449610482,162.23372707882336,158.9527589395059,161.6154327392578,15955200,0.0,0.0
2025-04-30 00:00:00-04:00,159.4214808354622,160.93132003878804,156.7238992270367,160.4486541748047,20639500,0.0,0.0
2025-05-01 00:00:00-04:00,162.07419641613544,163.49029939480852,160.4885463727588,162.34344482421875,21904300,0.0,0.0
2025-05-02 00:00:00-04:00,164.50251318845105,166.24272160342787,163.2110673335134,165.35516357421875,16844900,0.0,0.0
2025-05-05 00:00:00-04:00,164.06371993062646,166.64163573828003,164.01884519571095,165.59451293945312,15309300,0.0,0.0
2025-05-06 00:00:00-04:00,163.51025257901807,166.2826256209725,162.6825275029046,164.74684143066406,10691900,0.0,0.0
2025-05-07 00:00:00-04:00,165.61446287344089,166.53193740752073,149.07994142713306,152.380859375,78729800,0.0,0.0
2025-05-08 00:00:00-04:00,155.49230101963664,156.97821934560366,153.67730129276063,155.32276916503906,38387500,0.0,0.0
2025-05-09 00:00:00-04:00,155.12330110234345,156.0008767547779,153.4080181578182,153.95651245117188,22871000,0.0,0.0
2025-05-12 00:00:00-04:00,158.66356342699288,159.99988389080556,157.45687600004305,159.14224243164062,31884900,0.0,0.0
2025-05-13 00:00:00-04:00,159.48131381182282,161.6154428646326,157.147736432167,160.4486541748047,24944300,0.0,0.0
2025-05-14 00:00:00-04:00,160.8675041761217,167.87821879457485,160.48854169395702,166.3524169921875,31769200,0.0,0.0
2025-05-15 00:00:00-04:00,166.68150616819955,167.05048632634782,163.39055558165364,164.94627380371094,22717600,0.0,0.0
2025-05-16 00:00:00-04:00,168.46660375995745,170.18188687531853,166.4920393241564,166.97071838378906,36271400,0.0,0.0
2025-05-19 00:00:00-04:00,165.26042792162292,167.48929776101073,164.9612478002886,167.40951538085938,21374700,0.0,0.0
2025-05-20 00:00:00-04:00,167.2998101390324,169.2145415389476,163.809411029233,164.86651611328125,33563300,0.0,0.0
2025-05-21 00:00:00-04:00,164.49750769501136,174.05122975671364,164.43767472114624,169.59349060058594,45567600,0.0,0.0
2025-05-22 00:00:00-04:00,172.87447668494502,177.64136309066095,171.4085079349726,171.5082244873047,45024100,0.0,0.0
2025-05-23 00:00:00-04:00,169.81288072069805,170.73534627167578,168.7956745596943,169.12477111816406,24963600,0.0,0.0
2025-05-27 00:00:00-04:00,170.83010546531364,173.81189377809147,170.74035599876692,173.50274658203125,24341300,0.0,0.0
2025-05-28 00:00:00-04:00,173.50273337610258,175.99587536996458,172.54038421853534,172.90438842773438,25999200,0.0,0.0
2025-05-29 00:00:00-04:00,174.51994718708875,174.91884383674366,171.30877894149177,172.4855499267578,21174700,0.0,0.0
2025-05-30 00:00:00-04:00,171.93705903868528,172.96423238805087,168.0627063952781,172.3758544921875,36258300,0.0,0.0
2025-06-02 00:00:00-04:00,168.54637896709238,170.59275202237717,168.18736588341204,169.90264892578125,24742900,0.0,0.0
2025-06-03 00:00:00-04:00,168.40178467639365,169.33421740320648,166.2227656610953,167.2499542236328,25386700,0.0,0.0
2025-06-04 00:00:00-04:00,167.8183830228989,169.11481998304504,167.3347128375843,168.9253387451172,18508700,0.0,0.0
2025-06-05 00:00:00-04:00,171.14922506717411,171.88720065454083,168.88546285033186,169.3441925048828,25375400,0.0,0.0
2025-06-06 00:00:00-04:00,171.8273621519075,175.347677694002,171.8273621519075,174.44017028808594,22258100,0.0,0.0
2025-06-09 00:00:00-04:00,175.59837556705574,177.6402153718793,175.38870842986094,177.3556671142578,18817600,0.21,0.0
2025-06-10 00:00:00-04:00,177.48545436637687,182.16323144952992,176.20245055412113,179.7319793701172,32908000,0.0,0.0
2025-06-11 00:00:00-04:00,180.9500888768485,181.46929001096765,177.72508182642224,178.51385498046875,18994400,0.0,0.0
2025-06-12 00:00:00-04:00,177.20589265380562,177.85489792406833,175.83801337999012,176.69668579101562,17345900,0.0,0.0
2025-06-13 00:00:00-04:00,173.3119321552168,178.06757686527797,173.3019530834781,175.60838317871094,20873200,0.0,0.0
2025-06-16 00:00:00-04:00,175.63333085081038,177.96971329505277,175.54847065665547,177.66519165039062,18132500,0.0,0.0
2025-06-17 00:00:00-04:00,176.72664304480134,178.43899076022245,175.66828253538915,176.95628356933594,17656100,0.0,0.0
2025-06-18 00:00:00-04:00,177.00621028898257,177.54937648164295,172.57306491872816,173.7113037109375,32531800,0.0,0.0
2025-06-20 00:00:00-04:00,174.5949374560243,175.09416523737374,166.01321067580938,167.470947265625,55402600,0.0,0.0
2025-06-23 00:00:00-04:00,167.0615906478564,168.21978751200217,163.07774750177026,165.75360107421875,36975600,0.0,0.0
2025-06-24 00:00:00-04:00,167.4260187941308,168.98860418926247,166.65222182620118,167.48094177246094,27310300,0.0,0.0
2025-06-25 00:00:00-04:00,168.38951816341654,173.0922503887219,168.3006663473058,171.2251434326172,23627400,0.0,0.0
2025-06-26 00:00:00-04:00,173.11721450651243,174.3802602003527,170.59612027198173,174.1605987548828,25909100,0.0,0.0
2025-06-27 00:00:00-04:00,174.3602970998626,178.56378642226113,172.4432642772778,177.9946746826172,74053100,0.0,0.0
2025-06-30 00:00:00-04:00,180.50578866003735,181.29955898701076,175.2289474687003,177.11602783203125,43964600,0.0,0.0
2025-07-01 00:00:00-04:00,176.5319309802097,176.94629857639345,174.39025473688548,176.63677978515625,25778500,0.0,0.0
2025-07-02 00:00:00-04:00,176.27234494873161,179.65710887852734,175.8180458150953,179.4823760986328,19325900,0.0,0.0
2025-07-03 00:00:00-04:00,179.54228041184373,180.49081011668443,177.91479302544332,180.27114868164062,13287400,0.0,0.0
2025-07-07 00:00:00-04:00,179.85678661869872,180.061471836501,176.3671893155965,177.2857666015625,20991400,0.0,0.0
2025-07-08 00:00:00-04:00,178.50388486434102,178.51386393532042,173.65139020434393,174.8894805908203,24108600,0.0,0.0
2025-07-09 00:00:00-04:00,175.8380260632261,180.00158431757495,173.61147421778338,177.38563537597656,31288000,0.0,0.0
2025-07-10 00:00:00-04:00,176.397147597673,179.31263609787564,175.46859121008725,178.42401123046875,24693700,0.0,0.0
2025-07-11 00:00:00-04:00,177.6352405535543,182.32797885559833,177.26680714406226,181.0299835205078,23975700,0.0,0.0
2025-07-14 00:00:00-04:00,181.78880160062218,184.4446816723468,180.4318917901642,182.52764892578125,20990400,0.0,0.0
2025-07-15 00:00:00-04:00,183.6559139606627,185.12364481924809,182.10830483087008,182.8172149658203,23911600,0.0,0.0
2025-07-16 00:00:00-04:00,184.0353291212338,185.04876086661793,182.79723878931895,183.48617553710938,21152600,0.0,0.0
2025-07-17 00:00:00-04:00,182.8322055265823,184.90099654275474,181.21969422278445,184.4147491455078,21654400,0.0,0.0
2025-07-18 00:00:00-04:00,186.3317745092629,187.0706371193561,184.4446940821443,185.65283203125,21033400,0.0,0.0
2025-07-21 00:00:00-04:00,186.8110491071922,190.96461283004993,186.7611232800799,190.8547821044922,24665000,0.0,0.0
2025-07-22 00:00:00-04:00,192.12281223527594,193.0613628759034,188.20387121297293,191.81329345703125,26212900,0.0,0.0
2025-07-23 00:00:00-04:00,192.06291145675814,193.06136701325298,189.88627042128354,191.21421813964844,34068100,0.0,0.0
2025-07-24 00:00:00-04:00,197.80403178883356,198.6627041806578,191.6535418769399,192.901611328125,45252100,0.0,0.0
2025-07-25 00:00:00-04:00,192.63202513607754,194.97340465838818,191.83327287103867,193.78025817871094,31101800,0.0,0.0
2025-07-28 00:00:00-04:00,194.10975336639692,194.51912381149856,191.5586914318958,193.12127685546875,25553500,0.0,0.0
2025-07-29 00:00:00-04:00,193.0014619032327,196.35627317873985,192.69194311869856,196.12661743164062,31891600,0.0,0.0
2025-07-30 00:00:00-04:00,195.99683205679682,198.1734578933613,195.257969447984,197.13507080078125,21150500,0.0,0.0
2025-07-31 00:00:00-04:00,196.29637850411646,196.52601902795027,191.78335489291655,192.56214904785156,27852000,0.0,0.0
2025-08-01 00:00:00-04:00,189.4868958519525,191.32205462037308,188.40856201383838,189.65663146972656,21236700,0.0,0.0
2025-08-04 00:00:00-04:00,190.879761333795,195.77718506278148,190.62515026857625,195.44769287109375,23386000,0.0,0.0
2025-08-05 00:00:00-04:00,195.24299969351156,198.39312591237345,194.37434819135635,195.0183563232422,19010200,0.0,0.0
2025-08-06 00:00:00-04:00,194.94845621765052,197.0751715243873,194.16666072818697,196.61587524414062,15383700,0.0,0.0
2025-08-07 00:00:00-04:00,197.4046550915873,198.0636241811511,194.91849526728674,196.97531127929688,14660600,0.0,0.0
2025-08-08 00:00:00-04:00,197.6742398490951,203.1158199439158,197.59436157107942,201.77789306640625,24379900,0.0,0.0
2025-08-11 00:00:00-04:00,201.2437071589298,201.84778375432532,199.49142797559023,201.318603515625,16690200,0.0,0.0
2025-08-12 00:00:00-04:00,201.78288282269472,204.81319918192554,201.0889488776854,203.84469604492188,19854000,0.0,0.0
2025-08-13 00:00:00-04:00,204.66341595456223,205.11271790848946,198.33321137510248,202.7164306640625,19573000,0.0,0.0
2025-08-14 00:00:00-04:00,202.2471699206443,205.1027536310835,202.0125322382486,203.50523376464844,17777100,0.0,0.0
2025-08-15 00:00:00-04:00,204.40382737928184,207.0097970502324,201.7729024129421,204.59353637695312,21111400,0.0,0.0
2025-08-18 00:00:00-04:00,204.75329668712357,205.82163625410575,203.0958567388613,203.9744873046875,13000200,0.0,0.0
2025-08-19 00:00:00-04:00,203.5900845586483,203.97448447366057,200.61967310329786,202.17727661132812,13476600,0.0,0.0
2025-08-20 00:00:00-04:00,201.36851794980555,201.85776667813298,197.15504933725106,199.88082885742188,13971700,0.0,0.0
2025-08-21 00:00:00-04:00,200.4100017968599,203.04592387341168,200.09048870383648,200.31015014648438,11768900,0.0,0.0
2025-08-22 00:00:00-04:00,203.6450096228341,208.9068596330031,201.81783405788252,206.40074157714844,25723700,0.0,0.0
2025-08-25 00:00:00-04:00,206.68029226314627,210.7639716760469,205.63191092201342,208.8369598388672,22788800,0.0,0.0
2025-08-26 00:00:00-04:00,208.04817946161637,208.13805204048316,206.13114662109604,207.6288299560547,23051000,0.0,0.0
2025-08-27 00:00:00-04:00,206.1411457283501,209.2463431912284,206.07124652485047,207.88844299316406,15249000,0.0,0.0
2025-08-28 00:00:00-04:00,207.51898993739863,212.57117238999064,207.2793703650841,212.0419921875,20915700,0.0,0.0
2025-08-29 00:00:00-04:00,210.94372162932564,215.0074280520148,210.6441818983739,213.20022583007812,24682200,0.0,0.0
2025-09-02 00:00:00-04:00,208.6672460473044,212.041025402124,206.64038235228847,211.66261291503906,28900100,0.0,0.0
2025-09-03 00:00:00-04:00,226.13021268624902,231.44200361883648,224.77231250489172,230.7430877685547,72250300,0.0,0.0
2025-09-04 00:00:00-04:00,229.79953838333347,232.41050515957645,226.40977748846325,232.30067443847656,32196000,0.0,0.0
2025-09-05 00:00:00-04:00,232.3006752313413,235.76531725805415,232.02110889217334,234.80679321289062,26127700,0.0,0.0
2025-09-08 00:00:00-04:00,235.63625103996944,238.24454985055107,233.57759666242987,234.00732421875,23128800,0.21,0.0
2025-09-09 00:00:00-04:00,234.0373032564655,240.4331241573419,233.22783384154016,239.78355407714844,22854800,0.0,0.0
2025-09-10 00:00:00-04:00,239.09399790914586,241.922154447817,237.95474185194615,239.40379333496094,19990100,0.0,0.0
2025-09-11 00:00:00-04:00,239.9834190128315,242.41184249017257,236.42574270750922,240.6230010986328,21308600,0.0,0.0
2025-09-12 00:00:00-04:00,240.64300206108857,242.2649449671254,238.34449860548148,241.22262573242188,14536600,0.0,0.0
2025-09-15 00:00:00-04:00,244.980161745602,252.58520043798106,244.82026241003442,251.59584045410156,29935200,0.0,0.0
2025-09-16 00:00:00-04:00,252.165483340186,253.06489044304075,249.5521828236566,251.25607299804688,24493500,0.0,0.0
2025-09-17 00:00:00-04:00,251.2960541573909,251.7857249169014,246.41923105002894,249.68710327148438,20491300,0.0,0.0
2025-09-18 00:00:00-04:00,251.6957867895291,253.97429899966014,249.9469277971752,252.1654815673828,21166400,0.0,0.0
2025-09-19 00:00:00-04:00,253.23476605196709,256.5326326066914,251.90363384209934,255.07357788085938,41616800,0.0,0.0
2025-09-22 00:00:00-04:00,254.6138734432144,256.1428746106005,250.64646080006915,252.71511840820312,20079000,0.0,0.0
2025-09-23 00:00:00-04:00,253.48960582394037,254.6038842900218,250.92627586419746,252.1754608154297,17521100,0.0,0.0
2025-09-24 00:00:00-04:00,251.9855865910959,252.79507126242333,247.05880837825745,247.6684112548828,16958500,0.0,0.0
2025-09-25 00:00:00-04:00,244.68035772423693,247.1537500940936,241.49243520267595,246.40924072265625,17379800,0.0,0.0
2025-09-26 00:00:00-04:00,247.62344586003442,249.95691488202831,246.4791881395072,247.01882934570312,16594600,0.0,0.0
2025-09-29 00:00:00-04:00,248.11310889238666,251.48391066241172,243.04142104059784,244.20066833496094,23157200,0.0,0.0
2025-09-30 00:00:00-04:00,242.90151883167655,243.51612333212861,239.4147952973542,243.39120483398438,22541200,0.0,0.0
2025-10-01 00:00:00-04:00,241.02274023707793,246.98884894065887,239.0440354920674,245.37989807128906,23967700,0.0,0.0
2025-10-02 00:00:00-04:00,245.4798394250779,247.4735337836427,242.94648861306507,246.26931762695312,20657500,0.0,0.0
2025-10-03 00:00:00-04:00,245.0701008850218,246.95687035937326,242.31190594958701,246.289306640625,19941400,0.0,0.0
2025-10-06 00:00:00-04:00,245.61974856895048,252.03556085596028,245.52981090927676,251.34600830078125,18309000,0.0,0.0
2025-10-07 00:00:00-04:00,248.76768624174676,251.38598832802836,246.64907339611258,246.9688720703125,13811200,0.0,0.0
2025-10-08 00:00:00-04:00,246.0394650074506,247.09877140655033,244.9301881605209,245.29995727539062,14136500,0.0,0.0
2025-10-09 00:00:00-04:00,244.9002108090174,245.39488317397436,239.52371385692186,242.0520782470703,19375700,0.0,0.0
2025-10-10 00:00:00-04:00,242.00211257865035,244.68035786865013,236.53067624153942,237.3351593017578,22449100,0.0,0.0
2025-10-13 00:00:00-04:00,240.87283726789343,244.83026189387334,240.5930210593619,244.48048400878906,12465000,0.0,0.0
2025-10-14 00:00:00-04:00,241.59737415880704,247.86327497207864,241.0207392770717,246.02947998046875,17705400,0.0,0.0
2025-10-15 00:00:00-04:00,247.92324680271904,252.59518634371952,246.62907776804082,251.54588317871094,16048100,0.0,0.0
2025-10-16 00:00:00-04:00,252.30038456613704,257.412039733801,250.5065567686617,251.7157745361328,18946000,0.0,0.0
2025-10-17 00:00:00-04:00,251.18611550864574,254.71381258280724,248.42790538348763,253.62451171875,17653800,0.0,0.0
2025-10-20 00:00:00-04:00,255.06359074677613,257.71187214774994,254.4340118637041,256.8524169921875,13726800,0.0,0.0
2025-10-21 00:00:00-04:00,255.08357119414507,255.21349131081692,244.5104677649344,251.17611694335938,27836400,0.0,0.0
2025-10-22 00:00:00-04:00,254.8437198779537,257.0123031390601,250.2877020062622,252.36534118652344,19650200,0.0,0.0
2025-10-23 00:00:00-04:00,253.53458071688394,255.69317602396845,252.60319681232596,253.56455993652344,13241300,0.0,0.0
2025-10-24 00:00:00-04:00,257.1322199898904,262.3388448619566,255.933020726793,260.34014892578125,18406000,0.0,0.0
2025-10-27 00:00:00-04:00,265.1869701320579,270.6234256814365,264.7672610515648,269.7539978027344,22987700,0.0,0.0
2025-10-28 00:00:00-04:00,270.0238398308567,271.2030631428179,266.9958166328353,268.2549743652344,20101200,0.0,0.0
2025-10-29 00:00:00-04:00,268.4348496955852,275.790066781071,268.25497437633226,274.9906005859375,26287900,0.0,0.0
2025-10-30 00:00:00-04:00,291.5297909040995,291.73964543835973,280.26715026616273,281.7161865234375,48570000,0.0,0.0
2025-10-31 00:00:00-04:00,283.0203372294134,286.09834615146855,277.34206555342627,281.6362609863281,29932800,0.0,0.0
2025-11-03 00:00:00-05:00,282.23588008942727,285.75357412647895,280.1871983580786,283.93475341796875,19691800,0.0,0.0
2025-11-04 00:00:00-05:00,276.88434628169716,281.65024916844396,276.6844644896837,277.8786926269531,18123700,0.0,0.0
2025-11-05 00:00:00-05:00,279.19783739958865,286.51307177195645,277.69881546251395,284.5643310546875,20063200,0.0,0.0
2025-11-06 00:00:00-05:00,285.5486926715029,288.62170004085374,281.4363853167139,285.1539611816406,23103800,0.0,0.0
2025-11-07 00:00:00-05:00,284.02467776243657,284.3144972128298,275.56019924413687,279.51763916015625,21991100,0.0,0.0
2025-11-10 00:00:00-05:00,285.0790032414487,291.26994051890455,283.35512195449274,290.4005126953125,19508200,0.0,0.0
2025-11-11 00:00:00-05:00,288.01210422755497,292.14938906618625,287.6923055498566,291.5497741699219,14156700,0.0,0.0
2025-11-12 00:00:00-05:00,291.8945478823368,292.16936247888566,284.1945850710095,287.2425842285156,16998800,0.0,0.0
2025-11-13 00:00:00-05:00,282.8004891969117,283.3251713137129,277.8187538786583,278.9380187988281,18060200,0.0,0.0
2025-11-14 00:00:00-05:00,271.7177016420648,278.96797594579846,271.2330325220686,276.7994079589844,18330500,0.0,0.0
2025-11-17 00:00:00-05:00,286.2132540229553,294.32795470266535,284.04468599528104,285.4137878417969,34286100,0.0,0.0
2025-11-18 00:00:00-05:00,288.2968960757756,289.246288884512,278.8280980775343,284.7742004394531,29702200,0.0,0.0
2025-11-19 00:00:00-05:00,287.4974165660577,304.05161802852626,287.482442205392,292.7989501953125,43123600,0.0,0.0
2025-11-20 00:00:00-05:00,304.5413108694683,306.68993354598797,288.98148512013125,289.79095458984375,34801400,0.0,0.0
2025-11-21 00:00:00-05:00,296.6764341573702,303.7618077764989,294.1680609326802,299.4546203613281,43670600,0.0,0.0
2025-11-24 00:00:00-05:00,310.8072320588326,319.5914790436659,309.19826591579596,318.2623596191406,55311800,0.0,0.0
2025-11-25 00:00:00-05:00,326.5868982838347,328.4557045708052,317.6087780037563,323.4289855957031,50899300,0.0,0.0
2025-11-26 00:00:00-05:00,320.57084097778153,324.7780873971327,316.99318865990756,320.0711669921875,29839600,0.0,0.0
2025-11-28 00:00:00-05:00,323.21912492867204,326.6668878195667,316.73336599519826,319.9112854003906,19695800,0.0,0.0
2025-12-01 00:00:00-05:00,317.26799565865406,319.42158926511087,313.77527946257874,314.9145202636719,28520600,0.0,0.0
2025-12-02 00:00:00-05:00,316.6933654189159,318.39226916605145,314.0151201802352,315.8139343261719,24668200,0.0,0.0
2025-12-03 00:00:00-05:00,315.82394606355047,321.83003728081405,314.07508706995475,320.41094970703125,32285100,0.0,0.0
2025-12-04 00:00:00-05:00,322.83439794428057,322.88834834302395,315.38424129791457,318.18243408203125,20831600,0.0,0.0
2025-12-05 00:00:00-05:00,319.79134083015884,323.61883002174113,319.77136485052137,321.8799743652344,15719900,0.0,0.0
2025-12-08 00:00:00-05:00,321.0299987792969,321.2300109863281,311.9100036621094,314.45001220703125,22006900,0.21,0.0
2025-12-09 00:00:00-05:00,313.1000061035156,318.7090148925781,312.6199951171875,317.75,14151300,0.0,0.0
2025-12-10 00:00:00-05:00,316.6199951171875,321.8699951171875,315.3999938964844,321.0,22764500,0.0,0.0
2025-12-11 00:00:00-05:00,321.1000061035156,321.989990234375,309.8800048828125,313.70001220703125,25912100,0.0,0.0
2025-12-12 00:00:00-05:00,314.7950134277344,316.1400146484375,306.9599914550781,310.5199890136719,21264800,0.0,0.0
2025-12-15 00:00:00-05:00,312.625,312.70001220703125,305.739990234375,309.32000732421875,22028900,0.0,0.0
2025-12-16 00:00:00-05:00,306.0,311.8450012207031,303.8299865722656,307.7300109863281,21285200,0.0,0.0
2025-12-17 00:00:00-05:00,309.010009765625,309.19500732421875,297.45001220703125,298.05999755859375,29120400,0.0,0.0
2025-12-18 00:00:00-05:00,303.05999755859375,305.260009765625,300.6300048828125,303.75,21040500,0.0,0.0
2025-12-19 00:00:00-05:00,303.2699890136719,308.989990234375,302.3399963378906,308.6099853515625,45234400,0.0,0.0
2025-12-22 00:00:00-05:00,311.2250061035156,311.70001220703125,306.5899963378906,311.3299865722656,14091400,0.0,0.0
2025-12-23 00:00:00-05:00,311.135009765625,316.29998779296875,310.75,315.67999267578125,13961400,0.0,0.0
2025-12-24 00:00:00-05:00,316.1499938964844,316.2900085449219,313.32000732421875,315.6700134277344,6138200,0.0,0.0
2025-12-26 00:00:00-05:00,315.9200134277344,316.55999755859375,313.7200012207031,314.9599914550781,6730900,0.0,0.0
2025-12-29 00:00:00-05:00,312.82000732421875,314.9700012207031,311.8999938964844,314.3900146484375,12317700,0.0,0.0
2025-12-30 00:00:00-05:00,313.4100036621094,317.70001220703125,313.25,314.54998779296875,11052500,0.0,0.0
2025-12-31 00:00:00-05:00,313.3699951171875,315.3900146484375,312.20001220703125,313.79998779296875,10821500,0.0,0.0
2026-01-02 00:00:00-05:00,317.5899963378906,322.91400146484375,310.6499938964844,315.32000732421875,22043700,0.0,0.0
2026-01-05 00:00:00-05:00,317.69500732421875,319.25,315.2489929199219,317.32000732421875,19934000,0.0,0.0
2026-01-06 00:00:00-05:00,317.30999755859375,321.55999755859375,312.3399963378906,314.54998779296875,18989900,0.0,0.0
2026-01-07 00:00:00-05:00,314.57000732421875,326.4649963378906,314.5,322.42999267578125,24681800,0.0,0.0
2026-01-08 00:00:00-05:00,329.2650146484375,330.5400085449219,321.989990234375,326.010009765625,21789600,0.0,0.0
2026-01-09 00:00:00-05:00,327.489990234375,331.4800109863281,326.25,329.1400146484375,17917700,0.0,0.0
2026-01-12 00:00:00-05:00,326.5,334.44000244140625,325.510009765625,332.7300109863281,23893800,0.0,0.0
2026-01-13 00:00:00-05:00,335.2799987792969,341.20001220703125,334.3500061035156,336.42999267578125,24616700,0.0,0.0
2026-01-14 00:00:00-05:00,334.9849853515625,337.0299987792969,331.1400146484375,336.30999755859375,17839300,0.0,0.0
2026-01-15 00:00:00-05:00,338.05499267578125,338.1300048828125,331.2900085449219,333.1600036621094,16424900,0.0,0.0
2026-01-16 00:00:00-05:00,334.93499755859375,335.239990234375,328.1700134277344,330.3399963378906,21868600,0.0,0.0
2026-01-20 00:00:00-05:00,321.239990234375,328.0899963378906,320.8900146484375,322.1600036621094,27169900,0.0,0.0
2026-01-21 00:00:00-05:00,321.0950012207031,332.7250061035156,319.5400085449219,328.3800048828125,22791700,0.0,0.0
2026-01-22 00:00:00-05:00,334.2650146484375,335.2099914550781,328.8800048828125,330.8399963378906,19902100,0.0,0.0
2026-01-23 00:00:00-05:00,332.6549987792969,334.0299987792969,327.9700012207031,328.42999267578125,19110600,0.0,0.0
2026-01-26 00:00:00-05:00,328.20001220703125,336.3500061035156,327.489990234375,333.5899963378906,18502500,0.0,0.0
2026-01-27 00:00:00-05:00,335.6300048828125,338.2149963378906,333.75,335.0,16080900,0.0,0.0
2026-01-28 00:00:00-05:00,336.6099853515625,337.6300048828125,332.1300048828125,336.2799987792969,17538500,0.0,0.0
2026-01-29 00:00:00-05:00,340.3500061035156,342.2900085449219,326.7200012207031,338.6600036621094,24548300,0.0,0.0
2026-01-30 00:00:00-05:00,334.4599914550781,340.2900085449219,332.6400146484375,338.5299987792969,21740200,0.0,0.0
2026-02-02 00:00:00-05:00,336.54998779296875,345.1650085449219,336.010009765625,344.8999938964844,22775200,0.0,0.0
2026-02-03 00:00:00-05:00,348.5150146484375,350.1499938964844,338.5899963378906,340.70001220703125,25786500,0.0,0.0
2026-02-04 00:00:00-05:00,343.7550048828125,344.25,329.3699951171875,333.3399963378906,36991100,0.0,0.0
2026-02-05 00:00:00-05:00,313.20001220703125,332.6440124511719,306.9200134277344,331.3299865722656,51842000,0.0,0.0
2026-02-06 00:00:00-05:00,327.3500061035156,330.6400146484375,320.1499938964844,323.1000061035156,33877000,0.0,0.0
2026-02-09 00:00:00-05:00,321.239990234375,327.739990234375,317.70001220703125,324.3999938964844,26103300,0.0,0.0
2026-02-10 00:00:00-05:00,320.9100036621094,321.6300048828125,314.6600036621094,318.6300048828125,25281900,0.0,0.0
2026-02-11 00:00:00-05:00,318.9549865722656,321.0400085449219,310.1300048828125,311.3299865722656,23851112,0.0,0.0
